customer_id,customer_name,email,street_address,city,state_region,country,postal_code,latitude,longitude,customer_type,loyalty_status,customer_segment_score,customer_lifetime_value,signup_date,annual_shipment_frequency,avg_order_value_usd,preferred_shipping_mode,last_order_date
1,Raj Sharma,raj.sharma1@outlook.com,8707 Oak Street,Dubai,Hamburg,Germany,76772,25.197631,55.246128,SME,,65,4515.65,01-08-2022,12,310.02,Overnight,08-11-2024
2,James Petrov,james.petrov2@yahoo.com,906 Sunset Blvd,London,Abu Dhabi,UAE,15593,51.46412,-0.158356,SME,,44,19667.86,27-01-2023,96,7828.66,Standard,03-09-2024
3,Noah Muller,noah.muller3@hotmail.com,4075 Park Avenue,Toronto,Dubai,UAE,45314,43.650131,-79.395804,SME,Silver,59,34630.83,08-03-2020,38,1677.89,Standard,26-06-2024
4,Liam Khan,liam.khan4@icloud.com,6544 Lake View Rd,Dubai,Dubai,UAE,12310,25.205818,55.239785,Individual,Bronze,62,29183.98,25-07-2022,36,4990.98,International Priority,10-07-2024
5,Anna Sharma,anna.sharma5@gmail.com,8374 Sunset Blvd,Berlin,Wales,UK,EC5 7AB,52.564971,13.427286,SME,Gold,73,4436.99,19-08-2024,31,663.45,Standard,04-01-2024
6,Elena Petrov,elena.petrov6@outlook.com,7930 Sunset Blvd,Singapore,Abu Dhabi,UAE,60372,1.385619,103.815203,Corporate,,99,24326.68,02-01-2025,81,1868.05,International Priority,17-03-2024
7,Michael Rossi,michael.rossi7@yahoo.com,6409 Maple Road,Toronto,Quebec,Canada,H6B 7A2,43.69422,-79.354423,SME,Silver,73,47410.49,21-12-2024,22,1494.53,Express,06-10-2024
8,Wei Das,wei.das8@hotmail.com,1024 Oak Street,Toronto,Hamburg,Germany,71535,43.614714,-79.346085,Corporate,Silver,44,45708.86,26-05-2023,115,3043.94,International Priority,04-08-2024
9,Chen Garcia,chen.garcia9@icloud.com,2308 Sunset Blvd,Dubai,East Region,Singapore,511751,25.173161,55.224017,SME,Silver,55,30763.54,11-07-2021,44,2409.36,International Priority,29-08-2024
10,James Wang,james.wang10@gmail.com,6110 Market Street,Mumbai,Abu Dhabi,UAE,21241,19.080351,72.861274,SME,Gold,99,43243.85,13-07-2023,2,2982.67,Standard,09-11-2024
11,Emma Muller,emma.muller11@outlook.com,9704 Lake View Rd,Berlin,California,USA,98462,52.539335,13.436427,Corporate,Gold,76,31798.66,19-07-2024,45,1637.27,International Priority,22-08-2024
12,David Fernandez,david.fernandez12@yahoo.com,1794 Victoria Road,Dubai,Central Region,Singapore,584484,25.225738,55.312078,SME,Bronze,75,4926.36,15-03-2024,38,1729.08,Overnight,23-03-2024
13,James Rossi,james.rossi13@hotmail.com,4476 Market Street,Berlin,England,UK,SW5 4AA,52.554177,13.385942,SME,Silver,59,4200.18,18-03-2022,36,466.29,International Priority,17-03-2024
14,Emma Tanaka,emma.tanaka14@icloud.com,755 King Street,Berlin,Quebec,Canada,T5B 7B2,52.49188,13.451804,SME,Gold,84,28572.03,15-01-2024,27,528.31,Express,31-01-2024
15,Raj Tanaka,raj.tanaka15@gmail.com,4880 Market Street,Singapore,Texas,USA,45199,1.36353,103.840862,Individual,Silver,44,39192.93,04-10-2020,1,1164.05,Express,13-11-2024
16,Mia Kim,mia.kim16@outlook.com,5168 Market Street,Toronto,New York,USA,87695,43.673667,-79.428047,Corporate,,66,16509.87,28-12-2020,61,7947.93,Express,12-02-2024
17,Liam Dubois,liam.dubois17@yahoo.com,7025 Park Avenue,London,Texas,USA,88975,51.477278,-0.111497,SME,Silver,57,47391.04,27-06-2023,36,1690.84,Overnight,29-05-2024
18,Daniel Singh,daniel.singh18@hotmail.com,8296 Oak Street,Singapore,Illinois,USA,69295,1.331181,103.791,Corporate,Bronze,74,32932.85,27-03-2022,37,7453.3,Express,23-10-2024
19,Yuki Nair,yuki.nair19@icloud.com,4803 Sunset Blvd,Singapore,East Region,Singapore,459612,1.347002,103.80517,Corporate,Gold,56,23415.64,14-01-2019,16,6609.4,International Priority,08-01-2024
20,James Costa,james.costa20@gmail.com,6055 Park Avenue,Berlin,Central Region,Singapore,313492,52.54019,13.431647,Corporate,,46,23912.12,21-12-2024,66,6491.28,Overnight,05-08-2024
21,Yuki Johnson,yuki.johnson21@outlook.com,7097 Main St,Sydney,Bavaria,Germany,95222,-33.821667,151.229238,SME,Gold,92,43468.87,30-09-2022,79,7689.93,Overnight,12-12-2024
22,Carlos Kim,carlos.kim22@yahoo.com,8381 Sunset Blvd,Toronto,Abu Dhabi,UAE,4584,43.625888,-79.385388,SME,,76,23094.3,15-03-2024,33,614.65,Express,22-11-2024
23,Lucas Singh,lucas.singh23@hotmail.com,7679 Maple Road,Mumbai,Queensland,Australia,2570,19.044243,72.891219,Corporate,Silver,48,26955.01,06-12-2020,85,7703.5,Express,11-11-2024
24,Fatima Brown,fatima.brown24@icloud.com,3716 Victoria Road,Singapore,Hesse,Germany,48804,1.321602,103.846223,Individual,Silver,72,42789.63,07-02-2020,28,7505.66,Overnight,29-12-2024
25,Ahmed Martin,ahmed.martin25@gmail.com,9196 Hillcrest Ave,London,Hamburg,Germany,44025,51.479737,-0.085405,Corporate,Bronze,45,32405.62,20-04-2023,109,1217.74,International Priority,17-06-2024
26,Amit Wang,amit.wang26@outlook.com,5566 Oak Street,Sydney,Ontario,Canada,K4A 9B6,-33.904691,151.241953,Individual,Bronze,81,24673.21,09-09-2023,4,6504.98,Express,15-06-2024
27,Arjun Sharma,arjun.sharma27@yahoo.com,9109 Maple Road,Sydney,Alberta,Canada,T5B 1A3,-33.887857,151.179409,Corporate,,79,43546.29,10-09-2023,111,7844.6,Standard,04-08-2024
28,Sophia Nair,sophia.nair28@hotmail.com,3703 Lake View Rd,Mumbai,Dubai,UAE,85909,19.036331,72.922136,Corporate,Bronze,83,25841.65,08-08-2023,112,657.56,International Priority,19-12-2024
29,Sophia Fernandez,sophia.fernandez29@icloud.com,9092 Oak Street,Singapore,Victoria,Australia,3165,1.380087,103.795432,Corporate,Bronze,93,11160.78,12-02-2021,113,4469.98,Standard,26-10-2024
30,Noah Chowdhury,noah.chowdhury30@gmail.com,5299 Hillcrest Ave,London,Ontario,Canada,V2C 9C9,51.474497,-0.141061,SME,Bronze,99,12419.21,29-04-2019,3,1355.02,Standard,06-04-2024
31,Maria Petrov,maria.petrov31@outlook.com,5862 Main St,Toronto,Abu Dhabi,UAE,38918,43.668836,-79.432383,Individual,Bronze,100,21403.34,07-07-2021,19,493.75,Overnight,13-08-2024
32,Isabella Rossi,isabella.rossi32@yahoo.com,5604 King Street,New York,Abu Dhabi,UAE,73379,40.678705,-74.01827,Individual,Silver,57,18397.36,21-07-2020,43,5312.53,Standard,24-09-2024
33,Amit Clark,amit.clark33@hotmail.com,1191 Park Avenue,London,West Region,Singapore,204996,51.513494,-0.129154,Corporate,Bronze,81,6442.08,23-08-2024,47,6079.93,Standard,01-04-2024
34,Arjun Wang,arjun.wang34@icloud.com,7163 Victoria Road,Mumbai,Tamil Nadu,India,324407,19.029177,72.911511,SME,Silver,68,10696.86,26-11-2019,8,1829.87,Express,06-08-2024
35,Mia Lee,mia.lee35@gmail.com,7448 Lake View Rd,Sydney,West Region,Singapore,182735,-33.900765,151.199526,SME,Silver,54,13308.87,02-08-2023,6,1833.97,Express,18-05-2024
36,Ivan Mehta,ivan.mehta36@outlook.com,6579 Oak Street,Toronto,New South Wales,Australia,3049,43.68165,-79.396448,Individual,Gold,65,11117.78,04-04-2019,116,2535.72,Express,14-01-2024
37,Sara Hassan,sara.hassan37@yahoo.com,4285 Main St,London,Quebec,Canada,M6C 4A9,51.54128,-0.122025,SME,Silver,84,6175.87,24-08-2022,4,1053.92,Overnight,04-09-2024
38,Priya Lopez,priya.lopez38@hotmail.com,523 King Street,New York,New South Wales,Australia,6701,40.72126,-74.055716,Individual,Silver,94,12338.86,20-10-2021,10,1688.99,Express,21-03-2024
39,Daniel Brown,daniel.brown39@icloud.com,4653 Sunset Blvd,New York,Berlin,Germany,78209,40.76211,-74.017834,Individual,Bronze,66,5719.72,12-11-2020,22,1244.52,International Priority,23-01-2024
40,Carlos Wang,carlos.wang40@gmail.com,9154 Victoria Road,Berlin,Hesse,Germany,90954,52.494733,13.430124,Individual,Silver,88,33964.76,16-04-2024,115,7734.17,Overnight,01-12-2024
41,Maria Ibrahim,maria.ibrahim41@outlook.com,5143 Oak Street,Berlin,Queensland,Australia,7836,52.532386,13.392051,SME,,96,17235.81,08-01-2020,15,1993.13,Express,25-10-2024
42,Liam Costa,liam.costa42@yahoo.com,7787 Victoria Road,Dubai,Karnataka,India,355581,25.197157,55.290124,Individual,Bronze,76,5696.31,25-02-2023,7,1909.38,International Priority,01-10-2024
43,Olivia Wang,olivia.wang43@hotmail.com,548 Maple Road,Mumbai,Maharashtra,India,134957,19.027128,72.899864,Individual,Bronze,83,6304.65,04-04-2019,23,5257.38,Express,15-12-2024
44,Priya Muller,priya.muller44@icloud.com,5586 Hillcrest Ave,Singapore,West Region,Singapore,693367,1.34874,103.790991,Corporate,Bronze,86,7192.95,14-05-2023,74,6724.87,Overnight,26-10-2024
45,Priya Sharma,priya.sharma45@gmail.com,914 Maple Road,London,Victoria,Australia,7745,51.501907,-0.117235,Individual,Gold,49,41107.84,25-09-2024,65,6583.22,International Priority,15-08-2024
46,Arjun Singh,arjun.singh46@outlook.com,335 Sunset Blvd,London,British Columbia,Canada,V3A 1A5,51.514422,-0.148398,Individual,Bronze,63,45721.74,01-03-2021,111,3780.65,Express,01-02-2024
47,Isabella Mehta,isabella.mehta47@yahoo.com,4640 King Street,Singapore,East Region,Singapore,172447,1.348479,103.800457,Corporate,Silver,84,48948.72,23-10-2020,64,7637.14,Express,16-10-2024
48,Ivan Lopez,ivan.lopez48@hotmail.com,739 Victoria Road,Dubai,Wales,UK,SE7 7BB,25.212639,55.279054,Corporate,,48,23702.75,19-02-2024,81,7381.37,Express,29-03-2024
49,John Lopez,john.lopez49@icloud.com,8867 Market Street,Sydney,Delhi,India,157845,-33.888337,151.214953,SME,Bronze,42,26844.21,20-02-2023,24,1880.77,Standard,22-04-2024
50,Sophia Brown,sophia.brown50@gmail.com,1509 Oak Street,Sydney,Florida,USA,99088,-33.867897,151.232856,Individual,Bronze,76,47975,07-09-2021,23,338.93,Overnight,20-07-2024
51,Elena Singh,elena.singh51@outlook.com,5049 Hillcrest Ave,Dubai,Central Region,Singapore,523475,25.16098,55.281861,SME,,74,11983.32,18-12-2020,2,1409.7,Express,04-01-2024
52,Carlos Clark,carlos.clark52@yahoo.com,946 Lake View Rd,Sydney,Bavaria,Germany,79533,-33.825226,151.182965,SME,Bronze,50,32004.71,18-04-2024,38,5043.16,International Priority,18-08-2024
53,Elena Mehta,elena.mehta53@hotmail.com,7094 Oak Street,Berlin,Central Region,Singapore,311101,52.563671,13.439793,Corporate,Gold,89,22626.87,29-03-2021,16,1604.91,Standard,08-08-2024
54,Wei Fernandez,wei.fernandez54@icloud.com,1838 Park Avenue,London,Victoria,Australia,7707,51.506934,-0.105649,SME,Silver,51,30208.7,14-08-2022,30,201.52,International Priority,17-12-2024
55,Raj Johnson,raj.johnson55@gmail.com,7457 Hillcrest Ave,Dubai,California,USA,81760,25.211188,55.252199,Individual,,49,27699.45,27-06-2020,13,1671.09,Overnight,04-11-2024
56,Mia Petrov,mia.petrov56@outlook.com,2992 Maple Road,London,Queensland,Australia,3301,51.556554,-0.108448,Corporate,,41,19282.75,15-04-2022,5,390.63,Express,17-04-2024
57,Liam Johnson,liam.johnson57@yahoo.com,9783 Main St,Singapore,Dubai,UAE,72443,1.357761,103.847813,Individual,Gold,61,22638.16,23-09-2019,20,310.34,Overnight,22-11-2024
58,Isabella Patel,isabella.patel58@hotmail.com,8564 Main St,New York,Bavaria,Germany,31578,40.670146,-74.040003,Individual,Silver,79,27191.74,07-05-2019,12,454.25,Standard,11-09-2024
59,Noah Clark,noah.clark59@icloud.com,4787 Park Avenue,Berlin,Hamburg,Germany,59564,52.471557,13.41296,Corporate,Gold,61,41418.3,27-04-2021,19,3388.16,Overnight,20-05-2024
60,Raj Tanaka,raj.tanaka60@gmail.com,8571 Victoria Road,Toronto,Karnataka,India,538617,43.633304,-79.369999,Individual,Silver,40,33623.22,03-03-2024,30,503.27,International Priority,09-09-2024
61,Mia Muller,mia.muller61@outlook.com,6556 Maple Road,Berlin,East Region,Singapore,570146,52.535821,13.416076,Corporate,Gold,89,27706.55,24-02-2024,117,6962.54,Express,06-07-2024
62,Elena Martin,elena.martin62@yahoo.com,3850 Market Street,Dubai,Gujarat,India,413587,25.225286,55.244115,Individual,Bronze,59,24171.09,30-09-2021,11,1039.84,Overnight,02-04-2024
63,Ivan Costa,ivan.costa63@hotmail.com,9676 Victoria Road,Toronto,Illinois,USA,17912,43.620326,-79.358547,Corporate,Gold,64,3884.6,23-12-2023,34,3049.1,Standard,06-05-2024
64,Ahmed Garcia,ahmed.garcia64@icloud.com,2925 Market Street,New York,West Region,Singapore,119283,40.685506,-74.007074,SME,,68,8918.53,17-09-2021,26,144.03,Express,14-01-2024
65,Liam Anderson,liam.anderson65@gmail.com,8227 Park Avenue,Dubai,Dubai,UAE,87324,25.240175,55.278628,Individual,,68,34898.66,25-12-2020,4,3492.71,Express,20-07-2024
66,Maria Chowdhury,maria.chowdhury66@outlook.com,5522 Victoria Road,Mumbai,Queensland,Australia,2058,19.039072,72.893532,Corporate,,75,36947.36,04-03-2024,58,1883.93,International Priority,07-08-2024
67,Lucas Patel,lucas.patel67@yahoo.com,4202 Oak Street,London,Dubai,UAE,78425,51.513329,-0.135775,Individual,Gold,72,20019.9,10-08-2024,5,1528.19,International Priority,12-11-2024
68,Noah Wang,noah.wang68@hotmail.com,3441 Sunset Blvd,New York,Berlin,Germany,96929,40.703917,-74.048867,Individual,,91,22661.73,31-03-2020,22,627.22,Overnight,05-10-2024
69,Emma Clark,emma.clark69@icloud.com,6835 Market Street,London,Florida,USA,73026,51.501013,-0.078593,Individual,,55,47183.26,18-09-2022,111,3175.54,Standard,13-02-2024
70,Daniel Hassan,daniel.hassan70@gmail.com,8627 King Street,Sydney,Scotland,UK,SE4 6BA,-33.89136,151.196007,Corporate,Bronze,89,36205.72,14-10-2020,50,3188.85,Express,04-10-2024
71,Carlos Martin,carlos.martin71@outlook.com,7566 Victoria Road,Mumbai,California,USA,86065,19.067585,72.876325,SME,Bronze,71,6178.79,29-09-2021,49,7054.68,Standard,27-02-2024
72,Emma Mehta,emma.mehta72@yahoo.com,6855 Main St,Mumbai,Alberta,Canada,K3B 6C1,19.09997,72.876266,SME,Silver,74,12815.09,08-03-2024,18,1181.27,International Priority,18-08-2024
73,Mohammed Patel,mohammed.patel73@hotmail.com,2443 Oak Street,New York,Florida,USA,25106,40.668352,-74.000099,SME,Silver,77,48405.21,14-10-2019,93,7370.68,Express,10-04-2024
74,Michael Clark,michael.clark74@icloud.com,395 Lake View Rd,Mumbai,Abu Dhabi,UAE,18496,19.075678,72.888948,Corporate,Silver,79,5555.9,29-01-2019,5,3167.28,Overnight,04-03-2024
75,Raj Dubois,raj.dubois75@gmail.com,2368 Park Avenue,Toronto,Alberta,Canada,M4B 6A1,43.65758,-79.376448,SME,Gold,46,23377.51,13-05-2019,107,2772.3,International Priority,19-01-2024
76,Fatima Singh,fatima.singh76@outlook.com,9713 Maple Road,Mumbai,Alberta,Canada,M3B 4B4,19.125129,72.848726,Corporate,Silver,90,9283.82,23-07-2023,69,1931.63,Standard,13-01-2024
77,Fatima Muller,fatima.muller77@yahoo.com,821 Hillcrest Ave,London,West Region,Singapore,552619,51.542195,-0.107511,Individual,Gold,59,46573.83,29-10-2024,21,1074.54,International Priority,07-08-2024
78,Anna Rossi,anna.rossi78@hotmail.com,1495 Sunset Blvd,London,West Region,Singapore,371006,51.555007,-0.10351,Individual,Gold,75,30814.61,09-04-2024,8,1617.31,Overnight,29-06-2024
79,Mia Singh,mia.singh79@icloud.com,3437 King Street,Dubai,Quebec,Canada,K7C 4B1,25.194417,55.296018,SME,Silver,93,20551.53,28-04-2023,31,641.75,Standard,29-08-2024
80,Anna Das,anna.das80@gmail.com,342 Hillcrest Ave,London,England,UK,SE8 6BB,51.522182,-0.156848,Corporate,Silver,77,9861.58,16-10-2019,33,2620.88,Express,29-07-2024
81,Chen Hassan,chen.hassan81@outlook.com,7118 Victoria Road,Dubai,East Region,Singapore,412939,25.213397,55.280068,Individual,Gold,85,39304.41,05-09-2023,33,813.74,International Priority,17-11-2024
82,Daniel Patel,daniel.patel82@yahoo.com,2775 Victoria Road,London,California,USA,48072,51.480553,-0.135695,Corporate,Bronze,47,27508.37,01-12-2021,74,3906.5,International Priority,13-09-2024
83,Sophia Muller,sophia.muller83@hotmail.com,3830 Market Street,Toronto,Dubai,UAE,2997,43.613114,-79.390488,Corporate,,83,31226,09-01-2025,110,2744.07,Overnight,15-03-2024
84,Fatima Nguyen,fatima.nguyen84@icloud.com,2994 Sunset Blvd,Singapore,Illinois,USA,37594,1.382702,103.7932,Individual,,82,14826.33,10-05-2020,13,383.94,Overnight,16-09-2024
85,Mohammed Wang,mohammed.wang85@gmail.com,1387 Lake View Rd,Dubai,Scotland,UK,EC5 9AB,25.166642,55.253965,Corporate,,79,45825.69,27-12-2024,45,2761.6,International Priority,30-08-2024
86,Ahmed Garcia,ahmed.garcia86@outlook.com,5201 Lake View Rd,Berlin,Hamburg,Germany,34048,52.514414,13.434859,Individual,Bronze,97,2222.53,08-04-2019,15,1372.06,International Priority,05-10-2024
87,Priya Sharma,priya.sharma87@yahoo.com,7863 Victoria Road,Sydney,Gujarat,India,235327,-33.911057,151.214115,Individual,Gold,79,36665.6,02-12-2023,39,888.94,International Priority,20-04-2024
88,Fatima Mehta,fatima.mehta88@hotmail.com,8096 Sunset Blvd,New York,Sharjah,UAE,9704,40.738664,-73.993502,Individual,Silver,57,31634.66,23-05-2024,12,1083.28,Express,20-07-2024
89,John Chowdhury,john.chowdhury89@icloud.com,6985 King Street,London,Central Region,Singapore,749657,51.531629,-0.114052,Corporate,Gold,60,49438.85,02-09-2019,13,2518.42,International Priority,26-04-2024
90,Elena Kim,elena.kim90@gmail.com,9380 Main St,Mumbai,Abu Dhabi,UAE,95306,19.101753,72.832502,Individual,Gold,76,994.07,14-04-2022,11,1959.64,International Priority,12-03-2024
91,Sara Wang,sara.wang91@outlook.com,9561 Market Street,Singapore,Florida,USA,44126,1.386839,103.798384,Corporate,Silver,53,19262.77,20-06-2023,32,3233.7,Express,20-03-2024
92,Arjun Patel,arjun.patel92@yahoo.com,7848 Maple Road,London,Maharashtra,India,456536,51.481835,-0.120499,Individual,Bronze,99,37946.39,13-06-2019,21,1527.75,Express,01-02-2024
93,Sara Dubois,sara.dubois93@hotmail.com,3018 Park Avenue,Mumbai,Queensland,Australia,7716,19.103483,72.852583,Individual,,47,16084.49,28-01-2023,70,4058.18,Express,07-12-2024
94,David Singh,david.singh94@icloud.com,6112 King Street,Sydney,Victoria,Australia,6045,-33.894183,151.220695,SME,,40,49796.42,25-06-2023,12,1032.48,Overnight,20-12-2024
95,Mia Nair,mia.nair95@gmail.com,9716 Victoria Road,Sydney,East Region,Singapore,289312,-33.884982,151.181392,SME,Gold,70,3123.65,26-09-2024,53,4910.6,International Priority,16-05-2024
96,James Ibrahim,james.ibrahim96@outlook.com,4113 Lake View Rd,Sydney,England,UK,EC6 6BA,-33.873861,151.18624,SME,Bronze,77,34840.67,08-12-2023,105,5913.82,International Priority,14-03-2024
97,Anna Sharma,anna.sharma97@yahoo.com,476 Market Street,Mumbai,Victoria,Australia,3860,19.123091,72.882641,Corporate,,73,45452.27,22-10-2023,99,1922.03,Express,08-06-2024
98,Elena Hassan,elena.hassan98@hotmail.com,6271 Hillcrest Ave,London,Sharjah,UAE,21328,51.49265,-0.158342,Corporate,Bronze,83,8911.85,23-05-2020,48,4365.18,Overnight,06-03-2024
99,Mia Costa,mia.costa99@icloud.com,3045 Park Avenue,Sydney,Victoria,Australia,2825,-33.862795,151.186989,Individual,Silver,54,44092.16,29-02-2020,39,1203.35,Overnight,18-09-2024
100,Noah Costa,noah.costa0@gmail.com,3940 Lake View Rd,Toronto,Berlin,Germany,61989,43.651733,-79.430484,Individual,Gold,42,7224.86,20-08-2020,18,938.54,International Priority,11-12-2024
101,Raj Martin,raj.martin1@outlook.com,226 Lake View Rd,Dubai,Bavaria,Germany,95044,25.241803,55.225227,Individual,Gold,46,45494.76,11-12-2021,111,4649.94,International Priority,27-01-2024
102,Amit Lee,amit.lee2@yahoo.com,3224 Market Street,Mumbai,Central Region,Singapore,678385,19.098289,72.919903,Individual,Bronze,100,39320.22,02-04-2020,29,999.6,Overnight,10-09-2024
103,Chen Johnson,chen.johnson3@hotmail.com,513 Maple Road,Mumbai,Bavaria,Germany,52516,19.072417,72.875611,Corporate,,69,35558.4,23-11-2020,25,6793.23,Express,16-03-2024
104,Isabella Smith,isabella.smith4@icloud.com,3872 King Street,London,Queensland,Australia,4881,51.552669,-0.136062,Individual,Bronze,76,46886.92,10-02-2023,25,1051.48,Express,19-03-2024
105,Anna Hassan,anna.hassan5@gmail.com,2922 Market Street,Mumbai,England,UK,NW1 3BB,19.056751,72.906183,Individual,Silver,82,6807.29,19-08-2023,40,1297.8,International Priority,06-08-2024
106,Anna Singh,anna.singh6@outlook.com,8043 Oak Street,Mumbai,British Columbia,Canada,H5B 1B9,19.122997,72.828017,SME,,61,24936.07,23-10-2022,19,1895.26,International Priority,05-04-2024
107,David Costa,david.costa7@yahoo.com,9031 Victoria Road,Sydney,British Columbia,Canada,V7A 8A3,-33.893446,151.175561,Individual,,67,27182.3,04-08-2020,33,183.49,Overnight,30-01-2024
108,John Nguyen,john.nguyen8@hotmail.com,5004 Main St,London,East Region,Singapore,687769,51.499631,-0.16627,Individual,Bronze,78,41123.51,22-09-2021,25,1598.03,International Priority,26-10-2024
109,Laura Sharma,laura.sharma9@icloud.com,7035 Maple Road,Sydney,Delhi,India,637322,-33.893642,151.214983,Individual,Silver,62,44941.22,30-05-2024,34,1777.34,Overnight,08-12-2024
110,Priya Mehta,priya.mehta10@gmail.com,7675 Sunset Blvd,Dubai,British Columbia,Canada,T4C 3C9,25.240582,55.234018,Corporate,,49,11802.47,10-05-2021,84,5862.29,Express,21-03-2024
111,Olivia Anderson,olivia.anderson11@outlook.com,8971 Market Street,Singapore,Alberta,Canada,H7B 9C9,1.364183,103.860671,SME,Gold,45,21137.86,19-12-2021,29,832.07,Express,14-07-2024
112,Raj Nguyen,raj.nguyen12@yahoo.com,4501 Park Avenue,Dubai,Berlin,Germany,11905,25.186139,55.276657,Individual,Silver,95,49759.75,02-02-2020,31,1542.64,Overnight,18-02-2024
113,Sara Brown,sara.brown13@hotmail.com,6899 Sunset Blvd,Singapore,Hesse,Germany,22839,1.400367,103.792155,Individual,,100,879.61,13-09-2022,102,6955.84,Standard,22-05-2024
114,Fatima Lopez,fatima.lopez14@icloud.com,3633 Sunset Blvd,Sydney,Victoria,Australia,2255,-33.818936,151.163995,SME,Bronze,99,14388.84,31-10-2019,20,4280.71,Express,03-06-2024
115,Ahmed Johnson,ahmed.johnson15@gmail.com,4283 Market Street,Dubai,West Region,Singapore,519342,25.156193,55.313295,Individual,,97,6847.27,20-02-2024,70,233.94,Overnight,30-07-2024
116,Mia Costa,mia.costa16@outlook.com,2844 Hillcrest Ave,London,Tamil Nadu,India,773150,51.554968,-0.140406,Corporate,Gold,58,17006.34,06-07-2024,29,3835.43,Express,15-07-2024
117,Laura Nguyen,laura.nguyen17@yahoo.com,9216 King Street,New York,East Region,Singapore,457056,40.762367,-73.979686,Individual,Silver,72,6019.09,29-09-2021,28,444.93,Overnight,25-11-2024
118,Laura Smith,laura.smith18@hotmail.com,1899 Oak Street,Sydney,Illinois,USA,33596,-33.835882,151.244753,Corporate,,70,9368.54,30-11-2021,111,3107.69,Overnight,11-06-2024
119,Sara Martin,sara.martin19@icloud.com,1505 Oak Street,Singapore,Dubai,UAE,69499,1.319564,103.858999,Corporate,Gold,81,3049.08,03-11-2022,107,4110.31,Express,25-09-2024
120,Mohammed Smith,mohammed.smith20@gmail.com,7254 King Street,Toronto,Gujarat,India,471218,43.700028,-79.339521,Individual,,80,5835.77,24-04-2022,24,1489.1,Express,12-06-2024
121,Amit Clark,amit.clark21@outlook.com,4090 Market Street,Singapore,Gujarat,India,408946,1.344991,103.781787,SME,,92,5454.25,27-12-2023,81,2557,International Priority,27-04-2024
122,Sophia Hassan,sophia.hassan22@yahoo.com,8267 Oak Street,Toronto,Wales,UK,NW4 1BA,43.643184,-79.361486,Corporate,Silver,90,15654.84,16-09-2022,54,7225.5,Express,12-02-2024
123,Ivan Chowdhury,ivan.chowdhury23@hotmail.com,2163 Oak Street,Mumbai,West Region,Singapore,283167,19.125589,72.923481,SME,Bronze,91,21988.59,19-01-2024,36,579.6,Standard,18-12-2024
124,Olivia Muller,olivia.muller24@icloud.com,4756 Victoria Road,Dubai,Queensland,Australia,7408,25.171907,55.273988,Individual,Bronze,82,42941.69,22-11-2021,17,59.9,Overnight,25-09-2024
125,Maria Muller,maria.muller25@gmail.com,1227 Hillcrest Ave,Toronto,England,UK,SW7 2BA,43.638473,-79.367051,Corporate,Gold,57,19146.05,01-02-2022,75,7309.02,International Priority,11-10-2024
126,Michael Das,michael.das26@outlook.com,6713 Park Avenue,Singapore,Delhi,India,210242,1.361847,103.852696,Individual,Gold,64,13046.58,27-05-2019,58,869.23,Overnight,04-12-2024
127,Wei Wang,wei.wang27@yahoo.com,4032 Victoria Road,Mumbai,Karnataka,India,563163,19.067757,72.908349,SME,Gold,45,29521.79,27-07-2020,11,1222.77,Overnight,02-01-2024
128,Anna Ali,anna.ali28@hotmail.com,3953 Lake View Rd,New York,Tamil Nadu,India,354901,40.673593,-73.973632,Individual,Silver,53,34736.21,29-08-2020,30,1130.41,Overnight,26-11-2024
129,Ivan Wang,ivan.wang29@icloud.com,2463 Main St,London,British Columbia,Canada,K1B 3B5,51.506269,-0.093095,Individual,Bronze,40,29266.97,07-11-2024,11,3099.39,International Priority,27-12-2024
130,Ahmed Rossi,ahmed.rossi30@gmail.com,6162 Market Street,London,Central Region,Singapore,246068,51.51517,-0.086738,Corporate,Gold,61,48698.43,27-03-2022,53,7174.62,Overnight,07-04-2024
131,Ahmed Khan,ahmed.khan31@outlook.com,4492 Maple Road,London,Dubai,UAE,3836,51.481594,-0.139432,Individual,Gold,70,23743.48,17-04-2019,78,779.27,Express,26-12-2024
132,Fatima Ibrahim,fatima.ibrahim32@yahoo.com,7408 Lake View Rd,Toronto,Dubai,UAE,5908,43.637683,-79.403396,Individual,,95,4668.46,24-06-2021,49,823.06,Express,14-02-2024
133,Mohammed Rossi,mohammed.rossi33@hotmail.com,7300 Victoria Road,New York,Scotland,UK,NW1 3BA,40.690781,-74.052213,Individual,,73,35329.14,28-02-2023,26,279.66,International Priority,15-12-2024
134,John Singh,john.singh34@icloud.com,8620 Hillcrest Ave,Toronto,Tamil Nadu,India,114886,43.644866,-79.333941,Corporate,Gold,63,22044.24,25-01-2023,33,3151.17,Overnight,06-10-2024
135,David Nair,david.nair35@gmail.com,8479 King Street,Dubai,Sharjah,UAE,58005,25.202931,55.303558,SME,,79,33673.33,07-04-2022,19,868.58,International Priority,22-03-2024
136,Sara Kim,sara.kim36@outlook.com,7919 King Street,Toronto,Hamburg,Germany,84727,43.697043,-79.416091,SME,,51,16366.33,10-06-2022,32,7186.06,Overnight,08-07-2024
137,Emma Clark,emma.clark37@yahoo.com,9214 Sunset Blvd,New York,Central Region,Singapore,743578,40.733343,-74.028552,Individual,,69,9272.39,10-10-2020,17,947.64,Overnight,20-11-2024
138,Mia Costa,mia.costa38@hotmail.com,9713 Lake View Rd,New York,Dubai,UAE,29726,40.704069,-73.998146,Corporate,Silver,81,1355.15,02-06-2022,63,2454.41,Overnight,29-08-2024
139,Anna Tanaka,anna.tanaka39@icloud.com,6651 Park Avenue,Dubai,Queensland,Australia,6932,25.219556,55.221181,Individual,Gold,91,17098.7,30-04-2024,13,835.28,Standard,27-08-2024
140,Emma Tanaka,emma.tanaka40@gmail.com,9735 Victoria Road,New York,West Region,Singapore,564355,40.693758,-74.047539,SME,Gold,68,26701.47,07-12-2023,20,740.22,Express,25-08-2024
141,Olivia Patel,olivia.patel41@outlook.com,5939 Lake View Rd,Singapore,Queensland,Australia,5880,1.400978,103.843626,Corporate,,62,15610.45,22-04-2022,109,1440.89,Standard,07-06-2024
142,Elena Mehta,elena.mehta42@yahoo.com,5893 Sunset Blvd,New York,Sharjah,UAE,96231,40.690519,-73.974189,SME,Silver,91,34579.03,24-09-2020,111,958.24,Standard,25-08-2024
143,Sophia Dubois,sophia.dubois43@hotmail.com,8889 Market Street,London,Hamburg,Germany,83524,51.538809,-0.146988,SME,,93,35285.05,10-06-2020,23,1904.83,Express,22-08-2024
144,Michael Nguyen,michael.nguyen44@icloud.com,404 King Street,Singapore,Queensland,Australia,6199,1.361262,103.861827,Corporate,Silver,45,48042.32,23-08-2020,20,401.28,Express,17-11-2024
145,Isabella Sharma,isabella.sharma45@gmail.com,5278 Lake View Rd,Singapore,Alberta,Canada,M1B 9B2,1.336203,103.867382,Corporate,Gold,40,22111.55,12-04-2022,36,6948.04,International Priority,10-05-2024
146,Liam Muller,liam.muller46@outlook.com,4132 Oak Street,Dubai,Dubai,UAE,45622,25.193209,55.278492,Individual,,85,44979.68,23-04-2023,23,536.18,International Priority,21-11-2024
147,Wei Martin,wei.martin47@yahoo.com,9153 Market Street,Berlin,British Columbia,Canada,H1C 6B3,52.528613,13.428834,Individual,Gold,62,6834.56,19-11-2021,36,1909.7,International Priority,31-05-2024
148,James Das,james.das48@hotmail.com,1075 Oak Street,Berlin,Dubai,UAE,38785,52.510455,13.452769,SME,Silver,51,12390.28,22-07-2021,23,314.18,Express,19-07-2024
149,Mia Muller,mia.muller49@icloud.com,2944 Victoria Road,New York,California,USA,82893,40.73948,-73.976236,Corporate,Bronze,72,38304.86,25-04-2019,88,5121.46,Standard,02-05-2024
150,Daniel Muller,daniel.muller50@gmail.com,1381 Maple Road,Singapore,Texas,USA,68604,1.388141,103.812102,Corporate,Silver,87,1793.93,16-05-2021,43,162.99,International Priority,03-04-2024
151,James Wang,james.wang51@outlook.com,4813 Main St,Berlin,Illinois,USA,78513,52.501131,13.404856,Individual,Bronze,57,44689.05,25-05-2022,14,71.12,Express,25-08-2024
152,Carlos Mehta,carlos.mehta52@yahoo.com,6498 Victoria Road,Berlin,Victoria,Australia,4314,52.5528,13.409089,SME,Gold,51,12600.65,30-08-2020,21,1079.78,Overnight,31-12-2024
153,Maria Muller,maria.muller53@hotmail.com,6146 Park Avenue,New York,Ontario,Canada,M5A 5B2,40.689427,-73.981267,SME,Gold,86,5479.36,19-02-2019,26,1717.9,International Priority,26-01-2024
154,Wei Hassan,wei.hassan54@icloud.com,6984 Maple Road,Berlin,British Columbia,Canada,T1C 9C8,52.565517,13.430655,Individual,,68,2723.08,28-11-2021,36,1030.54,Standard,13-06-2024
155,Maria Nair,maria.nair55@gmail.com,8540 Victoria Road,Toronto,Ontario,Canada,K6A 6C7,43.679334,-79.34384,Corporate,Bronze,74,12309.34,31-01-2023,98,5666.95,Express,17-09-2024
156,Lucas Wang,lucas.wang56@outlook.com,7966 Maple Road,Mumbai,Bavaria,Germany,89937,19.117697,72.898938,Individual,Silver,97,11071.3,14-09-2024,13,781.09,International Priority,31-01-2024
157,David Muller,david.muller57@yahoo.com,5783 Market Street,Dubai,British Columbia,Canada,H3A 2C4,25.245349,55.227575,Individual,Gold,71,20557.79,17-10-2024,30,1324.89,Overnight,28-08-2024
158,Noah Ibrahim,noah.ibrahim58@hotmail.com,45 Main St,Mumbai,Berlin,Germany,69782,19.10804,72.915663,Individual,Bronze,47,1949.99,21-07-2023,2,1327.56,Standard,29-05-2024
159,Mohammed Brown,mohammed.brown59@icloud.com,5042 Victoria Road,New York,Illinois,USA,92822,40.686634,-73.96491,Individual,Silver,69,24912.17,07-05-2024,10,894.42,International Priority,13-03-2024
160,Mia Khan,mia.khan60@gmail.com,5877 Lake View Rd,London,California,USA,86325,51.549615,-0.128805,Corporate,Bronze,56,49286.76,28-11-2020,91,6466.52,Standard,06-02-2024
161,Anna Clark,anna.clark61@outlook.com,4427 Lake View Rd,Dubai,Victoria,Australia,2277,25.23424,55.245663,Individual,Silver,68,44893.98,10-11-2022,117,1174.18,Standard,25-08-2024
162,Michael Das,michael.das62@yahoo.com,649 Lake View Rd,New York,Abu Dhabi,UAE,82385,40.756395,-74.036554,Corporate,Silver,89,987.29,30-09-2020,90,2352.68,Standard,31-01-2024
163,Daniel Ali,daniel.ali63@hotmail.com,3733 King Street,Singapore,Texas,USA,18266,1.356502,103.808835,Individual,Silver,54,30982.66,14-08-2024,2,1618.81,Express,04-06-2024
164,Liam Chowdhury,liam.chowdhury64@icloud.com,2374 Hillcrest Ave,London,Abu Dhabi,UAE,52162,51.551458,-0.078791,SME,Silver,56,10511.41,11-07-2022,25,265.23,Express,13-03-2024
165,Mohammed Chowdhury,mohammed.chowdhury65@gmail.com,4386 Maple Road,Mumbai,Dubai,UAE,72702,19.057368,72.880453,Corporate,Bronze,83,23685.41,13-11-2024,16,4587.53,International Priority,02-09-2024
166,Chen Brown,chen.brown66@outlook.com,8350 King Street,New York,East Region,Singapore,648928,40.758754,-73.956315,SME,Bronze,54,1245.58,14-03-2023,25,221.7,International Priority,08-08-2024
167,Amit Sharma,amit.sharma67@yahoo.com,6578 King Street,Singapore,Victoria,Australia,4309,1.323801,103.824217,Individual,,71,5159.82,29-03-2023,19,1970.57,International Priority,01-02-2024
168,Elena Kim,elena.kim68@hotmail.com,6487 Lake View Rd,Dubai,Gujarat,India,124462,25.166918,55.309584,Individual,Bronze,95,44493.68,10-06-2024,13,248.53,International Priority,12-01-2024
169,Sophia Kim,sophia.kim69@icloud.com,9630 Oak Street,Dubai,Gujarat,India,433122,25.24977,55.235345,Individual,Bronze,87,41978.49,23-11-2020,10,239.66,Overnight,08-09-2024
170,Chen Dubois,chen.dubois70@gmail.com,3690 Hillcrest Ave,Sydney,Wales,UK,SE7 4AB,-33.827067,151.171694,Corporate,,65,7015.94,21-11-2024,114,1534.34,Express,18-09-2024
171,Priya Petrov,priya.petrov71@outlook.com,73 Oak Street,Singapore,East Region,Singapore,112023,1.395234,103.867007,SME,Bronze,47,35661.84,28-05-2024,13,1546.59,International Priority,08-10-2024
172,Maria Ibrahim,maria.ibrahim72@yahoo.com,4497 Main St,Toronto,New South Wales,Australia,7104,43.67654,-79.409754,Corporate,Silver,98,3998.48,19-12-2020,116,4323.64,Express,13-02-2024
173,Raj Mehta,raj.mehta73@hotmail.com,9778 Main St,Berlin,England,UK,W5 8AA,52.499855,13.431862,Corporate,Gold,41,23105.85,05-06-2024,116,1676.19,Standard,02-01-2024
174,Amit Garcia,amit.garcia74@icloud.com,3803 Main St,London,Wales,UK,NW2 6AB,51.556586,-0.167151,Individual,Gold,69,14232.66,05-04-2023,9,416.8,Express,27-02-2024
175,Arjun Petrov,arjun.petrov75@gmail.com,9878 Hillcrest Ave,Singapore,Central Region,Singapore,625633,1.351654,103.771643,SME,,58,16221.15,28-02-2019,20,1479.51,International Priority,11-11-2024
176,Lucas Chowdhury,lucas.chowdhury76@outlook.com,2610 Lake View Rd,Sydney,Delhi,India,426648,-33.878131,151.220564,Individual,Bronze,53,46781.96,23-09-2019,39,532.5,Standard,17-01-2024
177,Priya Sharma,priya.sharma77@yahoo.com,6644 Oak Street,Berlin,New South Wales,Australia,3135,52.56186,13.450951,Corporate,Bronze,68,44426.44,03-11-2022,51,4138.93,International Priority,19-11-2024
178,Liam Brown,liam.brown78@hotmail.com,2213 Market Street,Berlin,Tamil Nadu,India,599967,52.538577,13.37049,Individual,,87,3097.31,09-07-2021,43,2530.54,International Priority,02-08-2024
179,Emma Rossi,emma.rossi79@icloud.com,3723 King Street,New York,Wales,UK,SE8 8BA,40.680616,-74.013626,SME,Gold,65,12486.24,20-06-2022,39,1004.39,International Priority,27-11-2024
180,Isabella Khan,isabella.khan80@gmail.com,346 Hillcrest Ave,Berlin,Queensland,Australia,2839,52.510349,13.438493,Individual,Silver,77,36415.39,25-04-2021,5,1301.33,Express,02-03-2024
181,Chen Johnson,chen.johnson81@outlook.com,2566 Lake View Rd,Toronto,Scotland,UK,SE6 4BB,43.638783,-79.423427,SME,Bronze,67,47749.02,07-07-2021,21,1619.32,Express,26-02-2024
182,Noah Dubois,noah.dubois82@yahoo.com,5729 Victoria Road,Dubai,British Columbia,Canada,T7C 7B9,25.205741,55.299922,SME,,65,7513.54,06-09-2020,36,5129.75,Express,05-03-2024
183,Liam Nair,liam.nair83@hotmail.com,4044 Market Street,Sydney,East Region,Singapore,460220,-33.818843,151.189035,Individual,Silver,62,42667.37,13-02-2022,110,3114.71,Standard,12-06-2024
184,Laura Wang,laura.wang84@icloud.com,7886 King Street,Berlin,Sharjah,UAE,54940,52.549493,13.424278,Corporate,,61,46115.64,04-05-2020,10,1171.42,Standard,15-05-2024
185,Isabella Chowdhury,isabella.chowdhury85@gmail.com,3476 Victoria Road,New York,New South Wales,Australia,3687,40.722952,-73.956147,Individual,,100,14328.51,17-03-2021,12,579,Express,19-08-2024
186,Priya Nair,priya.nair86@outlook.com,8571 Sunset Blvd,Toronto,Victoria,Australia,7602,43.649462,-79.422826,Corporate,,90,21053.9,31-12-2022,61,7019.97,Standard,27-06-2024
187,Mia Sharma,mia.sharma87@yahoo.com,6567 Lake View Rd,Mumbai,Abu Dhabi,UAE,58101,19.098786,72.860312,Corporate,Gold,48,12362.8,05-08-2024,3,6161.38,Overnight,22-07-2024
188,Maria Mehta,maria.mehta88@hotmail.com,8790 Market Street,Dubai,Scotland,UK,EC7 5AB,25.205541,55.290503,Individual,Gold,84,7959.52,25-02-2024,61,4381.56,Express,09-04-2024
189,Mia Anderson,mia.anderson89@icloud.com,2903 Maple Road,Dubai,Quebec,Canada,K2C 2A7,25.214874,55.268252,Corporate,,69,26454.82,19-02-2019,14,4366.22,International Priority,23-12-2024
190,James Wang,james.wang90@gmail.com,47 Lake View Rd,Sydney,Bavaria,Germany,77885,-33.875105,151.178724,Corporate,Bronze,70,13626.64,16-11-2024,100,2161.19,International Priority,15-06-2024
191,Laura Costa,laura.costa91@outlook.com,7338 Sunset Blvd,Dubai,Dubai,UAE,48372,25.18462,55.246314,Individual,Silver,54,34802.63,24-07-2021,23,1822.46,International Priority,16-06-2024
192,Priya Muller,priya.muller92@yahoo.com,4888 Market Street,Berlin,West Region,Singapore,716200,52.515395,13.392432,Individual,Bronze,64,24935.43,09-04-2021,2,1091.66,Overnight,05-01-2024
193,John Kim,john.kim93@hotmail.com,1596 Maple Road,New York,Karnataka,India,499574,40.697568,-73.965845,Individual,Gold,58,36527.46,29-01-2023,15,1824.06,Express,31-05-2024
194,Mohammed Ali,mohammed.ali94@icloud.com,2680 Park Avenue,Dubai,Scotland,UK,SW5 2BB,25.195575,55.299194,Corporate,Silver,45,31951.56,15-05-2019,8,133.51,Overnight,14-03-2024
195,Emma Nair,emma.nair95@gmail.com,6724 Lake View Rd,Dubai,Sharjah,UAE,15423,25.213016,55.229854,SME,,76,10128.91,21-06-2023,2,966.87,Standard,23-07-2024
196,Arjun Hassan,arjun.hassan96@outlook.com,1486 Park Avenue,Mumbai,Sharjah,UAE,56397,19.112781,72.913816,Corporate,Bronze,40,11951.74,09-02-2020,79,5751.57,Express,03-08-2024
197,Maria Johnson,maria.johnson97@yahoo.com,1721 Sunset Blvd,Mumbai,Queensland,Australia,6277,19.125987,72.83822,SME,Bronze,64,31666.45,11-09-2022,12,411.82,Express,25-04-2024
198,Arjun Smith,arjun.smith98@hotmail.com,2140 Sunset Blvd,London,Karnataka,India,627920,51.53998,-0.157527,Individual,,83,5823,09-09-2024,96,5171.43,International Priority,05-03-2024
199,Arjun Singh,arjun.singh99@icloud.com,183 Main St,Toronto,Tamil Nadu,India,425416,43.663438,-79.349492,SME,Bronze,94,2093.01,03-10-2019,19,393.99,Express,23-07-2024
200,Laura Chowdhury,laura.chowdhury0@gmail.com,3690 Main St,Berlin,West Region,Singapore,614525,52.499191,13.368671,Individual,Gold,49,16440,16-01-2022,31,728.3,Overnight,08-01-2024
201,Yuki Dubois,yuki.dubois1@outlook.com,1076 Lake View Rd,Dubai,Maharashtra,India,684241,25.174444,55.286524,Individual,,89,42108.8,30-12-2024,8,1592.93,Standard,02-05-2024
202,Olivia Kim,olivia.kim2@yahoo.com,6121 Hillcrest Ave,Singapore,Dubai,UAE,21487,1.374195,103.792313,SME,Bronze,70,22584.99,22-11-2019,35,822.87,Overnight,03-12-2024
203,Carlos Petrov,carlos.petrov3@hotmail.com,4205 King Street,Dubai,Berlin,Germany,51223,25.21064,55.228495,Individual,,61,28946.23,18-08-2019,2,62.96,Express,07-02-2024
204,Yuki Rossi,yuki.rossi4@icloud.com,4291 Lake View Rd,New York,New York,USA,63316,40.6652,-74.018059,SME,Silver,77,16112.45,04-01-2024,58,648.93,Express,09-01-2024
205,Elena Tanaka,elena.tanaka5@gmail.com,7720 Oak Street,London,Wales,UK,SW5 4AB,51.49128,-0.114961,Individual,,76,11393.6,11-11-2024,18,558.64,Overnight,15-12-2024
206,Mohammed Khan,mohammed.khan6@outlook.com,2668 Sunset Blvd,Toronto,New York,USA,52552,43.659051,-79.359683,Corporate,Bronze,68,49121.71,12-10-2021,76,2993.22,Standard,13-01-2024
207,Emma Lee,emma.lee7@yahoo.com,7849 King Street,Singapore,Dubai,UAE,11508,1.371517,103.86963,Corporate,Gold,95,48842.11,29-09-2021,86,6608.92,International Priority,11-09-2024
208,Emma Garcia,emma.garcia8@hotmail.com,7443 Main St,London,New York,USA,11319,51.527776,-0.083644,Individual,,90,12288.96,14-11-2021,11,724.55,Express,27-11-2024
209,Daniel Petrov,daniel.petrov9@icloud.com,2914 King Street,Sydney,Dubai,UAE,16064,-33.821502,151.168053,Individual,,67,41007.82,18-01-2021,29,1701.85,Overnight,18-06-2024
210,Mia Garcia,mia.garcia10@gmail.com,9209 Lake View Rd,Toronto,New York,USA,20732,43.629479,-79.420778,SME,Bronze,43,34018.71,30-09-2021,32,1563.91,Overnight,11-03-2024
211,Anna Martin,anna.martin11@outlook.com,663 Park Avenue,Dubai,Karnataka,India,138385,25.241759,55.297734,Corporate,Gold,76,36006.57,24-07-2021,3,3975.7,Standard,16-06-2024
212,Maria Garcia,maria.garcia12@yahoo.com,6310 Oak Street,Dubai,British Columbia,Canada,V9C 4C2,25.221109,55.317714,SME,Gold,60,9122.25,12-02-2024,13,2116.52,Standard,15-12-2024
213,Daniel Ali,daniel.ali13@hotmail.com,2637 Oak Street,Toronto,Maharashtra,India,390950,43.626347,-79.425423,Individual,Silver,83,44133.56,27-12-2020,45,2443.94,International Priority,09-06-2024
214,David Clark,david.clark14@icloud.com,6658 Hillcrest Ave,Dubai,Delhi,India,709379,25.189923,55.253481,Individual,Silver,56,18287.79,14-06-2019,20,306.24,Standard,10-02-2024
215,Priya Nguyen,priya.nguyen15@gmail.com,6861 Lake View Rd,Berlin,East Region,Singapore,799345,52.500848,13.448577,SME,Bronze,46,11086.09,24-12-2021,84,2423.53,Standard,01-07-2024
216,John Garcia,john.garcia16@outlook.com,3167 Market Street,Toronto,New South Wales,Australia,2553,43.660278,-79.384314,Individual,Gold,43,44353.42,10-02-2022,24,1743.14,International Priority,15-04-2024
217,David Wang,david.wang17@yahoo.com,9742 Lake View Rd,London,Victoria,Australia,4210,51.525609,-0.157459,Corporate,Gold,47,12879.25,10-01-2020,60,6524.41,Overnight,04-06-2024
218,Priya Johnson,priya.johnson18@hotmail.com,1693 King Street,Toronto,Texas,USA,20035,43.629293,-79.338983,SME,Silver,43,47502.18,17-02-2021,61,5110.97,Overnight,24-05-2024
219,Wei Fernandez,wei.fernandez19@icloud.com,2923 King Street,Singapore,Abu Dhabi,UAE,6976,1.341136,103.787072,Corporate,Silver,54,7654.7,18-09-2019,95,1527.05,Express,16-11-2024
220,Wei Ibrahim,wei.ibrahim20@gmail.com,9381 Victoria Road,Dubai,West Region,Singapore,188959,25.233778,55.263325,Corporate,Bronze,66,15074.06,26-06-2020,18,1454.86,Overnight,17-03-2024
221,Priya Muller,priya.muller21@outlook.com,2309 Lake View Rd,Berlin,Karnataka,India,204105,52.52517,13.368964,Corporate,Gold,90,3637.44,10-11-2024,113,2372.83,Express,06-08-2024
222,Arjun Sharma,arjun.sharma22@yahoo.com,4383 Lake View Rd,Berlin,Central Region,Singapore,235517,52.504209,13.355003,SME,,94,23241.14,25-05-2022,29,1811.04,Standard,30-05-2024
223,Michael Das,michael.das23@hotmail.com,2857 Maple Road,Sydney,Florida,USA,15956,-33.851476,151.233244,Individual,Silver,81,42985.25,07-09-2019,38,737.44,International Priority,05-08-2024
224,Liam Das,liam.das24@icloud.com,4043 Market Street,London,New South Wales,Australia,2669,51.482557,-0.146883,Corporate,Bronze,54,16065.59,30-04-2021,44,2512.82,Standard,16-04-2024
225,Sara Garcia,sara.garcia25@gmail.com,2757 Maple Road,Mumbai,Quebec,Canada,K5B 5C9,19.047241,72.861628,Corporate,Gold,58,31157.26,21-07-2021,2,3281.85,Overnight,12-05-2024
226,Sara Wang,sara.wang26@outlook.com,5844 Market Street,Mumbai,Scotland,UK,EC6 8BB,19.062922,72.887319,Corporate,Gold,89,38918.26,26-09-2021,76,4856.3,Standard,04-06-2024
227,Chen Ibrahim,chen.ibrahim27@yahoo.com,315 Hillcrest Ave,Toronto,Texas,USA,22645,43.682838,-79.410377,Individual,Silver,73,6360.6,08-05-2024,14,5045.31,Standard,08-03-2024
228,Daniel Das,daniel.das28@hotmail.com,3515 Hillcrest Ave,Sydney,East Region,Singapore,716606,-33.846072,151.23413,Individual,Bronze,85,3545.02,16-03-2024,114,4991.01,International Priority,26-11-2024
229,David Martin,david.martin29@icloud.com,2402 Oak Street,New York,Quebec,Canada,T3A 9A3,40.7214,-74.049892,SME,,80,3323.93,07-02-2020,35,683.08,Standard,05-06-2024
230,Laura Singh,laura.singh30@gmail.com,2247 Lake View Rd,Toronto,England,UK,EC3 5BA,43.653272,-79.361756,Individual,Silver,42,49766.49,08-01-2025,7,604.2,Express,16-09-2024
231,Emma Ibrahim,emma.ibrahim31@outlook.com,4785 Sunset Blvd,Sydney,Berlin,Germany,80651,-33.88654,151.220654,SME,Bronze,91,26586.33,29-07-2019,23,1249.86,Overnight,18-05-2024
232,Carlos Martin,carlos.martin32@yahoo.com,3414 Oak Street,London,New York,USA,30199,51.48998,-0.098286,SME,Gold,84,16196.39,30-07-2022,5,1761.91,Standard,09-07-2024
233,Liam Singh,liam.singh33@hotmail.com,1863 Market Street,London,Florida,USA,44426,51.515354,-0.174546,SME,,99,16518.97,27-10-2019,74,3525.32,Express,03-01-2024
234,Arjun Khan,arjun.khan34@icloud.com,4162 Main St,London,Berlin,Germany,72631,51.545518,-0.100222,SME,Bronze,62,19436.28,15-03-2021,12,250.72,International Priority,05-05-2024
235,Elena Mehta,elena.mehta35@gmail.com,5345 Market Street,London,Bavaria,Germany,11146,51.534067,-0.091473,SME,,45,3111.46,13-05-2024,23,1056.47,Express,28-11-2024
236,Olivia Dubois,olivia.dubois36@outlook.com,9037 Market Street,London,Florida,USA,76705,51.482903,-0.08686,Corporate,Bronze,64,40563.78,21-04-2020,95,3862.25,International Priority,30-05-2024
237,Lucas Clark,lucas.clark37@yahoo.com,3205 Sunset Blvd,Sydney,Bavaria,Germany,13286,-33.856845,151.246805,Individual,Bronze,76,30935.91,16-12-2023,2,813.19,Overnight,21-04-2024
238,Ahmed Clark,ahmed.clark38@hotmail.com,6858 Market Street,Sydney,Tamil Nadu,India,632246,-33.908411,151.19681,Corporate,Bronze,86,35294.08,08-12-2019,84,7260.07,International Priority,18-01-2024
239,Wei Smith,wei.smith39@icloud.com,8983 Victoria Road,Berlin,Scotland,UK,EC3 8BA,52.488364,13.422201,SME,Bronze,70,13942.76,03-05-2024,6,1988.56,Overnight,03-03-2024
240,Isabella Fernandez,isabella.fernandez40@gmail.com,9374 Hillcrest Ave,Singapore,Wales,UK,SE5 4BB,1.33177,103.811197,Individual,,43,14405.69,19-03-2021,37,1221.35,Standard,15-08-2024
241,Daniel Sharma,daniel.sharma41@outlook.com,8158 Victoria Road,Mumbai,Wales,UK,NW3 6BA,19.121421,72.912686,Corporate,Silver,73,46031.7,14-02-2020,39,7306.81,Standard,15-12-2024
242,Wei Rossi,wei.rossi42@yahoo.com,6609 Maple Road,Dubai,Maharashtra,India,297133,25.2102,55.259401,Corporate,,70,38854.44,30-05-2021,81,1706.96,Express,15-02-2024
243,Emma Nguyen,emma.nguyen43@hotmail.com,5667 Sunset Blvd,London,Dubai,UAE,88716,51.532531,-0.169904,SME,Bronze,77,3611.43,18-06-2024,6,1166.75,Express,12-12-2024
244,Noah Khan,noah.khan44@icloud.com,7147 Oak Street,New York,Bavaria,Germany,50578,40.75864,-73.960123,Corporate,,91,5741.33,13-05-2022,69,5469.09,Express,21-01-2024
245,Laura Lopez,laura.lopez45@gmail.com,7728 Main St,Dubai,British Columbia,Canada,K1A 7C2,25.235738,55.259843,Corporate,,40,48097.07,09-02-2019,90,4944.94,Express,22-04-2024
246,Michael Wang,michael.wang46@outlook.com,2705 Maple Road,Sydney,Hamburg,Germany,92482,-33.903788,151.205078,Corporate,,60,48551.24,27-10-2023,13,2409.9,International Priority,09-11-2024
247,Michael Muller,michael.muller47@yahoo.com,6046 Market Street,New York,California,USA,51733,40.76052,-74.044872,Corporate,Bronze,75,7989.83,01-04-2020,85,7714.88,International Priority,14-05-2024
248,Sophia Lee,sophia.lee48@hotmail.com,508 Oak Street,New York,Queensland,Australia,7419,40.696056,-73.999251,Corporate,,46,21052.27,19-12-2023,67,4187.17,Express,12-02-2024
249,John Dubois,john.dubois49@icloud.com,6482 Oak Street,New York,East Region,Singapore,406417,40.732739,-73.987957,SME,Gold,59,27158.39,08-03-2021,21,420.2,International Priority,06-01-2024
250,Ivan Rossi,ivan.rossi50@gmail.com,6241 Lake View Rd,Berlin,West Region,Singapore,517841,52.532314,13.425468,SME,Bronze,47,43348.22,12-02-2024,11,1628.85,Standard,03-04-2024
251,Carlos Lee,carlos.lee51@outlook.com,6393 Lake View Rd,Sydney,Scotland,UK,SE7 3AA,-33.893691,151.243705,Corporate,,87,44889.49,03-01-2019,10,3722.74,International Priority,06-05-2024
252,Sara Chowdhury,sara.chowdhury52@yahoo.com,8159 Main St,New York,Hesse,Germany,73411,40.703515,-74.025348,SME,Gold,68,4321.86,28-10-2021,18,1221.31,Overnight,24-11-2024
253,Raj Nguyen,raj.nguyen53@hotmail.com,8469 Victoria Road,London,Ontario,Canada,V8A 3A2,51.549728,-0.126061,SME,,100,6241.51,26-07-2023,17,248.45,Standard,22-06-2024
254,James Ibrahim,james.ibrahim54@icloud.com,1887 Oak Street,Toronto,Illinois,USA,78581,43.630063,-79.380131,Individual,Silver,57,44041.84,13-01-2022,25,1216.75,Overnight,07-05-2024
255,Ivan Rossi,ivan.rossi55@gmail.com,837 Market Street,New York,Maharashtra,India,789426,40.735621,-73.97169,Corporate,,99,18452.35,10-07-2024,14,5138.15,International Priority,03-01-2024
256,Olivia Clark,olivia.clark56@outlook.com,5166 Victoria Road,Berlin,Sharjah,UAE,57366,52.510381,13.445163,SME,,48,32867.19,24-12-2020,95,3848.18,Express,04-04-2024
257,Elena Sharma,elena.sharma57@yahoo.com,1745 Oak Street,Dubai,Karnataka,India,136702,25.192376,55.311021,SME,Silver,55,49333.06,08-09-2022,40,1963.98,Express,14-02-2024
258,Michael Khan,michael.khan58@hotmail.com,9178 Main St,Sydney,Alberta,Canada,H7C 4A5,-33.830817,151.174736,Corporate,Bronze,40,45017.6,08-09-2024,62,2815.05,Express,10-11-2024
259,Noah Sharma,noah.sharma59@icloud.com,1920 Hillcrest Ave,Singapore,Florida,USA,46259,1.39404,103.842595,Individual,Silver,75,2361.73,02-06-2024,62,4407.41,Express,19-10-2024
260,Michael Sharma,michael.sharma60@gmail.com,5250 Sunset Blvd,Berlin,Scotland,UK,NW4 8BA,52.481711,13.356005,Corporate,Bronze,43,44839.2,07-10-2024,98,3556.97,Express,29-08-2024
261,Anna Rossi,anna.rossi61@outlook.com,2931 Victoria Road,New York,Hamburg,Germany,16133,40.736909,-74.035085,Individual,Silver,93,18146.66,08-03-2022,3,5166.56,Express,05-01-2024
262,Fatima Singh,fatima.singh62@yahoo.com,6806 King Street,Sydney,New York,USA,81950,-33.827888,151.246096,Corporate,,54,17262.92,12-05-2022,28,2846.28,International Priority,22-09-2024
263,Olivia Fernandez,olivia.fernandez63@hotmail.com,9429 Lake View Rd,Toronto,West Region,Singapore,280763,43.664574,-79.425297,Corporate,,40,21854.8,18-12-2021,114,7849.13,International Priority,25-04-2024
264,Emma Tanaka,emma.tanaka64@icloud.com,7807 Hillcrest Ave,New York,Sharjah,UAE,74655,40.759839,-74.004821,Corporate,Bronze,77,49860.51,19-12-2024,29,5255.61,International Priority,28-11-2024
265,Lucas Brown,lucas.brown65@gmail.com,602 Maple Road,Berlin,Tamil Nadu,India,795932,52.480524,13.427065,Corporate,Bronze,59,9215,16-10-2021,61,5908.68,International Priority,02-04-2024
266,Elena Mehta,elena.mehta66@outlook.com,193 Maple Road,Mumbai,Dubai,UAE,2668,19.068206,72.902315,Individual,Gold,72,43106.81,29-10-2022,35,1920.57,Overnight,23-03-2024
267,Priya Singh,priya.singh67@yahoo.com,9059 Maple Road,London,Sharjah,UAE,90204,51.553547,-0.122452,Individual,Gold,77,44752.52,01-02-2022,13,1122.87,Express,12-02-2024
268,David Ali,david.ali68@hotmail.com,2388 Oak Street,Singapore,Quebec,Canada,V9C 6B9,1.318992,103.8496,SME,,95,48122.35,22-08-2024,35,1494.4,Standard,08-01-2024
269,Noah Hassan,noah.hassan69@icloud.com,3284 Market Street,Dubai,Quebec,Canada,M3C 5B1,25.222753,55.250278,Corporate,,40,40909.66,18-06-2022,71,908.67,Express,23-09-2024
270,Laura Nair,laura.nair70@gmail.com,4912 Park Avenue,Berlin,Bavaria,Germany,30137,52.523656,13.424743,Individual,Gold,66,28651.96,08-12-2023,82,4954.01,International Priority,09-11-2024
271,Maria Wang,maria.wang71@outlook.com,2519 Market Street,Sydney,Quebec,Canada,K9A 7C3,-33.858455,151.224532,Individual,Gold,43,32652.01,01-04-2020,118,6190.83,Overnight,29-03-2024
272,Raj Kim,raj.kim72@yahoo.com,2749 Park Avenue,Singapore,British Columbia,Canada,K9C 5C5,1.330601,103.792162,Individual,Bronze,92,39990.74,16-01-2021,24,1280.6,Overnight,21-04-2024
273,Ivan Singh,ivan.singh73@hotmail.com,3493 Victoria Road,Singapore,Illinois,USA,24259,1.327656,103.799852,Corporate,Silver,56,5031.04,20-06-2024,69,5652.18,Express,03-06-2024
274,Maria Smith,maria.smith74@icloud.com,3146 Park Avenue,Singapore,West Region,Singapore,407569,1.361912,103.816694,SME,Bronze,65,32488.89,27-01-2019,24,1750.65,Express,30-10-2024
275,Lucas Costa,lucas.costa75@gmail.com,3423 Park Avenue,New York,Wales,UK,SE1 5BA,40.735733,-74.035192,Individual,Gold,47,32365.79,31-07-2022,22,55.95,Overnight,15-01-2024
276,Fatima Mehta,fatima.mehta76@outlook.com,3512 Main St,London,Hesse,Germany,69728,51.537724,-0.139678,Corporate,,89,25468.35,18-09-2024,102,1714.58,Overnight,15-03-2024
277,Noah Johnson,noah.johnson77@yahoo.com,3819 Oak Street,New York,New York,USA,52764,40.734487,-74.003426,Individual,Gold,86,16730.28,11-04-2024,37,1791.82,Express,25-11-2024
278,Anna Dubois,anna.dubois78@hotmail.com,4994 Park Avenue,Sydney,Scotland,UK,EC6 4BB,-33.856209,151.193804,Individual,,77,49533.78,23-07-2024,21,1491.82,Overnight,25-03-2024
279,Mia Tanaka,mia.tanaka79@icloud.com,4411 Maple Road,New York,Abu Dhabi,UAE,82966,40.741943,-73.993293,SME,,54,5305.55,30-10-2020,24,1874.42,Overnight,22-01-2024
280,Chen Rossi,chen.rossi80@gmail.com,9971 Oak Street,Mumbai,Florida,USA,89376,19.106747,72.912557,Individual,,44,24434.82,02-01-2021,25,85.67,Express,06-12-2024
281,James Sharma,james.sharma81@outlook.com,4521 Lake View Rd,London,New South Wales,Australia,3365,51.521626,-0.09501,Individual,,85,21274.25,26-09-2019,32,1094.74,Standard,28-09-2024
282,Wei Hassan,wei.hassan82@yahoo.com,899 Lake View Rd,London,California,USA,62533,51.480395,-0.127505,Corporate,Silver,70,12034.75,05-11-2023,83,7107.21,Overnight,22-06-2024
283,Carlos Hassan,carlos.hassan83@hotmail.com,1528 Victoria Road,Sydney,Ontario,Canada,M7A 9A4,-33.903118,151.202779,Corporate,Gold,87,9466.74,01-06-2022,114,2410.64,Standard,10-05-2024
284,Fatima Rossi,fatima.rossi84@icloud.com,4019 Victoria Road,Dubai,Scotland,UK,W3 1AA,25.227583,55.289577,SME,Bronze,95,2301.95,23-01-2020,14,1135.29,Standard,27-08-2024
285,Maria Anderson,maria.anderson85@gmail.com,6987 Market Street,Mumbai,Bavaria,Germany,11807,19.106173,72.891622,Corporate,,70,39998.17,21-12-2023,36,2027.35,International Priority,06-07-2024
286,Sophia Das,sophia.das86@outlook.com,884 Hillcrest Ave,Berlin,Hesse,Germany,99382,52.474789,13.402501,Corporate,,97,10055.9,03-11-2022,86,3304.43,Standard,09-01-2024
287,Mia Khan,mia.khan87@yahoo.com,2518 Victoria Road,New York,England,UK,SW8 9AA,40.709185,-74.008166,SME,Bronze,58,41857.49,18-01-2021,14,964.35,Standard,23-07-2024
288,Chen Khan,chen.khan88@hotmail.com,2055 King Street,Toronto,British Columbia,Canada,K8C 9A5,43.660941,-79.39462,Individual,Bronze,63,29850.98,03-03-2021,40,359.67,Overnight,19-09-2024
289,Maria Lee,maria.lee89@icloud.com,4275 Victoria Road,New York,Maharashtra,India,552430,40.669913,-73.983611,SME,,97,44513.69,21-03-2020,10,513.64,Overnight,21-09-2024
290,Sophia Hassan,sophia.hassan90@gmail.com,1660 King Street,Singapore,California,USA,51164,1.330174,103.82759,Corporate,Bronze,73,12409.92,07-08-2021,17,1601.98,Overnight,15-11-2024
291,Laura Chowdhury,laura.chowdhury91@outlook.com,6239 Park Avenue,New York,British Columbia,Canada,T4A 3A3,40.690104,-73.960056,SME,Bronze,70,17087.95,23-05-2021,113,6662.87,Express,20-04-2024
292,Priya Garcia,priya.garcia92@yahoo.com,2581 Sunset Blvd,Berlin,Victoria,Australia,3392,52.503733,13.453096,Individual,Silver,87,2549.92,12-06-2022,7,163.3,Standard,25-07-2024
293,Michael Lopez,michael.lopez93@hotmail.com,6900 Maple Road,New York,East Region,Singapore,226818,40.757962,-74.033873,SME,Bronze,83,21297.51,17-08-2024,73,7288.77,Overnight,28-07-2024
294,Emma Ibrahim,emma.ibrahim94@icloud.com,7157 Park Avenue,Mumbai,Sharjah,UAE,16748,19.105074,72.879689,Corporate,Gold,90,19328.19,04-06-2022,74,2709.58,International Priority,05-07-2024
295,Liam Ibrahim,liam.ibrahim95@gmail.com,9782 Sunset Blvd,Mumbai,Wales,UK,W9 2BB,19.051491,72.828181,Corporate,Gold,99,41477.33,03-08-2022,53,3993.44,Overnight,10-03-2024
296,Amit Lopez,amit.lopez96@outlook.com,7718 Hillcrest Ave,London,West Region,Singapore,753713,51.48458,-0.090913,SME,Gold,70,30718.48,12-12-2024,12,1442.17,International Priority,31-08-2024
297,Ahmed Rossi,ahmed.rossi97@yahoo.com,5156 Oak Street,Sydney,Florida,USA,12736,-33.82756,151.230103,Individual,,94,10066.16,16-04-2024,19,1284.05,Standard,21-11-2024
298,Michael Nair,michael.nair98@hotmail.com,3787 Sunset Blvd,Dubai,Bavaria,Germany,36843,25.173869,55.264484,SME,Gold,64,26456.67,26-02-2020,9,1880.36,International Priority,10-07-2024
299,Chen Fernandez,chen.fernandez99@icloud.com,6142 Sunset Blvd,Toronto,Dubai,UAE,41975,43.64076,-79.34966,Individual,Silver,84,5761.26,14-05-2022,57,6090.45,International Priority,08-12-2024
300,Anna Khan,anna.khan0@gmail.com,6804 Park Avenue,Singapore,East Region,Singapore,662591,1.35225,103.786929,Individual,Gold,70,6104.37,11-05-2021,30,123.3,Standard,14-05-2024
301,Laura Clark,laura.clark1@outlook.com,1379 Hillcrest Ave,New York,Karnataka,India,337599,40.745066,-74.047438,SME,,81,25342.98,25-09-2020,34,1864.29,Overnight,11-01-2024
302,Liam Nair,liam.nair2@yahoo.com,211 King Street,New York,West Region,Singapore,283002,40.719428,-73.98984,Individual,Silver,81,16361.21,19-08-2022,18,1229.59,Standard,20-11-2024
303,John Chowdhury,john.chowdhury3@hotmail.com,715 Park Avenue,Berlin,Victoria,Australia,7872,52.470085,13.415784,Corporate,Gold,59,31808.99,02-10-2020,32,3054.13,Standard,25-08-2024
304,Yuki Johnson,yuki.johnson4@icloud.com,1751 Oak Street,Sydney,Hesse,Germany,29592,-33.87147,151.204028,SME,Silver,50,787.1,25-02-2021,38,374.99,International Priority,25-10-2024
305,Michael Kim,michael.kim5@gmail.com,389 Victoria Road,Mumbai,England,UK,SW3 8AB,19.069528,72.914942,Individual,Silver,92,27595.09,11-06-2023,24,527.64,Standard,10-06-2024
306,James Johnson,james.johnson6@outlook.com,4076 Oak Street,Toronto,Texas,USA,39556,43.664577,-79.335477,Corporate,,62,32979.01,04-12-2020,13,3593.46,Overnight,20-11-2024
307,Anna Clark,anna.clark7@yahoo.com,793 Hillcrest Ave,London,Scotland,UK,NW5 3BA,51.54174,-0.146028,SME,,43,38402.69,08-10-2020,14,1529.68,International Priority,09-06-2024
308,Lucas Chowdhury,lucas.chowdhury8@hotmail.com,1708 Sunset Blvd,Mumbai,Abu Dhabi,UAE,9359,19.079643,72.849541,Corporate,Silver,54,17116.29,05-10-2020,113,689.84,Overnight,05-11-2024
309,Laura Kim,laura.kim9@icloud.com,6312 Oak Street,Singapore,Illinois,USA,61372,1.310736,103.802787,Corporate,Gold,60,31886.48,26-08-2022,45,6612.08,International Priority,06-11-2024
310,Yuki Ibrahim,yuki.ibrahim10@gmail.com,1236 King Street,Sydney,British Columbia,Canada,M9A 9C2,-33.8669,151.182953,Corporate,,55,31990.24,16-10-2024,55,7557.58,Overnight,01-07-2024
311,Priya Petrov,priya.petrov11@outlook.com,3125 Main St,Singapore,Gujarat,India,376644,1.330667,103.849833,Individual,Silver,56,40917.91,24-04-2024,21,369.09,International Priority,18-07-2024
312,Yuki Muller,yuki.muller12@yahoo.com,8356 Victoria Road,Dubai,British Columbia,Canada,H5C 3C3,25.200832,55.255196,SME,Bronze,43,34321.62,04-09-2023,24,1448.58,Overnight,11-09-2024
313,Noah Johnson,noah.johnson13@hotmail.com,1981 Market Street,London,Alberta,Canada,V4A 3C5,51.490948,-0.09855,SME,Bronze,42,20654.08,08-01-2022,76,1305.9,Express,20-04-2024
314,Yuki Tanaka,yuki.tanaka14@icloud.com,4467 Sunset Blvd,Dubai,England,UK,SE7 2BB,25.185343,55.274417,Individual,,85,1635.31,25-07-2021,3,1019.53,Standard,10-05-2024
315,Amit Patel,amit.patel15@gmail.com,8473 Main St,Berlin,Abu Dhabi,UAE,10627,52.519238,13.386409,SME,Gold,47,28481.2,12-12-2021,13,1888.37,Express,10-04-2024
316,Priya Garcia,priya.garcia16@outlook.com,7837 Lake View Rd,Singapore,Tamil Nadu,India,157603,1.318924,103.818043,Corporate,Bronze,83,48363.31,17-04-2024,27,2956.3,Standard,17-08-2024
317,Priya Ali,priya.ali17@yahoo.com,7280 Main St,Berlin,East Region,Singapore,633008,52.56145,13.367479,SME,Bronze,80,16811.78,28-05-2022,16,618.9,International Priority,11-12-2024
318,Liam Brown,liam.brown18@hotmail.com,6814 Oak Street,New York,Illinois,USA,22295,40.753975,-73.958251,Individual,Bronze,45,35629.17,27-02-2023,6,555.01,Express,29-05-2024
319,Ivan Clark,ivan.clark19@icloud.com,4761 Oak Street,Dubai,Illinois,USA,76719,25.165206,55.269662,Corporate,Gold,69,35041.38,16-08-2020,94,519.04,International Priority,03-03-2024
320,Isabella Lopez,isabella.lopez20@gmail.com,5602 Sunset Blvd,Sydney,New South Wales,Australia,5276,-33.857639,151.185446,Individual,Gold,69,41012.67,08-06-2022,17,1275.17,Standard,14-10-2024
321,Olivia Anderson,olivia.anderson21@outlook.com,3374 Victoria Road,Singapore,Hesse,Germany,35795,1.365829,103.83266,Corporate,,67,16702.32,28-09-2022,99,3640.33,International Priority,08-06-2024
322,Yuki Nair,yuki.nair22@yahoo.com,8444 Park Avenue,Toronto,Victoria,Australia,3201,43.676866,-79.426041,Corporate,,70,12349.2,20-12-2022,9,2377.3,Express,20-04-2024
323,Liam Muller,liam.muller23@hotmail.com,6134 Victoria Road,London,West Region,Singapore,216315,51.462698,-0.152938,SME,Bronze,90,20920.97,15-07-2022,33,60.64,International Priority,06-10-2024
324,James Ibrahim,james.ibrahim24@icloud.com,3925 Victoria Road,Mumbai,Queensland,Australia,3965,19.065608,72.915004,Corporate,Gold,51,3407.55,17-01-2024,43,1211.06,Standard,15-12-2024
325,Emma Patel,emma.patel25@gmail.com,6646 Lake View Rd,Sydney,New York,USA,94301,-33.842443,151.187343,Individual,Silver,47,5996.51,15-06-2022,42,7119.25,International Priority,02-03-2024
326,Lucas Singh,lucas.singh26@outlook.com,158 Maple Road,Sydney,England,UK,SW8 6AB,-33.848832,151.173835,SME,Bronze,61,23503.76,09-10-2023,35,1995.94,Overnight,21-10-2024
327,Priya Wang,priya.wang27@yahoo.com,4188 King Street,Berlin,Ontario,Canada,M5B 6B5,52.553478,13.418826,Individual,,63,49228.64,31-05-2023,89,4572.33,International Priority,04-09-2024
328,Ahmed Singh,ahmed.singh28@hotmail.com,9551 Maple Road,Dubai,Dubai,UAE,58536,25.22799,55.22782,Corporate,Gold,87,19597.52,05-09-2023,51,547.35,Overnight,24-06-2024
329,Sophia Mehta,sophia.mehta29@icloud.com,978 Market Street,Singapore,Alberta,Canada,V3B 1C1,1.321199,103.832624,Individual,,68,36798.26,24-01-2019,52,408.05,Standard,30-01-2024
330,David Patel,david.patel30@gmail.com,9726 Lake View Rd,Singapore,Alberta,Canada,T9C 8B5,1.384052,103.827075,Individual,,100,26356.28,14-07-2023,4,1136.64,Express,10-01-2024
331,Elena Anderson,elena.anderson31@outlook.com,9198 Hillcrest Ave,New York,Karnataka,India,283330,40.758223,-73.990915,Corporate,Gold,64,32821.66,15-08-2019,18,5897.6,Overnight,28-02-2024
332,Mia Martin,mia.martin32@yahoo.com,7498 Market Street,New York,Illinois,USA,32951,40.710913,-73.970785,SME,Bronze,44,28084.14,02-08-2023,31,64.3,Standard,24-10-2024
333,James Sharma,james.sharma33@hotmail.com,9967 King Street,London,East Region,Singapore,789573,51.515533,-0.117739,Individual,Gold,49,38056.82,19-12-2022,7,877.1,International Priority,20-04-2024
334,Michael Singh,michael.singh34@icloud.com,4605 Victoria Road,Berlin,Central Region,Singapore,459909,52.535117,13.376993,Corporate,Bronze,83,49663.78,27-07-2020,83,6683.62,Express,05-06-2024
335,John Das,john.das35@gmail.com,8029 Main St,Sydney,Sharjah,UAE,80388,-33.848874,151.201088,SME,,82,16413.44,15-02-2024,21,1145.58,Overnight,08-06-2024
336,Noah Garcia,noah.garcia36@outlook.com,1161 King Street,Singapore,England,UK,SE4 1AB,1.304165,103.772387,SME,Gold,67,19742.2,28-01-2022,22,154.97,Express,25-08-2024
337,Amit Fernandez,amit.fernandez37@yahoo.com,7586 Park Avenue,Toronto,Gujarat,India,625500,43.702172,-79.385484,SME,Silver,80,23074.68,21-03-2019,28,7499.8,Standard,21-07-2024
338,Chen Lopez,chen.lopez38@hotmail.com,9885 King Street,Berlin,Hamburg,Germany,43169,52.558705,13.452555,Individual,Bronze,41,2915.95,08-04-2021,11,657.22,International Priority,03-09-2024
339,Anna Chowdhury,anna.chowdhury39@icloud.com,4486 Market Street,London,Wales,UK,W6 1AB,51.546657,-0.164418,Individual,Silver,44,44874.41,04-05-2021,15,968.2,Standard,04-04-2024
340,Lucas Kim,lucas.kim40@gmail.com,1478 Lake View Rd,London,Queensland,Australia,5587,51.527242,-0.170421,Individual,Bronze,54,41662.93,14-11-2021,94,415.96,International Priority,04-09-2024
341,Sara Nguyen,sara.nguyen41@outlook.com,3270 Market Street,Berlin,Wales,UK,NW4 3AA,52.506824,13.426606,SME,Gold,79,7616.22,22-04-2022,7,290.58,Overnight,02-05-2024
342,Amit Patel,amit.patel42@yahoo.com,7003 King Street,London,Wales,UK,EC7 1AB,51.509851,-0.078752,Individual,Silver,94,11834.71,10-03-2023,5,2775.16,International Priority,04-09-2024
343,Michael Das,michael.das43@hotmail.com,6150 Park Avenue,Berlin,Alberta,Canada,M8B 4B7,52.562448,13.402138,Corporate,Gold,90,596.1,07-04-2019,43,4995,Standard,30-01-2024
344,Emma Singh,emma.singh44@icloud.com,9525 King Street,Mumbai,Scotland,UK,SE6 9BA,19.054487,72.863158,Individual,Bronze,58,13266.49,11-08-2022,23,1140.62,Standard,16-09-2024
345,Maria Tanaka,maria.tanaka45@gmail.com,7745 King Street,Berlin,Central Region,Singapore,709809,52.514578,13.385502,Individual,Bronze,48,867.74,18-10-2023,28,1125.7,Express,21-10-2024
346,Chen Smith,chen.smith46@outlook.com,6624 Victoria Road,Dubai,Queensland,Australia,6250,25.240984,55.244215,SME,Bronze,82,1107.67,16-04-2023,37,1255.77,Overnight,07-06-2024
347,David Clark,david.clark47@yahoo.com,5032 Lake View Rd,Berlin,New South Wales,Australia,5618,52.486241,13.37132,Individual,Bronze,63,11027.82,27-08-2022,10,704.63,International Priority,07-09-2024
348,Yuki Rossi,yuki.rossi48@hotmail.com,3629 Market Street,London,New York,USA,73769,51.464119,-0.116858,Corporate,,41,16357.65,27-03-2021,117,7638.16,Overnight,06-11-2024
349,Elena Petrov,elena.petrov49@icloud.com,4649 Hillcrest Ave,Singapore,Wales,UK,EC6 8AB,1.354712,103.842795,SME,Bronze,41,47220.23,30-05-2021,1,1392.21,Overnight,03-02-2024
350,Anna Petrov,anna.petrov50@gmail.com,3725 Oak Street,Dubai,Quebec,Canada,V4B 4C4,25.213322,55.285534,Corporate,Silver,52,24657.4,22-08-2024,98,613.24,Express,12-04-2024
351,Elena Brown,elena.brown51@outlook.com,4387 King Street,London,England,UK,SE1 3AB,51.511648,-0.153862,SME,Bronze,50,20909.9,08-12-2023,36,165.73,International Priority,27-06-2024
352,Sophia Kim,sophia.kim52@yahoo.com,122 Sunset Blvd,New York,Hamburg,Germany,80014,40.688642,-73.992448,SME,Gold,86,20543.63,27-01-2022,15,1817.63,International Priority,20-10-2024
353,Wei Ibrahim,wei.ibrahim53@hotmail.com,2419 Main St,New York,Hesse,Germany,87610,40.730052,-73.988947,Individual,,42,17305.56,13-03-2020,7,1576.74,International Priority,17-09-2024
354,Laura Martin,laura.martin54@icloud.com,2698 Oak Street,Singapore,Quebec,Canada,T1B 7C5,1.385199,103.831856,Corporate,Silver,75,911.86,01-11-2019,8,7310.28,International Priority,16-03-2024
355,Sara Martin,sara.martin55@gmail.com,3681 Sunset Blvd,Singapore,Illinois,USA,99003,1.329095,103.8684,SME,,46,40008.74,22-09-2021,88,6700.45,Standard,25-06-2024
356,Elena Nair,elena.nair56@outlook.com,4184 Maple Road,Dubai,California,USA,70096,25.229157,55.237481,Individual,,74,30026.7,19-10-2020,17,616.13,Express,24-08-2024
357,Amit Petrov,amit.petrov57@yahoo.com,9890 Oak Street,Mumbai,New South Wales,Australia,5111,19.093351,72.889425,SME,,95,36013.6,26-08-2022,1,1115.54,Overnight,07-07-2024
358,Michael Lee,michael.lee58@hotmail.com,1568 Market Street,Singapore,New South Wales,Australia,2858,1.387755,103.856189,SME,Gold,78,27837.43,18-05-2024,19,616.28,Overnight,16-03-2024
359,David Lee,david.lee59@icloud.com,2077 Park Avenue,New York,Tamil Nadu,India,751645,40.749144,-73.997737,SME,,49,21450.82,08-04-2024,69,3519.71,Express,24-06-2024
360,Elena Kim,elena.kim60@gmail.com,2208 Park Avenue,Berlin,Alberta,Canada,V8C 9A3,52.522236,13.448707,SME,,62,7886.46,08-07-2019,67,466.53,Express,14-03-2024
361,Lucas Patel,lucas.patel61@outlook.com,5254 Maple Road,London,England,UK,EC8 7AB,51.538766,-0.107317,SME,Bronze,69,29240.13,17-05-2023,20,255.35,Express,15-04-2024
362,Carlos Lee,carlos.lee62@yahoo.com,5898 Main St,New York,Sharjah,UAE,36682,40.749004,-73.978447,SME,Gold,57,1248.47,17-06-2024,31,1336.6,Overnight,18-02-2024
363,Mia Khan,mia.khan63@hotmail.com,3769 King Street,New York,Quebec,Canada,H1C 6A3,40.737153,-73.978741,Individual,Silver,74,47072.06,20-10-2021,4,712.78,International Priority,26-09-2024
364,Emma Kim,emma.kim64@icloud.com,674 Victoria Road,Mumbai,Tamil Nadu,India,384918,19.120023,72.926434,SME,Silver,65,43188.51,21-02-2022,1,1200.13,Express,30-01-2024
365,Elena Patel,elena.patel65@gmail.com,5754 Hillcrest Ave,Dubai,Victoria,Australia,7382,25.205556,55.301731,Corporate,Silver,52,1359.26,17-03-2023,100,5728.61,Overnight,27-01-2024
366,Elena Petrov,elena.petrov66@outlook.com,331 Market Street,Dubai,British Columbia,Canada,V8B 7A8,25.206742,55.312192,Individual,Gold,92,31474.37,31-08-2019,12,641.68,Express,20-04-2024
367,Michael Johnson,michael.johnson67@yahoo.com,2157 Oak Street,Sydney,Quebec,Canada,V8A 1A8,-33.903287,151.256333,Corporate,Silver,68,42496.88,20-02-2020,14,439.8,Overnight,30-05-2024
368,Sara Das,sara.das68@hotmail.com,2908 Market Street,Mumbai,Queensland,Australia,7954,19.07245,72.869694,SME,Gold,97,19350.48,18-08-2019,36,1831.85,Standard,19-01-2024
369,Olivia Patel,olivia.patel69@icloud.com,5732 Sunset Blvd,Berlin,Central Region,Singapore,123849,52.507682,13.421548,Corporate,Bronze,78,46897.34,04-11-2022,14,6355.73,Standard,19-02-2024
370,Mia Anderson,mia.anderson70@gmail.com,4922 Market Street,Dubai,Delhi,India,176734,25.20387,55.24686,SME,Bronze,62,6146.55,04-02-2022,34,419.03,Express,05-04-2024
371,James Lee,james.lee71@outlook.com,850 King Street,London,Victoria,Australia,2920,51.511253,-0.14333,SME,Gold,57,13315.46,22-02-2023,15,1058.44,Standard,23-05-2024
372,Olivia Brown,olivia.brown72@yahoo.com,3279 Victoria Road,Singapore,Illinois,USA,68485,1.347353,103.777744,Individual,Silver,92,41202.54,30-11-2023,18,1122.15,Express,14-03-2024
373,Chen Chowdhury,chen.chowdhury73@hotmail.com,7726 Market Street,Mumbai,Scotland,UK,NW6 6BB,19.074034,72.867286,Individual,Gold,63,34588.94,10-03-2022,56,3864.29,Overnight,26-10-2024
374,Daniel Fernandez,daniel.fernandez74@icloud.com,8193 Victoria Road,Singapore,Victoria,Australia,5724,1.314138,103.796242,SME,Gold,58,49412.16,30-03-2020,20,1523.76,Standard,21-03-2024
375,Raj Martin,raj.martin75@gmail.com,5797 Maple Road,New York,Karnataka,India,591951,40.704711,-73.980626,Individual,,87,43703.11,16-04-2024,10,1801.21,Express,12-08-2024
376,Isabella Dubois,isabella.dubois76@outlook.com,1330 Market Street,London,Berlin,Germany,48572,51.548088,-0.148616,Corporate,Gold,90,25196.03,04-07-2020,30,1093.62,Express,18-09-2024
377,Isabella Ibrahim,isabella.ibrahim77@yahoo.com,3664 King Street,London,California,USA,72903,51.492617,-0.100498,Individual,,44,18380.15,31-10-2019,7,798.88,Overnight,30-10-2024
378,Emma Nguyen,emma.nguyen78@hotmail.com,6294 Lake View Rd,New York,Hesse,Germany,42479,40.749043,-73.988422,Individual,Bronze,66,44371.27,22-08-2022,73,3577.77,Standard,08-01-2024
379,Mohammed Chowdhury,mohammed.chowdhury79@icloud.com,7042 Market Street,Mumbai,Sharjah,UAE,48283,19.054629,72.86289,Corporate,,42,36044.04,22-08-2023,117,3322.37,International Priority,17-11-2024
380,Michael Chowdhury,michael.chowdhury80@gmail.com,768 Hillcrest Ave,New York,Queensland,Australia,2916,40.707961,-73.992189,Individual,Gold,72,49201.7,13-09-2020,36,113.39,Standard,01-06-2024
381,Anna Johnson,anna.johnson81@outlook.com,3183 Victoria Road,Singapore,Illinois,USA,15653,1.376168,103.798983,SME,Bronze,55,49948.19,08-09-2020,39,328.82,International Priority,22-04-2024
382,Elena Wang,elena.wang82@yahoo.com,1764 Lake View Rd,Sydney,Wales,UK,SE8 5BA,-33.875338,151.21153,Corporate,,41,34433.32,09-05-2022,74,5614.58,Express,12-12-2024
383,Olivia Nguyen,olivia.nguyen83@hotmail.com,3944 King Street,London,Victoria,Australia,4133,51.482241,-0.12997,SME,Gold,40,4131.86,30-03-2021,39,811.26,Overnight,09-04-2024
384,Elena Mehta,elena.mehta84@icloud.com,968 Victoria Road,Toronto,Wales,UK,W9 1BB,43.662222,-79.428815,Corporate,Bronze,41,27041.88,27-12-2019,22,7900.22,International Priority,07-10-2024
385,Sara Martin,sara.martin85@gmail.com,6784 Hillcrest Ave,Toronto,West Region,Singapore,230511,43.700343,-79.426625,SME,,93,39210.99,01-12-2023,34,124.33,Express,01-12-2024
386,Wei Anderson,wei.anderson86@outlook.com,7826 Lake View Rd,Singapore,Quebec,Canada,K8C 8C9,1.373652,103.838294,SME,Gold,96,49129.31,01-10-2021,14,1666.51,International Priority,03-10-2024
387,Ahmed Muller,ahmed.muller87@yahoo.com,2852 Maple Road,Berlin,Berlin,Germany,16856,52.48269,13.444094,Individual,Gold,45,47487.17,04-09-2022,9,1770.7,Standard,11-07-2024
388,Elena Lee,elena.lee88@hotmail.com,3305 Lake View Rd,Dubai,Florida,USA,40807,25.171772,55.244967,SME,Silver,67,41643.09,03-12-2021,2,5292.49,Overnight,06-12-2024
389,Liam Chowdhury,liam.chowdhury89@icloud.com,8896 Maple Road,New York,Wales,UK,EC3 5AB,40.690027,-74.029219,Individual,Silver,72,27059.85,15-12-2024,11,1157.21,International Priority,30-12-2024
390,Emma Khan,emma.khan90@gmail.com,3336 Main St,New York,Karnataka,India,339755,40.729444,-74.01159,Corporate,,43,33739.45,08-04-2022,100,6661.4,Express,15-09-2024
391,James Garcia,james.garcia91@outlook.com,5363 Lake View Rd,Berlin,Scotland,UK,EC1 9AB,52.53208,13.361363,SME,,66,5281.51,31-03-2019,27,1370.77,Overnight,08-04-2024
392,Liam Ali,liam.ali92@yahoo.com,1947 Victoria Road,Berlin,Gujarat,India,345255,52.560927,13.435224,SME,,45,31994.22,29-07-2020,6,1390.53,Express,24-06-2024
393,Sara Nair,sara.nair93@hotmail.com,3318 Oak Street,Singapore,New South Wales,Australia,4479,1.373696,103.791836,Corporate,Gold,71,10338.07,06-10-2019,84,6386.16,Standard,28-02-2024
394,Ahmed Wang,ahmed.wang94@icloud.com,801 Main St,Singapore,Illinois,USA,25815,1.328751,103.838762,Corporate,,98,10640.25,09-07-2022,10,1231.78,Express,10-10-2024
395,Isabella Kim,isabella.kim95@gmail.com,4331 Lake View Rd,Berlin,England,UK,W8 2BA,52.509334,13.394353,SME,Gold,65,40497.01,19-01-2023,78,2916.23,Overnight,28-03-2024
396,Michael Mehta,michael.mehta96@outlook.com,7348 Maple Road,London,Dubai,UAE,92649,51.497047,-0.103603,Corporate,,81,16663.89,01-01-2024,56,2067.71,Overnight,25-10-2024
397,Daniel Brown,daniel.brown97@yahoo.com,4948 Park Avenue,Singapore,England,UK,NW1 4AB,1.390904,103.826419,Individual,Gold,89,6084.5,29-05-2021,62,6661.42,Standard,24-07-2024
398,Carlos Tanaka,carlos.tanaka98@hotmail.com,6485 Sunset Blvd,Sydney,Central Region,Singapore,157433,-33.834692,151.159421,Corporate,Gold,88,18630.25,24-01-2021,59,3515.29,International Priority,08-12-2024
399,Arjun Ali,arjun.ali99@icloud.com,485 Market Street,Singapore,Abu Dhabi,UAE,30121,1.341672,103.799883,Corporate,Silver,47,9774.11,08-08-2022,40,3588.31,International Priority,03-07-2024
400,Arjun Muller,arjun.muller0@gmail.com,7173 Victoria Road,New York,Florida,USA,76788,40.743246,-73.963634,SME,Bronze,79,35497.53,02-04-2024,8,89.4,Overnight,11-11-2024
401,Fatima Mehta,fatima.mehta1@outlook.com,7422 Hillcrest Ave,Singapore,East Region,Singapore,110240,1.384401,103.868506,Individual,Gold,77,37659.23,21-07-2021,10,571.25,Overnight,14-01-2024
402,Carlos Smith,carlos.smith2@yahoo.com,8159 Park Avenue,London,England,UK,SW6 5AB,51.531054,-0.145138,Corporate,,68,29390.3,02-03-2024,93,3720.28,Standard,16-10-2024
403,Michael Costa,michael.costa3@hotmail.com,4796 Oak Street,Berlin,Gujarat,India,220553,52.519882,13.379497,Individual,Silver,71,7682.79,23-01-2023,2,111.84,Overnight,05-06-2024
404,Priya Costa,priya.costa4@icloud.com,3626 Hillcrest Ave,New York,Scotland,UK,SW8 4AA,40.760801,-74.048084,Individual,,96,22087.89,26-09-2022,16,634.18,Standard,14-12-2024
405,Michael Sharma,michael.sharma5@gmail.com,1708 Victoria Road,Singapore,Hamburg,Germany,29792,1.302496,103.816802,Individual,,53,22360.28,26-03-2021,3,280.06,International Priority,26-11-2024
406,Ahmed Kim,ahmed.kim6@outlook.com,7883 Hillcrest Ave,London,New South Wales,Australia,7826,51.485641,-0.161471,SME,Gold,89,2324.43,26-11-2021,7,1176.58,Standard,17-03-2024
407,Liam Johnson,liam.johnson7@yahoo.com,5357 Main St,Sydney,Ontario,Canada,H6C 1B9,-33.851663,151.235919,Corporate,Gold,87,12686.1,11-11-2021,35,5187.16,Standard,20-04-2024
408,Yuki Tanaka,yuki.tanaka8@hotmail.com,276 Victoria Road,Singapore,Delhi,India,649870,1.377392,103.774213,SME,Bronze,43,12900.1,05-04-2019,26,932.08,Express,31-05-2024
409,David Dubois,david.dubois9@icloud.com,7830 Park Avenue,London,Hamburg,Germany,92175,51.504922,-0.168385,Corporate,Gold,80,32580.97,28-07-2020,43,4267.21,Express,05-02-2024
410,Maria Rossi,maria.rossi10@gmail.com,4203 Lake View Rd,Sydney,Dubai,UAE,96029,-33.89359,151.236213,Corporate,Gold,45,29617.15,03-05-2020,44,2725.15,Express,23-05-2024
411,Liam Clark,liam.clark11@outlook.com,5013 Park Avenue,Berlin,Queensland,Australia,6468,52.506414,13.425624,SME,Bronze,69,9030.55,10-08-2023,32,1576.8,Standard,11-03-2024
412,Priya Sharma,priya.sharma12@yahoo.com,4627 Park Avenue,Singapore,Illinois,USA,24198,1.373393,103.854851,Individual,,79,32674.25,17-10-2023,29,1270.99,Overnight,12-08-2024
413,Isabella Khan,isabella.khan13@hotmail.com,1864 King Street,Sydney,Gujarat,India,756388,-33.894174,151.225415,Individual,Bronze,84,27916.49,12-06-2023,28,668.91,Standard,08-09-2024
414,Yuki Dubois,yuki.dubois14@icloud.com,3783 Market Street,New York,Alberta,Canada,H8C 6C8,40.686115,-73.964803,Corporate,Bronze,70,35031.43,15-06-2024,32,497.4,Express,01-08-2024
415,Elena Nguyen,elena.nguyen15@gmail.com,666 Park Avenue,Berlin,Queensland,Australia,3870,52.484679,13.384176,SME,Bronze,42,37776.45,16-07-2019,30,6978.1,Standard,04-08-2024
416,Mia Fernandez,mia.fernandez16@outlook.com,1877 Victoria Road,New York,Abu Dhabi,UAE,18104,40.706874,-74.01197,Individual,Silver,41,13490.31,04-12-2024,26,1541.14,Standard,06-07-2024
417,Lucas Costa,lucas.costa17@yahoo.com,443 Oak Street,Toronto,East Region,Singapore,286032,43.687194,-79.380985,Individual,,62,46057.73,04-09-2019,3,73.32,International Priority,24-03-2024
418,Michael Dubois,michael.dubois18@hotmail.com,4085 Maple Road,Mumbai,West Region,Singapore,773336,19.042444,72.870285,Corporate,Silver,66,2173.93,29-09-2024,95,1553.7,International Priority,29-04-2024
419,Sara Anderson,sara.anderson19@icloud.com,9786 Maple Road,Singapore,British Columbia,Canada,H3B 9A3,1.388452,103.80427,Corporate,Silver,50,26170.22,10-03-2023,49,1445.39,Express,20-05-2024
420,Anna Hassan,anna.hassan20@gmail.com,9269 Maple Road,Sydney,Florida,USA,78411,-33.882856,151.162826,SME,Gold,74,14739.43,08-03-2019,18,1629.28,Overnight,29-02-2024
421,David Kim,david.kim21@outlook.com,6375 Sunset Blvd,Mumbai,Florida,USA,40839,19.115976,72.83011,Corporate,Bronze,72,20593.19,26-11-2023,78,5796.88,International Priority,19-09-2024
422,Ivan Clark,ivan.clark22@yahoo.com,1867 Hillcrest Ave,Mumbai,Abu Dhabi,UAE,91822,19.049899,72.850574,Individual,Bronze,49,4852.41,12-05-2019,32,1684.95,International Priority,19-11-2024
423,Mia Dubois,mia.dubois23@hotmail.com,2203 Park Avenue,Sydney,Maharashtra,India,712979,-33.851227,151.207841,Individual,Silver,46,22266.43,27-08-2024,40,282.63,Overnight,25-06-2024
424,Michael Johnson,michael.johnson24@icloud.com,3012 Main St,Berlin,Dubai,UAE,70713,52.499603,13.414711,Individual,Gold,69,35578.21,01-09-2022,26,1289.16,Standard,29-10-2024
425,Anna Nair,anna.nair25@gmail.com,9610 Oak Street,Singapore,England,UK,SE4 2AA,1.310557,103.858873,Individual,Gold,61,567.65,08-07-2024,1,1437.2,Standard,21-05-2024
426,Mohammed Dubois,mohammed.dubois26@outlook.com,4257 King Street,Toronto,Texas,USA,64991,43.699774,-79.421292,SME,Gold,75,24313.41,03-03-2022,38,678.69,Standard,06-11-2024
427,Noah Costa,noah.costa27@yahoo.com,4772 Oak Street,New York,Queensland,Australia,3462,40.758776,-74.007993,SME,,74,14822.4,29-09-2022,44,7699.92,Overnight,06-03-2024
428,Liam Anderson,liam.anderson28@hotmail.com,5331 Victoria Road,London,Wales,UK,EC5 7BB,51.462188,-0.113874,Corporate,Silver,92,31323.29,02-10-2019,41,4728.39,International Priority,11-08-2024
429,Raj Singh,raj.singh29@icloud.com,668 Market Street,New York,West Region,Singapore,689083,40.730426,-73.967754,Corporate,,99,9392.12,06-11-2019,6,2693.36,International Priority,08-11-2024
430,Ahmed Costa,ahmed.costa30@gmail.com,5776 Market Street,London,West Region,Singapore,534888,51.500817,-0.176688,Corporate,Gold,96,44151.39,13-01-2020,60,2123.34,International Priority,20-02-2024
431,David Ali,david.ali31@outlook.com,636 Market Street,New York,Berlin,Germany,35758,40.675619,-73.996537,SME,Gold,79,2668.88,05-04-2020,21,660.27,Overnight,17-01-2024
432,Raj Muller,raj.muller32@yahoo.com,8325 Oak Street,Sydney,Ontario,Canada,M4C 2B2,-33.882073,151.239765,Individual,Gold,87,33591.75,18-12-2024,60,829.23,Standard,22-01-2024
433,Noah Dubois,noah.dubois33@hotmail.com,8849 King Street,Toronto,England,UK,W5 9BB,43.624804,-79.405375,Corporate,Bronze,76,42704.66,10-10-2020,88,6430.57,International Priority,07-03-2024
434,Wei Tanaka,wei.tanaka34@icloud.com,9153 Lake View Rd,Singapore,Alberta,Canada,K1B 7C9,1.399183,103.804773,Individual,Silver,41,31157.83,04-10-2024,29,1935.78,Express,04-10-2024
435,Olivia Muller,olivia.muller35@gmail.com,3555 Main St,London,Dubai,UAE,98275,51.47613,-0.146628,Corporate,Bronze,76,3396.88,26-12-2019,2,5923.64,International Priority,14-05-2024
436,Noah Martin,noah.martin36@outlook.com,7748 Main St,Singapore,Wales,UK,SE5 5BA,1.392786,103.780002,Corporate,,47,20822.15,02-04-2024,55,1581.59,Standard,08-03-2024
437,Lucas Hassan,lucas.hassan37@yahoo.com,2206 Oak Street,Singapore,Sharjah,UAE,76887,1.377308,103.793179,Corporate,Bronze,70,1211.65,20-02-2021,57,6189.5,Express,24-12-2024
438,Mia Wang,mia.wang38@hotmail.com,4621 Main St,Singapore,Bavaria,Germany,18422,1.375381,103.809355,Corporate,Silver,84,31047.33,27-10-2019,92,7044.12,Overnight,15-11-2024
439,Fatima Khan,fatima.khan39@icloud.com,8368 Main St,Dubai,California,USA,25728,25.172317,55.317986,Corporate,Bronze,79,11254.57,01-11-2023,108,6011.92,Overnight,27-12-2024
440,Liam Patel,liam.patel40@gmail.com,6255 King Street,Berlin,Central Region,Singapore,672216,52.524303,13.401644,Individual,Gold,77,22951.52,08-02-2022,36,1081.47,Express,15-02-2024
441,Carlos Khan,carlos.khan41@outlook.com,2200 Oak Street,New York,Hesse,Germany,56014,40.700449,-73.987238,Corporate,,88,38735.44,22-03-2024,45,3558.22,International Priority,18-04-2024
442,Carlos Brown,carlos.brown42@yahoo.com,9605 Oak Street,Singapore,East Region,Singapore,185832,1.312824,103.796844,Individual,,48,45967.23,23-01-2024,15,1896.52,International Priority,19-02-2024
443,Wei Kim,wei.kim43@hotmail.com,4101 Market Street,New York,Texas,USA,15541,40.667467,-74.029713,SME,Gold,58,15491.51,15-09-2020,48,6660.21,International Priority,08-03-2024
444,Chen Martin,chen.martin44@icloud.com,1233 Victoria Road,Singapore,Sharjah,UAE,13866,1.396256,103.833084,Corporate,Gold,53,37038.61,15-09-2022,16,4348.38,Standard,25-12-2024
445,Mia Dubois,mia.dubois45@gmail.com,313 Park Avenue,London,New York,USA,54964,51.534481,-0.135629,Individual,Gold,89,47537.57,27-10-2019,6,96.34,Overnight,22-11-2024
446,Chen Garcia,chen.garcia46@outlook.com,1248 King Street,Berlin,Central Region,Singapore,375485,52.507056,13.38181,SME,Silver,60,7728.45,14-01-2021,28,1582.92,Overnight,21-03-2024
447,Emma Anderson,emma.anderson47@yahoo.com,3788 Sunset Blvd,Berlin,West Region,Singapore,274564,52.549916,13.426411,SME,Bronze,44,1478.3,23-10-2022,3,329.24,Express,29-06-2024
448,Chen Patel,chen.patel48@hotmail.com,5574 Market Street,Sydney,Ontario,Canada,K3B 6B4,-33.823024,151.179458,SME,,68,12972.01,03-02-2024,10,1292.02,Overnight,21-07-2024
449,Michael Costa,michael.costa49@icloud.com,2499 Lake View Rd,Dubai,New South Wales,Australia,2120,25.249043,55.291592,Individual,Bronze,47,39605.12,01-12-2024,34,1053.75,Overnight,30-08-2024
450,Daniel Tanaka,daniel.tanaka50@gmail.com,8405 Hillcrest Ave,Sydney,Hamburg,Germany,23431,-33.892583,151.242289,Corporate,Gold,50,10676.81,07-11-2023,40,7286.71,Overnight,11-07-2024
451,James Nair,james.nair51@outlook.com,4021 Hillcrest Ave,Sydney,England,UK,W1 9BB,-33.869874,151.258397,Corporate,Gold,61,1174.56,29-03-2019,28,6402.27,International Priority,27-10-2024
452,Michael Costa,michael.costa52@yahoo.com,9232 Main St,Sydney,East Region,Singapore,242157,-33.822504,151.173065,Individual,Bronze,92,10861.72,03-07-2023,15,1160.53,Overnight,19-04-2024
453,Daniel Patel,daniel.patel53@hotmail.com,511 Lake View Rd,Sydney,Hamburg,Germany,54231,-33.881287,151.16795,Corporate,,76,8680.48,18-04-2022,71,5733.46,Express,01-09-2024
454,Mohammed Smith,mohammed.smith54@icloud.com,6309 Sunset Blvd,Sydney,Alberta,Canada,H5A 4A3,-33.913688,151.190362,Individual,Silver,93,3946.68,27-01-2019,3,334.75,Express,01-03-2024
455,Sophia Lee,sophia.lee55@gmail.com,2369 Victoria Road,Toronto,Texas,USA,31150,43.686453,-79.417235,Corporate,Bronze,66,34560.27,17-05-2023,95,1508.91,International Priority,11-04-2024
456,Ahmed Patel,ahmed.patel56@outlook.com,2175 Maple Road,Berlin,British Columbia,Canada,K3B 6A2,52.507234,13.44889,SME,Gold,60,7106.26,19-03-2019,47,6159.77,Standard,10-07-2024
457,Priya Hassan,priya.hassan57@yahoo.com,3515 Oak Street,Sydney,Tamil Nadu,India,470545,-33.853032,151.237468,Corporate,Gold,67,28467.28,04-02-2019,116,4323.12,Express,29-10-2024
458,Ivan Kim,ivan.kim58@hotmail.com,9038 Victoria Road,Singapore,Delhi,India,286195,1.343417,103.822533,Individual,Silver,90,44063.79,11-07-2021,34,1425.79,Overnight,19-01-2024
459,Mia Petrov,mia.petrov59@icloud.com,2782 Park Avenue,Berlin,England,UK,SE3 4AA,52.526639,13.39087,Individual,Bronze,47,43824.65,13-08-2022,56,3957.56,Standard,14-02-2024
460,Anna Rossi,anna.rossi60@gmail.com,7122 Park Avenue,Berlin,Alberta,Canada,M5A 5A7,52.549395,13.45085,SME,Silver,78,10316.17,16-10-2023,35,1767.05,Standard,08-09-2024
461,Yuki Fernandez,yuki.fernandez61@outlook.com,7397 Main St,Mumbai,Sharjah,UAE,50293,19.055217,72.907503,Individual,Silver,53,14910.45,08-09-2020,29,588.23,Overnight,16-03-2024
462,Michael Muller,michael.muller62@yahoo.com,4535 Park Avenue,Toronto,England,UK,SW9 3BB,43.635898,-79.347138,Corporate,,40,35736.23,26-11-2021,5,4993.86,Standard,29-06-2024
463,Mohammed Muller,mohammed.muller63@hotmail.com,7773 Main St,Sydney,Sharjah,UAE,60556,-33.901784,151.223558,Corporate,,53,43608.33,01-07-2021,20,458.57,International Priority,17-06-2024
464,Noah Kim,noah.kim64@icloud.com,8394 Hillcrest Ave,New York,Wales,UK,SE6 8AB,40.72498,-74.020348,SME,Gold,47,34367.86,30-08-2022,6,1576.26,Overnight,08-05-2024
465,Mohammed Smith,mohammed.smith65@gmail.com,1159 Maple Road,London,Maharashtra,India,597718,51.520981,-0.132879,Individual,Bronze,61,11573.99,20-12-2024,5,596.59,International Priority,01-12-2024
466,Arjun Martin,arjun.martin66@outlook.com,7884 Hillcrest Ave,Dubai,Scotland,UK,SE8 2BA,25.156454,55.271952,SME,,63,39392.3,18-02-2024,55,1127.19,Express,27-04-2024
467,Elena Ibrahim,elena.ibrahim67@yahoo.com,7575 Oak Street,Singapore,Tamil Nadu,India,537182,1.334153,103.781943,Corporate,Gold,88,23589.18,31-03-2021,111,1150.67,Overnight,01-03-2024
468,Yuki Patel,yuki.patel68@hotmail.com,849 Main St,New York,Central Region,Singapore,127856,40.733579,-73.990568,SME,Bronze,96,991.68,23-12-2022,15,1471.72,Overnight,20-10-2024
469,Anna Johnson,anna.johnson69@icloud.com,3083 King Street,Toronto,New York,USA,56207,43.659109,-79.429702,Individual,Gold,71,33942.32,17-09-2020,109,7926.02,Overnight,19-02-2024
470,Ivan Dubois,ivan.dubois70@gmail.com,6477 Sunset Blvd,London,Abu Dhabi,UAE,24732,51.54853,-0.174243,SME,,94,25230.93,12-02-2021,34,1259.12,Express,17-06-2024
471,Laura Khan,laura.khan71@outlook.com,9044 King Street,Toronto,Quebec,Canada,T7C 6C8,43.696737,-79.363716,Individual,Gold,66,22063.02,30-08-2020,32,1294.44,International Priority,22-02-2024
472,Sara Rossi,sara.rossi72@yahoo.com,6963 Maple Road,Singapore,West Region,Singapore,400351,1.33071,103.785634,Individual,Bronze,91,29749.88,24-04-2021,4,518.18,Standard,15-02-2024
473,James Clark,james.clark73@hotmail.com,3943 Main St,Berlin,East Region,Singapore,163881,52.482677,13.408084,Corporate,Bronze,66,19893,17-06-2022,14,2139.2,Overnight,17-09-2024
474,Arjun Das,arjun.das74@icloud.com,2239 Maple Road,London,Wales,UK,W7 9AB,51.460229,-0.173549,Corporate,Gold,58,25548.07,13-01-2021,107,1055.13,Standard,12-09-2024
475,Daniel Ibrahim,daniel.ibrahim75@gmail.com,3477 Main St,Berlin,Maharashtra,India,382173,52.524902,13.370718,Corporate,Bronze,84,42232.7,18-02-2020,113,7518.75,International Priority,26-07-2024
476,James Wang,james.wang76@outlook.com,7588 Victoria Road,Singapore,Bavaria,Germany,94768,1.34637,103.791345,Individual,Gold,49,1457,18-04-2019,38,103.78,Express,16-12-2024
477,Raj Kim,raj.kim77@yahoo.com,4350 King Street,New York,Abu Dhabi,UAE,69988,40.71521,-74.035822,SME,Bronze,96,39146.63,24-12-2024,34,1523.99,International Priority,24-11-2024
478,Fatima Nair,fatima.nair78@hotmail.com,6785 Hillcrest Ave,Singapore,Central Region,Singapore,557862,1.319368,103.772121,Individual,Gold,51,30266.15,11-06-2019,23,1486.54,International Priority,10-09-2024
479,Isabella Johnson,isabella.johnson79@icloud.com,5397 Market Street,New York,England,UK,W9 8AA,40.704807,-73.992881,Corporate,Gold,59,34988.99,05-06-2020,20,7352.35,International Priority,09-05-2024
480,Maria Singh,maria.singh80@gmail.com,2171 Maple Road,London,New South Wales,Australia,5498,51.510165,-0.102283,Corporate,Gold,65,35561.74,28-11-2022,51,2661.35,Overnight,03-02-2024
481,Arjun Martin,arjun.martin81@outlook.com,5319 Oak Street,London,New York,USA,48048,51.47758,-0.145585,SME,Silver,62,1340.01,11-10-2019,48,4312.6,Express,18-03-2024
482,Emma Dubois,emma.dubois82@yahoo.com,2714 Maple Road,Sydney,Texas,USA,62500,-33.905716,151.171918,Corporate,Bronze,73,33041.77,03-09-2022,97,7352.89,International Priority,21-09-2024
483,Lucas Martin,lucas.martin83@hotmail.com,7365 Park Avenue,Toronto,Berlin,Germany,30747,43.632894,-79.425111,Corporate,,82,26974.22,15-07-2022,56,4781.59,Overnight,16-01-2024
484,Ahmed Hassan,ahmed.hassan84@icloud.com,1647 Oak Street,Sydney,Karnataka,India,754087,-33.905013,151.251789,Corporate,Gold,83,42099.53,31-07-2021,101,3774.85,Express,05-07-2024
485,Arjun Singh,arjun.singh85@gmail.com,8459 Main St,Toronto,Scotland,UK,SW2 8BB,43.649866,-79.416117,SME,Silver,85,34865.18,05-05-2021,37,1544.87,International Priority,10-06-2024
486,Ahmed Anderson,ahmed.anderson86@outlook.com,8232 Victoria Road,Sydney,Sharjah,UAE,98550,-33.86987,151.200479,Individual,,72,27659.26,06-04-2021,117,1902.97,Overnight,29-04-2024
487,Chen Singh,chen.singh87@yahoo.com,8833 Park Avenue,Berlin,Gujarat,India,312411,52.521458,13.420982,Corporate,Gold,70,46306.23,25-05-2022,38,5594,International Priority,24-07-2024
488,Ivan Wang,ivan.wang88@hotmail.com,2591 Oak Street,London,Florida,USA,61064,51.52628,-0.080764,SME,,100,34742.93,30-10-2020,55,5020.27,Overnight,28-09-2024
489,Mohammed Smith,mohammed.smith89@icloud.com,8043 Maple Road,New York,Delhi,India,130387,40.752354,-73.961355,Corporate,Silver,83,26648.98,04-10-2023,108,5906.77,International Priority,19-12-2024
490,Anna Rossi,anna.rossi90@gmail.com,4614 Victoria Road,Toronto,Texas,USA,52681,43.64948,-79.41086,SME,,65,8461.24,15-01-2022,30,1174.23,Express,26-02-2024
491,Maria Lopez,maria.lopez91@outlook.com,3827 Oak Street,Singapore,Karnataka,India,363162,1.303948,103.776791,Corporate,Gold,84,47247.26,12-08-2021,12,3397.84,Express,28-04-2024
492,Liam Mehta,liam.mehta92@yahoo.com,7682 Sunset Blvd,Toronto,Berlin,Germany,88254,43.667412,-79.350695,SME,,40,1942.54,08-06-2021,102,1213.09,Standard,03-06-2024
493,Wei Costa,wei.costa93@hotmail.com,1889 Park Avenue,New York,British Columbia,Canada,M9A 2A1,40.732185,-74.041999,Corporate,,91,35209.28,26-12-2022,40,3703.69,Express,06-06-2024
494,Raj Garcia,raj.garcia94@icloud.com,7141 Victoria Road,Sydney,Hesse,Germany,14188,-33.896225,151.198545,Individual,Gold,53,44782.74,22-04-2019,35,797.51,Overnight,03-08-2024
495,Ahmed Smith,ahmed.smith95@gmail.com,6789 Market Street,Toronto,Hesse,Germany,73194,43.606858,-79.413527,Corporate,Silver,78,13137.16,16-07-2020,25,1625.46,Overnight,19-06-2024
496,Liam Brown,liam.brown96@outlook.com,8223 King Street,Dubai,Quebec,Canada,K9A 2C3,25.172372,55.31058,SME,Silver,92,10672.66,06-12-2023,19,1171.83,Express,25-03-2024
497,Ivan Smith,ivan.smith97@yahoo.com,8588 Oak Street,Berlin,British Columbia,Canada,K4B 5A9,52.480785,13.454655,Corporate,,89,9442.72,19-05-2020,91,3025.96,Overnight,07-03-2024
498,Sara Khan,sara.khan98@hotmail.com,8379 Park Avenue,London,East Region,Singapore,608211,51.531271,-0.164593,Individual,Bronze,74,13294.58,17-03-2023,15,1602.07,Overnight,07-09-2024
499,Liam Khan,liam.khan99@icloud.com,2527 Hillcrest Ave,New York,East Region,Singapore,149981,40.692347,-73.95675,Corporate,,85,32552.52,15-04-2019,63,7416.65,Express,02-10-2024
500,Mohammed Ibrahim,mohammed.ibrahim0@gmail.com,5697 Main St,London,Scotland,UK,SW3 3BA,51.490917,-0.143235,SME,Bronze,74,44060.49,24-12-2023,67,5930.49,Overnight,07-07-2024
501,Amit Das,amit.das1@outlook.com,8232 Oak Street,Dubai,Sharjah,UAE,7412,25.211657,55.227816,SME,,54,3966.16,04-05-2021,21,750.98,International Priority,03-05-2024
502,Emma Dubois,emma.dubois2@yahoo.com,1998 Victoria Road,Toronto,Abu Dhabi,UAE,96092,43.667835,-79.359847,Individual,Silver,87,34560.73,08-04-2023,24,1814.18,Express,18-02-2024
503,Carlos Singh,carlos.singh3@hotmail.com,4859 King Street,Toronto,Wales,UK,W2 4AB,43.631421,-79.370315,SME,,49,42249.68,21-07-2019,25,140.4,Express,15-01-2024
504,Ahmed Lopez,ahmed.lopez4@icloud.com,8373 Market Street,Singapore,Bavaria,Germany,91918,1.328066,103.862867,Corporate,,80,47409.52,05-01-2024,33,5530.3,Overnight,20-10-2024
505,John Fernandez,john.fernandez5@gmail.com,9142 Sunset Blvd,Dubai,Hesse,Germany,98349,25.228241,55.320435,Corporate,Bronze,41,45609.09,02-12-2023,48,919.29,Overnight,18-10-2024
506,Sara Petrov,sara.petrov6@outlook.com,9758 Victoria Road,New York,Florida,USA,29672,40.680127,-73.991688,Corporate,Silver,64,39785.54,24-06-2023,117,6910.87,Overnight,11-04-2024
507,Carlos Sharma,carlos.sharma7@yahoo.com,9618 Maple Road,Singapore,New York,USA,31089,1.318361,103.792322,SME,Bronze,95,10539.28,24-03-2021,52,5952.85,Express,29-08-2024
508,Ahmed Anderson,ahmed.anderson8@hotmail.com,7390 Victoria Road,Berlin,Abu Dhabi,UAE,62225,52.531758,13.409923,Corporate,,59,38582.75,22-04-2021,58,4538.9,Overnight,01-08-2024
509,John Lee,john.lee9@icloud.com,9924 Hillcrest Ave,Singapore,Scotland,UK,NW5 6BA,1.350459,103.799287,Corporate,Gold,83,3906.64,08-04-2023,83,4859.09,International Priority,15-12-2024
510,Amit Das,amit.das10@gmail.com,2383 Market Street,Mumbai,Queensland,Australia,7405,19.045151,72.888311,Corporate,,93,42174.69,25-05-2020,79,1085.57,Express,03-07-2024
511,James Clark,james.clark11@outlook.com,916 Sunset Blvd,New York,West Region,Singapore,467017,40.71381,-73.964638,Individual,,99,41555.53,16-01-2020,104,7668.81,Standard,21-05-2024
512,Olivia Das,olivia.das12@yahoo.com,8761 Market Street,Mumbai,New South Wales,Australia,7951,19.114755,72.923839,SME,Bronze,67,44988.48,18-12-2020,37,802.97,Express,14-04-2024
513,Elena Clark,elena.clark13@hotmail.com,9831 Lake View Rd,Dubai,Wales,UK,NW5 8AB,25.189098,55.235055,SME,Gold,87,3608.47,06-09-2024,6,1697.16,Overnight,18-12-2024
514,Arjun Patel,arjun.patel14@icloud.com,9562 Victoria Road,Sydney,Florida,USA,68155,-33.840478,151.200814,SME,Gold,94,36065.53,16-10-2024,5,1271.31,International Priority,27-10-2024
515,Carlos Brown,carlos.brown15@gmail.com,3866 King Street,Mumbai,Dubai,UAE,67986,19.076928,72.897194,Individual,Bronze,87,36940.79,13-05-2020,12,3060.02,Overnight,19-08-2024
516,Wei Das,wei.das16@outlook.com,6176 Victoria Road,Berlin,Sharjah,UAE,64787,52.511239,13.442811,SME,Silver,92,41576.27,29-10-2020,111,876.96,International Priority,31-05-2024
517,Carlos Anderson,carlos.anderson17@yahoo.com,6976 Maple Road,Singapore,Texas,USA,88604,1.390311,103.786892,Individual,Gold,74,3379.04,08-05-2021,36,996.96,Overnight,06-12-2024
518,Raj Muller,raj.muller18@hotmail.com,8017 Oak Street,Sydney,Victoria,Australia,3431,-33.864548,151.214935,Individual,Gold,57,34467.45,07-05-2020,59,947.49,International Priority,06-09-2024
519,Amit Tanaka,amit.tanaka19@icloud.com,8926 Park Avenue,Singapore,Maharashtra,India,414262,1.341306,103.811193,SME,Bronze,75,31450.14,26-06-2024,25,1501.47,International Priority,17-10-2024
520,Ahmed Lee,ahmed.lee20@gmail.com,4998 Oak Street,Mumbai,Gujarat,India,406423,19.063338,72.89931,Corporate,Silver,63,45416.41,07-01-2023,115,868.24,International Priority,23-01-2024
521,Priya Ibrahim,priya.ibrahim21@outlook.com,2844 Main St,Singapore,Illinois,USA,67406,1.352461,103.805173,Corporate,Silver,43,36612.26,21-07-2022,14,3528.95,International Priority,27-07-2024
522,Sara Chowdhury,sara.chowdhury22@yahoo.com,6099 Park Avenue,Dubai,Delhi,India,592044,25.24913,55.233424,SME,,60,46091.23,28-08-2023,25,1026.69,Overnight,06-02-2024
523,Amit Chowdhury,amit.chowdhury23@hotmail.com,5253 Sunset Blvd,Sydney,British Columbia,Canada,M8B 1B7,-33.869035,151.200273,SME,,55,45618.58,21-02-2021,33,5328.64,Express,07-12-2024
524,Daniel Chowdhury,daniel.chowdhury24@icloud.com,3643 King Street,Dubai,England,UK,W7 8BA,25.178681,55.245476,Individual,Bronze,70,16551.27,11-05-2021,24,1039.08,International Priority,24-05-2024
525,Maria Lopez,maria.lopez25@gmail.com,7814 Hillcrest Ave,Mumbai,Wales,UK,SW1 7AA,19.04476,72.878891,SME,Silver,90,30417.57,07-01-2020,38,1186.83,International Priority,02-05-2024
526,Mia Kim,mia.kim26@outlook.com,33 King Street,Dubai,New York,USA,38665,25.173992,55.280004,Individual,Bronze,65,28171.35,07-09-2024,31,332.69,Express,13-06-2024
527,Elena Lopez,elena.lopez27@yahoo.com,1967 Victoria Road,Berlin,Hesse,Germany,71916,52.510577,13.381985,SME,,83,15132.72,13-01-2023,76,3390.91,International Priority,05-06-2024
528,Wei Nguyen,wei.nguyen28@hotmail.com,5184 Sunset Blvd,Mumbai,West Region,Singapore,549914,19.078482,72.871766,Corporate,Bronze,76,26607.46,11-05-2024,92,1858.2,Overnight,10-01-2024
529,Raj Martin,raj.martin29@icloud.com,4104 Maple Road,Mumbai,Victoria,Australia,6991,19.112057,72.892635,Corporate,Bronze,72,38050.97,11-11-2021,89,4626.94,International Priority,19-04-2024
530,James Nair,james.nair30@gmail.com,8113 Park Avenue,Mumbai,Texas,USA,79714,19.119582,72.895391,SME,Gold,78,47007.12,14-09-2024,26,1027.42,Express,14-09-2024
531,Chen Anderson,chen.anderson31@outlook.com,2338 Maple Road,New York,Tamil Nadu,India,283331,40.747014,-74.018087,Individual,Gold,64,596.85,03-04-2020,26,748.15,Express,09-07-2024
532,Mohammed Sharma,mohammed.sharma32@yahoo.com,2973 Maple Road,Singapore,Victoria,Australia,3565,1.363757,103.804163,Corporate,Gold,49,14120.3,15-02-2024,95,5540.86,Standard,22-08-2024
533,Chen Lopez,chen.lopez33@hotmail.com,8657 Market Street,New York,Hesse,Germany,69328,40.685661,-73.991611,Individual,,64,29749.57,08-03-2019,84,1661.22,Express,05-04-2024
534,Raj Hassan,raj.hassan34@icloud.com,9764 King Street,New York,Gujarat,India,504093,40.693521,-73.96086,SME,Bronze,77,46284.27,30-01-2019,5,744.82,Express,16-10-2024
535,Ivan Dubois,ivan.dubois35@gmail.com,9649 Lake View Rd,Berlin,Dubai,UAE,11193,52.504439,13.418799,SME,Gold,69,42573.5,06-04-2023,16,1127.94,International Priority,21-05-2024
536,Carlos Khan,carlos.khan36@outlook.com,2551 Main St,Sydney,East Region,Singapore,688040,-33.873398,151.244801,Corporate,Gold,81,23875.2,17-09-2023,70,4918.23,Express,20-01-2024
537,Chen Johnson,chen.johnson37@yahoo.com,4556 Main St,Singapore,Alberta,Canada,V6C 4A9,1.368751,103.843783,SME,Gold,95,49659.78,28-06-2023,20,1889.25,Standard,08-08-2024
538,Anna Nguyen,anna.nguyen38@hotmail.com,2869 Victoria Road,Dubai,Tamil Nadu,India,626257,25.225366,55.247416,Corporate,,70,12877.52,14-02-2020,106,3476.98,Standard,08-08-2024
539,Raj Singh,raj.singh39@icloud.com,4575 Park Avenue,Toronto,Alberta,Canada,H8C 1C2,43.626216,-79.387441,Individual,,65,14598.23,23-12-2022,25,1134.51,Express,17-03-2024
540,Sara Chowdhury,sara.chowdhury40@gmail.com,4826 Main St,Mumbai,New South Wales,Australia,3448,19.069359,72.883074,Corporate,Bronze,70,22636.84,16-01-2023,30,1318.68,International Priority,28-06-2024
541,Laura Rossi,laura.rossi41@outlook.com,553 Main St,Dubai,Alberta,Canada,H2A 2A7,25.192776,55.228394,Corporate,Bronze,62,4718.29,23-06-2022,111,3989.84,International Priority,24-03-2024
542,Ahmed Ali,ahmed.ali42@yahoo.com,793 Hillcrest Ave,Mumbai,Victoria,Australia,3779,19.12287,72.885714,Individual,Bronze,66,43310.2,25-09-2019,28,440.19,Overnight,11-12-2024
543,Isabella Kim,isabella.kim43@hotmail.com,8834 Oak Street,Berlin,New South Wales,Australia,4589,52.547019,13.447385,Corporate,Gold,81,17760.53,14-11-2023,50,4944.68,Overnight,09-03-2024
544,Ivan Petrov,ivan.petrov44@icloud.com,9083 Market Street,Mumbai,Victoria,Australia,7854,19.039225,72.868212,Corporate,Silver,77,38080.84,16-05-2022,84,3095.09,Standard,14-01-2024
545,Daniel Singh,daniel.singh45@gmail.com,415 Hillcrest Ave,New York,Victoria,Australia,6549,40.730803,-73.970166,SME,,89,7753.5,28-07-2021,30,855.05,International Priority,05-07-2024
546,Lucas Nair,lucas.nair46@outlook.com,5170 Victoria Road,Singapore,Victoria,Australia,2914,1.346643,103.843758,Individual,Gold,40,5006.32,12-12-2019,30,3067.41,Standard,25-01-2024
547,Liam Anderson,liam.anderson47@yahoo.com,2535 King Street,Toronto,Delhi,India,493088,43.649821,-79.400544,Corporate,Gold,60,21770.39,16-05-2023,115,2672.81,Overnight,17-11-2024
548,Laura Wang,laura.wang48@hotmail.com,8397 Sunset Blvd,London,Victoria,Australia,5558,51.515618,-0.167386,Individual,Bronze,68,48677.78,14-04-2024,95,784.25,Overnight,18-05-2024
549,Noah Hassan,noah.hassan49@icloud.com,1282 Hillcrest Ave,Mumbai,Delhi,India,611488,19.074429,72.893528,Individual,Bronze,63,8764.88,06-03-2019,29,747.35,International Priority,02-10-2024
550,Isabella Muller,isabella.muller50@gmail.com,1758 Victoria Road,Dubai,Victoria,Australia,2614,25.197721,55.281309,Corporate,Gold,89,34359.16,30-01-2022,78,660.07,Express,05-10-2024
551,Ahmed Dubois,ahmed.dubois51@outlook.com,962 Hillcrest Ave,New York,Alberta,Canada,M3B 3A6,40.717651,-73.992508,SME,,62,16085.85,17-08-2022,8,889.34,Standard,18-07-2024
552,Daniel Fernandez,daniel.fernandez52@yahoo.com,7114 Oak Street,London,Abu Dhabi,UAE,99082,51.489613,-0.088558,Individual,,86,35441.57,05-07-2019,23,920.99,Overnight,06-08-2024
553,Elena Patel,elena.patel53@hotmail.com,1809 Oak Street,Toronto,Victoria,Australia,2836,43.630481,-79.353297,Corporate,Gold,72,3312.4,30-07-2020,9,7320.08,International Priority,26-04-2024
554,Lucas Smith,lucas.smith54@icloud.com,4730 Hillcrest Ave,London,Berlin,Germany,89670,51.545999,-0.145957,Individual,Silver,55,35485.95,16-10-2021,20,3207.53,Overnight,04-11-2024
555,Mohammed Nair,mohammed.nair55@gmail.com,5937 Victoria Road,New York,Queensland,Australia,3636,40.72214,-73.985657,SME,Silver,71,13341.97,27-12-2020,6,1644.61,Express,07-03-2024
556,Lucas Johnson,lucas.johnson56@outlook.com,1041 Victoria Road,Singapore,New South Wales,Australia,3572,1.325478,103.842691,SME,,68,30438.94,07-02-2019,15,1043.06,Overnight,21-02-2024
557,Mohammed Brown,mohammed.brown57@yahoo.com,9041 Victoria Road,Singapore,Quebec,Canada,T7A 9B5,1.367564,103.840924,SME,Bronze,100,3082.67,08-06-2020,14,921.51,Standard,13-10-2024
558,Sophia Chowdhury,sophia.chowdhury58@hotmail.com,1928 Maple Road,Sydney,East Region,Singapore,340982,-33.905574,151.213686,Corporate,Silver,70,36407.89,25-10-2024,19,5533.08,International Priority,10-03-2024
559,Noah Martin,noah.martin59@icloud.com,252 Park Avenue,Singapore,England,UK,SE3 9AB,1.370585,103.773696,Corporate,Silver,74,23001.5,29-09-2020,66,4285.97,Standard,10-09-2024
560,Noah Hassan,noah.hassan60@gmail.com,9962 Hillcrest Ave,Sydney,Alberta,Canada,H5A 2A6,-33.915721,151.197284,SME,Bronze,47,36160.57,28-07-2020,43,297.38,International Priority,20-11-2024
561,Sara Tanaka,sara.tanaka61@outlook.com,3126 Lake View Rd,London,Berlin,Germany,27386,51.550875,-0.100736,Corporate,Silver,61,26742.92,08-04-2024,65,6506.89,International Priority,21-03-2024
562,Michael Singh,michael.singh62@yahoo.com,7995 Market Street,Berlin,Scotland,UK,EC1 5AB,52.523368,13.407492,SME,Gold,88,10868.24,09-06-2019,38,1160.63,Overnight,03-05-2024
563,Mia Smith,mia.smith63@hotmail.com,3853 Oak Street,Dubai,Illinois,USA,34405,25.162894,55.232355,Corporate,Silver,43,28429.29,08-09-2019,76,959.36,International Priority,08-10-2024
564,David Brown,david.brown64@icloud.com,9307 Victoria Road,Dubai,Texas,USA,16103,25.253679,55.31942,SME,Bronze,81,23370.34,09-05-2021,29,166.57,Overnight,09-01-2024
565,Wei Muller,wei.muller65@gmail.com,1386 Main St,London,East Region,Singapore,689837,51.531929,-0.138437,Individual,Gold,99,9566.87,15-04-2022,7,285.42,Express,06-06-2024
566,Anna Kim,anna.kim66@outlook.com,9035 Park Avenue,Mumbai,Hamburg,Germany,19118,19.053919,72.860265,SME,Silver,58,30702.23,03-03-2023,117,1484.5,Overnight,01-11-2024
567,Mohammed Rossi,mohammed.rossi67@yahoo.com,6951 Oak Street,Mumbai,Ontario,Canada,H3C 2A5,19.05887,72.867962,SME,,54,9747.61,27-08-2023,32,1847.44,Standard,11-09-2024
568,Ahmed Muller,ahmed.muller68@hotmail.com,2148 Park Avenue,Singapore,Gujarat,India,614861,1.3054,103.813965,Corporate,Gold,67,29957.92,07-10-2020,52,6409.57,Overnight,04-11-2024
569,Carlos Ali,carlos.ali69@icloud.com,7439 Oak Street,Dubai,Bavaria,Germany,90976,25.154995,55.235523,Corporate,Gold,97,27107.36,14-09-2023,52,1106.43,Standard,21-07-2024
570,Raj Tanaka,raj.tanaka70@gmail.com,659 Oak Street,Dubai,Abu Dhabi,UAE,52079,25.171041,55.290863,Corporate,,54,39273.43,07-12-2020,63,3183.83,Standard,17-10-2024
571,Mohammed Dubois,mohammed.dubois71@outlook.com,977 Main St,Sydney,Wales,UK,SE7 8AB,-33.836545,151.205779,Corporate,,63,33083,16-12-2020,37,7052.44,Standard,15-10-2024
572,Yuki Smith,yuki.smith72@yahoo.com,1445 King Street,Berlin,Scotland,UK,EC4 2BB,52.533165,13.367042,Corporate,Silver,82,45227.48,25-10-2024,59,892.84,Express,04-06-2024
573,Wei Lee,wei.lee73@hotmail.com,2157 Oak Street,New York,New South Wales,Australia,3388,40.681691,-73.98681,Corporate,Silver,65,888.13,12-09-2020,6,6158.14,Express,28-02-2024
574,Liam Patel,liam.patel74@icloud.com,2959 Oak Street,Mumbai,California,USA,88215,19.036387,72.837025,Individual,Bronze,100,4925.76,13-01-2021,40,506.3,Overnight,17-12-2024
575,Carlos Muller,carlos.muller75@gmail.com,930 Lake View Rd,Dubai,East Region,Singapore,379435,25.200985,55.264295,SME,Bronze,41,1722.3,04-02-2023,39,597.92,Overnight,20-09-2024
576,Olivia Ibrahim,olivia.ibrahim76@outlook.com,3176 Victoria Road,Sydney,Wales,UK,EC4 8BA,-33.898904,151.166992,SME,Gold,49,40436.5,24-03-2020,1,851.49,Overnight,19-09-2024
577,Daniel Lopez,daniel.lopez77@yahoo.com,2434 Victoria Road,Toronto,Hamburg,Germany,20534,43.654233,-79.37751,SME,,67,23882,27-10-2020,16,3234.79,Overnight,19-05-2024
578,Mohammed Rossi,mohammed.rossi78@hotmail.com,8842 Market Street,Sydney,Wales,UK,SW8 7BA,-33.854876,151.187868,Individual,,55,21844.33,03-05-2019,35,766.41,Standard,10-12-2024
579,David Lopez,david.lopez79@icloud.com,4961 Maple Road,Mumbai,Central Region,Singapore,656213,19.099585,72.870168,SME,Bronze,77,41080.16,30-07-2024,20,659.76,Overnight,17-06-2024
580,Chen Petrov,chen.petrov80@gmail.com,1958 Park Avenue,Mumbai,East Region,Singapore,217789,19.104381,72.894995,Individual,Gold,52,10313.38,15-04-2021,7,1287.71,International Priority,05-08-2024
581,Mia Martin,mia.martin81@outlook.com,4656 Hillcrest Ave,Sydney,East Region,Singapore,417796,-33.824457,151.258971,Individual,Gold,78,28746.64,07-06-2022,16,6859.97,Standard,23-10-2024
582,Sophia Tanaka,sophia.tanaka82@yahoo.com,9564 Park Avenue,New York,Hesse,Germany,95590,40.738577,-74.028759,Individual,Bronze,69,19857.35,12-07-2023,5,716.66,Standard,28-04-2024
583,Isabella Singh,isabella.singh83@hotmail.com,2249 Hillcrest Ave,London,Delhi,India,216650,51.555543,-0.168725,SME,Bronze,72,2965.72,09-03-2023,27,875.66,International Priority,02-09-2024
584,Olivia Singh,olivia.singh84@icloud.com,6347 Lake View Rd,Mumbai,New South Wales,Australia,7840,19.063084,72.835172,Individual,Bronze,42,11525.7,22-12-2021,35,772.65,Standard,02-01-2024
585,Liam Sharma,liam.sharma85@gmail.com,7886 Maple Road,Sydney,Florida,USA,88048,-33.83376,151.19199,SME,Silver,71,14423.34,08-08-2022,6,405.49,Express,20-11-2024
586,Anna Brown,anna.brown86@outlook.com,884 Oak Street,Dubai,England,UK,SE8 2BA,25.227204,55.246067,SME,Gold,57,38122.28,27-04-2019,102,3606.74,Express,17-10-2024
587,Lucas Sharma,lucas.sharma87@yahoo.com,8940 Sunset Blvd,Sydney,Hamburg,Germany,52773,-33.855818,151.235972,Corporate,Gold,56,13940.72,16-04-2019,24,4181.41,Express,18-11-2024
588,Anna Rossi,anna.rossi88@hotmail.com,9187 Park Avenue,Berlin,Ontario,Canada,M3A 9C5,52.547636,13.356926,Corporate,Gold,90,24800.68,20-09-2022,43,4600.1,International Priority,08-03-2024
589,Ahmed Tanaka,ahmed.tanaka89@icloud.com,7375 Market Street,London,Florida,USA,91470,51.543895,-0.096279,Individual,Bronze,100,9037.68,27-04-2019,75,5864.67,Standard,02-01-2024
590,John Brown,john.brown90@gmail.com,8085 Market Street,Toronto,Maharashtra,India,557266,43.606362,-79.420111,Individual,Bronze,55,15169.16,11-04-2024,13,189.19,International Priority,02-09-2024
591,Emma Petrov,emma.petrov91@outlook.com,5290 Oak Street,New York,Berlin,Germany,55911,40.741915,-73.976661,SME,Bronze,84,36314.9,21-05-2019,27,805.62,Standard,13-03-2024
592,Mohammed Singh,mohammed.singh92@yahoo.com,5974 Sunset Blvd,Singapore,Abu Dhabi,UAE,32733,1.339359,103.851067,Individual,Bronze,97,11804.84,14-08-2020,12,821.23,International Priority,11-10-2024
593,Anna Das,anna.das93@hotmail.com,7853 Park Avenue,Toronto,Sharjah,UAE,67218,43.617409,-79.335466,Individual,,41,18305.9,28-07-2023,40,556.95,Express,11-02-2024
594,Ahmed Nguyen,ahmed.nguyen94@icloud.com,8294 King Street,London,Queensland,Australia,4752,51.534953,-0.084328,SME,Bronze,68,24059.33,10-07-2019,11,7388.75,Express,29-05-2024
595,Sara Lee,sara.lee95@gmail.com,2276 Oak Street,London,Victoria,Australia,2746,51.47045,-0.08441,Individual,Silver,81,45177.98,25-03-2023,20,1311.9,International Priority,16-02-2024
596,Amit Anderson,amit.anderson96@outlook.com,5510 Lake View Rd,London,Tamil Nadu,India,707667,51.479016,-0.10705,Individual,,67,43331.29,21-11-2024,26,233.19,Overnight,19-01-2024
597,Emma Lee,emma.lee97@yahoo.com,6093 Maple Road,Toronto,Tamil Nadu,India,385118,43.702892,-79.37809,SME,,74,33727.62,26-11-2020,32,1484.88,Express,17-05-2024
598,Liam Lopez,liam.lopez98@hotmail.com,4489 Lake View Rd,Dubai,Queensland,Australia,2321,25.23099,55.286397,SME,Bronze,84,16266.56,09-10-2020,59,5118.86,International Priority,19-02-2024
599,John Lee,john.lee99@icloud.com,1244 King Street,London,Wales,UK,NW7 9BA,51.520955,-0.117231,Corporate,Gold,79,27957.79,15-02-2020,93,3291.51,Overnight,31-05-2024
600,James Tanaka,james.tanaka0@gmail.com,1725 Park Avenue,Sydney,Wales,UK,NW4 5AA,-33.834904,151.218844,SME,Bronze,94,2935.47,03-03-2019,18,1952.36,International Priority,13-07-2024
601,Mia Khan,mia.khan1@outlook.com,8699 Maple Road,Toronto,Hamburg,Germany,23006,43.637652,-79.389485,Corporate,Gold,95,36765.06,29-11-2022,17,4761.26,Standard,05-06-2024
602,Noah Garcia,noah.garcia2@yahoo.com,1016 Maple Road,Singapore,Quebec,Canada,M8B 3C8,1.350226,103.845104,Individual,Bronze,97,48413.49,01-07-2021,21,588.37,Express,14-04-2024
603,Maria Rossi,maria.rossi3@hotmail.com,3899 King Street,London,Berlin,Germany,89740,51.537149,-0.12448,SME,Bronze,91,45039.53,13-01-2020,28,941.37,International Priority,27-10-2024
604,Olivia Tanaka,olivia.tanaka4@icloud.com,4588 Maple Road,Sydney,Ontario,Canada,H8A 3B8,-33.831424,151.196196,SME,Gold,98,34229.2,16-09-2023,8,1871.3,Overnight,12-12-2024
605,Fatima Mehta,fatima.mehta5@gmail.com,9671 Sunset Blvd,Dubai,Delhi,India,446470,25.18101,55.27935,SME,Gold,58,19687.88,29-09-2019,4,1905.83,Express,07-05-2024
606,Priya Costa,priya.costa6@outlook.com,4193 Lake View Rd,Berlin,California,USA,16201,52.522974,13.417184,Individual,Gold,78,48408.9,05-04-2020,23,62.19,Standard,07-05-2024
607,Mohammed Sharma,mohammed.sharma7@yahoo.com,4822 King Street,Dubai,Hesse,Germany,26876,25.164284,55.251124,Corporate,Gold,57,27571.11,02-05-2024,78,5652.85,Express,12-08-2024
608,Priya Smith,priya.smith8@hotmail.com,6687 Market Street,Singapore,Bavaria,Germany,32898,1.395337,103.863456,Individual,Silver,49,1112.33,17-03-2024,37,1050.76,Overnight,19-07-2024
609,Daniel Lee,daniel.lee9@icloud.com,1814 King Street,London,Alberta,Canada,T4C 2C3,51.518528,-0.120834,Individual,Gold,44,47553.73,28-08-2023,15,1827.09,International Priority,26-07-2024
610,Mohammed Ali,mohammed.ali10@gmail.com,8408 King Street,Singapore,West Region,Singapore,293619,1.368846,103.864659,SME,Bronze,62,33836.78,07-01-2025,11,7043.08,Overnight,17-09-2024
611,Isabella Martin,isabella.martin11@outlook.com,1160 Lake View Rd,Toronto,Maharashtra,India,607977,43.611844,-79.417753,Corporate,Bronze,80,44081.56,09-12-2023,113,4397.93,Overnight,27-06-2024
612,John Garcia,john.garcia12@yahoo.com,9236 Lake View Rd,Mumbai,Delhi,India,286939,19.078726,72.927566,Individual,Silver,79,27148.08,04-07-2020,115,6429.35,International Priority,10-10-2024
613,Noah Nair,noah.nair13@hotmail.com,2527 Main St,London,Sharjah,UAE,48866,51.544259,-0.084968,SME,Gold,100,32644.55,03-01-2019,24,537.37,Express,23-03-2024
614,Mohammed Sharma,mohammed.sharma14@icloud.com,5858 Market Street,Mumbai,West Region,Singapore,382148,19.039878,72.925353,Individual,Bronze,69,41599.15,29-06-2022,37,2620.1,International Priority,06-12-2024
615,Ivan Wang,ivan.wang15@gmail.com,3465 King Street,Sydney,Quebec,Canada,T6B 1A1,-33.913176,151.174352,Individual,Silver,98,27473.44,04-05-2024,30,727.58,Standard,13-06-2024
616,Arjun Ali,arjun.ali16@outlook.com,2708 Market Street,Berlin,Karnataka,India,584935,52.49593,13.441692,SME,Bronze,44,36875.75,07-04-2024,112,4851.35,Standard,29-01-2024
617,Wei Das,wei.das17@yahoo.com,3143 Main St,New York,East Region,Singapore,704577,40.739439,-74.020185,SME,Silver,53,22026.91,18-11-2021,14,354.25,Express,02-06-2024
618,Raj Ibrahim,raj.ibrahim18@hotmail.com,7615 Victoria Road,Singapore,New South Wales,Australia,4598,1.315292,103.83312,Corporate,Silver,47,31192.98,09-06-2020,13,3669.44,International Priority,18-02-2024
619,Maria Khan,maria.khan19@icloud.com,9882 King Street,Dubai,West Region,Singapore,672377,25.24867,55.309627,Individual,,44,41860.99,15-08-2022,20,282.06,International Priority,02-10-2024
620,Fatima Chowdhury,fatima.chowdhury20@gmail.com,9947 Hillcrest Ave,Berlin,Wales,UK,SW6 5BB,52.52908,13.367166,SME,,73,27500.13,06-02-2023,1,1758.87,Overnight,14-04-2024
621,Daniel Lee,daniel.lee21@outlook.com,1406 Oak Street,London,Dubai,UAE,61527,51.491132,-0.09256,SME,Gold,85,44278.29,30-01-2020,35,877.85,International Priority,08-10-2024
622,Wei Muller,wei.muller22@yahoo.com,3781 Market Street,Mumbai,Queensland,Australia,5607,19.028968,72.852668,Corporate,,54,1848.11,11-05-2024,78,153.62,Standard,12-05-2024
623,Amit Rossi,amit.rossi23@hotmail.com,7689 Lake View Rd,Dubai,California,USA,29465,25.223142,55.233531,Corporate,Silver,56,5907.13,11-07-2024,69,2716.55,Express,19-01-2024
624,Ahmed Kim,ahmed.kim24@icloud.com,7996 King Street,Mumbai,Berlin,Germany,41158,19.076761,72.912175,SME,Bronze,98,11670.89,14-03-2021,109,4385.08,Overnight,11-06-2024
625,Sara Fernandez,sara.fernandez25@gmail.com,3675 Victoria Road,Toronto,Dubai,UAE,81098,43.603588,-79.354766,Corporate,Bronze,40,3773.82,30-05-2020,4,6643.87,Standard,16-10-2024
626,Yuki Fernandez,yuki.fernandez26@outlook.com,9707 Main St,Mumbai,Florida,USA,59173,19.055004,72.924504,SME,Gold,51,827.58,17-06-2021,3,367.98,Overnight,07-10-2024
627,Liam Costa,liam.costa27@yahoo.com,1260 Market Street,Toronto,Hamburg,Germany,67898,43.654755,-79.409346,Individual,,44,28800.76,09-10-2024,1,1634.33,Overnight,05-07-2024
628,David Patel,david.patel28@hotmail.com,5656 King Street,Sydney,England,UK,SE9 4AA,-33.905997,151.215156,Corporate,Gold,64,16893.35,15-06-2020,96,7619.98,Overnight,31-08-2024
629,Isabella Clark,isabella.clark29@icloud.com,5997 Sunset Blvd,Dubai,Central Region,Singapore,565365,25.239837,55.269923,Individual,Silver,51,46994.78,07-08-2020,16,1325.02,Standard,03-02-2024
630,Isabella Lee,isabella.lee30@gmail.com,6020 King Street,Dubai,Tamil Nadu,India,444854,25.233424,55.225647,Individual,,57,8380.81,12-07-2021,5,640.76,Express,03-04-2024
631,Priya Das,priya.das31@outlook.com,2579 Maple Road,New York,Queensland,Australia,2659,40.678711,-74.026781,Individual,Gold,71,27804.95,03-12-2019,15,1036.2,Express,13-06-2024
632,Chen Lee,chen.lee32@yahoo.com,2421 Oak Street,London,Alberta,Canada,K4C 1B7,51.532383,-0.149561,SME,Bronze,42,34405.05,24-01-2020,20,1905.2,Express,17-11-2024
633,Daniel Fernandez,daniel.fernandez33@hotmail.com,7395 Sunset Blvd,Toronto,Queensland,Australia,3482,43.615878,-79.359567,Individual,Bronze,60,22020.86,13-07-2023,8,1817.88,International Priority,24-04-2024
634,Maria Fernandez,maria.fernandez34@icloud.com,2540 Oak Street,New York,Wales,UK,SE8 5AA,40.705431,-74.000782,Individual,Gold,80,39531.03,02-03-2022,30,1480.67,International Priority,04-11-2024
635,Anna Sharma,anna.sharma35@gmail.com,4560 Park Avenue,Mumbai,Texas,USA,89807,19.098296,72.916286,Individual,Gold,72,40372.45,07-03-2020,78,5052.68,Overnight,21-01-2024
636,Ahmed Brown,ahmed.brown36@outlook.com,5914 Maple Road,Mumbai,Quebec,Canada,H1B 4B3,19.111507,72.882103,SME,Gold,47,14210.91,20-10-2021,19,223.04,Express,13-12-2024
637,Raj Brown,raj.brown37@yahoo.com,751 Market Street,New York,Tamil Nadu,India,288078,40.743612,-74.015335,Individual,Silver,99,49977.28,15-07-2021,31,1805.91,Standard,24-07-2024
638,Noah Ibrahim,noah.ibrahim38@hotmail.com,2112 Lake View Rd,Dubai,Scotland,UK,W2 8BB,25.25415,55.271406,Individual,Silver,88,44955.75,23-10-2021,14,1126.79,Express,03-09-2024
639,Wei Johnson,wei.johnson39@icloud.com,9176 Victoria Road,Mumbai,British Columbia,Canada,T9A 4B2,19.088463,72.872995,Corporate,Bronze,41,20793.38,26-01-2021,59,6771.01,Standard,16-07-2024
640,Liam Johnson,liam.johnson40@gmail.com,9515 Victoria Road,Singapore,England,UK,NW6 5BA,1.350344,103.775426,SME,Silver,45,7006.62,18-05-2022,10,1168.99,International Priority,15-10-2024
641,Mia Wang,mia.wang41@outlook.com,5361 Lake View Rd,Sydney,West Region,Singapore,126611,-33.89853,151.181817,Individual,Silver,47,30827.43,08-09-2022,19,1971.34,International Priority,22-06-2024
642,John Smith,john.smith42@yahoo.com,574 Lake View Rd,Sydney,Scotland,UK,SW2 6BB,-33.823425,151.170759,Corporate,,91,2368.8,07-03-2024,32,7257.58,Standard,15-01-2024
643,Chen Dubois,chen.dubois43@hotmail.com,7249 Maple Road,Singapore,Maharashtra,India,459043,1.344428,103.790597,SME,Silver,54,19835.75,30-10-2024,32,1340.99,Standard,18-10-2024
644,Carlos Fernandez,carlos.fernandez44@icloud.com,6152 King Street,New York,Abu Dhabi,UAE,2533,40.699836,-74.032844,SME,,61,27156.97,18-10-2024,28,5063.25,Overnight,21-01-2024
645,Mohammed Lee,mohammed.lee45@gmail.com,8807 Park Avenue,Singapore,Hamburg,Germany,97201,1.330197,103.831346,SME,Silver,81,48635.34,28-12-2021,110,1324.45,International Priority,27-01-2024
646,Maria Muller,maria.muller46@outlook.com,5819 Lake View Rd,Toronto,Ontario,Canada,T9B 9B2,43.637803,-79.373103,SME,Bronze,97,32535.34,23-06-2020,7,1187.57,Overnight,09-11-2024
647,Olivia Tanaka,olivia.tanaka47@yahoo.com,4780 Park Avenue,Toronto,Central Region,Singapore,770255,43.669484,-79.345941,SME,Gold,81,42235.7,05-09-2022,35,1712.09,International Priority,01-04-2024
648,Olivia Tanaka,olivia.tanaka48@hotmail.com,3195 Maple Road,New York,Maharashtra,India,394467,40.733669,-73.984857,SME,Bronze,81,21505.34,25-09-2023,23,1405.59,International Priority,08-05-2024
649,Priya Dubois,priya.dubois49@icloud.com,6829 Sunset Blvd,Singapore,Wales,UK,W3 3AB,1.369363,103.789596,Individual,Silver,97,16475.74,16-03-2023,25,605.76,Express,24-11-2024
650,Wei Ibrahim,wei.ibrahim50@gmail.com,8518 Oak Street,Toronto,East Region,Singapore,443951,43.605991,-79.337473,Individual,Gold,75,11671.21,17-08-2020,11,1429.14,International Priority,06-07-2024
651,Liam Clark,liam.clark51@outlook.com,2819 Victoria Road,Dubai,Karnataka,India,531051,25.161493,55.320712,Individual,Gold,60,2090.73,21-05-2019,20,1757.35,Overnight,26-11-2024
652,Noah Chowdhury,noah.chowdhury52@yahoo.com,9528 Market Street,Singapore,Sharjah,UAE,4449,1.386329,103.842122,Individual,Gold,61,6386.58,27-04-2023,39,1429.49,International Priority,18-06-2024
653,Yuki Mehta,yuki.mehta53@hotmail.com,6600 Sunset Blvd,Dubai,West Region,Singapore,240263,25.187933,55.255912,Corporate,,84,5045.1,16-07-2019,25,7870.67,Express,29-04-2024
654,Daniel Ibrahim,daniel.ibrahim54@icloud.com,9930 Hillcrest Ave,Toronto,East Region,Singapore,241378,43.623045,-79.408747,Individual,Bronze,86,14689.34,21-03-2021,36,957.01,International Priority,15-12-2024
655,Yuki Clark,yuki.clark55@gmail.com,6796 Market Street,Sydney,Bavaria,Germany,87774,-33.832429,151.258031,SME,,41,20235.98,16-01-2021,6,225.65,Express,19-12-2024
656,Emma Kim,emma.kim56@outlook.com,2873 Maple Road,Toronto,New South Wales,Australia,3917,43.645315,-79.345086,Individual,Gold,81,37160.83,28-02-2019,8,6425.68,International Priority,28-06-2024
657,Amit Rossi,amit.rossi57@yahoo.com,9992 Victoria Road,Dubai,Alberta,Canada,T2A 8B9,25.172727,55.319981,Individual,Bronze,94,23243.76,08-08-2020,39,1290.81,Standard,08-12-2024
658,Liam Mehta,liam.mehta58@hotmail.com,3778 Hillcrest Ave,Berlin,Hamburg,Germany,93196,52.523549,13.37033,SME,Bronze,44,5889.75,20-05-2019,17,525.92,International Priority,12-08-2024
659,Fatima Clark,fatima.clark59@icloud.com,1124 Market Street,London,Florida,USA,63232,51.476812,-0.147632,Individual,Silver,74,39693.87,01-09-2021,36,1049.03,Express,05-04-2024
660,Noah Anderson,noah.anderson60@gmail.com,7820 Oak Street,Mumbai,Alberta,Canada,V7C 4C1,19.030726,72.851292,Individual,,79,13624.09,25-10-2020,26,1872.66,International Priority,30-03-2024
661,Fatima Wang,fatima.wang61@outlook.com,3368 Sunset Blvd,Singapore,Hesse,Germany,55890,1.304501,103.784839,Individual,,52,36487.67,14-06-2023,33,265.48,International Priority,20-12-2024
662,Maria Johnson,maria.johnson62@yahoo.com,6880 Main St,Berlin,Scotland,UK,W5 7AA,52.476448,13.379441,Corporate,Silver,49,11832.58,14-08-2022,10,6370.31,Standard,19-01-2024
663,Yuki Lee,yuki.lee63@hotmail.com,6002 Oak Street,Toronto,Quebec,Canada,K1C 5A6,43.697993,-79.403259,Individual,,76,28365.77,17-02-2019,45,7135.49,International Priority,09-09-2024
664,Sara Petrov,sara.petrov64@icloud.com,5080 Oak Street,Sydney,Alberta,Canada,M8B 4A8,-33.848242,151.2095,SME,Gold,87,1763.7,23-05-2024,78,7028.76,International Priority,05-04-2024
665,Ivan Das,ivan.das65@gmail.com,3635 Main St,New York,Delhi,India,278297,40.726301,-74.020679,SME,Gold,86,22423.8,04-06-2024,4,215.65,Overnight,04-03-2024
666,Laura Lee,laura.lee66@outlook.com,1506 Hillcrest Ave,Toronto,Scotland,UK,SE2 1BA,43.612074,-79.333734,Individual,,84,17287.98,09-11-2022,33,907.5,Overnight,18-09-2024
667,Isabella Sharma,isabella.sharma67@yahoo.com,5784 Park Avenue,Sydney,New York,USA,52808,-33.831615,151.227354,Individual,Silver,91,10027.43,08-02-2021,9,1635.62,Overnight,18-04-2024
668,Isabella Tanaka,isabella.tanaka68@hotmail.com,9747 Oak Street,London,New South Wales,Australia,5252,51.462193,-0.111073,Individual,Bronze,42,24845.06,20-07-2023,97,2572.57,Overnight,21-07-2024
669,Olivia Tanaka,olivia.tanaka69@icloud.com,9723 Lake View Rd,Toronto,East Region,Singapore,310744,43.694276,-79.380855,SME,,94,11159.16,26-01-2024,17,813.39,International Priority,30-01-2024
670,Arjun Singh,arjun.singh70@gmail.com,5355 Park Avenue,Dubai,Abu Dhabi,UAE,84542,25.170748,55.223414,SME,Bronze,72,40031.08,29-05-2021,102,4675.26,International Priority,05-06-2024
671,David Rossi,david.rossi71@outlook.com,9134 Sunset Blvd,New York,Hamburg,Germany,20014,40.762704,-74.006632,Corporate,Silver,95,3923.44,31-01-2024,17,5892.06,Overnight,15-07-2024
672,Mohammed Dubois,mohammed.dubois72@yahoo.com,6738 Maple Road,Sydney,Delhi,India,373139,-33.91075,151.249782,Corporate,Bronze,40,9456.09,12-12-2021,56,7186.86,Standard,15-06-2024
673,Wei Fernandez,wei.fernandez73@hotmail.com,4203 Main St,Sydney,Bavaria,Germany,68570,-33.906394,151.19946,Corporate,Silver,68,28202.62,07-12-2023,66,552.85,Express,18-08-2024
674,Maria Hassan,maria.hassan74@icloud.com,8004 King Street,Sydney,Illinois,USA,99413,-33.839011,151.171306,SME,Silver,72,48528.31,27-04-2020,7,1496.38,Standard,12-10-2024
675,Chen Petrov,chen.petrov75@gmail.com,6766 King Street,London,West Region,Singapore,720405,51.535001,-0.144318,Corporate,Gold,71,42397.92,18-02-2022,105,4265.27,International Priority,12-11-2024
676,Lucas Fernandez,lucas.fernandez76@outlook.com,6894 King Street,Toronto,California,USA,62044,43.656593,-79.430276,Individual,Gold,40,22508.21,08-10-2024,106,4505.57,Overnight,13-10-2024
677,Noah Smith,noah.smith77@yahoo.com,4617 Lake View Rd,London,British Columbia,Canada,M3B 6A9,51.524181,-0.149113,Individual,Silver,50,4007.8,13-10-2022,4,3949.75,Express,04-05-2024
678,Wei Muller,wei.muller78@hotmail.com,8558 Victoria Road,Singapore,Dubai,UAE,70179,1.34444,103.813496,SME,,73,48771.76,13-10-2022,14,1611.42,International Priority,10-12-2024
679,Elena Anderson,elena.anderson79@icloud.com,9517 Maple Road,Mumbai,New York,USA,89781,19.104141,72.861511,Corporate,Gold,55,23790.69,02-02-2021,17,2596.81,Overnight,25-03-2024
680,Priya Das,priya.das80@gmail.com,4127 Main St,Mumbai,Hamburg,Germany,89352,19.055439,72.835512,Individual,Silver,65,37013.58,11-11-2021,3,1608.87,Express,07-06-2024
681,Daniel Smith,daniel.smith81@outlook.com,9219 Main St,Singapore,England,UK,SE6 6BA,1.377642,103.795239,SME,Bronze,51,7748.43,28-10-2022,14,1335.46,International Priority,19-04-2024
682,Ahmed Ibrahim,ahmed.ibrahim82@yahoo.com,472 Lake View Rd,Toronto,Wales,UK,SW8 8AA,43.692538,-79.421514,Corporate,Bronze,46,17972.83,19-06-2024,18,2666.34,Standard,05-05-2024
683,Ivan Singh,ivan.singh83@hotmail.com,9326 Lake View Rd,Dubai,Alberta,Canada,K7C 1C7,25.237356,55.244243,Individual,,59,34198.08,13-02-2024,1,1348.68,Express,07-09-2024
684,Daniel Garcia,daniel.garcia84@icloud.com,6340 Sunset Blvd,London,New South Wales,Australia,4703,51.516737,-0.157132,Corporate,Bronze,94,3592.95,31-01-2020,55,6451.53,Express,26-09-2024
685,Ahmed Costa,ahmed.costa85@gmail.com,1766 Maple Road,New York,Hesse,Germany,20230,40.687449,-74.043472,SME,Bronze,44,8704.84,03-11-2022,2,873.96,Overnight,19-06-2024
686,John Ali,john.ali86@outlook.com,8626 Lake View Rd,Sydney,Bavaria,Germany,23747,-33.86436,151.199198,Corporate,Silver,57,21194.1,27-10-2024,65,4712.69,Overnight,07-11-2024
687,David Mehta,david.mehta87@yahoo.com,1836 Lake View Rd,Sydney,California,USA,85283,-33.879591,151.183827,SME,Bronze,70,4123.87,12-12-2021,9,1242.89,Standard,18-07-2024
688,Isabella Clark,isabella.clark88@hotmail.com,1726 Victoria Road,Toronto,Abu Dhabi,UAE,71982,43.609782,-79.388835,Corporate,Bronze,45,44827.95,16-09-2019,44,1284.09,Express,31-12-2024
689,Noah Johnson,noah.johnson89@icloud.com,4062 King Street,Dubai,Hesse,Germany,76502,25.161897,55.250091,Individual,Bronze,94,29008.4,05-02-2023,20,1417.77,Overnight,01-07-2024
690,Daniel Kim,daniel.kim90@gmail.com,7379 Lake View Rd,Mumbai,Tamil Nadu,India,690584,19.079351,72.897396,SME,Bronze,80,21004.94,14-10-2023,29,1423.31,Overnight,29-08-2024
691,Raj Anderson,raj.anderson91@outlook.com,8139 Sunset Blvd,Mumbai,Victoria,Australia,5648,19.057311,72.83018,SME,Silver,66,36364.56,15-04-2019,4,1925.23,Standard,07-01-2024
692,Mohammed Wang,mohammed.wang92@yahoo.com,4209 Sunset Blvd,Sydney,Florida,USA,47464,-33.879974,151.161801,SME,Bronze,76,31706.59,01-06-2020,37,526.3,International Priority,31-01-2024
693,Mohammed Lopez,mohammed.lopez93@hotmail.com,982 Victoria Road,Toronto,Maharashtra,India,785209,43.685103,-79.397919,Corporate,,54,17451.06,23-01-2020,81,3919.74,Standard,17-11-2024
694,Chen Martin,chen.martin94@icloud.com,7263 Victoria Road,London,Alberta,Canada,T8A 3A8,51.511792,-0.140306,Corporate,Gold,68,18422.55,19-07-2021,7,3724.67,International Priority,09-04-2024
695,Lucas Ibrahim,lucas.ibrahim95@gmail.com,7007 Market Street,Mumbai,Scotland,UK,SE9 6BA,19.111139,72.863596,Individual,,97,2508.27,17-02-2024,67,1845.42,Express,05-01-2024
696,Amit Nair,amit.nair96@outlook.com,9749 Victoria Road,London,Ontario,Canada,T8B 8C8,51.516741,-0.162702,SME,Gold,67,35511.78,31-03-2020,4,362.71,Express,20-03-2024
697,John Martin,john.martin97@yahoo.com,6508 Market Street,Dubai,Scotland,UK,EC7 1BA,25.240224,55.273294,SME,,51,18268.24,07-05-2020,93,4649.97,Express,25-08-2024
698,Chen Tanaka,chen.tanaka98@hotmail.com,9978 Victoria Road,Mumbai,Alberta,Canada,T9C 9C4,19.067163,72.910939,Corporate,Gold,80,48196.52,26-04-2022,99,2687.81,Overnight,26-12-2024
699,Mohammed Lee,mohammed.lee99@icloud.com,9515 Oak Street,Mumbai,Berlin,Germany,50902,19.064311,72.837719,Corporate,Gold,82,27401.22,01-06-2020,111,5015.07,Standard,30-10-2024
700,Elena Patel,elena.patel0@gmail.com,7984 Sunset Blvd,Berlin,Maharashtra,India,676541,52.505848,13.409254,Individual,Gold,89,39583.02,24-11-2022,13,1909.49,Standard,11-08-2024
701,Ivan Costa,ivan.costa1@outlook.com,3875 Main St,Mumbai,England,UK,NW7 5AB,19.085282,72.908888,Individual,Gold,50,23791.38,11-06-2022,45,7163.16,Standard,11-08-2024
702,Mia Garcia,mia.garcia2@yahoo.com,1508 Park Avenue,Singapore,Illinois,USA,31840,1.36208,103.796222,Corporate,Silver,69,29609.4,28-01-2024,6,2793.02,Overnight,14-03-2024
703,Isabella Wang,isabella.wang3@hotmail.com,8270 Victoria Road,New York,Tamil Nadu,India,599063,40.66536,-74.023748,SME,,91,6964.2,22-11-2023,3,1689.09,Standard,29-05-2024
704,Lucas Singh,lucas.singh4@icloud.com,2584 Maple Road,Singapore,Illinois,USA,57863,1.308761,103.775154,Individual,Gold,63,8771.56,06-12-2019,13,1858.38,Express,08-12-2024
705,Lucas Sharma,lucas.sharma5@gmail.com,7126 Maple Road,Toronto,Karnataka,India,433148,43.675288,-79.340264,Corporate,,63,43009.47,29-08-2024,28,7885.58,International Priority,29-03-2024
706,Ahmed Patel,ahmed.patel6@outlook.com,8941 King Street,Toronto,Karnataka,India,196299,43.647387,-79.363701,Corporate,Bronze,81,6361.08,17-01-2021,81,494.54,Overnight,12-01-2024
707,Priya Nguyen,priya.nguyen7@yahoo.com,2597 Hillcrest Ave,London,Alberta,Canada,M6B 6A8,51.527703,-0.11548,SME,Gold,85,6970.87,17-06-2023,118,6010.24,Overnight,05-12-2024
708,Ivan Smith,ivan.smith8@hotmail.com,9851 Lake View Rd,Singapore,Scotland,UK,SE1 2BA,1.372859,103.798332,Corporate,,61,14608.97,23-09-2024,110,3356.86,International Priority,13-08-2024
709,Elena Nair,elena.nair9@icloud.com,349 Sunset Blvd,Singapore,Scotland,UK,SE3 7BB,1.381619,103.843534,Corporate,Silver,91,35905.99,09-03-2021,113,5230.86,Standard,11-02-2024
710,Mia Dubois,mia.dubois10@gmail.com,6369 Market Street,Singapore,Dubai,UAE,99144,1.304341,103.795271,Individual,,62,39427.7,03-08-2020,35,1091.54,Standard,31-10-2024
711,Chen Garcia,chen.garcia11@outlook.com,3030 Maple Road,Dubai,Delhi,India,764284,25.169174,55.223451,Corporate,Gold,82,33591.31,27-06-2021,11,3778.12,Express,24-09-2024
712,Emma Nguyen,emma.nguyen12@yahoo.com,2361 Market Street,Mumbai,Hesse,Germany,83988,19.067808,72.877077,Corporate,Bronze,79,29708.81,10-03-2019,29,2946.8,Overnight,24-06-2024
713,Sophia Fernandez,sophia.fernandez13@hotmail.com,6774 Lake View Rd,New York,Hesse,Germany,80486,40.761672,-74.020677,Individual,,96,47857.03,24-03-2021,38,1685.03,International Priority,03-11-2024
714,Ahmed Ali,ahmed.ali14@icloud.com,7868 Victoria Road,London,Texas,USA,20652,51.468644,-0.167082,SME,Bronze,55,7225.99,20-12-2022,14,492.75,Express,04-08-2024
715,Raj Dubois,raj.dubois15@gmail.com,3735 Main St,Singapore,New York,USA,80756,1.390732,103.857782,SME,Silver,65,4430.73,22-11-2024,40,696.58,Standard,03-11-2024
716,Ahmed Garcia,ahmed.garcia16@outlook.com,4593 Hillcrest Ave,Singapore,British Columbia,Canada,M6A 8C3,1.367553,103.773267,Individual,,55,33129.9,13-09-2020,43,4941.13,Overnight,30-04-2024
717,Emma Singh,emma.singh17@yahoo.com,9823 Maple Road,Berlin,Karnataka,India,137801,52.568181,13.413042,Individual,,74,48568.05,13-12-2024,30,6312.14,Overnight,02-03-2024
718,Mia Khan,mia.khan18@hotmail.com,8039 Maple Road,London,Florida,USA,15909,51.513173,-0.109946,SME,Silver,53,38143.79,20-11-2024,2,142.72,International Priority,29-07-2024
719,Laura Lee,laura.lee19@icloud.com,4236 Sunset Blvd,Singapore,California,USA,83172,1.365002,103.839215,SME,Silver,82,31114.1,12-07-2019,21,274.56,International Priority,31-03-2024
720,Isabella Hassan,isabella.hassan20@gmail.com,796 Sunset Blvd,London,Victoria,Australia,4668,51.486051,-0.149953,SME,Silver,52,1463.58,23-12-2024,7,1404.23,International Priority,19-09-2024
721,Carlos Ali,carlos.ali21@outlook.com,443 Oak Street,Mumbai,Maharashtra,India,377222,19.108953,72.892818,SME,Gold,97,39419.94,25-01-2023,5,742.81,Express,31-05-2024
722,Amit Smith,amit.smith22@yahoo.com,7350 Main St,Berlin,East Region,Singapore,517381,52.518213,13.41302,SME,Gold,61,22600.96,01-08-2021,24,294.94,Standard,09-12-2024
723,Raj Fernandez,raj.fernandez23@hotmail.com,7868 Main St,London,Alberta,Canada,V2B 5C7,51.549365,-0.124786,Individual,,97,8756.97,14-12-2024,19,348.57,Overnight,23-05-2024
724,Yuki Muller,yuki.muller24@icloud.com,2719 Park Avenue,New York,Illinois,USA,15121,40.680137,-74.001165,Corporate,,84,31152.66,14-11-2020,38,3719.01,Express,18-04-2024
725,Carlos Johnson,carlos.johnson25@gmail.com,8721 Main St,New York,Quebec,Canada,K7C 5C4,40.705399,-74.003361,SME,,90,1564.63,14-03-2023,40,1275.54,International Priority,16-05-2024
726,Olivia Rossi,olivia.rossi26@outlook.com,2752 Sunset Blvd,Toronto,Scotland,UK,SW4 8BA,43.652411,-79.414219,SME,Bronze,70,17167.23,12-10-2020,21,751.53,Standard,27-08-2024
727,James Rossi,james.rossi27@yahoo.com,2829 Market Street,Berlin,Alberta,Canada,T9A 9C4,52.552452,13.446994,Corporate,Silver,72,36855.81,15-02-2020,106,3373.87,Overnight,01-08-2024
728,Chen Wang,chen.wang28@hotmail.com,2112 Victoria Road,Berlin,Central Region,Singapore,335797,52.552514,13.417269,Corporate,,88,34884.4,09-11-2020,105,3887.43,Overnight,06-07-2024
729,Liam Anderson,liam.anderson29@icloud.com,3062 King Street,Toronto,Hesse,Germany,39718,43.610087,-79.398577,Corporate,Silver,56,21725.14,15-07-2021,65,2163.73,Standard,07-08-2024
730,Laura Sharma,laura.sharma30@gmail.com,8008 Lake View Rd,London,West Region,Singapore,785693,51.476248,-0.082311,Corporate,Gold,60,27369.74,14-09-2020,106,2697.32,Express,26-12-2024
731,Isabella Sharma,isabella.sharma31@outlook.com,7624 Hillcrest Ave,Berlin,Hesse,Germany,21652,52.515067,13.394274,Corporate,Silver,66,38272.66,03-10-2023,73,5593.75,Express,26-01-2024
732,Raj Anderson,raj.anderson32@yahoo.com,3183 Maple Road,New York,Ontario,Canada,T4C 3B5,40.711053,-74.033921,Corporate,Bronze,78,35720.5,08-04-2021,21,6502.75,Express,31-05-2024
733,Fatima Ali,fatima.ali33@hotmail.com,6417 Sunset Blvd,New York,Berlin,Germany,77006,40.720183,-74.049097,Individual,Bronze,92,27520.59,14-02-2022,37,650.2,International Priority,08-05-2024
734,Laura Tanaka,laura.tanaka34@icloud.com,3334 King Street,Singapore,Scotland,UK,NW3 9AB,1.360709,103.811493,Corporate,Silver,47,19880.24,20-07-2019,34,2501.58,International Priority,01-05-2024
735,Olivia Nguyen,olivia.nguyen35@gmail.com,361 King Street,Mumbai,Maharashtra,India,118373,19.059934,72.895772,Corporate,Bronze,64,47900.38,30-06-2023,58,5574.29,Express,25-09-2024
736,Carlos Singh,carlos.singh36@outlook.com,3911 Oak Street,Berlin,Berlin,Germany,61617,52.532939,13.411801,Individual,Bronze,50,19485.95,29-04-2022,4,1486.79,Express,06-01-2024
737,Chen Anderson,chen.anderson37@yahoo.com,2264 King Street,London,Bavaria,Germany,66313,51.50888,-0.168658,Corporate,Gold,76,29310.75,16-05-2023,66,3141.08,Standard,20-03-2024
738,Mohammed Ali,mohammed.ali38@hotmail.com,4575 Park Avenue,Toronto,Ontario,Canada,K6A 5B8,43.664063,-79.381174,SME,,66,2599.45,07-11-2024,29,673.11,Standard,04-12-2024
739,Liam Dubois,liam.dubois39@icloud.com,920 Hillcrest Ave,Toronto,Wales,UK,EC1 1AA,43.667607,-79.401853,SME,Bronze,55,4577.46,22-09-2023,17,1412.7,Overnight,31-01-2024
740,Mia Khan,mia.khan40@gmail.com,4551 Maple Road,London,Abu Dhabi,UAE,19877,51.510135,-0.09541,Corporate,,54,15035.52,05-05-2024,50,3025.68,Standard,17-09-2024
741,Arjun Brown,arjun.brown41@outlook.com,6790 King Street,Dubai,Sharjah,UAE,70376,25.162456,55.299577,Individual,Silver,75,38775.7,31-03-2024,25,907.3,Overnight,10-07-2024
742,Laura Fernandez,laura.fernandez42@yahoo.com,8213 Oak Street,Sydney,Dubai,UAE,10803,-33.867185,151.202859,SME,Silver,54,44689.12,11-08-2022,8,1521.58,Express,23-12-2024
743,David Petrov,david.petrov43@hotmail.com,6377 Hillcrest Ave,Mumbai,Sharjah,UAE,15,19.093532,72.90783,Individual,Bronze,82,11775.59,11-07-2020,11,1313.66,Overnight,19-04-2024
744,Michael Khan,michael.khan44@icloud.com,9898 Sunset Blvd,Toronto,Tamil Nadu,India,151157,43.607713,-79.335234,SME,Silver,44,21440.9,13-05-2022,24,6084.67,Standard,29-03-2024
745,Priya Wang,priya.wang45@gmail.com,1768 Lake View Rd,Berlin,West Region,Singapore,120536,52.51175,13.363357,Corporate,Gold,86,23945.94,02-01-2019,74,6266.39,Standard,05-03-2024
746,Noah Costa,noah.costa46@outlook.com,446 Main St,Mumbai,Alberta,Canada,V3C 7B7,19.121364,72.913531,Individual,Bronze,91,9954.45,03-11-2019,95,3168.75,International Priority,24-06-2024
747,Yuki Nair,yuki.nair47@yahoo.com,2706 Main St,Berlin,British Columbia,Canada,M8C 1C9,52.486473,13.450184,Individual,Bronze,84,49955.15,26-10-2021,6,575.31,Express,24-10-2024
748,Chen Martin,chen.martin48@hotmail.com,277 Lake View Rd,Dubai,New South Wales,Australia,5326,25.215718,55.299894,Individual,Bronze,65,46874.73,30-06-2022,16,1993.4,Express,28-07-2024
749,Laura Chowdhury,laura.chowdhury49@icloud.com,2616 Maple Road,New York,Wales,UK,NW5 2BB,40.680294,-73.960189,SME,Silver,90,46189.04,05-05-2021,73,4195.86,Standard,01-02-2024
750,David Singh,david.singh50@gmail.com,1792 Hillcrest Ave,Mumbai,Abu Dhabi,UAE,18827,19.09475,72.839316,SME,Silver,58,31001.78,01-10-2019,21,209,Overnight,27-07-2024
751,Ivan Smith,ivan.smith51@outlook.com,1841 Victoria Road,Singapore,Gujarat,India,628187,1.322893,103.84627,SME,Bronze,56,11436.45,31-08-2019,6,1038.27,Overnight,07-11-2024
752,Olivia Petrov,olivia.petrov52@yahoo.com,3705 Main St,Toronto,England,UK,SE7 6AA,43.650323,-79.347756,Corporate,,73,49848.11,08-08-2023,64,3260.55,Overnight,30-04-2024
753,Olivia Anderson,olivia.anderson53@hotmail.com,2027 Sunset Blvd,Mumbai,Sharjah,UAE,19361,19.077037,72.902943,SME,Silver,48,17857.72,28-07-2020,118,7029.74,International Priority,13-11-2024
754,Daniel Das,daniel.das54@icloud.com,2559 Lake View Rd,Mumbai,Gujarat,India,748493,19.059235,72.829959,Corporate,Silver,66,38644.13,11-08-2020,20,956.93,Overnight,01-08-2024
755,Elena Ali,elena.ali55@gmail.com,1295 Market Street,Mumbai,Wales,UK,NW3 6AA,19.124686,72.856077,Individual,Bronze,99,16411.7,23-05-2024,6,1124.74,Standard,30-01-2024
756,Priya Khan,priya.khan56@outlook.com,6167 Victoria Road,Sydney,Ontario,Canada,M3A 2B4,-33.826447,151.189571,Individual,,82,37918.4,18-10-2020,3,1734.54,Standard,12-05-2024
757,Isabella Rossi,isabella.rossi57@yahoo.com,6128 Main St,Mumbai,Ontario,Canada,T4B 6C3,19.114886,72.830216,Corporate,Bronze,68,38580.64,20-09-2021,56,1274.58,Overnight,26-02-2024
758,Mohammed Lopez,mohammed.lopez58@hotmail.com,475 Park Avenue,Berlin,East Region,Singapore,604521,52.496597,13.422165,SME,Silver,98,3049.65,22-05-2023,3,891.54,International Priority,12-05-2024
759,Lucas Rossi,lucas.rossi59@icloud.com,8692 Market Street,New York,New York,USA,19572,40.670718,-74.049227,Corporate,Bronze,42,45227.05,15-10-2020,73,6220.92,Express,15-12-2024
760,Ahmed Rossi,ahmed.rossi60@gmail.com,8022 Lake View Rd,Dubai,Central Region,Singapore,721115,25.179752,55.313236,Individual,Bronze,97,39044.14,13-09-2023,3,3030.5,International Priority,18-01-2024
761,Arjun Dubois,arjun.dubois61@outlook.com,7090 Hillcrest Ave,London,Hamburg,Germany,70817,51.556835,-0.082714,Individual,Bronze,42,15781.18,21-05-2023,5,1551.56,International Priority,16-01-2024
762,Laura Martin,laura.martin62@yahoo.com,3264 Maple Road,Mumbai,Central Region,Singapore,514326,19.085462,72.840028,Corporate,,67,45047.29,03-03-2021,88,1705.03,Overnight,28-03-2024
763,Priya Brown,priya.brown63@hotmail.com,1450 Victoria Road,Toronto,Dubai,UAE,97689,43.646186,-79.337163,SME,Bronze,76,3945.88,15-10-2021,4,5948.31,Express,09-05-2024
764,Carlos Muller,carlos.muller64@icloud.com,189 Oak Street,Mumbai,New South Wales,Australia,5230,19.056241,72.871538,SME,Silver,94,48141.68,06-12-2022,20,955.85,Overnight,09-04-2024
765,Daniel Patel,daniel.patel65@gmail.com,3801 King Street,Toronto,Scotland,UK,EC7 3BA,43.643842,-79.378227,Corporate,Bronze,83,17909.36,16-10-2019,34,6229.02,Overnight,14-11-2024
766,Liam Nair,liam.nair66@outlook.com,6074 Maple Road,Berlin,Queensland,Australia,3116,52.552454,13.357431,Corporate,,72,13900.45,15-07-2021,72,2122.19,Overnight,02-12-2024
767,Ahmed Kim,ahmed.kim67@yahoo.com,9933 Maple Road,Toronto,Florida,USA,89434,43.611327,-79.427687,SME,Gold,89,16574.75,05-02-2022,29,7835.75,Standard,19-12-2024
768,Maria Martin,maria.martin68@hotmail.com,7102 Sunset Blvd,Singapore,Bavaria,Germany,34895,1.382095,103.82981,Individual,,75,38747.04,29-07-2020,19,715.32,Overnight,24-08-2024
769,Anna Ali,anna.ali69@icloud.com,9352 Oak Street,London,England,UK,SW9 1AA,51.505016,-0.082207,Corporate,Bronze,53,5669.98,03-07-2023,25,2801.19,Overnight,16-11-2024
770,Carlos Clark,carlos.clark70@gmail.com,5548 Lake View Rd,New York,Delhi,India,160806,40.732802,-74.005286,SME,Gold,93,39600.42,20-05-2020,114,1936.39,Standard,25-07-2024
771,Yuki Patel,yuki.patel71@outlook.com,3547 King Street,Toronto,Sharjah,UAE,98454,43.674037,-79.366121,SME,Bronze,100,26025.19,13-09-2020,31,1647.32,Overnight,08-03-2024
772,Arjun Ibrahim,arjun.ibrahim72@yahoo.com,832 Main St,Toronto,Berlin,Germany,72181,43.613795,-79.403978,Individual,,89,12625.94,23-04-2021,7,615.77,Standard,21-09-2024
773,Yuki Anderson,yuki.anderson73@hotmail.com,9992 Victoria Road,New York,British Columbia,Canada,M2B 8B5,40.682981,-73.964365,Individual,Gold,77,22718.19,22-12-2023,36,5492.25,Express,28-03-2024
774,Raj Khan,raj.khan74@icloud.com,261 Main St,London,Illinois,USA,61936,51.481671,-0.095824,Individual,Gold,79,21011.25,06-08-2020,15,676.18,Standard,09-12-2024
775,Mohammed Garcia,mohammed.garcia75@gmail.com,3517 Lake View Rd,Mumbai,Hamburg,Germany,12585,19.064029,72.833744,Individual,Bronze,47,41694.64,02-02-2022,16,868.45,Standard,04-10-2024
776,Fatima Nguyen,fatima.nguyen76@outlook.com,9602 Maple Road,Toronto,Sharjah,UAE,70677,43.647992,-79.404612,Individual,Bronze,56,18108.6,03-09-2022,22,1934.19,Express,08-05-2024
777,Daniel Martin,daniel.martin77@yahoo.com,218 Market Street,New York,Central Region,Singapore,331786,40.757404,-73.96988,Corporate,,96,1016.31,14-02-2019,109,6861.2,Overnight,19-01-2024
778,Priya Sharma,priya.sharma78@hotmail.com,5083 Main St,Singapore,Bavaria,Germany,48799,1.376996,103.794938,SME,Bronze,42,4253.57,25-04-2020,1,1501.19,Overnight,22-04-2024
779,Priya Nair,priya.nair79@icloud.com,7790 Lake View Rd,Singapore,East Region,Singapore,686281,1.302339,103.865897,Corporate,Gold,97,14952.81,02-11-2024,99,950.55,Overnight,07-05-2024
780,Isabella Sharma,isabella.sharma80@gmail.com,7750 Sunset Blvd,Berlin,Dubai,UAE,49185,52.498946,13.424735,Corporate,Silver,85,29222.22,28-06-2022,28,5064.47,Standard,12-07-2024
781,David Clark,david.clark81@outlook.com,3282 Lake View Rd,New York,Quebec,Canada,T2B 6A8,40.685144,-74.005746,Corporate,Silver,51,19691.98,17-11-2024,100,6892.22,International Priority,02-02-2024
782,Isabella Smith,isabella.smith82@yahoo.com,7747 Hillcrest Ave,Berlin,Wales,UK,W4 2AB,52.535233,13.359138,Corporate,,48,45213.94,25-02-2020,95,6083.7,International Priority,01-08-2024
783,Anna Khan,anna.khan83@hotmail.com,7845 Sunset Blvd,Singapore,Tamil Nadu,India,324892,1.340136,103.833389,Corporate,Bronze,94,27025.02,13-04-2024,97,6622.66,Express,24-04-2024
784,Chen Nair,chen.nair84@icloud.com,5369 Lake View Rd,London,Quebec,Canada,V2B 4B8,51.548751,-0.16841,Individual,,42,9819,09-08-2021,33,1427.59,Overnight,10-05-2024
785,Raj Khan,raj.khan85@gmail.com,5755 Sunset Blvd,Mumbai,West Region,Singapore,495644,19.090632,72.889575,Individual,Silver,60,49144.43,01-12-2023,5,359.13,Express,12-09-2024
786,Wei Ali,wei.ali86@outlook.com,7326 Market Street,New York,West Region,Singapore,281473,40.722361,-73.99068,SME,Silver,68,4815.05,08-05-2022,32,1087.75,Express,26-12-2024
787,Yuki Singh,yuki.singh87@yahoo.com,8236 Victoria Road,Dubai,Tamil Nadu,India,218063,25.225203,55.315293,Corporate,Bronze,53,21158.8,26-05-2020,8,1192.69,Express,24-02-2024
788,Lucas Fernandez,lucas.fernandez88@hotmail.com,9057 Park Avenue,Singapore,Wales,UK,SE5 2AA,1.382444,103.868523,SME,Gold,99,30275.25,05-02-2024,6,933.74,International Priority,25-08-2024
789,Carlos Patel,carlos.patel89@icloud.com,2328 King Street,Singapore,Hamburg,Germany,93535,1.392634,103.830285,Individual,Bronze,94,28464.12,21-09-2020,7,1666.18,International Priority,08-06-2024
790,Raj Wang,raj.wang90@gmail.com,3855 Market Street,Dubai,Karnataka,India,342030,25.218178,55.27954,Individual,Silver,42,29426.6,16-10-2019,17,68.91,Express,07-12-2024
791,Priya Martin,priya.martin91@outlook.com,971 Oak Street,Sydney,Florida,USA,69314,-33.834241,151.18808,Individual,Gold,73,38048.85,30-10-2022,74,6571.49,International Priority,11-01-2024
792,Priya Ibrahim,priya.ibrahim92@yahoo.com,24 Hillcrest Ave,Singapore,Illinois,USA,55670,1.380087,103.782789,Corporate,,92,11843.88,19-01-2022,38,2002.9,International Priority,31-05-2024
793,Priya Rossi,priya.rossi93@hotmail.com,5461 Main St,Toronto,Abu Dhabi,UAE,13708,43.613196,-79.403636,Corporate,Silver,75,36686.28,17-06-2019,71,3499.75,Express,19-02-2024
794,Arjun Martin,arjun.martin94@icloud.com,1997 Maple Road,London,Alberta,Canada,T2B 5C7,51.478543,-0.091676,Individual,,81,19106.58,12-04-2023,1,1779.25,International Priority,04-08-2024
795,Raj Tanaka,raj.tanaka95@gmail.com,5157 Sunset Blvd,New York,East Region,Singapore,503179,40.702295,-74.055946,SME,Gold,65,31017.27,12-11-2021,21,1310.03,International Priority,05-08-2024
796,Michael Costa,michael.costa96@outlook.com,6188 King Street,Dubai,Wales,UK,W9 3AB,25.166852,55.270248,SME,,75,22089.76,07-04-2020,15,787.26,Express,23-07-2024
797,Mohammed Nair,mohammed.nair97@yahoo.com,59 King Street,Toronto,Dubai,UAE,79893,43.669445,-79.391952,Individual,Silver,60,31504.3,25-03-2024,24,6760.26,International Priority,31-03-2024
798,Mia Garcia,mia.garcia98@hotmail.com,2003 Main St,Dubai,Alberta,Canada,K4C 3B9,25.167772,55.296396,SME,Bronze,52,8799.68,11-10-2023,28,1207.53,International Priority,06-08-2024
799,Sara Wang,sara.wang99@icloud.com,8917 Main St,New York,Quebec,Canada,K1A 9B7,40.737591,-73.999841,Individual,,82,29054.07,20-11-2020,118,2473.55,Overnight,18-11-2024
800,Liam Mehta,liam.mehta0@gmail.com,7795 Oak Street,Berlin,Abu Dhabi,UAE,28239,52.494141,13.423791,SME,Silver,81,11323.34,18-06-2024,38,2590.9,International Priority,11-12-2024
801,Elena Clark,elena.clark1@outlook.com,8032 Main St,New York,New South Wales,Australia,4947,40.721022,-73.991385,Individual,Silver,92,23966.34,07-04-2022,3,670.75,Express,05-09-2024
802,Olivia Muller,olivia.muller2@yahoo.com,1201 Lake View Rd,Sydney,Alberta,Canada,T6C 1A3,-33.868732,151.190195,SME,Gold,66,16633.31,09-07-2021,29,638.59,Overnight,02-07-2024
803,Anna Wang,anna.wang3@hotmail.com,1422 King Street,New York,Queensland,Australia,2543,40.66831,-73.994325,Corporate,Silver,73,21331.87,11-11-2024,115,381.9,Express,10-06-2024
804,Chen Sharma,chen.sharma4@icloud.com,5428 King Street,New York,California,USA,96207,40.666459,-74.027673,Individual,Bronze,98,47249.35,27-02-2020,37,883.14,Overnight,01-06-2024
805,Ahmed Mehta,ahmed.mehta5@gmail.com,4641 Lake View Rd,Sydney,Illinois,USA,88673,-33.826197,151.222804,Individual,Bronze,50,38281.58,29-12-2019,86,967.61,Express,22-07-2024
806,Carlos Nair,carlos.nair6@outlook.com,7303 Hillcrest Ave,London,British Columbia,Canada,H2B 6A6,51.517503,-0.09036,SME,,51,45578.89,25-01-2023,92,5234.1,Overnight,15-09-2024
807,Amit Dubois,amit.dubois7@yahoo.com,410 Market Street,Singapore,New York,USA,35076,1.318312,103.861725,Individual,,87,16668.21,15-09-2021,1,673.94,Standard,16-10-2024
808,John Tanaka,john.tanaka8@hotmail.com,44 Oak Street,New York,Scotland,UK,NW6 4AA,40.758879,-73.979524,Individual,,40,30748.46,18-07-2024,14,1811.05,Overnight,11-04-2024
809,Olivia Hassan,olivia.hassan9@icloud.com,2597 Main St,Sydney,New South Wales,Australia,2687,-33.900121,151.200109,Individual,,62,16123.7,07-11-2023,33,1183.88,Overnight,01-09-2024
810,James Garcia,james.garcia10@gmail.com,7177 Sunset Blvd,Toronto,Victoria,Australia,6688,43.622968,-79.340862,Corporate,Bronze,57,26656.1,24-09-2023,17,4164.49,International Priority,10-01-2024
811,Lucas Chowdhury,lucas.chowdhury11@outlook.com,7027 Hillcrest Ave,Berlin,British Columbia,Canada,K6B 8A6,52.476527,13.443413,Corporate,Gold,76,8636.05,21-08-2019,108,4508.64,Express,31-01-2024
812,Maria Lee,maria.lee12@yahoo.com,9584 Oak Street,Berlin,New York,USA,91730,52.523242,13.377973,SME,,77,42161.44,06-03-2020,55,839.9,Overnight,14-11-2024
813,Sophia Lopez,sophia.lopez13@hotmail.com,5940 Park Avenue,New York,Gujarat,India,414054,40.683199,-73.976823,Corporate,Gold,40,6780.03,21-02-2022,33,2544.67,Overnight,11-12-2024
814,Chen Khan,chen.khan14@icloud.com,3611 Oak Street,London,Central Region,Singapore,368632,51.555392,-0.133493,SME,Silver,66,28409.15,03-02-2022,21,7774.07,International Priority,07-11-2024
815,Liam Nguyen,liam.nguyen15@gmail.com,3255 Main St,London,Abu Dhabi,UAE,47294,51.511956,-0.126626,Corporate,Silver,52,9023.83,27-10-2021,59,4509.18,International Priority,30-11-2024
816,Chen Das,chen.das16@outlook.com,4206 Oak Street,Toronto,Sharjah,UAE,88863,43.698491,-79.39361,SME,,69,15433.79,11-09-2024,109,7413.62,Standard,28-03-2024
817,Elena Chowdhury,elena.chowdhury17@yahoo.com,3320 Maple Road,New York,New South Wales,Australia,7427,40.752262,-74.053473,Corporate,Silver,92,44045.45,08-09-2022,65,7518.36,Standard,09-12-2024
818,John Johnson,john.johnson18@hotmail.com,7276 Market Street,Berlin,Quebec,Canada,H2B 6A2,52.479873,13.365153,Corporate,Gold,83,16545.71,15-09-2023,98,1988.64,International Priority,09-05-2024
819,John Wang,john.wang19@icloud.com,6948 Hillcrest Ave,London,Quebec,Canada,M3A 4C9,51.472302,-0.141553,SME,Gold,99,6165.63,26-10-2021,109,7420.69,Standard,29-06-2024
820,Sara Nair,sara.nair20@gmail.com,2919 Oak Street,New York,Scotland,UK,SE1 8AA,40.751643,-73.974142,Individual,Silver,72,48377.95,31-12-2022,32,1177.11,Standard,30-07-2024
821,Arjun Fernandez,arjun.fernandez21@outlook.com,5744 King Street,Dubai,Hesse,Germany,42360,25.218356,55.305183,Individual,,73,33653.89,07-12-2019,12,1036.4,Express,06-11-2024
822,Elena Muller,elena.muller22@yahoo.com,9948 Sunset Blvd,London,East Region,Singapore,766018,51.464123,-0.154324,Corporate,Gold,63,32962.66,22-02-2019,45,1583.43,Overnight,24-09-2024
823,Mohammed Clark,mohammed.clark23@hotmail.com,1781 Hillcrest Ave,Sydney,Hamburg,Germany,66299,-33.853145,151.242521,SME,Gold,59,26693.1,19-02-2020,17,675.39,Standard,27-09-2024
824,Daniel Khan,daniel.khan24@icloud.com,226 King Street,Dubai,New South Wales,Australia,2181,25.187909,55.271534,Individual,Bronze,79,4544.43,11-06-2024,39,1790.76,Standard,26-06-2024
825,Liam Dubois,liam.dubois25@gmail.com,2700 Park Avenue,Singapore,Abu Dhabi,UAE,37753,1.349528,103.846982,SME,,80,8695.59,21-09-2021,24,1896.93,Standard,09-12-2024
826,Raj Singh,raj.singh26@outlook.com,4158 Main St,London,England,UK,SW2 3AA,51.459558,-0.129127,Individual,Bronze,40,29159.97,20-07-2024,24,353.83,Overnight,14-06-2024
827,Isabella Singh,isabella.singh27@yahoo.com,3784 Park Avenue,Berlin,Wales,UK,EC1 5BB,52.548555,13.420287,SME,Silver,77,19813.26,25-06-2021,1,950.95,Standard,10-04-2024
828,Elena Smith,elena.smith28@hotmail.com,5026 Victoria Road,Mumbai,England,UK,W8 8BA,19.114051,72.84252,Corporate,Silver,78,11346.18,12-11-2023,69,194.31,Express,14-05-2024
829,Michael Chowdhury,michael.chowdhury29@icloud.com,1457 Park Avenue,Dubai,New South Wales,Australia,3181,25.227553,55.280952,SME,Bronze,89,41748.06,24-12-2021,29,1663.16,Overnight,18-09-2024
830,Isabella Hassan,isabella.hassan30@gmail.com,6456 Sunset Blvd,Singapore,Berlin,Germany,20598,1.341016,103.851613,Individual,,52,38935.66,01-03-2020,23,4563.4,International Priority,19-02-2024
831,Olivia Ibrahim,olivia.ibrahim31@outlook.com,4885 Hillcrest Ave,Toronto,Dubai,UAE,5300,43.642911,-79.428505,Corporate,Gold,79,38470.09,21-06-2024,42,985.55,Overnight,07-08-2024
832,Mia Johnson,mia.johnson32@yahoo.com,1152 Lake View Rd,Toronto,Wales,UK,EC9 5BB,43.617537,-79.341415,SME,Silver,66,32201.42,20-03-2023,2,1479.95,Express,07-07-2024
833,Wei Dubois,wei.dubois33@hotmail.com,7617 Main St,Berlin,Sharjah,UAE,41119,52.492175,13.394829,Individual,,55,1367.13,26-10-2024,15,1086.18,Overnight,18-04-2024
834,Sophia Das,sophia.das34@icloud.com,8077 Main St,London,New York,USA,49266,51.525316,-0.14114,Corporate,,68,31310.32,17-04-2023,13,6341.16,Standard,11-03-2024
835,Olivia Mehta,olivia.mehta35@gmail.com,120 Hillcrest Ave,New York,British Columbia,Canada,V6C 6C7,40.69165,-74.050306,SME,Silver,57,36471.45,22-06-2019,24,393.46,International Priority,20-05-2024
836,Chen Tanaka,chen.tanaka36@outlook.com,7775 Victoria Road,London,Alberta,Canada,H7A 3A1,51.552358,-0.101058,Individual,Silver,92,19603.14,17-03-2020,19,1639.78,Express,20-01-2024
837,Noah Dubois,noah.dubois37@yahoo.com,2687 Lake View Rd,Berlin,Sharjah,UAE,97827,52.529313,13.369323,SME,,49,48296.03,08-02-2020,23,2463.14,International Priority,11-05-2024
838,Priya Lee,priya.lee38@hotmail.com,2936 Oak Street,Toronto,Delhi,India,784607,43.66336,-79.368539,SME,Gold,53,21848.45,24-01-2020,22,1187.61,Overnight,06-11-2024
839,Emma Patel,emma.patel39@icloud.com,5259 Victoria Road,London,Delhi,India,447889,51.494724,-0.096911,Corporate,Bronze,62,39063.22,26-04-2020,36,7334.71,Express,27-10-2024
840,Priya Ali,priya.ali40@gmail.com,8735 Maple Road,Toronto,Victoria,Australia,4181,43.69349,-79.351813,Corporate,Silver,64,18320.44,04-09-2021,56,3702.89,Standard,28-01-2024
841,Amit Muller,amit.muller41@outlook.com,9072 Hillcrest Ave,Dubai,New South Wales,Australia,4320,25.185606,55.251939,Individual,Bronze,50,41538.26,17-01-2023,32,826.81,Standard,24-10-2024
842,Arjun Das,arjun.das42@yahoo.com,3674 Hillcrest Ave,Singapore,Quebec,Canada,M8A 1B7,1.363025,103.852675,Corporate,,65,6262.02,24-09-2023,113,3823.1,International Priority,06-04-2024
843,Sophia Das,sophia.das43@hotmail.com,3562 Sunset Blvd,New York,Texas,USA,75257,40.702552,-74.015756,Individual,Bronze,64,12892.28,01-06-2023,2,1253.83,Overnight,30-05-2024
844,Olivia Tanaka,olivia.tanaka44@icloud.com,770 King Street,Dubai,West Region,Singapore,325246,25.175343,55.30071,SME,Gold,63,4104.08,13-06-2019,53,1427.9,Overnight,31-05-2024
845,Olivia Smith,olivia.smith45@gmail.com,5041 Park Avenue,Toronto,Hamburg,Germany,88716,43.693669,-79.37141,SME,,44,22179.42,23-11-2022,32,960.04,Standard,07-04-2024
846,Ivan Ibrahim,ivan.ibrahim46@outlook.com,3630 Market Street,Toronto,Hamburg,Germany,28817,43.698075,-79.367866,Individual,Gold,91,3646.48,09-12-2023,9,1728.63,Standard,18-07-2024
847,Arjun Singh,arjun.singh47@yahoo.com,9369 Sunset Blvd,Mumbai,Queensland,Australia,7079,19.043335,72.922082,SME,,83,11714.98,02-03-2024,15,6166.88,Overnight,27-01-2024
848,James Das,james.das48@hotmail.com,3645 Oak Street,Mumbai,Texas,USA,38377,19.028304,72.834704,Corporate,Gold,67,12071.53,11-11-2024,99,858.31,Overnight,24-07-2024
849,Priya Ibrahim,priya.ibrahim49@icloud.com,7147 Hillcrest Ave,Dubai,Queensland,Australia,7717,25.184675,55.239945,SME,,76,31652.38,02-06-2019,34,155.86,Standard,18-10-2024
850,Ahmed Petrov,ahmed.petrov50@gmail.com,7048 Oak Street,Sydney,East Region,Singapore,775943,-33.833513,151.197716,Corporate,Gold,44,45885.78,22-06-2023,97,1864.13,Express,06-07-2024
851,Maria Clark,maria.clark51@outlook.com,5138 Hillcrest Ave,Dubai,Hamburg,Germany,63934,25.190702,55.280218,Individual,,48,33451.07,04-11-2023,36,1128.51,International Priority,16-01-2024
852,Sara Petrov,sara.petrov52@yahoo.com,7242 Oak Street,Mumbai,Sharjah,UAE,98836,19.042111,72.907164,Individual,Gold,74,1250.68,16-04-2019,37,733.57,Overnight,26-03-2024
853,Mohammed Anderson,mohammed.anderson53@hotmail.com,7730 Hillcrest Ave,Toronto,New South Wales,Australia,6697,43.636098,-79.346276,SME,,84,31410.62,03-06-2021,32,1714.95,International Priority,14-07-2024
854,Michael Hassan,michael.hassan54@icloud.com,7687 Park Avenue,Berlin,Wales,UK,EC8 1BB,52.510999,13.440107,SME,Gold,70,4384.93,10-01-2021,30,961.25,Express,21-02-2024
855,Olivia Costa,olivia.costa55@gmail.com,3121 Market Street,Dubai,Sharjah,UAE,32923,25.210933,55.285092,Corporate,Silver,80,37231.95,09-04-2019,20,5718.66,Standard,22-05-2024
856,Yuki Muller,yuki.muller56@outlook.com,3497 Main St,Toronto,West Region,Singapore,641433,43.634646,-79.389754,Corporate,Bronze,55,3360.38,09-09-2022,108,815.79,International Priority,23-01-2024
857,Sara Chowdhury,sara.chowdhury57@yahoo.com,932 Maple Road,Berlin,East Region,Singapore,777510,52.55792,13.427294,SME,,83,43990.96,09-02-2020,7,625.18,Express,26-02-2024
858,Sophia Muller,sophia.muller58@hotmail.com,1647 Victoria Road,Berlin,New South Wales,Australia,6034,52.51866,13.424493,SME,Gold,89,30706.31,12-04-2022,81,1593.4,International Priority,21-01-2024
859,Raj Brown,raj.brown59@icloud.com,4139 Maple Road,Mumbai,British Columbia,Canada,V4B 9C4,19.034848,72.867449,Individual,Silver,44,40375.7,16-08-2023,26,866.23,Standard,29-09-2024
860,Sara Singh,sara.singh60@gmail.com,2635 King Street,Dubai,Queensland,Australia,6600,25.178997,55.237686,Individual,,54,1150.21,27-04-2019,20,1617.63,Express,21-04-2024
861,Elena Costa,elena.costa61@outlook.com,1436 Park Avenue,London,British Columbia,Canada,H6A 8B3,51.504093,-0.08554,Individual,,67,29690.75,14-02-2024,100,5500.88,Overnight,15-09-2024
862,Anna Costa,anna.costa62@yahoo.com,4035 Hillcrest Ave,New York,Central Region,Singapore,157024,40.689776,-73.994132,SME,,72,27319.66,04-11-2021,5,1482,International Priority,23-04-2024
863,Elena Ibrahim,elena.ibrahim63@hotmail.com,2398 King Street,Mumbai,Florida,USA,49867,19.069986,72.83287,SME,Bronze,86,2378.5,08-01-2023,2,1936.21,International Priority,24-12-2024
864,Ivan Khan,ivan.khan64@icloud.com,5716 Lake View Rd,Mumbai,Central Region,Singapore,587215,19.096297,72.873926,SME,Gold,89,34311.56,10-11-2022,65,5680.74,Overnight,17-10-2024
865,Raj Sharma,raj.sharma65@gmail.com,6208 Park Avenue,London,Berlin,Germany,73324,51.470054,-0.084341,Individual,Gold,56,46074.95,14-12-2022,25,693.52,Standard,19-10-2024
866,Michael Mehta,michael.mehta66@outlook.com,7460 King Street,New York,Abu Dhabi,UAE,3041,40.680022,-74.042463,SME,,66,13410.94,15-10-2021,39,771.12,Overnight,04-08-2024
867,Raj Garcia,raj.garcia67@yahoo.com,4133 Sunset Blvd,Toronto,Sharjah,UAE,5219,43.696007,-79.386151,Corporate,,73,40573.73,07-02-2022,34,3456.62,Standard,21-01-2024
868,Olivia Chowdhury,olivia.chowdhury68@hotmail.com,6382 Main St,Sydney,Tamil Nadu,India,431042,-33.822566,151.257136,SME,,62,19803.3,01-01-2024,39,5827.27,Express,14-11-2024
869,Isabella Garcia,isabella.garcia69@icloud.com,9515 Lake View Rd,Dubai,Tamil Nadu,India,656370,25.174627,55.316999,SME,Silver,48,47515.4,15-07-2019,4,684.67,Standard,29-09-2024
870,Daniel Lopez,daniel.lopez70@gmail.com,3737 Park Avenue,Sydney,East Region,Singapore,304873,-33.901437,151.237572,SME,,43,39599.88,22-08-2022,40,1586.88,Standard,05-11-2024
871,Anna Khan,anna.khan71@outlook.com,7226 Main St,Toronto,Hamburg,Germany,10955,43.696035,-79.352811,SME,Bronze,100,1118.78,20-02-2024,3,312.58,International Priority,12-05-2024
872,Wei Clark,wei.clark72@yahoo.com,1498 Sunset Blvd,Singapore,Delhi,India,578359,1.327018,103.843973,SME,Gold,80,27569.03,13-12-2021,34,1248.91,Overnight,05-04-2024
873,Olivia Martin,olivia.martin73@hotmail.com,2200 Main St,Mumbai,Sharjah,UAE,51214,19.058208,72.891303,Corporate,Bronze,61,34633.49,19-10-2020,54,7701.21,Express,05-11-2024
874,Anna Kim,anna.kim74@icloud.com,8514 King Street,New York,Queensland,Australia,3062,40.695501,-73.967131,Corporate,,55,920.68,07-05-2021,105,3672.69,Overnight,18-11-2024
875,John Brown,john.brown75@gmail.com,5456 Main St,Mumbai,California,USA,70574,19.038563,72.924839,SME,Silver,75,49061.31,11-08-2022,19,829.54,Standard,11-02-2024
876,Fatima Chowdhury,fatima.chowdhury76@outlook.com,2833 Oak Street,Berlin,New York,USA,42592,52.56178,13.383653,Individual,,62,4964.3,02-07-2023,12,353.23,Standard,06-11-2024
877,Mia Hassan,mia.hassan77@yahoo.com,8974 Victoria Road,Mumbai,Berlin,Germany,32295,19.045047,72.90652,SME,,96,45455.83,28-11-2022,20,973.52,Overnight,15-06-2024
878,Sophia Nguyen,sophia.nguyen78@hotmail.com,4492 Lake View Rd,Mumbai,East Region,Singapore,479525,19.029431,72.922554,SME,,40,34736.25,05-12-2020,25,331.68,Standard,06-11-2024
879,David Clark,david.clark79@icloud.com,1228 Maple Road,Toronto,Gujarat,India,469516,43.696241,-79.341142,SME,,88,32754.81,09-08-2024,37,808.24,Overnight,23-09-2024
880,Noah Anderson,noah.anderson80@gmail.com,898 Oak Street,Toronto,Queensland,Australia,3747,43.628181,-79.358604,Individual,,78,36067.95,31-12-2019,28,1306.88,Express,10-12-2024
881,John Singh,john.singh81@outlook.com,7978 Lake View Rd,Toronto,Illinois,USA,81586,43.683767,-79.429742,Individual,Gold,87,1492.83,29-09-2022,15,1967.11,Standard,15-07-2024
882,Laura Anderson,laura.anderson82@yahoo.com,9400 Main St,Sydney,Texas,USA,30659,-33.860136,151.182271,Individual,Bronze,75,44316.78,11-12-2022,8,807.05,Overnight,24-03-2024
883,Mohammed Chowdhury,mohammed.chowdhury83@hotmail.com,4817 Sunset Blvd,Berlin,England,UK,SE5 4AB,52.493759,13.418493,Corporate,Silver,67,47933.84,21-07-2021,63,2072.96,Express,26-06-2024
884,Olivia Petrov,olivia.petrov84@icloud.com,5503 Market Street,Singapore,East Region,Singapore,263563,1.307928,103.861475,Individual,,50,25137.89,20-07-2022,81,4521.97,Express,16-03-2024
885,Priya Martin,priya.martin85@gmail.com,1424 Park Avenue,Singapore,Scotland,UK,SE3 3BA,1.378156,103.857093,Corporate,Silver,43,28071.75,06-06-2022,71,5311.3,Overnight,11-04-2024
886,Yuki Sharma,yuki.sharma86@outlook.com,3745 Maple Road,Toronto,Sharjah,UAE,7652,43.644365,-79.375644,Corporate,Gold,42,5842.34,19-02-2020,78,2202.03,International Priority,28-02-2024
887,Isabella Wang,isabella.wang87@yahoo.com,7595 Hillcrest Ave,New York,Texas,USA,65787,40.728064,-73.962094,Individual,Bronze,57,30994.07,06-01-2020,48,2378.24,Express,15-03-2024
888,Fatima Costa,fatima.costa88@hotmail.com,9246 Sunset Blvd,Sydney,Berlin,Germany,37295,-33.913067,151.216568,Individual,,97,37931.01,22-07-2023,63,7739.55,Express,09-04-2024
889,Liam Nair,liam.nair89@icloud.com,6585 Park Avenue,London,British Columbia,Canada,T9A 8A3,51.506307,-0.137961,Individual,Gold,63,35262,05-07-2022,53,310.83,International Priority,12-05-2024
890,Elena Petrov,elena.petrov90@gmail.com,5036 Sunset Blvd,New York,Quebec,Canada,V1A 5B5,40.685213,-74.014141,Corporate,Gold,47,1250.73,29-07-2024,89,6687.22,Overnight,08-11-2024
891,Elena Patel,elena.patel91@outlook.com,9555 Sunset Blvd,Dubai,Queensland,Australia,5473,25.162793,55.243249,SME,Bronze,47,32201.84,01-02-2021,86,5968.17,Overnight,12-07-2024
892,Priya Chowdhury,priya.chowdhury92@yahoo.com,5840 Sunset Blvd,Dubai,Florida,USA,73274,25.198188,55.242103,Individual,,54,30221.6,17-04-2023,104,5777.34,Overnight,09-08-2024
893,Mia Lopez,mia.lopez93@hotmail.com,7349 Lake View Rd,New York,California,USA,57640,40.729565,-74.045134,Individual,Bronze,81,12969.66,08-04-2021,102,6835.47,Overnight,08-08-2024
894,Wei Chowdhury,wei.chowdhury94@icloud.com,7221 Sunset Blvd,Toronto,Sharjah,UAE,3916,43.65871,-79.422888,Individual,Bronze,90,17909,20-12-2021,25,152.61,International Priority,28-02-2024
895,Arjun Smith,arjun.smith95@gmail.com,6410 Park Avenue,London,California,USA,42632,51.481251,-0.07925,Corporate,Silver,73,40218.52,11-06-2024,42,2007.7,Express,27-01-2024
896,Noah Rossi,noah.rossi96@outlook.com,7971 Victoria Road,London,Berlin,Germany,79498,51.516153,-0.083376,Corporate,Silver,69,36794.77,07-12-2022,15,2643.59,Overnight,17-09-2024
897,Amit Dubois,amit.dubois97@yahoo.com,1879 Hillcrest Ave,Sydney,Scotland,UK,EC6 5AA,-33.892328,151.233873,SME,Bronze,68,12565.95,12-10-2022,36,989.43,Standard,11-06-2024
898,Sophia Ibrahim,sophia.ibrahim98@hotmail.com,9716 Victoria Road,London,Florida,USA,80966,51.536137,-0.082906,Individual,Silver,68,30437.54,29-11-2023,37,168.55,Overnight,03-01-2024
899,Anna Ibrahim,anna.ibrahim99@icloud.com,4700 Hillcrest Ave,Dubai,California,USA,51335,25.168177,55.279362,Corporate,Gold,55,46009.81,20-01-2023,119,7749.11,Overnight,02-04-2024
900,Noah Das,noah.das0@gmail.com,6644 Maple Road,Berlin,Dubai,UAE,91112,52.530506,13.358225,SME,Bronze,79,8989.9,14-10-2020,10,1417.43,Overnight,19-12-2024
901,Arjun Anderson,arjun.anderson1@outlook.com,1156 Sunset Blvd,Toronto,West Region,Singapore,273487,43.640246,-79.341283,Individual,,54,9384.72,21-11-2020,2,770.6,International Priority,07-08-2024
902,Raj Lopez,raj.lopez2@yahoo.com,8220 Main St,London,Karnataka,India,174695,51.477502,-0.103009,Corporate,,53,34289.65,15-08-2022,58,878.44,Standard,13-01-2024
903,Amit Ibrahim,amit.ibrahim3@hotmail.com,9218 Main St,Sydney,West Region,Singapore,322395,-33.873722,151.175471,Individual,Gold,47,48665.54,07-03-2019,2,1605.02,Standard,26-10-2024
904,Liam Ali,liam.ali4@icloud.com,8494 Main St,Dubai,Abu Dhabi,UAE,76653,25.157914,55.293427,Individual,,48,5192.48,01-04-2020,22,1111.07,Overnight,02-08-2024
905,James Fernandez,james.fernandez5@gmail.com,5566 Sunset Blvd,Berlin,East Region,Singapore,619037,52.55375,13.393431,Corporate,,79,12727.19,16-02-2021,69,2686.65,Standard,31-05-2024
906,Michael Rossi,michael.rossi6@outlook.com,3944 Lake View Rd,Mumbai,Dubai,UAE,13778,19.10319,72.851446,Corporate,Bronze,65,18176.76,25-06-2022,4,3535.85,Standard,07-06-2024
907,Lucas Clark,lucas.clark7@yahoo.com,5077 Lake View Rd,Mumbai,Berlin,Germany,15716,19.113945,72.835397,Corporate,Gold,56,43180.07,04-09-2024,34,5703.83,International Priority,07-03-2024
908,Sara Muller,sara.muller8@hotmail.com,1386 Oak Street,Berlin,Queensland,Australia,2990,52.540935,13.421404,Individual,Bronze,64,41922.85,28-04-2022,95,6599.76,Express,24-01-2024
909,Raj Wang,raj.wang9@icloud.com,7788 Maple Road,Dubai,Texas,USA,12570,25.159087,55.221361,Individual,Gold,97,41467.13,29-12-2020,3,161.51,Overnight,30-12-2024
910,Raj Anderson,raj.anderson10@gmail.com,9543 Sunset Blvd,Sydney,Sharjah,UAE,36208,-33.859573,151.239925,SME,Bronze,71,49714.37,19-06-2023,24,423.1,Overnight,27-04-2024
911,Isabella Clark,isabella.clark11@outlook.com,3774 Main St,Berlin,Abu Dhabi,UAE,99040,52.500896,13.365897,Individual,Bronze,99,48594.5,08-11-2019,66,1031.54,Express,15-04-2024
912,Carlos Lee,carlos.lee12@yahoo.com,5187 Main St,Toronto,Gujarat,India,393540,43.632232,-79.339745,Corporate,Silver,96,16187.34,24-03-2021,89,6394.93,Overnight,28-07-2024
913,Raj Kim,raj.kim13@hotmail.com,1921 King Street,Toronto,Dubai,UAE,28361,43.638871,-79.388116,Individual,,85,2207.66,18-01-2020,8,1245.55,International Priority,28-02-2024
914,Amit Khan,amit.khan14@icloud.com,5098 Victoria Road,Mumbai,British Columbia,Canada,V1B 1C9,19.049981,72.845254,SME,Gold,89,8135.15,06-01-2020,97,2853.83,Standard,28-02-2024
915,Maria Garcia,maria.garcia15@gmail.com,5407 Park Avenue,London,New South Wales,Australia,2437,51.517781,-0.078451,SME,,53,25907.04,16-07-2023,10,1709.93,Overnight,29-08-2024
916,Olivia Ali,olivia.ali16@outlook.com,6682 Park Avenue,Sydney,New York,USA,86142,-33.841923,151.23021,Corporate,Silver,42,835.19,14-12-2021,58,1293.41,Express,27-11-2024
917,Amit Sharma,amit.sharma17@yahoo.com,2038 Lake View Rd,Mumbai,Florida,USA,86999,19.088113,72.871469,Corporate,Gold,81,47776.48,20-08-2020,50,325.65,Express,06-04-2024
918,Liam Hassan,liam.hassan18@hotmail.com,6471 Victoria Road,London,Gujarat,India,363137,51.515647,-0.140606,SME,Silver,92,29028.55,25-10-2022,4,1011.85,Express,05-09-2024
919,Mia Khan,mia.khan19@icloud.com,6161 King Street,London,Hamburg,Germany,43314,51.463357,-0.091863,SME,,97,26316.76,22-12-2024,119,197.21,Standard,29-01-2024
920,Arjun Dubois,arjun.dubois20@gmail.com,4511 Park Avenue,Singapore,California,USA,15377,1.374043,103.775272,SME,Bronze,45,28701.76,20-12-2022,21,146.08,Express,10-08-2024
921,Sophia Ibrahim,sophia.ibrahim21@outlook.com,4543 Park Avenue,Toronto,Alberta,Canada,H7C 1A9,43.612756,-79.340498,Corporate,Silver,92,41332.03,14-06-2023,92,3990.36,Overnight,04-11-2024
922,Anna Tanaka,anna.tanaka22@yahoo.com,9893 Sunset Blvd,Dubai,Texas,USA,73011,25.186422,55.28009,SME,Silver,48,19520.56,28-06-2020,2,1795.27,Express,27-11-2024
923,Mia Kim,mia.kim23@hotmail.com,7268 Maple Road,New York,Ontario,Canada,K9B 9B6,40.679475,-74.031373,SME,Bronze,80,22016.1,27-04-2023,5,1074.04,International Priority,13-02-2024
924,Daniel Petrov,daniel.petrov24@icloud.com,2028 Main St,Dubai,Victoria,Australia,4681,25.194259,55.308622,Corporate,,58,7957.34,29-02-2020,63,3443.07,Standard,14-08-2024
925,Anna Khan,anna.khan25@gmail.com,2127 King Street,New York,New South Wales,Australia,6271,40.676817,-74.023427,Individual,Silver,54,19256.49,18-04-2022,112,4669.31,Standard,28-06-2024
926,Michael Kim,michael.kim26@outlook.com,5311 Sunset Blvd,Berlin,Wales,UK,NW3 3BA,52.527427,13.437266,Individual,,57,12044.66,03-12-2019,47,5772.94,International Priority,18-09-2024
927,Raj Sharma,raj.sharma27@yahoo.com,9952 Market Street,Toronto,Scotland,UK,SW8 8BB,43.69928,-79.384778,SME,Bronze,42,31004.91,19-08-2022,6,1299.41,Overnight,19-05-2024
928,Ivan Ali,ivan.ali28@hotmail.com,8266 Oak Street,London,Quebec,Canada,H6B 6B7,51.534257,-0.090225,Individual,Gold,41,41018.26,09-07-2021,35,1373.72,Standard,10-06-2024
929,Sara Kim,sara.kim29@icloud.com,2524 Hillcrest Ave,Sydney,Hamburg,Germany,48437,-33.82059,151.258503,Individual,Silver,67,30810.22,18-12-2023,30,1076.99,International Priority,16-05-2024
930,Noah Garcia,noah.garcia30@gmail.com,5800 Victoria Road,New York,Texas,USA,50857,40.755804,-74.033224,Individual,,54,10507.01,17-06-2019,34,606.58,Overnight,15-10-2024
931,Carlos Lopez,carlos.lopez31@outlook.com,3918 Park Avenue,Dubai,Abu Dhabi,UAE,18552,25.20948,55.232382,Individual,Bronze,40,44743.88,04-10-2021,20,563.76,Standard,28-02-2024
932,Emma Dubois,emma.dubois32@yahoo.com,3329 Maple Road,London,New York,USA,86194,51.539573,-0.109974,SME,Bronze,64,24260.16,26-09-2020,14,1347.94,Express,17-04-2024
933,Isabella Muller,isabella.muller33@hotmail.com,7661 Lake View Rd,New York,England,UK,SW8 8BA,40.757711,-73.997337,Individual,Silver,44,13291.15,26-01-2022,17,1071.02,Overnight,18-01-2024
934,Priya Lopez,priya.lopez34@icloud.com,3559 Oak Street,New York,East Region,Singapore,124176,40.735078,-74.012416,Individual,Gold,48,23808.89,18-04-2019,34,597.85,Overnight,13-04-2024
935,Amit Ibrahim,amit.ibrahim35@gmail.com,1563 Sunset Blvd,Singapore,Dubai,UAE,11328,1.321212,103.823037,Corporate,Silver,73,20239.43,18-07-2024,21,7987.01,Standard,15-03-2024
936,Sophia Rossi,sophia.rossi36@outlook.com,8558 Victoria Road,New York,British Columbia,Canada,H4A 6A7,40.707637,-73.977448,SME,,97,47367.45,08-07-2021,38,1210.19,International Priority,06-07-2024
937,Michael Mehta,michael.mehta37@yahoo.com,7813 Victoria Road,Sydney,Dubai,UAE,57832,-33.856496,151.203255,Corporate,Bronze,56,4686.75,15-06-2021,16,6707.01,Overnight,30-06-2024
938,Sophia Garcia,sophia.garcia38@hotmail.com,8939 Park Avenue,Toronto,Central Region,Singapore,427297,43.698594,-79.404289,Corporate,Gold,55,14841.11,01-10-2021,29,2371.78,Overnight,28-09-2024
939,Arjun Singh,arjun.singh39@icloud.com,3651 Lake View Rd,Sydney,Illinois,USA,89925,-33.866797,151.161331,SME,,71,21167.16,14-07-2021,16,480.79,International Priority,24-06-2024
940,Emma Sharma,emma.sharma40@gmail.com,6071 Oak Street,Mumbai,Florida,USA,46610,19.051658,72.896428,Individual,Silver,77,1371.56,09-12-2023,29,3531.53,Express,07-06-2024
941,Priya Anderson,priya.anderson41@outlook.com,9821 King Street,London,Bavaria,Germany,28037,51.543983,-0.147328,Corporate,Bronze,48,38728.65,03-06-2021,9,6077.62,International Priority,14-12-2024
942,Isabella Wang,isabella.wang42@yahoo.com,8611 Lake View Rd,Toronto,Tamil Nadu,India,306112,43.695783,-79.373874,SME,Silver,66,26002.1,18-08-2020,20,997.25,International Priority,01-12-2024
943,Elena Brown,elena.brown43@hotmail.com,1875 Oak Street,Singapore,Abu Dhabi,UAE,22686,1.32755,103.848373,Individual,Gold,52,4799.45,20-02-2019,79,2888.86,International Priority,22-03-2024
944,Raj Mehta,raj.mehta44@icloud.com,9477 Maple Road,Toronto,England,UK,EC7 7AA,43.619281,-79.34734,SME,Gold,83,49001.39,30-04-2022,25,1994.88,Standard,22-09-2024
945,Sara Smith,sara.smith45@gmail.com,6405 Market Street,Toronto,East Region,Singapore,742895,43.695862,-79.412863,Corporate,Gold,48,33743.82,25-09-2021,102,7988.31,Overnight,08-04-2024
946,Maria Chowdhury,maria.chowdhury46@outlook.com,9655 Lake View Rd,Dubai,West Region,Singapore,472552,25.252735,55.258951,Individual,Gold,79,18538.74,27-03-2019,110,2272.92,Express,12-03-2024
947,Lucas Muller,lucas.muller47@yahoo.com,3298 Lake View Rd,Toronto,West Region,Singapore,283175,43.62869,-79.352617,Individual,Gold,78,16344.88,02-06-2024,34,6164.93,Overnight,18-05-2024
948,Fatima Chowdhury,fatima.chowdhury48@hotmail.com,6979 Victoria Road,Singapore,Scotland,UK,SW9 2BA,1.361863,103.815283,SME,Silver,46,18411.49,03-12-2023,8,138,Express,18-06-2024
949,Daniel Brown,daniel.brown49@icloud.com,8207 Hillcrest Ave,Sydney,Karnataka,India,748669,-33.89074,151.239377,Individual,Gold,67,27571.21,25-08-2023,21,550.66,Standard,13-03-2024
950,Wei Anderson,wei.anderson50@gmail.com,3707 Main St,Toronto,Florida,USA,81762,43.648994,-79.370611,Corporate,Gold,69,17549.44,26-02-2021,69,2305.54,Overnight,20-02-2024
951,Ahmed Rossi,ahmed.rossi51@outlook.com,8666 Hillcrest Ave,Berlin,Hamburg,Germany,68992,52.480076,13.43124,Corporate,Bronze,79,32721.44,16-08-2023,19,1126.94,Standard,07-08-2024
952,Emma Das,emma.das52@yahoo.com,9659 Market Street,London,Bavaria,Germany,19924,51.512609,-0.125763,Corporate,Gold,77,47050.09,01-02-2021,10,753.28,International Priority,16-07-2024
953,Emma Anderson,emma.anderson53@hotmail.com,9203 Main St,Toronto,Scotland,UK,NW3 1AB,43.672129,-79.429467,SME,Bronze,81,39297.62,25-10-2024,11,274.63,Overnight,26-09-2024
954,Priya Muller,priya.muller54@icloud.com,7218 Victoria Road,London,Bavaria,Germany,97103,51.504973,-0.088697,Individual,Bronze,41,33748.84,25-06-2023,81,6438.94,International Priority,12-09-2024
955,Lucas Costa,lucas.costa55@gmail.com,1073 Oak Street,Berlin,East Region,Singapore,433570,52.553278,13.4497,Individual,Bronze,40,30117.81,05-05-2023,28,1432.76,Express,29-12-2024
956,Fatima Chowdhury,fatima.chowdhury56@outlook.com,166 Main St,Berlin,Queensland,Australia,5739,52.493264,13.374988,Individual,Silver,47,10544.37,07-12-2021,26,1045.49,Standard,31-05-2024
957,Michael Fernandez,michael.fernandez57@yahoo.com,4155 Park Avenue,London,Delhi,India,632967,51.491244,-0.116456,Corporate,Silver,51,7578.56,30-01-2023,114,6478.41,Express,28-11-2024
958,James Singh,james.singh58@hotmail.com,6809 Main St,New York,Texas,USA,68904,40.667468,-73.960138,Individual,,80,28223.16,15-12-2021,35,4049.19,International Priority,17-02-2024
959,Priya Khan,priya.khan59@icloud.com,1479 Main St,Mumbai,Victoria,Australia,7102,19.040159,72.843873,Corporate,,69,18855.43,02-11-2023,62,4548.51,Standard,05-12-2024
960,Fatima Rossi,fatima.rossi60@gmail.com,2658 Hillcrest Ave,Dubai,Maharashtra,India,341119,25.167865,55.267147,Individual,Bronze,68,29915.8,25-02-2023,54,1637.11,Standard,22-03-2024
961,Noah Chowdhury,noah.chowdhury61@outlook.com,7064 Maple Road,New York,British Columbia,Canada,M3B 1B4,40.685441,-74.053097,Corporate,Silver,42,16976.91,02-02-2023,116,561.29,Express,03-06-2024
962,John Sharma,john.sharma62@yahoo.com,3922 Lake View Rd,New York,Abu Dhabi,UAE,67808,40.721126,-74.036072,Individual,Gold,79,14428.86,19-08-2021,78,4487.69,Standard,21-02-2024
963,Elena Nair,elena.nair63@hotmail.com,9744 Victoria Road,Sydney,England,UK,SE4 7AB,-33.917777,151.192316,SME,,79,30868.77,04-08-2022,4,92.01,Standard,18-03-2024
964,James Khan,james.khan64@icloud.com,4007 Victoria Road,Dubai,Central Region,Singapore,340164,25.185308,55.25224,SME,Silver,64,44333.63,02-01-2023,40,1671.57,Overnight,26-10-2024
965,James Lopez,james.lopez65@gmail.com,1994 King Street,Dubai,Bavaria,Germany,18911,25.251252,55.284808,Corporate,Gold,73,11076.18,12-11-2019,82,4660.93,International Priority,26-11-2024
966,Yuki Chowdhury,yuki.chowdhury66@outlook.com,6038 Hillcrest Ave,New York,Ontario,Canada,K6C 6A4,40.673385,-74.013712,Corporate,Gold,43,34939.21,04-07-2020,94,6095.44,Overnight,22-10-2024
967,Liam Das,liam.das67@yahoo.com,9476 King Street,Toronto,Hesse,Germany,71205,43.685152,-79.431006,Individual,Silver,88,11149.99,10-08-2022,65,845.65,Standard,17-05-2024
968,Lucas Smith,lucas.smith68@hotmail.com,374 Oak Street,Sydney,New South Wales,Australia,3639,-33.839998,151.170243,Individual,,91,4317.3,08-10-2021,30,1778.44,Standard,24-09-2024
969,John Singh,john.singh69@icloud.com,9479 Victoria Road,Sydney,Illinois,USA,92799,-33.873319,151.177902,SME,Silver,65,8974.1,11-06-2020,80,5875.94,Overnight,31-03-2024
970,Maria Khan,maria.khan70@gmail.com,7974 Main St,Berlin,Florida,USA,49000,52.559305,13.437981,Individual,,72,47120.57,31-01-2020,12,554.35,Standard,05-01-2024
971,Anna Kim,anna.kim71@outlook.com,3897 Main St,Singapore,Texas,USA,73323,1.356285,103.812711,Corporate,Bronze,65,45328,09-09-2024,11,5479.03,Overnight,10-07-2024
972,David Sharma,david.sharma72@yahoo.com,3067 Hillcrest Ave,Dubai,Central Region,Singapore,590662,25.24928,55.311943,Corporate,Silver,41,17040.36,02-05-2024,25,5823.23,Express,01-02-2024
973,Anna Wang,anna.wang73@hotmail.com,402 King Street,New York,Hamburg,Germany,95220,40.715241,-73.956019,Corporate,Silver,44,17193.35,01-01-2025,85,4885,Express,26-09-2024
974,Mohammed Dubois,mohammed.dubois74@icloud.com,4928 Sunset Blvd,Berlin,British Columbia,Canada,K4A 7B9,52.543884,13.358936,Corporate,,46,22984.9,08-07-2022,76,2660.67,International Priority,15-06-2024
975,Ahmed Lopez,ahmed.lopez75@gmail.com,9076 Hillcrest Ave,London,New York,USA,56666,51.553468,-0.085461,Corporate,,94,5702.96,05-03-2020,5,3026.49,International Priority,25-04-2024
976,David Das,david.das76@outlook.com,5440 Victoria Road,Mumbai,Ontario,Canada,H3B 7B5,19.094321,72.898307,SME,Silver,64,31726.87,22-07-2021,60,2244.25,International Priority,29-05-2024
977,Amit Dubois,amit.dubois77@yahoo.com,7716 Main St,Singapore,Berlin,Germany,92502,1.351887,103.817658,SME,Gold,45,38937.2,27-11-2022,34,1935.54,Standard,26-12-2024
978,David Muller,david.muller78@hotmail.com,590 Sunset Blvd,Singapore,Central Region,Singapore,507246,1.365138,103.832697,Corporate,Gold,63,40631.63,06-07-2021,113,7193.2,Standard,18-05-2024
979,Sara Garcia,sara.garcia79@icloud.com,5754 Lake View Rd,Singapore,Victoria,Australia,7095,1.337612,103.786592,Individual,Gold,47,3032.81,20-03-2024,21,5083.98,Standard,05-09-2024
980,Anna Chowdhury,anna.chowdhury80@gmail.com,2631 Maple Road,Sydney,East Region,Singapore,715281,-33.821382,151.199562,Corporate,Bronze,69,10032.78,07-01-2022,103,340.74,Express,20-04-2024
981,Laura Nair,laura.nair81@outlook.com,9864 King Street,London,Ontario,Canada,M6C 9C8,51.478362,-0.083829,SME,Bronze,61,36195.67,06-08-2019,8,1056.08,International Priority,16-11-2024
982,Elena Nguyen,elena.nguyen82@yahoo.com,2661 Oak Street,Singapore,Central Region,Singapore,329735,1.321348,103.837985,Corporate,,45,15155.63,29-02-2024,15,1310.32,Standard,16-01-2024
983,Olivia Dubois,olivia.dubois83@hotmail.com,4549 Hillcrest Ave,London,Central Region,Singapore,766228,51.517233,-0.130203,SME,Bronze,44,37193.14,29-11-2023,31,1626.17,Standard,22-09-2024
984,Raj Smith,raj.smith84@icloud.com,2586 Park Avenue,Toronto,Queensland,Australia,2233,43.642229,-79.40286,SME,Gold,45,1991.85,29-07-2024,33,1812.5,Standard,03-05-2024
985,Maria Ali,maria.ali85@gmail.com,3070 Hillcrest Ave,Singapore,Berlin,Germany,93918,1.332017,103.784886,Corporate,Silver,95,31788.33,22-11-2023,25,5580,Standard,09-03-2024
986,Priya Patel,priya.patel86@outlook.com,8902 Oak Street,Mumbai,Hesse,Germany,42092,19.035774,72.865281,Corporate,Bronze,78,7775.2,22-09-2019,71,4304.77,International Priority,05-11-2024
987,Chen Ibrahim,chen.ibrahim87@yahoo.com,1277 Main St,London,Scotland,UK,SE9 6AA,51.504467,-0.131722,Individual,Bronze,59,25895.31,02-12-2020,17,1493.13,International Priority,04-04-2024
988,Amit Ali,amit.ali88@hotmail.com,4627 Maple Road,London,West Region,Singapore,381368,51.495347,-0.159917,SME,Gold,87,8549.95,01-04-2019,10,916.27,Overnight,08-01-2024
989,Carlos Clark,carlos.clark89@icloud.com,8386 Park Avenue,Mumbai,Berlin,Germany,97731,19.108012,72.91414,Individual,Bronze,78,16231.24,11-01-2024,40,1680.54,Express,21-05-2024
990,Isabella Wang,isabella.wang90@gmail.com,1296 Hillcrest Ave,Singapore,Bavaria,Germany,98657,1.379143,103.829089,Corporate,,46,18202.93,24-08-2019,28,5860.51,International Priority,03-01-2024
991,Michael Wang,michael.wang91@outlook.com,2675 Park Avenue,Mumbai,Maharashtra,India,783589,19.041163,72.899368,SME,Silver,46,29758.97,24-11-2022,2,112.22,Express,23-11-2024
992,Lucas Fernandez,lucas.fernandez92@yahoo.com,9944 Oak Street,London,Florida,USA,50889,51.461374,-0.177474,Individual,Gold,40,48368.51,06-05-2024,2,656.53,Express,25-04-2024
993,Fatima Wang,fatima.wang93@hotmail.com,7912 Market Street,Mumbai,England,UK,SW9 4BB,19.073382,72.875602,Individual,,65,17649.78,28-08-2020,1,1212.96,International Priority,25-10-2024
994,Fatima Singh,fatima.singh94@icloud.com,2728 Hillcrest Ave,London,Dubai,UAE,69747,51.50165,-0.164781,Individual,Gold,93,21976.54,19-09-2019,25,182.27,International Priority,06-04-2024
995,Sara Mehta,sara.mehta95@gmail.com,1028 Park Avenue,London,Scotland,UK,SE7 2AA,51.516681,-0.123603,Corporate,,75,5045.85,22-12-2022,40,1899.08,Express,27-06-2024
996,Daniel Rossi,daniel.rossi96@outlook.com,3296 Market Street,Toronto,England,UK,SE6 1BA,43.622265,-79.375004,Corporate,Silver,56,42847.12,25-09-2019,81,2006.38,Overnight,03-09-2024
997,Carlos Martin,carlos.martin97@yahoo.com,4514 Maple Road,New York,Abu Dhabi,UAE,51882,40.71469,-73.998202,Corporate,Silver,41,41077.57,04-02-2022,61,2148.01,Overnight,17-02-2024
998,Arjun Fernandez,arjun.fernandez98@hotmail.com,3667 Maple Road,London,Delhi,India,192390,51.545315,-0.102851,SME,,58,7446.14,29-10-2021,6,1264.85,International Priority,25-11-2024
999,David Lee,david.lee99@icloud.com,3880 Maple Road,Singapore,East Region,Singapore,203960,1.391193,103.863265,Corporate,,55,46947.12,23-04-2019,120,5352.67,Express,23-07-2024
1000,Isabella Nguyen,isabella.nguyen0@gmail.com,2186 Hillcrest Ave,Berlin,Victoria,Australia,7870,52.551989,13.413349,SME,,65,48147.78,03-07-2024,17,1582.07,International Priority,26-12-2024
1001,Sara Kim,sara.kim1@outlook.com,6514 Oak Street,Sydney,Bavaria,Germany,55500,-33.870513,151.213949,Individual,,71,29790.8,31-10-2023,34,492.73,Overnight,23-03-2024
1002,Amit Chowdhury,amit.chowdhury2@yahoo.com,722 Victoria Road,Dubai,Florida,USA,56275,25.163266,55.294961,Individual,,76,21217.79,30-06-2020,58,6889.83,Standard,26-02-2024
1003,Carlos Sharma,carlos.sharma3@hotmail.com,5128 Lake View Rd,New York,Quebec,Canada,T2A 8B9,40.746921,-73.978204,Corporate,,88,44991.48,12-06-2023,72,5517.72,Express,23-06-2024
1004,Priya Mehta,priya.mehta4@icloud.com,9642 Victoria Road,New York,Central Region,Singapore,228579,40.738369,-73.980339,Individual,Silver,87,11321.95,31-05-2021,104,5354.52,International Priority,22-03-2024
1005,Raj Hassan,raj.hassan5@gmail.com,393 Hillcrest Ave,New York,Abu Dhabi,UAE,73715,40.714559,-74.043384,Corporate,,77,17484.86,26-01-2024,84,7311.9,Express,19-02-2024
1006,Ahmed Rossi,ahmed.rossi6@outlook.com,2259 Park Avenue,Toronto,Victoria,Australia,6269,43.670169,-79.398897,SME,Bronze,73,47931.83,23-06-2022,24,1068.31,Overnight,02-12-2024
1007,Anna Nair,anna.nair7@yahoo.com,7608 Sunset Blvd,London,Central Region,Singapore,520917,51.53221,-0.142656,Individual,Silver,65,46421.73,01-06-2022,25,3595.92,Standard,20-02-2024
1008,Emma Kim,emma.kim8@hotmail.com,7605 Market Street,Toronto,Dubai,UAE,98988,43.632152,-79.405953,Corporate,Gold,91,4685.41,15-09-2022,23,1724.59,Express,04-11-2024
1009,Isabella Hassan,isabella.hassan9@icloud.com,2898 Lake View Rd,London,Bavaria,Germany,89401,51.556128,-0.089291,Individual,Silver,52,47255.76,10-08-2021,69,3727.88,Express,06-08-2024
1010,Liam Kim,liam.kim10@gmail.com,8083 Sunset Blvd,Singapore,Tamil Nadu,India,509645,1.401815,103.844669,Individual,Gold,71,17535.23,11-09-2024,18,653.28,Overnight,26-06-2024
1011,Lucas Anderson,lucas.anderson11@outlook.com,5717 Victoria Road,Toronto,East Region,Singapore,209472,43.652733,-79.37026,Corporate,Gold,95,29208.93,26-07-2023,14,1437.68,International Priority,20-01-2024
1012,Isabella Patel,isabella.patel12@yahoo.com,9907 Victoria Road,Toronto,Sharjah,UAE,11323,43.677223,-79.347205,Individual,Bronze,80,48199.04,13-08-2020,26,1812.84,Overnight,24-05-2024
1013,Chen Petrov,chen.petrov13@hotmail.com,5645 Main St,Sydney,Hesse,Germany,58788,-33.830858,151.168016,Individual,,42,33972.81,12-07-2022,11,1842.79,Express,16-04-2024
1014,Amit Martin,amit.martin14@icloud.com,337 Hillcrest Ave,Berlin,Berlin,Germany,82719,52.567674,13.439759,Individual,,92,4760.4,28-01-2019,32,576.38,Express,21-12-2024
1015,Chen Martin,chen.martin15@gmail.com,2410 Sunset Blvd,Toronto,Karnataka,India,663393,43.623685,-79.418521,Individual,Silver,45,23976.61,05-08-2019,35,282.38,Standard,04-12-2024
1016,Elena Singh,elena.singh16@outlook.com,6882 Market Street,Sydney,Scotland,UK,W1 2BB,-33.823082,151.179514,SME,,73,48360.87,07-01-2023,22,1713.27,International Priority,15-10-2024
1017,Sophia Khan,sophia.khan17@yahoo.com,7562 Main St,Mumbai,East Region,Singapore,175402,19.044603,72.855591,Individual,Bronze,76,28546.27,05-05-2020,21,1254.43,International Priority,12-09-2024
1018,Elena Clark,elena.clark18@hotmail.com,5690 Sunset Blvd,Berlin,East Region,Singapore,627220,52.529909,13.371772,Individual,Silver,97,43210.11,18-10-2019,8,124.37,Standard,07-04-2024
1019,Mohammed Wang,mohammed.wang19@icloud.com,9346 Hillcrest Ave,Singapore,Wales,UK,SE3 8AA,1.398845,103.862074,Corporate,Silver,59,12185.3,18-09-2019,56,5273.29,Express,24-07-2024
1020,Wei Anderson,wei.anderson20@gmail.com,18 Maple Road,Toronto,Illinois,USA,20379,43.695001,-79.404018,SME,Silver,94,17463.47,09-12-2024,19,1542.76,Express,17-01-2024
1021,Wei Wang,wei.wang21@outlook.com,7190 King Street,Dubai,Illinois,USA,34393,25.169307,55.304764,Corporate,,97,26572.77,22-08-2023,42,774.69,Express,24-08-2024
1022,Chen Sharma,chen.sharma22@yahoo.com,7582 Main St,New York,Wales,UK,SE9 4AA,40.688924,-74.052878,Corporate,,57,45553.2,22-10-2020,31,1758.6,International Priority,14-11-2024
1023,Anna Petrov,anna.petrov23@hotmail.com,8261 Maple Road,Mumbai,Victoria,Australia,4917,19.066667,72.838371,Corporate,,96,39653.44,08-03-2021,96,3805.61,International Priority,04-09-2024
1024,Sophia Chowdhury,sophia.chowdhury24@icloud.com,8898 Market Street,Mumbai,Alberta,Canada,K3C 5A1,19.109513,72.873386,SME,Silver,53,13161.48,16-10-2021,78,5393.39,Standard,12-08-2024
1025,Fatima Rossi,fatima.rossi25@gmail.com,6755 Park Avenue,Singapore,Berlin,Germany,61163,1.379091,103.809503,Corporate,Silver,49,4626.35,04-01-2021,41,2677.01,Standard,02-01-2024
1026,Maria Das,maria.das26@outlook.com,147 Oak Street,Sydney,Ontario,Canada,M6C 2A7,-33.910378,151.206521,Corporate,Gold,98,31474.02,12-01-2021,34,3685.78,International Priority,26-12-2024
1027,Mia Rossi,mia.rossi27@yahoo.com,3733 Maple Road,Mumbai,Hamburg,Germany,91918,19.04965,72.843994,Corporate,Gold,60,25862.02,01-05-2019,68,2775.15,Standard,18-11-2024
1028,Lucas Ibrahim,lucas.ibrahim28@hotmail.com,1917 Park Avenue,Berlin,Scotland,UK,SE7 1BA,52.494643,13.433071,Individual,,72,32811.06,20-07-2024,37,1641.61,Express,19-05-2024
1029,Amit Kim,amit.kim29@icloud.com,4102 Victoria Road,Toronto,Texas,USA,44821,43.675258,-79.359476,Corporate,Silver,83,10485.41,04-05-2020,30,1232.79,Express,28-02-2024
1030,Sophia Nair,sophia.nair30@gmail.com,3186 Lake View Rd,Toronto,Queensland,Australia,4021,43.605671,-79.338417,SME,,45,18683.87,21-09-2022,17,1552.8,Standard,26-02-2024
1031,Elena Costa,elena.costa31@outlook.com,3414 Oak Street,Dubai,Texas,USA,53738,25.20034,55.258667,SME,,92,26410.35,31-12-2019,78,4672.64,Standard,09-12-2024
1032,Chen Nair,chen.nair32@yahoo.com,7621 Oak Street,Singapore,Ontario,Canada,V7C 3C2,1.364103,103.795335,Individual,Gold,41,38250.75,21-01-2020,7,531.94,International Priority,29-11-2024
1033,Laura Petrov,laura.petrov33@hotmail.com,8612 Hillcrest Ave,New York,Florida,USA,89250,40.664833,-74.047939,SME,Bronze,45,18272.71,11-07-2023,29,1482.47,Standard,08-01-2024
1034,Maria Lee,maria.lee34@icloud.com,8154 Sunset Blvd,Sydney,Wales,UK,NW8 2AA,-33.841417,151.212965,SME,,67,43396.44,06-05-2023,37,1623.52,International Priority,09-07-2024
1035,Sara Lee,sara.lee35@gmail.com,8446 Oak Street,New York,New South Wales,Australia,7672,40.718691,-74.032865,Individual,Bronze,61,32847.25,28-07-2023,21,237.23,Overnight,12-01-2024
1036,Sophia Sharma,sophia.sharma36@outlook.com,2445 Maple Road,Mumbai,Ontario,Canada,V4A 8C2,19.075979,72.923805,Corporate,Bronze,52,41280.52,11-04-2023,18,4988.63,International Priority,12-05-2024
1037,Daniel Nguyen,daniel.nguyen37@yahoo.com,4791 Lake View Rd,Singapore,Victoria,Australia,2263,1.399806,103.843388,Individual,Silver,98,44119.16,27-04-2024,14,1873.41,Express,22-07-2024
1038,Emma Khan,emma.khan38@hotmail.com,1321 Lake View Rd,Dubai,East Region,Singapore,596862,25.225219,55.295727,Corporate,Silver,58,10322.24,21-07-2020,83,2157.79,Express,16-03-2024
1039,Elena Ali,elena.ali39@icloud.com,1054 Oak Street,New York,Hesse,Germany,42298,40.730882,-73.972209,Corporate,,84,30063.87,07-11-2022,112,7697.79,Overnight,15-03-2024
1040,Liam Nair,liam.nair40@gmail.com,8765 Hillcrest Ave,Berlin,California,USA,26515,52.513332,13.395308,SME,Gold,54,4474.36,19-01-2021,93,1395.35,Standard,18-10-2024
1041,Amit Lopez,amit.lopez41@outlook.com,9815 Market Street,Toronto,New South Wales,Australia,4786,43.685779,-79.35583,Individual,Gold,67,32032.72,28-01-2020,13,1704.54,Express,17-03-2024
1042,Priya Rossi,priya.rossi42@yahoo.com,6083 Hillcrest Ave,Mumbai,Gujarat,India,583603,19.113997,72.861002,SME,,66,49536.26,28-06-2022,5,1935.64,Standard,23-11-2024
1043,Sophia Sharma,sophia.sharma43@hotmail.com,8890 Maple Road,Dubai,Central Region,Singapore,483203,25.248834,55.276418,SME,,78,32044.04,25-12-2022,110,4015.14,International Priority,27-03-2024
1044,Ahmed Singh,ahmed.singh44@icloud.com,6318 Victoria Road,New York,Texas,USA,91717,40.740502,-74.055887,Corporate,Gold,90,45620.77,27-12-2020,93,6476.81,Overnight,21-02-2024
1045,Daniel Muller,daniel.muller45@gmail.com,3227 Sunset Blvd,Sydney,Berlin,Germany,28361,-33.906477,151.186903,SME,Bronze,55,18797.4,29-10-2023,17,1339.17,Overnight,02-07-2024
1046,Yuki Kim,yuki.kim46@outlook.com,3775 Maple Road,Berlin,Victoria,Australia,2986,52.500523,13.366544,Individual,,79,48683.75,29-10-2021,3,1416.74,Standard,03-10-2024
1047,Priya Rossi,priya.rossi47@yahoo.com,3206 Oak Street,Berlin,Quebec,Canada,V4A 4B9,52.527693,13.388617,SME,Bronze,59,2738.45,08-08-2024,32,1272.57,Standard,21-12-2024
1048,Ahmed Anderson,ahmed.anderson48@hotmail.com,9827 Park Avenue,New York,Bavaria,Germany,90368,40.71511,-74.035818,SME,,56,34978.21,07-01-2020,93,5693.36,Overnight,26-12-2024
1049,Sara Fernandez,sara.fernandez49@icloud.com,3886 Sunset Blvd,Toronto,Tamil Nadu,India,701072,43.66898,-79.407171,Corporate,,64,14097.32,25-01-2021,78,5408.23,Express,26-06-2024
1050,Elena Mehta,elena.mehta50@gmail.com,8003 Lake View Rd,New York,New South Wales,Australia,7214,40.735337,-74.032741,Individual,Bronze,77,43244.17,03-12-2021,19,457.79,Overnight,22-07-2024
1051,Mia Smith,mia.smith51@outlook.com,6373 Lake View Rd,Mumbai,Abu Dhabi,UAE,8052,19.091858,72.847949,SME,Bronze,41,27176.78,03-07-2023,22,1162.35,Express,26-02-2024
1052,Sara Clark,sara.clark52@yahoo.com,3775 Market Street,New York,Sharjah,UAE,42549,40.684505,-73.992904,Corporate,Gold,68,39260.81,01-04-2021,107,5537.79,International Priority,25-01-2024
1053,Elena Anderson,elena.anderson53@hotmail.com,6695 Hillcrest Ave,Berlin,Wales,UK,SE5 4AA,52.536358,13.407656,SME,,99,43861.49,17-07-2021,17,1494.2,Standard,15-04-2024
1054,Carlos Singh,carlos.singh54@icloud.com,332 Main St,Dubai,Florida,USA,68046,25.20325,55.30885,Individual,Silver,48,23388.93,09-12-2022,22,1630.44,Standard,09-09-2024
1055,James Johnson,james.johnson55@gmail.com,8643 Hillcrest Ave,New York,Alberta,Canada,V2C 1C5,40.680318,-74.045592,SME,Silver,57,28525.86,01-12-2019,96,6175.52,Express,10-08-2024
1056,Noah Tanaka,noah.tanaka56@outlook.com,9003 Hillcrest Ave,Toronto,Scotland,UK,SE4 2AA,43.614713,-79.41102,SME,,64,29019.43,23-10-2022,109,5321.98,Standard,30-07-2024
1057,Ahmed Lee,ahmed.lee57@yahoo.com,1357 Hillcrest Ave,Singapore,Queensland,Australia,6300,1.328801,103.772833,Corporate,,76,21380.43,25-01-2024,89,5297.51,Express,28-05-2024
1058,Laura Martin,laura.martin58@hotmail.com,7528 Lake View Rd,Dubai,Dubai,UAE,90688,25.226678,55.242976,SME,,77,35078.93,21-01-2020,26,1159.06,International Priority,14-12-2024
1059,Sophia Smith,sophia.smith59@icloud.com,3401 Sunset Blvd,Sydney,Dubai,UAE,50630,-33.82326,151.241494,Corporate,Bronze,90,34277.53,15-11-2024,31,2399.27,Express,26-12-2024
1060,John Nair,john.nair60@gmail.com,502 Main St,London,Sharjah,UAE,99866,51.473751,-0.096211,Individual,Silver,87,29476.44,21-11-2021,36,644.53,Express,16-06-2024
1061,Fatima Das,fatima.das61@outlook.com,6170 Victoria Road,New York,New South Wales,Australia,7982,40.718201,-74.002945,SME,Silver,50,6175.95,25-03-2019,37,818.96,International Priority,05-08-2024
1062,Elena Patel,elena.patel62@yahoo.com,7138 Oak Street,Toronto,Dubai,UAE,59623,43.622448,-79.356717,Individual,Silver,77,43885.65,07-09-2019,38,3605.24,Express,09-07-2024
1063,Wei Khan,wei.khan63@hotmail.com,3889 Sunset Blvd,Dubai,Berlin,Germany,12118,25.214211,55.302071,Individual,,54,7209.94,31-08-2019,35,1876.31,International Priority,12-01-2024
1064,Anna Mehta,anna.mehta64@icloud.com,5293 Oak Street,Toronto,East Region,Singapore,783618,43.642693,-79.352278,SME,Bronze,68,685.41,09-03-2023,38,3314.46,Overnight,08-11-2024
1065,James Wang,james.wang65@gmail.com,3062 Lake View Rd,Sydney,New South Wales,Australia,2545,-33.877855,151.25811,Corporate,,71,1478.33,27-01-2020,47,4410.74,Overnight,12-02-2024
1066,Anna Nguyen,anna.nguyen66@outlook.com,708 Sunset Blvd,Berlin,Alberta,Canada,H9B 9A6,52.55436,13.396842,Individual,Gold,60,34364.82,21-11-2020,24,1824.46,International Priority,02-08-2024
1067,Emma Patel,emma.patel67@yahoo.com,4958 Sunset Blvd,Toronto,East Region,Singapore,120967,43.671367,-79.41622,Individual,Gold,77,49794.98,08-01-2019,23,1762.23,International Priority,09-07-2024
1068,Chen Dubois,chen.dubois68@hotmail.com,6602 Market Street,Dubai,Wales,UK,NW5 5BA,25.198642,55.229852,SME,Silver,50,47198.79,07-12-2024,6,1624.01,Express,14-01-2024
1069,Lucas Johnson,lucas.johnson69@icloud.com,8105 King Street,Toronto,Quebec,Canada,H4A 9A4,43.700754,-79.383724,SME,,57,27205.75,21-02-2019,36,1926.24,Standard,28-02-2024
1070,Sophia Lee,sophia.lee70@gmail.com,9850 Market Street,Toronto,East Region,Singapore,199740,43.611597,-79.376946,SME,Gold,83,42564.19,20-01-2019,24,586.07,International Priority,29-01-2024
1071,Anna Martin,anna.martin71@outlook.com,4482 Maple Road,Toronto,Gujarat,India,265846,43.69724,-79.375634,SME,Gold,44,7153.68,31-08-2022,31,1116.16,Overnight,30-12-2024
1072,Ahmed Das,ahmed.das72@yahoo.com,9891 Victoria Road,Mumbai,Dubai,UAE,47056,19.083109,72.870568,SME,,91,2044.26,25-04-2023,9,801.99,International Priority,28-05-2024
1073,Sara Wang,sara.wang73@hotmail.com,8017 Market Street,Mumbai,Maharashtra,India,416504,19.113909,72.888405,SME,Bronze,69,15666.24,08-06-2022,15,5160.76,International Priority,23-10-2024
1074,Michael Garcia,michael.garcia74@icloud.com,3733 Main St,Berlin,California,USA,68096,52.497986,13.403591,Corporate,,86,17416.48,24-04-2019,8,3946.32,Overnight,12-03-2024
1075,Fatima Johnson,fatima.johnson75@gmail.com,4523 Victoria Road,New York,Florida,USA,10466,40.667148,-74.038944,Individual,,75,4269.84,16-03-2023,7,58.88,Standard,20-09-2024
1076,Ahmed Fernandez,ahmed.fernandez76@outlook.com,82 Maple Road,Toronto,East Region,Singapore,705412,43.60843,-79.371449,Corporate,Bronze,91,37083.84,12-10-2019,35,7236.97,International Priority,14-08-2024
1077,Maria Ibrahim,maria.ibrahim77@yahoo.com,642 Oak Street,Sydney,Maharashtra,India,718353,-33.821747,151.239409,Corporate,Silver,70,10538.09,07-12-2020,44,5064.68,International Priority,30-05-2024
1078,Wei Singh,wei.singh78@hotmail.com,271 Maple Road,New York,New South Wales,Australia,6092,40.68509,-73.958644,SME,Silver,73,41522.94,11-02-2021,25,1497.3,Express,16-02-2024
1079,Isabella Ibrahim,isabella.ibrahim79@icloud.com,3586 Oak Street,Sydney,Quebec,Canada,V5A 4B1,-33.846515,151.218096,Individual,Silver,83,34958.34,02-08-2024,6,446.34,Overnight,25-09-2024
1080,Chen Ali,chen.ali80@gmail.com,1073 Main St,New York,Maharashtra,India,468636,40.735626,-73.968829,Corporate,Bronze,79,11111.5,14-01-2021,86,7124.91,Express,11-05-2024
1081,Sara Dubois,sara.dubois81@outlook.com,8183 Lake View Rd,Berlin,Florida,USA,46477,52.476468,13.432865,SME,Gold,79,30606.78,01-01-2025,14,497.83,Overnight,15-03-2024
1082,Chen Singh,chen.singh82@yahoo.com,1612 Victoria Road,Toronto,Maharashtra,India,116608,43.675004,-79.363252,SME,Bronze,89,12226.09,13-06-2021,57,1647.62,Express,26-09-2024
1083,Emma Costa,emma.costa83@hotmail.com,1389 Main St,Toronto,New South Wales,Australia,5682,43.636533,-79.370135,Individual,,41,27198.44,15-11-2022,21,302.74,Express,02-03-2024
1084,David Sharma,david.sharma84@icloud.com,4738 Sunset Blvd,London,Delhi,India,541770,51.468222,-0.082146,Corporate,Bronze,80,49630.42,02-02-2020,101,6281.22,Express,03-03-2024
1085,Sophia Kim,sophia.kim85@gmail.com,5986 King Street,Sydney,Ontario,Canada,T8A 9C7,-33.909545,151.210387,Corporate,Gold,49,8388.34,25-09-2020,35,5491.22,Standard,10-07-2024
1086,Amit Lee,amit.lee86@outlook.com,9143 King Street,New York,Scotland,UK,SW5 4BB,40.685342,-74.015332,Corporate,Gold,95,34063.06,13-03-2023,51,5374.14,Overnight,18-08-2024
1087,Elena Ibrahim,elena.ibrahim87@yahoo.com,3692 Maple Road,New York,New South Wales,Australia,6491,40.723091,-73.961934,SME,,88,21594.96,25-12-2020,113,2325.94,Express,16-01-2024
1088,Daniel Ali,daniel.ali88@hotmail.com,8658 Maple Road,Singapore,Illinois,USA,24502,1.377938,103.861193,Individual,Silver,46,24877.39,11-12-2023,9,1402.71,Overnight,15-02-2024
1089,David Ibrahim,david.ibrahim89@icloud.com,2956 Market Street,Singapore,Alberta,Canada,V2B 6A5,1.307668,103.858631,Individual,Gold,66,29173.84,28-12-2020,11,1589.81,Overnight,04-08-2024
1090,Olivia Garcia,olivia.garcia90@gmail.com,3927 Oak Street,Mumbai,Gujarat,India,689663,19.035411,72.894393,Corporate,Gold,71,29158.54,09-09-2024,47,7645.86,Overnight,25-06-2024
1091,Liam Patel,liam.patel91@outlook.com,3090 Lake View Rd,London,Maharashtra,India,791639,51.537127,-0.139345,SME,Gold,57,37449.46,01-09-2020,1,1869.33,International Priority,02-09-2024
1092,Sara Garcia,sara.garcia92@yahoo.com,8534 Hillcrest Ave,Dubai,Scotland,UK,EC8 3AA,25.228353,55.265149,Corporate,,76,22632.67,29-12-2023,46,3164.5,Overnight,22-05-2024
1093,James Brown,james.brown93@hotmail.com,7340 Sunset Blvd,Singapore,Florida,USA,67755,1.381392,103.848162,Individual,Gold,43,48272.8,05-05-2019,29,88.69,Standard,16-01-2024
1094,Olivia Brown,olivia.brown94@icloud.com,1293 King Street,Dubai,New York,USA,79727,25.249668,55.248946,SME,Silver,47,19907.64,08-06-2019,19,195.01,Overnight,06-04-2024
1095,Ahmed Khan,ahmed.khan95@gmail.com,9180 Hillcrest Ave,Mumbai,Hamburg,Germany,42794,19.030163,72.922523,Corporate,,62,25385.4,07-05-2020,33,6512.25,Standard,03-02-2024
1096,Ahmed Singh,ahmed.singh96@outlook.com,224 Hillcrest Ave,Mumbai,New York,USA,55446,19.125955,72.896108,Corporate,Silver,52,48160.45,30-06-2022,15,3928.21,International Priority,03-12-2024
1097,Olivia Martin,olivia.martin97@yahoo.com,4916 Lake View Rd,Mumbai,Wales,UK,W5 6BA,19.102339,72.878154,SME,Gold,77,26099.01,08-04-2022,19,180.25,International Priority,10-03-2024
1098,Amit Smith,amit.smith98@hotmail.com,6039 Park Avenue,Sydney,Sharjah,UAE,7100,-33.893163,151.188554,Individual,Gold,55,10280.66,17-03-2020,76,5682.67,Express,27-09-2024
1099,Mohammed Petrov,mohammed.petrov99@icloud.com,124 Hillcrest Ave,Sydney,Hesse,Germany,33171,-33.839232,151.187477,SME,Silver,74,8517.04,30-11-2022,95,4234.64,Overnight,04-12-2024
1100,Chen Johnson,chen.johnson0@gmail.com,7668 Main St,Berlin,Bavaria,Germany,27322,52.542893,13.440383,Corporate,,43,31026.57,08-01-2021,42,2511.64,International Priority,14-12-2024
1101,Fatima Patel,fatima.patel1@outlook.com,7461 King Street,Berlin,Karnataka,India,279467,52.499987,13.444045,Corporate,,90,24471.02,24-10-2024,53,5560.83,International Priority,07-04-2024
1102,Mia Tanaka,mia.tanaka2@yahoo.com,5679 Sunset Blvd,Mumbai,Delhi,India,575027,19.115437,72.884269,Corporate,Silver,61,18649.77,16-11-2020,100,3708,Standard,03-03-2024
1103,Liam Nguyen,liam.nguyen3@hotmail.com,1057 Hillcrest Ave,London,Florida,USA,73368,51.472135,-0.135305,Corporate,Gold,48,11443.76,13-02-2020,57,1176.99,Standard,20-04-2024
1104,Mia Anderson,mia.anderson4@icloud.com,7206 Maple Road,New York,Berlin,Germany,59657,40.683675,-73.973872,Individual,Bronze,77,18965.48,31-07-2024,92,749.27,Overnight,18-01-2024
1105,Elena Chowdhury,elena.chowdhury5@gmail.com,852 Sunset Blvd,Sydney,Central Region,Singapore,106072,-33.90179,151.227854,Individual,Silver,94,23049.51,02-03-2021,22,1524.29,Overnight,09-08-2024
1106,Sophia Wang,sophia.wang6@outlook.com,7664 Market Street,London,Karnataka,India,245925,51.546984,-0.122973,Corporate,Silver,92,47527.24,27-09-2020,117,5695.11,Express,15-02-2024
1107,Arjun Nair,arjun.nair7@yahoo.com,8108 Maple Road,Toronto,England,UK,EC9 1BB,43.616708,-79.409763,Individual,Silver,78,32445.29,13-10-2022,1,1010.86,Overnight,20-06-2024
1108,Anna Garcia,anna.garcia8@hotmail.com,6948 Lake View Rd,Sydney,Central Region,Singapore,554849,-33.864809,151.242601,Individual,Gold,80,14884.44,06-02-2024,36,1087.15,Overnight,26-08-2024
1109,Chen Smith,chen.smith9@icloud.com,5660 Sunset Blvd,Sydney,Delhi,India,618454,-33.868176,151.169576,Individual,,93,39443.6,12-05-2023,14,892.09,Express,21-09-2024
1110,Isabella Clark,isabella.clark10@gmail.com,1265 Oak Street,Berlin,Queensland,Australia,3036,52.481593,13.358046,Corporate,Gold,98,9078.76,09-01-2024,99,4874.13,Overnight,04-05-2024
1111,Wei Nair,wei.nair11@outlook.com,3006 Oak Street,New York,Queensland,Australia,4750,40.75932,-74.008901,SME,Silver,80,8329.05,21-04-2020,7,1967.1,Overnight,25-09-2024
1112,Lucas Das,lucas.das12@yahoo.com,8651 King Street,New York,Gujarat,India,295430,40.715023,-73.981627,SME,Gold,60,26911.04,26-09-2019,34,1235.8,Express,22-07-2024
1113,Chen Das,chen.das13@hotmail.com,5152 Hillcrest Ave,Singapore,Berlin,Germany,68815,1.382808,103.771021,SME,Gold,58,9144.17,17-10-2022,29,827.55,Express,04-12-2024
1114,Arjun Tanaka,arjun.tanaka14@icloud.com,3993 Victoria Road,Dubai,Abu Dhabi,UAE,77414,25.227416,55.320506,Corporate,Silver,48,2289.99,05-10-2021,96,7026.55,Express,09-09-2024
1115,Raj Kim,raj.kim15@gmail.com,7670 Lake View Rd,Dubai,Dubai,UAE,25158,25.233433,55.267448,Individual,Gold,86,42184.65,06-02-2023,24,217.4,Standard,05-04-2024
1116,Olivia Sharma,olivia.sharma16@outlook.com,6143 Lake View Rd,Dubai,Bavaria,Germany,47188,25.253378,55.224408,Individual,Bronze,56,46666.7,02-08-2020,38,1736.82,Standard,03-03-2024
1117,Arjun Smith,arjun.smith17@yahoo.com,9400 Oak Street,Dubai,British Columbia,Canada,T5B 2C1,25.239636,55.246036,Corporate,Gold,97,27578.97,07-09-2021,33,5543.53,Express,03-08-2024
1118,Lucas Johnson,lucas.johnson18@hotmail.com,853 Main St,Toronto,Sharjah,UAE,53160,43.629165,-79.370274,Corporate,Gold,60,37103.22,03-07-2024,64,5912.35,International Priority,17-04-2024
1119,Yuki Fernandez,yuki.fernandez19@icloud.com,1610 Park Avenue,Toronto,Queensland,Australia,5604,43.64609,-79.38791,SME,,96,6064.6,10-02-2021,20,3051.87,Standard,12-09-2024
1120,Isabella Anderson,isabella.anderson20@gmail.com,3819 Maple Road,Sydney,England,UK,SE5 3AA,-33.91375,151.233181,SME,,41,46535.48,14-07-2023,19,744.41,Standard,13-01-2024
1121,Carlos Clark,carlos.clark21@outlook.com,1455 Sunset Blvd,Mumbai,Hamburg,Germany,11018,19.112983,72.905714,Corporate,Silver,45,21093.46,20-06-2019,100,2291.88,Express,17-09-2024
1122,Sophia Wang,sophia.wang22@yahoo.com,3719 Park Avenue,Berlin,Florida,USA,82964,52.5399,13.367207,SME,Silver,99,18789.91,07-01-2023,48,3609.96,Overnight,06-04-2024
1123,Chen Nair,chen.nair23@hotmail.com,7200 Sunset Blvd,Berlin,New South Wales,Australia,3575,52.568027,13.369535,Individual,,60,1658.05,29-08-2019,16,694.15,Express,08-11-2024
1124,Amit Muller,amit.muller24@icloud.com,5529 Hillcrest Ave,Dubai,Scotland,UK,EC7 4BA,25.222306,55.248147,Corporate,Bronze,73,34965.49,21-05-2024,77,3754.85,International Priority,09-10-2024
1125,Chen Das,chen.das25@gmail.com,3837 Main St,Sydney,Wales,UK,NW4 8AA,-33.895718,151.24269,Corporate,Gold,58,44774.66,09-02-2020,46,2878.93,Overnight,20-03-2024
1126,Arjun Nguyen,arjun.nguyen26@outlook.com,947 Main St,Singapore,Berlin,Germany,12541,1.350367,103.794434,Individual,Bronze,57,39823.41,30-10-2024,3,770.17,International Priority,03-12-2024
1127,Wei Patel,wei.patel27@yahoo.com,508 Victoria Road,London,England,UK,W5 3BA,51.50831,-0.171042,Individual,Bronze,58,39695.67,08-01-2020,20,946.52,Standard,03-02-2024
1128,Priya Lee,priya.lee28@hotmail.com,122 Victoria Road,Mumbai,Bavaria,Germany,68243,19.115887,72.87362,Individual,,56,14979.07,05-08-2022,4,60.79,Overnight,04-02-2024
1129,Anna Martin,anna.martin29@icloud.com,9827 Market Street,Sydney,Abu Dhabi,UAE,95281,-33.913661,151.165996,SME,Silver,82,41680.99,29-11-2024,33,383.95,Express,04-12-2024
1130,Liam Martin,liam.martin30@gmail.com,9694 Hillcrest Ave,Mumbai,Tamil Nadu,India,472664,19.037694,72.896779,Corporate,Gold,89,42265.46,18-12-2024,34,3681.26,Standard,29-10-2024
1131,Ahmed Johnson,ahmed.johnson31@outlook.com,8618 Oak Street,Mumbai,Victoria,Australia,4208,19.073195,72.860995,SME,Silver,70,35028.31,06-11-2024,14,889.01,Express,04-05-2024
1132,Wei Nguyen,wei.nguyen32@yahoo.com,1409 Market Street,Mumbai,Alberta,Canada,V4B 4B4,19.058258,72.841811,Individual,Bronze,82,8402.32,03-06-2023,23,1877.56,Overnight,02-11-2024
1133,Raj Sharma,raj.sharma33@hotmail.com,2980 Park Avenue,Sydney,Maharashtra,India,380630,-33.877594,151.178764,SME,Bronze,88,48323.64,03-04-2021,4,7615.79,Express,21-02-2024
1134,David Nguyen,david.nguyen34@icloud.com,9461 Maple Road,Dubai,New South Wales,Australia,6632,25.183377,55.25306,Individual,Silver,65,34015.27,03-03-2022,36,488.8,International Priority,10-03-2024
1135,Emma Hassan,emma.hassan35@gmail.com,6744 King Street,Berlin,Hesse,Germany,69802,52.556545,13.440154,SME,Silver,83,4996.53,05-08-2022,2,117.77,Express,25-08-2024
1136,Ahmed Lopez,ahmed.lopez36@outlook.com,2439 Oak Street,Berlin,Victoria,Australia,3028,52.50203,13.382913,SME,,59,48375.96,08-07-2020,44,397.66,Standard,27-08-2024
1137,Sophia Petrov,sophia.petrov37@yahoo.com,4673 Victoria Road,Dubai,Sharjah,UAE,40828,25.176151,55.302365,Individual,Silver,82,40826.63,09-01-2024,17,804.51,Standard,20-05-2024
1138,Ivan Mehta,ivan.mehta38@hotmail.com,7696 Sunset Blvd,Mumbai,Hesse,Germany,78363,19.116485,72.913597,SME,Silver,50,14770.45,22-03-2021,8,1856.26,Overnight,07-06-2024
1139,Ivan Khan,ivan.khan39@icloud.com,676 King Street,London,Gujarat,India,549771,51.475041,-0.174788,Corporate,,91,34990.49,14-04-2022,118,1736.95,Standard,28-05-2024
1140,Liam Sharma,liam.sharma40@gmail.com,377 King Street,New York,Texas,USA,78183,40.673098,-73.960959,SME,Silver,95,24467.93,13-10-2023,12,261.82,International Priority,21-07-2024
1141,Fatima Singh,fatima.singh41@outlook.com,4873 Maple Road,Sydney,Texas,USA,91092,-33.869986,151.205918,SME,Bronze,100,33487.59,14-07-2023,21,1941.49,International Priority,21-02-2024
1142,Emma Johnson,emma.johnson42@yahoo.com,987 Hillcrest Ave,New York,Central Region,Singapore,634455,40.753163,-73.974839,Corporate,Silver,93,45651.19,18-11-2023,116,6030.44,Express,20-08-2024
1143,Sara Khan,sara.khan43@hotmail.com,2337 Park Avenue,Singapore,Central Region,Singapore,782305,1.321158,103.838804,Individual,Gold,58,24851.92,25-03-2023,6,135.51,International Priority,30-06-2024
1144,Ahmed Costa,ahmed.costa44@icloud.com,6446 Park Avenue,Dubai,Victoria,Australia,7325,25.219348,55.253342,Corporate,Bronze,70,4042.8,04-12-2019,43,2606.37,Overnight,25-01-2024
1145,Raj Wang,raj.wang45@gmail.com,7560 Lake View Rd,London,Texas,USA,35406,51.487352,-0.131041,SME,,66,8892.41,01-07-2024,39,4250.24,Standard,25-05-2024
1146,John Costa,john.costa46@outlook.com,4368 Sunset Blvd,Sydney,Hesse,Germany,31740,-33.837975,151.226979,Individual,Bronze,80,8015.3,08-04-2019,18,1322.93,Express,10-07-2024
1147,Raj Ali,raj.ali47@yahoo.com,933 Sunset Blvd,Dubai,Scotland,UK,SW6 4BA,25.165927,55.238474,SME,,62,2729.12,05-07-2024,9,575.68,Overnight,09-02-2024
1148,Isabella Costa,isabella.costa48@hotmail.com,204 Sunset Blvd,Mumbai,Bavaria,Germany,13442,19.10453,72.864939,SME,Gold,95,1208.27,03-03-2020,4,400.13,International Priority,18-04-2024
1149,Daniel Costa,daniel.costa49@icloud.com,2455 Market Street,Berlin,Scotland,UK,SW3 8BB,52.489227,13.434322,Corporate,Gold,64,37558.07,09-08-2022,50,5986.15,Express,17-12-2024
1150,Daniel Dubois,daniel.dubois50@gmail.com,1431 Hillcrest Ave,New York,Tamil Nadu,India,384264,40.720654,-73.967809,Corporate,Bronze,97,18027.54,05-06-2024,78,219.81,International Priority,31-08-2024
1151,Elena Clark,elena.clark51@outlook.com,7983 Victoria Road,Toronto,Ontario,Canada,K1A 4C5,43.698545,-79.41459,Individual,Silver,95,26381.87,12-05-2023,108,6473.83,Express,23-09-2024
1152,Michael Das,michael.das52@yahoo.com,4159 Victoria Road,Toronto,England,UK,SE2 4BB,43.646002,-79.333772,Individual,Bronze,100,19455.82,06-06-2022,7,670.47,Standard,29-05-2024
1153,Raj Mehta,raj.mehta53@hotmail.com,6266 Victoria Road,London,Florida,USA,11246,51.458529,-0.156752,Individual,Bronze,72,42895.93,31-07-2024,83,1411.82,Overnight,19-12-2024
1154,Sara Martin,sara.martin54@icloud.com,4567 Park Avenue,Mumbai,Hamburg,Germany,54498,19.055398,72.920788,SME,Gold,60,15469.68,22-03-2022,33,1228.42,Overnight,13-01-2024
1155,Priya Mehta,priya.mehta55@gmail.com,6759 Victoria Road,Singapore,Gujarat,India,663500,1.36977,103.848177,Corporate,,78,8741.02,14-08-2019,52,4171.4,Overnight,17-10-2024
1156,Lucas Khan,lucas.khan56@outlook.com,6476 Lake View Rd,New York,Florida,USA,74763,40.735451,-74.051527,Corporate,Bronze,46,29896.57,30-11-2024,62,2451.92,International Priority,17-07-2024
1157,Isabella Wang,isabella.wang57@yahoo.com,6275 Park Avenue,Mumbai,Tamil Nadu,India,624923,19.084876,72.889428,Corporate,Silver,78,28486.88,20-06-2019,104,2226.61,Overnight,08-05-2024
1158,Mohammed Dubois,mohammed.dubois58@hotmail.com,6598 King Street,New York,Alberta,Canada,T3A 3A3,40.669373,-73.976424,Individual,Gold,100,10118.95,09-02-2021,38,733.9,Express,13-01-2024
1159,Raj Lee,raj.lee59@icloud.com,7648 Hillcrest Ave,London,Sharjah,UAE,94847,51.51147,-0.082792,Corporate,Bronze,54,23108.01,01-01-2020,89,2029.99,Overnight,26-09-2024
1160,Yuki Singh,yuki.singh60@gmail.com,9161 King Street,London,Bavaria,Germany,15916,51.495717,-0.177133,Corporate,Bronze,50,12111.44,11-06-2022,63,4953.48,International Priority,28-02-2024
1161,Daniel Garcia,daniel.garcia61@outlook.com,4718 Main St,Singapore,Queensland,Australia,2274,1.382687,103.863049,Corporate,Silver,82,49471.06,11-12-2020,67,4063.74,Standard,15-04-2024
1162,Sophia Nguyen,sophia.nguyen62@yahoo.com,7459 Park Avenue,Toronto,Bavaria,Germany,50027,43.690465,-79.365762,Individual,Bronze,81,30144.25,08-07-2022,18,537.86,International Priority,24-07-2024
1163,Wei Lee,wei.lee63@hotmail.com,6731 Market Street,Mumbai,East Region,Singapore,112803,19.036971,72.841114,Corporate,Bronze,93,24657.8,16-07-2019,26,7676.47,Standard,10-12-2024
1164,Isabella Dubois,isabella.dubois64@icloud.com,368 Park Avenue,Sydney,British Columbia,Canada,V4C 5A1,-33.895835,151.169306,Individual,Bronze,100,46938.77,28-12-2024,7,1497.19,International Priority,30-08-2024
1165,Maria Garcia,maria.garcia65@gmail.com,5386 Park Avenue,Toronto,Bavaria,Germany,34607,43.701396,-79.356184,Corporate,Bronze,46,30239.61,25-04-2019,115,7147.12,Overnight,05-04-2024
1166,Sophia Anderson,sophia.anderson66@outlook.com,4811 Hillcrest Ave,Mumbai,East Region,Singapore,337076,19.051647,72.82813,Corporate,Silver,52,3047.82,13-07-2019,51,1734.79,Express,06-11-2024
1167,Olivia Wang,olivia.wang67@yahoo.com,4930 Victoria Road,Toronto,Queensland,Australia,7553,43.636007,-79.345216,Corporate,Bronze,48,4200.9,25-05-2022,77,1155.29,Express,11-07-2024
1168,Raj Nair,raj.nair68@hotmail.com,4583 Market Street,Sydney,England,UK,W8 4BA,-33.877734,151.23901,Individual,Bronze,43,2309.78,26-04-2023,35,328.43,International Priority,26-11-2024
1169,Priya Wang,priya.wang69@icloud.com,9366 Lake View Rd,Berlin,Gujarat,India,501051,52.520356,13.416099,Individual,Bronze,54,44614.16,10-02-2021,35,240.6,Overnight,24-03-2024
1170,Sara Fernandez,sara.fernandez70@gmail.com,8136 Main St,Berlin,Queensland,Australia,3721,52.491055,13.449323,Corporate,Gold,51,20678.01,11-12-2022,80,4403.55,Overnight,17-12-2024
1171,David Patel,david.patel71@outlook.com,3173 Market Street,Singapore,Florida,USA,57043,1.384757,103.816345,SME,Silver,41,21490.48,03-08-2019,32,1049.23,Overnight,23-02-2024
1172,Isabella Das,isabella.das72@yahoo.com,5506 Main St,Berlin,Ontario,Canada,M1A 2B7,52.56101,13.432783,Individual,Gold,69,47611.63,12-11-2023,27,1186.99,Standard,31-01-2024
1173,Mia Chowdhury,mia.chowdhury73@hotmail.com,4664 Victoria Road,Berlin,England,UK,SW9 4BB,52.473428,13.427299,Individual,Gold,59,16307.93,13-09-2024,32,1214.07,International Priority,23-02-2024
1174,Anna Hassan,anna.hassan74@icloud.com,5239 Market Street,Dubai,Florida,USA,59490,25.223592,55.225793,Corporate,Silver,100,34814.7,16-11-2024,73,1229.32,Standard,26-05-2024
1175,Maria Dubois,maria.dubois75@gmail.com,8890 Market Street,New York,Florida,USA,64460,40.677638,-73.971024,SME,Gold,67,9528.26,31-12-2020,10,779.96,Standard,27-05-2024
1176,Laura Chowdhury,laura.chowdhury76@outlook.com,7681 Hillcrest Ave,Dubai,British Columbia,Canada,H5C 4B6,25.246314,55.235294,Corporate,Gold,59,1296.65,14-09-2024,45,7443.01,Express,22-02-2024
1177,Daniel Mehta,daniel.mehta77@yahoo.com,7323 Main St,Dubai,Scotland,UK,W7 5AA,25.209707,55.251302,Individual,Gold,92,46243.75,27-02-2023,9,234.46,Overnight,04-09-2024
1178,Emma Martin,emma.martin78@hotmail.com,756 Maple Road,Singapore,Dubai,UAE,79397,1.355252,103.782344,Individual,Silver,77,37116.67,03-07-2019,46,929.09,Overnight,14-02-2024
1179,Sara Ali,sara.ali79@icloud.com,6778 King Street,Dubai,Texas,USA,85628,25.199171,55.266185,Corporate,Bronze,96,49431.52,28-05-2021,27,7163.32,Standard,01-12-2024
1180,David Khan,david.khan80@gmail.com,1595 Main St,Berlin,New York,USA,72866,52.51923,13.405258,Corporate,,92,11940.01,09-02-2020,105,155.74,Overnight,05-12-2024
1181,Maria Dubois,maria.dubois81@outlook.com,4186 Maple Road,Sydney,Scotland,UK,W6 2AB,-33.910214,151.194445,SME,,53,37313.65,16-02-2024,108,5379.45,Express,25-05-2024
1182,Amit Chowdhury,amit.chowdhury82@yahoo.com,7562 Sunset Blvd,Singapore,Hamburg,Germany,94315,1.33438,103.832072,SME,Silver,98,24295.79,30-01-2021,40,149.79,Standard,05-09-2024
1183,Michael Anderson,michael.anderson83@hotmail.com,8281 Victoria Road,Singapore,California,USA,50577,1.388674,103.780131,Individual,,88,9175.71,26-06-2021,26,1521.98,Overnight,15-12-2024
1184,Lucas Tanaka,lucas.tanaka84@icloud.com,3219 Lake View Rd,London,Gujarat,India,418027,51.457636,-0.126776,SME,Silver,54,9847.99,04-08-2022,38,1390.9,Express,01-05-2024
1185,Wei Nguyen,wei.nguyen85@gmail.com,4085 Hillcrest Ave,Singapore,Scotland,UK,NW6 4AB,1.368499,103.847131,SME,Silver,93,7465.64,26-10-2019,10,628.63,Express,19-09-2024
1186,Raj Johnson,raj.johnson86@outlook.com,2955 Park Avenue,London,California,USA,88180,51.531429,-0.121487,Individual,,98,7627.56,13-04-2021,17,1214.1,Standard,05-03-2024
1187,Maria Muller,maria.muller87@yahoo.com,3373 Maple Road,Singapore,Alberta,Canada,K8B 4B6,1.352043,103.818434,Individual,Gold,74,4901.38,21-07-2024,20,308.43,Overnight,31-10-2024
1188,Carlos Dubois,carlos.dubois88@hotmail.com,1811 Maple Road,New York,New South Wales,Australia,6763,40.736009,-74.038436,Individual,Bronze,46,45217.49,26-04-2021,30,1429.84,International Priority,07-11-2024
1189,Isabella Nguyen,isabella.nguyen89@icloud.com,8239 Oak Street,Berlin,Maharashtra,India,436751,52.561658,13.434947,Individual,,74,10699.19,05-03-2019,9,1592.26,International Priority,23-04-2024
1190,David Fernandez,david.fernandez90@gmail.com,4464 Hillcrest Ave,Singapore,West Region,Singapore,263750,1.32009,103.868159,Corporate,,79,8172.73,05-07-2019,34,4425.07,Overnight,06-10-2024
1191,John Lopez,john.lopez91@outlook.com,1035 King Street,Berlin,Central Region,Singapore,667934,52.566705,13.452216,Individual,,90,46576.35,12-04-2023,33,1637.57,Express,24-06-2024
1192,Sophia Clark,sophia.clark92@yahoo.com,2377 Oak Street,Berlin,New South Wales,Australia,3712,52.480606,13.43161,Individual,,41,43482.5,23-04-2021,27,991.87,Express,29-12-2024
1193,Olivia Patel,olivia.patel93@hotmail.com,7667 Hillcrest Ave,Toronto,East Region,Singapore,193051,43.665644,-79.361867,Individual,Silver,43,5342.48,21-04-2020,27,1176.09,International Priority,31-12-2024
1194,Chen Costa,chen.costa94@icloud.com,3607 King Street,Singapore,New South Wales,Australia,6124,1.342495,103.818547,SME,Silver,56,30101.53,04-04-2022,54,4642.09,International Priority,11-05-2024
1195,Lucas Ibrahim,lucas.ibrahim95@gmail.com,348 Market Street,Mumbai,Texas,USA,94845,19.050358,72.848243,Individual,Bronze,66,15966.78,20-01-2019,18,1255.26,Overnight,22-01-2024
1196,Sara Garcia,sara.garcia96@outlook.com,5552 Hillcrest Ave,Toronto,Karnataka,India,680033,43.683947,-79.368798,Corporate,Bronze,75,31997.43,11-09-2021,9,3815.99,International Priority,09-02-2024
1197,Yuki Mehta,yuki.mehta97@yahoo.com,1038 King Street,Mumbai,Delhi,India,660866,19.066322,72.869943,Corporate,,96,39444.68,16-09-2022,41,1566,Overnight,18-10-2024
1198,Raj Martin,raj.martin98@hotmail.com,95 Oak Street,Berlin,Bavaria,Germany,96159,52.543102,13.45498,Individual,,43,7765.77,26-12-2020,8,697.95,Overnight,07-05-2024
1199,Wei Martin,wei.martin99@icloud.com,9611 Lake View Rd,Berlin,New South Wales,Australia,5226,52.536468,13.433606,Corporate,,45,28982.14,17-05-2023,33,647.09,Express,13-08-2024
1200,Amit Rossi,amit.rossi0@gmail.com,5142 King Street,Toronto,Gujarat,India,224071,43.696207,-79.430473,SME,Bronze,61,9814.4,24-07-2021,16,307.46,International Priority,14-08-2024
1201,Elena Patel,elena.patel1@outlook.com,2852 King Street,Toronto,Berlin,Germany,62109,43.697512,-79.389684,Individual,,92,42560.56,03-03-2023,36,176.47,Standard,21-10-2024
1202,Olivia Singh,olivia.singh2@yahoo.com,3819 Maple Road,Mumbai,Scotland,UK,SE7 4AB,19.074345,72.901534,Corporate,Gold,66,13595.78,05-07-2023,27,1482.97,International Priority,15-01-2024
1203,Anna Nair,anna.nair3@hotmail.com,7779 Main St,London,Hesse,Germany,49244,51.471489,-0.176632,Corporate,Bronze,90,45714.69,03-07-2019,61,7573.5,Express,27-09-2024
1204,Elena Clark,elena.clark4@icloud.com,8794 Sunset Blvd,Mumbai,Quebec,Canada,V9A 2A6,19.07362,72.851339,Individual,Gold,84,11117.18,30-09-2020,5,1417.49,Overnight,20-01-2024
1205,Sara Nair,sara.nair5@gmail.com,6539 Market Street,Toronto,Dubai,UAE,34025,43.609765,-79.340747,Corporate,,67,27761.72,03-08-2020,16,1031.52,Overnight,06-04-2024
1206,Fatima Martin,fatima.martin6@outlook.com,791 Sunset Blvd,Sydney,Texas,USA,24733,-33.818961,151.215987,Individual,Silver,61,31783.47,05-10-2021,24,1550.31,Express,24-04-2024
1207,Wei Das,wei.das7@yahoo.com,6992 Park Avenue,Toronto,England,UK,SE9 3BA,43.630048,-79.385248,Corporate,Gold,73,19107.63,23-11-2021,67,1047.83,International Priority,09-02-2024
1208,Elena Khan,elena.khan8@hotmail.com,4953 Park Avenue,Sydney,Sharjah,UAE,79376,-33.913544,151.255771,SME,Bronze,57,4395.49,28-09-2023,17,478.09,Standard,14-08-2024
1209,Laura Lopez,laura.lopez9@icloud.com,4803 Main St,New York,Abu Dhabi,UAE,60867,40.708811,-74.054597,Corporate,Gold,51,16779.76,22-06-2022,35,3067.37,Overnight,01-04-2024
1210,Olivia Mehta,olivia.mehta10@gmail.com,2314 Lake View Rd,Toronto,England,UK,SE1 6BA,43.654848,-79.342629,Corporate,Bronze,94,24867.05,19-04-2021,63,533.1,International Priority,14-04-2024
1211,Carlos Ibrahim,carlos.ibrahim11@outlook.com,1629 Hillcrest Ave,New York,British Columbia,Canada,H2A 5A7,40.732925,-74.011117,Individual,,57,8399.19,21-01-2022,39,300.59,Overnight,27-01-2024
1212,Arjun Khan,arjun.khan12@yahoo.com,273 Lake View Rd,London,Hesse,Germany,58659,51.522988,-0.086118,Corporate,Gold,50,22254.05,04-08-2023,11,1496.35,Express,28-10-2024
1213,Sara Tanaka,sara.tanaka13@hotmail.com,6007 Market Street,Mumbai,Texas,USA,94279,19.093907,72.901396,Individual,Silver,52,12221.49,11-02-2019,38,1548.44,International Priority,08-11-2024
1214,Wei Lee,wei.lee14@icloud.com,547 Victoria Road,Sydney,Bavaria,Germany,45424,-33.899427,151.218442,SME,Gold,88,43823.66,31-08-2023,107,229.88,Overnight,22-08-2024
1215,Mia Patel,mia.patel15@gmail.com,934 Park Avenue,Mumbai,Karnataka,India,628048,19.079077,72.861977,Individual,Silver,56,19500.47,22-08-2023,12,133.6,Overnight,10-02-2024
1216,Raj Chowdhury,raj.chowdhury16@outlook.com,7862 Market Street,New York,Berlin,Germany,62001,40.72851,-74.046476,Individual,Bronze,42,49480.07,25-03-2023,17,1483.75,Standard,21-11-2024
1217,Lucas Anderson,lucas.anderson17@yahoo.com,5464 Oak Street,Sydney,Central Region,Singapore,470531,-33.896801,151.173605,Corporate,,46,15843.23,13-02-2022,80,1635.29,Overnight,08-07-2024
1218,Fatima Ibrahim,fatima.ibrahim18@hotmail.com,1802 Main St,Mumbai,Scotland,UK,EC3 7BB,19.076306,72.861415,SME,,51,19837.62,15-02-2021,39,1547.91,Overnight,25-02-2024
1219,Carlos Anderson,carlos.anderson19@icloud.com,1566 Park Avenue,Toronto,California,USA,99689,43.630595,-79.383133,Individual,Silver,46,24512.97,22-06-2024,21,1794.34,Standard,04-12-2024
1220,Anna Ibrahim,anna.ibrahim20@gmail.com,6757 Lake View Rd,Berlin,Bavaria,Germany,93953,52.489033,13.358322,Corporate,Bronze,70,35321.46,04-11-2021,70,1552.74,Express,24-01-2024
1221,Laura Nguyen,laura.nguyen21@outlook.com,9659 Victoria Road,New York,Florida,USA,95005,40.72732,-73.999204,Corporate,,71,1718.52,12-02-2019,20,4649.67,Overnight,21-01-2024
1222,Wei Mehta,wei.mehta22@yahoo.com,8682 Main St,Mumbai,New York,USA,45849,19.122296,72.842375,Individual,Bronze,59,12844.46,08-06-2023,5,567.2,International Priority,13-11-2024
1223,Elena Kim,elena.kim23@hotmail.com,9401 Sunset Blvd,New York,Karnataka,India,736168,40.731742,-74.026595,Corporate,Silver,59,27653.13,21-06-2019,63,1028.56,International Priority,22-03-2024
1224,David Lopez,david.lopez24@icloud.com,5980 Lake View Rd,Dubai,Maharashtra,India,128414,25.229028,55.242321,Individual,Silver,85,6494.11,14-01-2024,84,3582.97,Overnight,23-12-2024
1225,James Lopez,james.lopez25@gmail.com,2860 Lake View Rd,New York,Wales,UK,SE6 4BA,40.688375,-74.013916,Individual,Gold,49,26189.74,11-06-2020,9,1455.29,Overnight,16-01-2024
1226,Olivia Johnson,olivia.johnson26@outlook.com,5202 Victoria Road,Sydney,Alberta,Canada,M4C 4B6,-33.825787,151.165399,Individual,,85,6691.88,02-07-2021,27,1694.27,Standard,21-08-2024
1227,Emma Martin,emma.martin27@yahoo.com,3058 Park Avenue,Dubai,East Region,Singapore,533302,25.253841,55.241105,SME,,94,2969.87,16-10-2019,14,223.43,Overnight,31-08-2024
1228,Ahmed Ali,ahmed.ali28@hotmail.com,590 Market Street,Singapore,Dubai,UAE,21530,1.322744,103.780799,Individual,Gold,44,26934.28,13-04-2020,6,1758.65,Express,19-08-2024
1229,Emma Muller,emma.muller29@icloud.com,7687 Victoria Road,Sydney,Texas,USA,84091,-33.901255,151.215157,Corporate,Silver,56,42772.81,17-04-2020,29,6987.05,Overnight,05-02-2024
1230,Fatima Khan,fatima.khan30@gmail.com,3067 Market Street,Berlin,Alberta,Canada,V4B 6B6,52.470794,13.447973,SME,Silver,56,24004.12,12-10-2020,40,1058.34,Overnight,06-10-2024
1231,Wei Lee,wei.lee31@outlook.com,98 King Street,Dubai,Sharjah,UAE,14233,25.226071,55.316521,Corporate,Silver,61,6377.4,24-06-2024,55,5486.63,Standard,08-12-2024
1232,Priya Chowdhury,priya.chowdhury32@yahoo.com,5013 Park Avenue,Singapore,Dubai,UAE,43864,1.329967,103.814356,SME,Silver,40,28711.35,30-09-2019,23,1383.07,Overnight,05-06-2024
1233,Amit Nguyen,amit.nguyen33@hotmail.com,7381 Main St,Toronto,West Region,Singapore,657728,43.634902,-79.374614,SME,Bronze,80,14979.71,21-01-2021,4,412.83,Standard,30-03-2024
1234,Ahmed Rossi,ahmed.rossi34@icloud.com,3600 Lake View Rd,New York,England,UK,SW3 4AA,40.730595,-73.974739,SME,,100,7549.44,08-01-2025,37,1949.33,International Priority,12-12-2024
1235,Ivan Petrov,ivan.petrov35@gmail.com,2985 Victoria Road,Mumbai,Dubai,UAE,77846,19.053213,72.897482,SME,,65,28379.71,02-09-2022,35,1056.8,Express,31-05-2024
1236,Michael Nguyen,michael.nguyen36@outlook.com,3765 Hillcrest Ave,London,West Region,Singapore,413876,51.547338,-0.103478,Corporate,Silver,45,30158.17,16-11-2020,22,2959.69,International Priority,15-03-2024
1237,Maria Ibrahim,maria.ibrahim37@yahoo.com,2910 Main St,New York,Sharjah,UAE,63824,40.672336,-74.023569,Individual,Silver,42,49901.61,16-11-2021,38,1112.15,International Priority,17-11-2024
1238,Lucas Hassan,lucas.hassan38@hotmail.com,5905 Sunset Blvd,Singapore,California,USA,62574,1.337826,103.840729,Corporate,Silver,77,17742.51,20-06-2023,83,3941,Express,01-04-2024
1239,Ahmed Fernandez,ahmed.fernandez39@icloud.com,4382 Maple Road,New York,Texas,USA,14763,40.723489,-74.007028,Individual,,98,18265.62,12-03-2022,11,509.74,International Priority,28-05-2024
1240,Fatima Fernandez,fatima.fernandez40@gmail.com,8478 Maple Road,Berlin,New South Wales,Australia,4802,52.516972,13.374102,Corporate,,73,33300.13,05-01-2025,90,7114.77,Standard,11-02-2024
1241,Arjun Khan,arjun.khan41@outlook.com,83 Victoria Road,Toronto,Ontario,Canada,H7B 7C6,43.62429,-79.408,SME,Silver,75,12819,19-03-2022,27,1489.53,Standard,12-07-2024
1242,John Johnson,john.johnson42@yahoo.com,7262 Victoria Road,London,Hesse,Germany,97817,51.461269,-0.089975,SME,Bronze,66,32258.14,12-03-2022,10,720.68,Standard,07-06-2024
1243,Ivan Tanaka,ivan.tanaka43@hotmail.com,4131 Main St,Dubai,Central Region,Singapore,553766,25.226139,55.288477,Individual,Gold,60,1741.15,07-12-2021,85,5924.88,Standard,28-03-2024
1244,Ahmed Fernandez,ahmed.fernandez44@icloud.com,1472 Sunset Blvd,Dubai,Gujarat,India,197824,25.157061,55.288686,Individual,Gold,84,906.14,20-03-2020,38,1400.93,Standard,25-01-2024
1245,Yuki Hassan,yuki.hassan45@gmail.com,4143 Park Avenue,Dubai,East Region,Singapore,275922,25.201657,55.305041,Corporate,Gold,48,37769.48,04-05-2020,35,7858.45,Overnight,25-03-2024
1246,John Petrov,john.petrov46@outlook.com,6872 Maple Road,Singapore,Bavaria,Germany,45803,1.341461,103.79548,Individual,,96,38993.82,06-06-2023,33,1803.27,International Priority,29-06-2024
1247,Isabella Garcia,isabella.garcia47@yahoo.com,9615 Maple Road,Sydney,British Columbia,Canada,H9C 4A5,-33.909692,151.218089,Corporate,,93,25257.72,07-04-2021,14,1380.91,Standard,04-05-2024
1248,Chen Lopez,chen.lopez48@hotmail.com,6853 Sunset Blvd,Sydney,Gujarat,India,380786,-33.862776,151.190835,Individual,Gold,69,22542.13,21-12-2019,27,1639.93,Express,12-12-2024
1249,Elena Petrov,elena.petrov49@icloud.com,4498 Victoria Road,Mumbai,Berlin,Germany,22795,19.108021,72.914983,Individual,Gold,57,8793,01-08-2024,109,6497.96,Overnight,14-09-2024
1250,Liam Dubois,liam.dubois50@gmail.com,9625 Lake View Rd,London,Victoria,Australia,4558,51.547317,-0.117012,Individual,Bronze,58,48926.02,02-04-2021,38,1884.21,International Priority,26-06-2024
1251,Sara Lee,sara.lee51@outlook.com,4101 Hillcrest Ave,Dubai,Gujarat,India,510442,25.157604,55.310463,SME,,75,12548.36,04-06-2020,23,1547.17,International Priority,01-12-2024
1252,Ahmed Petrov,ahmed.petrov52@yahoo.com,7166 Sunset Blvd,Sydney,New York,USA,73669,-33.82337,151.161486,SME,,49,15993.76,23-10-2024,16,470.81,International Priority,17-04-2024
1253,Yuki Dubois,yuki.dubois53@hotmail.com,6943 Hillcrest Ave,Singapore,Bavaria,Germany,86022,1.338487,103.817915,Corporate,Gold,78,5735.81,27-05-2019,83,6200.72,International Priority,06-01-2024
1254,Liam Rossi,liam.rossi54@icloud.com,6117 Lake View Rd,Mumbai,East Region,Singapore,503134,19.041258,72.829853,Individual,Bronze,93,18941.11,04-04-2024,35,999.62,International Priority,16-07-2024
1255,Liam Lee,liam.lee55@gmail.com,8738 Maple Road,Toronto,Delhi,India,719694,43.649368,-79.416419,Corporate,Bronze,46,44879.75,15-05-2024,20,4543.03,International Priority,23-10-2024
1256,Yuki Chowdhury,yuki.chowdhury56@outlook.com,1370 Oak Street,Mumbai,New South Wales,Australia,7996,19.035442,72.871115,Individual,Gold,46,6452.41,23-03-2020,91,975.35,International Priority,14-08-2024
1257,Mohammed Hassan,mohammed.hassan57@yahoo.com,3430 Market Street,Sydney,East Region,Singapore,314632,-33.851938,151.182279,SME,Gold,54,22905.36,01-04-2020,2,1818.46,Express,16-10-2024
1258,Ivan Brown,ivan.brown58@hotmail.com,8050 Market Street,Berlin,Abu Dhabi,UAE,66748,52.524402,13.390238,SME,,93,49462.9,25-07-2021,97,7341.95,International Priority,10-05-2024
1259,Sophia Ibrahim,sophia.ibrahim59@icloud.com,953 Main St,Singapore,Tamil Nadu,India,725602,1.386453,103.83192,Individual,Gold,46,41095.12,05-06-2019,19,811.97,Express,16-08-2024
1260,Daniel Dubois,daniel.dubois60@gmail.com,4630 Hillcrest Ave,Berlin,Gujarat,India,267003,52.491585,13.405004,Individual,Silver,95,49218.3,09-05-2023,96,6092.16,International Priority,29-03-2024
1261,Isabella Costa,isabella.costa61@outlook.com,2056 Lake View Rd,Dubai,New South Wales,Australia,5044,25.195945,55.298209,SME,Bronze,92,17312.74,25-01-2021,120,851.06,Overnight,22-03-2024
1262,Olivia Costa,olivia.costa62@yahoo.com,9248 Hillcrest Ave,Berlin,Sharjah,UAE,88112,52.512246,13.420503,SME,Gold,82,15201.73,09-12-2019,19,1372.11,Standard,16-11-2024
1263,Arjun Nguyen,arjun.nguyen63@hotmail.com,3096 Hillcrest Ave,Dubai,Berlin,Germany,31627,25.208061,55.280536,Corporate,Silver,58,30453.65,04-10-2019,108,459.85,International Priority,29-07-2024
1264,David Kim,david.kim64@icloud.com,4656 Lake View Rd,Dubai,Wales,UK,W2 5AB,25.222604,55.245791,SME,Bronze,66,10529.94,17-09-2021,31,941.57,International Priority,20-12-2024
1265,John Anderson,john.anderson65@gmail.com,2885 Victoria Road,Sydney,Hamburg,Germany,72054,-33.905492,151.171507,Individual,Silver,61,32066.87,21-11-2023,16,1515.06,Standard,03-12-2024
1266,Emma Chowdhury,emma.chowdhury66@outlook.com,253 Sunset Blvd,Berlin,Dubai,UAE,27944,52.566778,13.382417,Corporate,Silver,63,7303.44,28-02-2023,11,2845.45,Express,20-11-2024
1267,Sara Khan,sara.khan67@yahoo.com,5486 Lake View Rd,Dubai,Alberta,Canada,T3C 1C4,25.163213,55.297765,Individual,Gold,79,4392.39,30-11-2023,37,1206.76,Standard,05-08-2024
1268,Priya Singh,priya.singh68@hotmail.com,2977 Lake View Rd,London,West Region,Singapore,188127,51.506398,-0.11987,Corporate,Bronze,94,21938.52,07-08-2020,11,5067.17,Standard,15-08-2024
1269,Maria Mehta,maria.mehta69@icloud.com,6250 Market Street,Toronto,Queensland,Australia,2657,43.605777,-79.374113,Individual,Silver,81,7821.98,16-12-2023,18,1959.87,Standard,28-06-2024
1270,Mohammed Nair,mohammed.nair70@gmail.com,3955 Maple Road,Mumbai,Bavaria,Germany,61221,19.125279,72.889112,SME,,41,5005.36,18-06-2019,117,5166.87,Overnight,09-01-2024
1271,Sophia Rossi,sophia.rossi71@outlook.com,1911 Victoria Road,Mumbai,Delhi,India,649684,19.076451,72.917305,Individual,Bronze,53,30356.18,24-08-2024,39,883.97,International Priority,26-03-2024
1272,Laura Sharma,laura.sharma72@yahoo.com,5006 Main St,Sydney,Queensland,Australia,5455,-33.8545,151.213587,Corporate,,44,1925.52,13-02-2021,44,2880.03,International Priority,25-10-2024
1273,Carlos Nair,carlos.nair73@hotmail.com,7613 Market Street,Berlin,California,USA,68678,52.560038,13.393329,Individual,Gold,62,16350.74,11-05-2021,34,651.78,Standard,06-01-2024
1274,David Nair,david.nair74@icloud.com,509 Main St,Berlin,Abu Dhabi,UAE,90416,52.551607,13.425556,Corporate,,69,26560.82,26-07-2022,95,7846.85,International Priority,30-08-2024
1275,Amit Lee,amit.lee75@gmail.com,8750 Lake View Rd,Dubai,East Region,Singapore,376747,25.160592,55.284811,Individual,Bronze,46,39751.18,29-06-2019,19,1074.48,Express,01-07-2024
1276,Wei Costa,wei.costa76@outlook.com,1654 Hillcrest Ave,Singapore,Hesse,Germany,44550,1.311836,103.825141,SME,Silver,51,49156.33,28-02-2019,22,1171.65,Express,30-07-2024
1277,John Singh,john.singh77@yahoo.com,6049 Sunset Blvd,New York,New South Wales,Australia,5670,40.75773,-73.98172,SME,Silver,53,45752.33,17-09-2020,29,7732.75,International Priority,25-06-2024
1278,Isabella Hassan,isabella.hassan78@hotmail.com,1799 Maple Road,Dubai,East Region,Singapore,649634,25.228201,55.282824,Individual,Bronze,63,41894.85,30-10-2022,23,1825.28,Overnight,24-04-2024
1279,David Khan,david.khan79@icloud.com,9206 Lake View Rd,Toronto,Berlin,Germany,67256,43.641685,-79.428145,Individual,Silver,50,33690.89,24-10-2021,47,524.43,Overnight,10-06-2024
1280,Ivan Kim,ivan.kim80@gmail.com,4546 Market Street,London,New South Wales,Australia,6306,51.529236,-0.133206,Individual,,80,2014.63,19-12-2020,36,1407.75,Overnight,05-06-2024
1281,Wei Clark,wei.clark81@outlook.com,1387 Market Street,Mumbai,Tamil Nadu,India,582280,19.046573,72.902046,Corporate,Silver,88,4464.61,05-12-2022,63,5183.96,International Priority,14-09-2024
1282,Liam Anderson,liam.anderson82@yahoo.com,2920 Victoria Road,Dubai,California,USA,36136,25.214063,55.249754,Individual,Silver,46,29378.55,07-03-2024,34,1721.84,International Priority,29-01-2024
1283,Isabella Hassan,isabella.hassan83@hotmail.com,337 Park Avenue,New York,Florida,USA,27190,40.757625,-73.987126,Individual,,63,12543.23,01-04-2021,56,6801.63,International Priority,06-11-2024
1284,Sophia Clark,sophia.clark84@icloud.com,1658 King Street,New York,Alberta,Canada,M8A 9A2,40.731234,-73.980974,Corporate,,70,47523.63,20-08-2019,31,6850.84,Express,20-06-2024
1285,James Kim,james.kim85@gmail.com,2708 Maple Road,Dubai,Queensland,Australia,5308,25.160919,55.317784,SME,,56,49994.83,22-05-2023,14,934.21,Overnight,26-06-2024
1286,Maria Patel,maria.patel86@outlook.com,1147 Market Street,Sydney,Bavaria,Germany,90889,-33.839819,151.182572,Individual,Gold,84,2984.97,06-04-2023,9,417.53,Standard,21-02-2024
1287,David Lopez,david.lopez87@yahoo.com,1979 Sunset Blvd,Mumbai,Florida,USA,43194,19.030356,72.892665,Individual,,94,10309.03,19-09-2020,1,244.99,Overnight,05-02-2024
1288,Liam Patel,liam.patel88@hotmail.com,1770 Maple Road,Sydney,Dubai,UAE,32901,-33.841211,151.22583,SME,,51,12920.87,10-04-2022,106,5801.56,Overnight,14-12-2024
1289,Wei Lopez,wei.lopez89@icloud.com,691 Hillcrest Ave,London,Texas,USA,25026,51.510141,-0.087296,SME,Gold,40,44330.05,01-09-2024,35,1950.05,International Priority,21-09-2024
1290,Liam Smith,liam.smith90@gmail.com,9741 Hillcrest Ave,New York,England,UK,W3 7BB,40.732545,-74.01222,Corporate,Silver,65,7778.76,18-09-2019,108,556.06,Standard,24-10-2024
1291,Lucas Clark,lucas.clark91@outlook.com,9005 Victoria Road,New York,Scotland,UK,EC9 8AA,40.692053,-74.005914,Individual,,42,15550.38,11-07-2021,34,80.37,Overnight,25-05-2024
1292,Amit Anderson,amit.anderson92@yahoo.com,328 Hillcrest Ave,Toronto,Illinois,USA,24929,43.687996,-79.335616,Individual,Bronze,96,25035.32,23-01-2021,33,978.77,Overnight,07-05-2024
1293,Carlos Mehta,carlos.mehta93@hotmail.com,6448 Park Avenue,London,Victoria,Australia,4808,51.547705,-0.118362,Corporate,,95,36474.54,07-03-2021,90,4368.74,Overnight,23-09-2024
1294,Lucas Chowdhury,lucas.chowdhury94@icloud.com,6778 Oak Street,New York,Quebec,Canada,V9C 8B1,40.759667,-73.976943,SME,,84,9678.3,07-10-2022,76,7344.88,Standard,11-09-2024
1295,Fatima Khan,fatima.khan95@gmail.com,9237 Market Street,London,New York,USA,55972,51.502268,-0.123391,Corporate,Gold,57,26239.58,03-12-2023,62,4399.76,Standard,12-09-2024
1296,Maria Lee,maria.lee96@outlook.com,8221 Lake View Rd,Mumbai,Maharashtra,India,395073,19.112538,72.889239,SME,Bronze,52,40593.23,14-04-2019,39,1127.1,Express,06-05-2024
1297,Laura Anderson,laura.anderson97@yahoo.com,7350 Main St,Berlin,East Region,Singapore,180997,52.482161,13.400246,Corporate,Silver,52,11874.61,10-12-2023,44,1789.26,International Priority,01-10-2024
1298,Mohammed Tanaka,mohammed.tanaka98@hotmail.com,8423 Market Street,New York,Hamburg,Germany,85715,40.681057,-73.976972,SME,Silver,95,6986.35,12-10-2019,39,547.17,International Priority,10-10-2024
1299,Ivan Khan,ivan.khan99@icloud.com,8981 Maple Road,Toronto,Quebec,Canada,M5C 9C6,43.613337,-79.377196,Corporate,Bronze,77,6861.32,03-10-2021,108,7249.73,Overnight,03-08-2024
1300,Ahmed Tanaka,ahmed.tanaka0@gmail.com,8497 Maple Road,Mumbai,Gujarat,India,798533,19.079495,72.843297,SME,,70,1244.91,04-12-2024,8,314.16,Overnight,24-12-2024
1301,Mohammed Dubois,mohammed.dubois1@outlook.com,5810 Sunset Blvd,Dubai,Ontario,Canada,M2B 5A7,25.196612,55.309462,SME,Gold,86,27925.44,24-03-2022,15,1671.13,International Priority,04-08-2024
1302,Sara Smith,sara.smith2@yahoo.com,2600 Main St,London,Delhi,India,193779,51.487561,-0.143851,SME,Bronze,65,14735.62,21-10-2020,14,103.59,Express,22-06-2024
1303,Michael Wang,michael.wang3@hotmail.com,2841 Sunset Blvd,Dubai,Hamburg,Germany,50829,25.170286,55.290079,SME,Bronze,46,7696.43,10-08-2020,25,4158.03,Overnight,18-06-2024
1304,James Singh,james.singh4@icloud.com,7689 Park Avenue,Sydney,Hesse,Germany,27175,-33.859364,151.185039,SME,Silver,74,17022.92,24-07-2022,21,1316.34,Express,03-02-2024
1305,Emma Anderson,emma.anderson5@gmail.com,931 Victoria Road,Mumbai,Scotland,UK,SW8 5AA,19.045564,72.866686,Individual,Gold,93,45125.16,21-08-2019,69,3488.6,Overnight,28-04-2024
1306,Fatima Rossi,fatima.rossi6@outlook.com,7068 King Street,Dubai,Queensland,Australia,4430,25.219318,55.233229,SME,Bronze,93,11437.94,01-04-2020,60,841.12,Express,06-04-2024
1307,Anna Fernandez,anna.fernandez7@yahoo.com,2937 Maple Road,Singapore,Tamil Nadu,India,485259,1.385245,103.818531,Individual,Gold,74,38720.94,24-09-2019,18,357.23,Overnight,14-04-2024
1308,David Kim,david.kim8@hotmail.com,9459 Market Street,Singapore,East Region,Singapore,185854,1.322842,103.814881,SME,,45,3755.35,07-08-2023,99,4679.69,Standard,14-07-2024
1309,Amit Costa,amit.costa9@icloud.com,866 Lake View Rd,New York,England,UK,SW3 9BA,40.713323,-73.975472,Individual,Silver,71,31520.6,22-10-2024,12,1636.45,Express,27-11-2024
1310,Olivia Muller,olivia.muller10@gmail.com,2713 Sunset Blvd,London,Maharashtra,India,635809,51.548699,-0.167648,Individual,,44,37747.25,28-12-2024,28,143.08,International Priority,18-12-2024
1311,Olivia Sharma,olivia.sharma11@outlook.com,2263 Main St,Berlin,England,UK,W4 8AA,52.526311,13.43047,Corporate,Gold,79,43117.72,13-03-2019,15,3960.63,Express,20-03-2024
1312,Maria Muller,maria.muller12@yahoo.com,3507 Main St,Mumbai,Hamburg,Germany,83346,19.08688,72.875237,SME,,44,30521,26-11-2020,18,883.88,International Priority,06-08-2024
1313,Chen Mehta,chen.mehta13@hotmail.com,9023 Maple Road,New York,Quebec,Canada,M1C 4B8,40.680468,-73.984793,Corporate,Silver,64,42212.99,10-08-2022,18,1525.95,Express,28-03-2024
1314,Yuki Fernandez,yuki.fernandez14@icloud.com,8760 Market Street,Toronto,Abu Dhabi,UAE,89586,43.63042,-79.428456,Corporate,Gold,88,34941.09,26-02-2023,17,7020.46,International Priority,09-07-2024
1315,Isabella Wang,isabella.wang15@gmail.com,9425 Market Street,Sydney,Wales,UK,NW4 2AA,-33.877476,151.171472,SME,Bronze,66,8554.38,07-06-2019,21,111.74,International Priority,28-02-2024
1316,Amit Anderson,amit.anderson16@outlook.com,7640 Hillcrest Ave,London,Maharashtra,India,148836,51.487196,-0.099262,Corporate,,64,43038.41,10-08-2020,106,4201.44,Standard,23-09-2024
1317,Michael Ali,michael.ali17@yahoo.com,3756 Hillcrest Ave,Mumbai,Delhi,India,141021,19.039673,72.84071,SME,Silver,52,35107.42,01-03-2020,49,6047.57,Standard,22-04-2024
1318,Sara Rossi,sara.rossi18@hotmail.com,5241 Lake View Rd,Singapore,Dubai,UAE,40814,1.343752,103.775506,Corporate,Bronze,82,3538.12,15-08-2021,84,4727.02,Overnight,03-06-2024
1319,James Mehta,james.mehta19@icloud.com,1280 Oak Street,Mumbai,New South Wales,Australia,7291,19.081924,72.842957,SME,Silver,78,26589.67,25-01-2019,25,810.69,Standard,13-04-2024
1320,David Das,david.das20@gmail.com,8699 King Street,Berlin,Central Region,Singapore,710683,52.554594,13.424391,SME,Gold,55,40384.6,11-04-2023,8,404.43,International Priority,06-10-2024
1321,Liam Tanaka,liam.tanaka21@outlook.com,5910 Park Avenue,Singapore,Hesse,Germany,33518,1.313261,103.804336,SME,Gold,47,24856.24,15-01-2019,11,1666.85,International Priority,09-04-2024
1322,Fatima Lee,fatima.lee22@yahoo.com,8119 Main St,Berlin,Maharashtra,India,377616,52.52925,13.425896,Individual,,72,38945.51,28-08-2019,6,6320,International Priority,25-04-2024
1323,Chen Smith,chen.smith23@hotmail.com,7274 Maple Road,Toronto,Texas,USA,62693,43.697264,-79.356522,Corporate,Silver,99,4727.38,07-05-2023,31,5134.88,Overnight,10-02-2024
1324,Sara Lopez,sara.lopez24@icloud.com,280 King Street,Sydney,Ontario,Canada,M2A 9C6,-33.839987,151.175072,Individual,Silver,45,19465.89,05-05-2020,14,659.15,Standard,21-04-2024
1325,Liam Das,liam.das25@gmail.com,1208 Sunset Blvd,Toronto,England,UK,NW8 3BB,43.654239,-79.378634,Corporate,Silver,44,27774.94,08-07-2021,3,123.98,International Priority,13-11-2024
1326,Chen Johnson,chen.johnson26@outlook.com,5158 Oak Street,New York,New South Wales,Australia,3867,40.70779,-73.956037,Corporate,Gold,84,7025.25,25-05-2019,114,5542.61,International Priority,25-06-2024
1327,Elena Ibrahim,elena.ibrahim27@yahoo.com,1600 King Street,New York,West Region,Singapore,205084,40.667281,-74.008645,Corporate,,52,41562.6,30-10-2019,65,5250.73,International Priority,02-04-2024
1328,Wei Nguyen,wei.nguyen28@hotmail.com,2465 Market Street,Toronto,Dubai,UAE,85503,43.703155,-79.395115,Individual,Silver,99,12622.54,23-03-2019,41,811.05,International Priority,21-02-2024
1329,Sophia Wang,sophia.wang29@icloud.com,1807 King Street,Sydney,Quebec,Canada,T1C 2A9,-33.880278,151.172747,Corporate,Silver,57,38071.03,05-05-2024,3,2639.34,Overnight,19-11-2024
1330,David Rossi,david.rossi30@gmail.com,7769 Sunset Blvd,Toronto,Berlin,Germany,66992,43.633617,-79.426577,Individual,Bronze,99,49810.97,01-05-2023,18,1507.93,International Priority,23-02-2024
1331,David Chowdhury,david.chowdhury31@outlook.com,2825 Lake View Rd,Sydney,Queensland,Australia,5583,-33.840106,151.238909,SME,Silver,91,26367.31,02-03-2022,32,1732.89,Standard,20-03-2024
1332,David Rossi,david.rossi32@yahoo.com,6170 King Street,Sydney,East Region,Singapore,563847,-33.883813,151.23968,Corporate,,43,38936.67,04-05-2023,108,6804.54,Express,09-11-2024
1333,James Patel,james.patel33@hotmail.com,9890 Park Avenue,Dubai,Scotland,UK,EC5 3BA,25.245333,55.303172,Corporate,Bronze,89,34769.99,16-01-2024,45,1476.97,International Priority,13-09-2024
1334,Priya Ali,priya.ali34@icloud.com,1410 Oak Street,Singapore,Scotland,UK,SE1 4BA,1.344597,103.834343,SME,Bronze,69,23720.75,31-08-2021,18,799.38,Standard,05-11-2024
1335,Maria Mehta,maria.mehta35@gmail.com,2473 Main St,London,Dubai,UAE,36529,51.525295,-0.108751,SME,Bronze,82,39682.5,02-07-2024,14,288.16,Overnight,28-03-2024
1336,Arjun Lopez,arjun.lopez36@outlook.com,5605 King Street,Sydney,Texas,USA,97916,-33.845428,151.17006,Corporate,Gold,46,2359.64,21-10-2021,5,334.75,International Priority,02-12-2024
1337,Noah Petrov,noah.petrov37@yahoo.com,4599 Main St,Berlin,Sharjah,UAE,6038,52.471292,13.385292,SME,Bronze,40,20931.14,14-11-2022,31,1522.84,Overnight,26-12-2024
1338,James Lopez,james.lopez38@hotmail.com,5624 Lake View Rd,Sydney,Hamburg,Germany,60771,-33.870382,151.221962,Individual,Silver,78,8068.64,07-02-2024,39,6314.56,International Priority,03-08-2024
1339,Yuki Wang,yuki.wang39@icloud.com,8101 Lake View Rd,Sydney,Queensland,Australia,4218,-33.877293,151.179267,Individual,Gold,61,1358.34,16-05-2024,35,6529.02,Express,08-04-2024
1340,Sophia Muller,sophia.muller40@gmail.com,135 Hillcrest Ave,Sydney,Queensland,Australia,3226,-33.880213,151.192814,Corporate,Gold,52,36300.69,19-09-2020,49,7176.68,International Priority,26-09-2024
1341,Anna Ibrahim,anna.ibrahim41@outlook.com,3796 Maple Road,Dubai,Tamil Nadu,India,794855,25.194846,55.289407,Individual,Gold,53,30842.13,04-02-2024,32,1939.35,Standard,01-12-2024
1342,Raj Sharma,raj.sharma42@yahoo.com,577 Victoria Road,Singapore,New York,USA,79237,1.312733,103.821031,Individual,Gold,53,47722.3,06-01-2025,16,1327.68,Overnight,29-09-2024
1343,Ahmed Das,ahmed.das43@hotmail.com,4013 Sunset Blvd,Dubai,Texas,USA,30807,25.195211,55.302851,Corporate,Gold,60,19635.82,15-01-2023,98,6634.4,International Priority,27-02-2024
1344,Anna Costa,anna.costa44@icloud.com,7651 Sunset Blvd,New York,New South Wales,Australia,3820,40.680434,-73.997175,SME,Gold,79,43458.21,05-07-2021,22,284.19,Overnight,05-06-2024
1345,Lucas Khan,lucas.khan45@gmail.com,4001 King Street,Dubai,Queensland,Australia,4948,25.243769,55.252727,Corporate,Gold,59,39571.48,14-08-2020,79,3344.42,Express,09-01-2024
1346,Maria Lopez,maria.lopez46@outlook.com,511 King Street,Berlin,Quebec,Canada,H9B 9C8,52.530601,13.451553,Individual,Bronze,59,37356.91,20-03-2022,27,200.74,Overnight,24-05-2024
1347,Mia Martin,mia.martin47@yahoo.com,1615 Oak Street,Berlin,Central Region,Singapore,517757,52.539152,13.4353,Corporate,,86,37629.15,15-12-2020,11,6605.27,Standard,24-07-2024
1348,Ivan Mehta,ivan.mehta48@hotmail.com,9174 Park Avenue,Dubai,British Columbia,Canada,H2C 7B9,25.237262,55.25955,Corporate,Silver,94,31133.84,11-05-2023,24,3216.7,Overnight,01-05-2024
1349,John Anderson,john.anderson49@icloud.com,1174 Sunset Blvd,Singapore,Quebec,Canada,T2A 2A4,1.381498,103.770092,Individual,Silver,78,42545.69,19-11-2021,28,596.12,Express,20-03-2024
1350,Ahmed Ibrahim,ahmed.ibrahim50@gmail.com,5703 Maple Road,Toronto,New York,USA,46925,43.616151,-79.347178,Individual,Bronze,86,29683.79,18-10-2020,36,751.33,Overnight,26-09-2024
1351,Isabella Tanaka,isabella.tanaka51@outlook.com,926 Sunset Blvd,London,Tamil Nadu,India,707150,51.554708,-0.101585,Corporate,Bronze,52,37476.06,16-02-2023,100,616.51,Overnight,16-07-2024
1352,Mohammed Mehta,mohammed.mehta52@yahoo.com,1171 Maple Road,Singapore,Wales,UK,SE1 6AB,1.303815,103.836822,Individual,Gold,52,35407.44,27-03-2019,5,101.19,International Priority,06-08-2024
1353,John Chowdhury,john.chowdhury53@hotmail.com,4729 Market Street,Dubai,Alberta,Canada,K1C 7A8,25.182845,55.296952,Individual,,92,701.44,04-11-2023,35,348.01,Express,18-03-2024
1354,Fatima Wang,fatima.wang54@icloud.com,9021 Sunset Blvd,Sydney,Karnataka,India,260153,-33.869844,151.171107,Individual,Gold,79,11760.17,13-05-2022,34,1376.09,Overnight,18-12-2024
1355,Carlos Costa,carlos.costa55@gmail.com,6514 Oak Street,Mumbai,Sharjah,UAE,29596,19.041402,72.890231,Individual,Bronze,42,22521.9,12-08-2020,11,3114.44,Express,15-10-2024
1356,Isabella Garcia,isabella.garcia56@outlook.com,5933 Maple Road,London,Hamburg,Germany,53788,51.466551,-0.173462,Individual,Gold,67,26183.86,24-06-2019,11,1043.46,Overnight,07-10-2024
1357,Olivia Brown,olivia.brown57@yahoo.com,3378 Sunset Blvd,London,British Columbia,Canada,V7B 4B2,51.523191,-0.175982,Individual,Silver,53,1713.08,27-02-2024,7,958.38,International Priority,07-02-2024
1358,Maria Chowdhury,maria.chowdhury58@hotmail.com,846 Lake View Rd,Berlin,Abu Dhabi,UAE,14533,52.532321,13.384657,SME,Silver,43,24515.4,08-08-2023,27,537.79,Express,13-05-2024
1359,Emma Hassan,emma.hassan59@icloud.com,6941 Maple Road,London,Scotland,UK,SW9 9BB,51.498301,-0.1114,Corporate,Gold,54,38418.84,18-07-2021,53,3800.36,Express,08-07-2024
1360,Maria Martin,maria.martin60@gmail.com,5207 Maple Road,Dubai,Hamburg,Germany,17573,25.228658,55.307499,Individual,,72,38635.82,06-07-2023,7,827.72,Overnight,22-05-2024
1361,Laura Lee,laura.lee61@outlook.com,4692 Sunset Blvd,Sydney,Berlin,Germany,51985,-33.905662,151.198522,Corporate,Gold,75,36221.82,27-05-2020,76,3358.64,International Priority,14-10-2024
1362,David Patel,david.patel62@yahoo.com,6707 Park Avenue,Sydney,Scotland,UK,SE2 7AB,-33.875643,151.230112,SME,Gold,71,4562.16,16-12-2022,23,1723.61,International Priority,26-11-2024
1363,Ivan Rossi,ivan.rossi63@hotmail.com,5284 Victoria Road,New York,Quebec,Canada,H9B 8C6,40.732362,-74.046749,Individual,,96,26824.1,02-05-2021,8,1505.87,Standard,21-05-2024
1364,Mohammed Singh,mohammed.singh64@icloud.com,7556 Market Street,Sydney,Illinois,USA,49629,-33.823509,151.204882,Corporate,,57,24687.01,21-07-2023,50,6105.11,International Priority,18-01-2024
1365,Maria Costa,maria.costa65@gmail.com,8069 King Street,Singapore,England,UK,W8 1AA,1.393355,103.776186,Individual,,82,4397.59,21-09-2023,13,1921.72,Standard,04-06-2024
1366,Raj Brown,raj.brown66@outlook.com,3049 Market Street,Sydney,England,UK,W7 5BB,-33.842674,151.23431,Individual,Silver,72,32005.69,08-09-2023,64,3251.12,Overnight,22-06-2024
1367,Olivia Lopez,olivia.lopez67@yahoo.com,3999 Hillcrest Ave,Berlin,Scotland,UK,EC5 7BA,52.489123,13.355591,Individual,Gold,46,14394.82,01-03-2024,20,425.64,Standard,13-08-2024
1368,Priya Costa,priya.costa68@hotmail.com,8915 Park Avenue,Sydney,Hamburg,Germany,77431,-33.891128,151.161788,Individual,Bronze,46,49155.75,27-01-2024,73,5823.91,Standard,30-04-2024
1369,Maria Nair,maria.nair69@icloud.com,285 Oak Street,New York,Central Region,Singapore,356703,40.685925,-73.965335,Individual,,66,40441.99,24-12-2023,46,3099.8,Overnight,19-07-2024
1370,Raj Martin,raj.martin70@gmail.com,778 Oak Street,Mumbai,Maharashtra,India,647431,19.088441,72.851429,Individual,,90,49088.65,11-05-2023,37,1833.98,Standard,13-01-2024
1371,Noah Sharma,noah.sharma71@outlook.com,9787 Victoria Road,Dubai,Sharjah,UAE,82592,25.193106,55.235613,Individual,Gold,63,946.67,13-03-2024,31,1378.19,International Priority,02-12-2024
1372,Yuki Lopez,yuki.lopez72@yahoo.com,3736 Victoria Road,Berlin,Illinois,USA,56198,52.491684,13.442033,SME,Bronze,71,43609.96,29-01-2023,1,515.05,International Priority,17-05-2024
1373,Chen Hassan,chen.hassan73@hotmail.com,6738 Lake View Rd,Singapore,Alberta,Canada,K1A 7B9,1.393425,103.85235,SME,Gold,52,2590.26,15-10-2022,40,419.15,Express,06-03-2024
1374,Arjun Petrov,arjun.petrov74@icloud.com,9016 Market Street,Mumbai,Ontario,Canada,T9B 8B9,19.073896,72.916678,Individual,Gold,90,48067.86,28-08-2022,26,856.14,Express,13-03-2024
1375,Isabella Hassan,isabella.hassan75@gmail.com,2839 Maple Road,Berlin,Sharjah,UAE,79081,52.526088,13.431084,Individual,,61,22062.83,22-06-2023,12,1865.06,Express,08-12-2024
1376,Arjun Martin,arjun.martin76@outlook.com,2299 Sunset Blvd,Toronto,Maharashtra,India,459112,43.624927,-79.385581,SME,,79,7742.2,29-06-2020,9,1763.57,Overnight,19-09-2024
1377,John Ali,john.ali77@yahoo.com,4898 Hillcrest Ave,London,Wales,UK,SW3 5BB,51.461529,-0.115038,SME,Silver,79,38663.02,10-12-2024,7,729.8,Overnight,10-07-2024
1378,Carlos Ali,carlos.ali78@hotmail.com,7734 Hillcrest Ave,Toronto,East Region,Singapore,452414,43.635211,-79.38778,SME,Bronze,65,16349.22,23-04-2021,9,1419.76,Standard,02-09-2024
1379,Sophia Clark,sophia.clark79@icloud.com,7389 Main St,Sydney,New York,USA,38229,-33.837858,151.178489,Individual,Bronze,75,44155.68,04-10-2021,87,4541.72,Standard,09-04-2024
1380,Yuki Nguyen,yuki.nguyen80@gmail.com,3713 Lake View Rd,Mumbai,Alberta,Canada,H4A 4C7,19.097001,72.889969,Corporate,,71,521.01,07-06-2021,110,1491.75,International Priority,17-07-2024
1381,Noah Chowdhury,noah.chowdhury81@outlook.com,9916 Main St,Sydney,Dubai,UAE,9938,-33.876215,151.230453,Corporate,,94,11252.06,21-02-2021,106,1105.67,Overnight,26-04-2024
1382,Wei Petrov,wei.petrov82@yahoo.com,325 Maple Road,London,New South Wales,Australia,7012,51.521234,-0.164103,Corporate,,87,49427.55,08-03-2021,80,1849.94,International Priority,08-03-2024
1383,Chen Wang,chen.wang83@hotmail.com,24 Hillcrest Ave,Berlin,West Region,Singapore,698381,52.510161,13.427191,Corporate,Bronze,82,1995.74,28-01-2023,83,4515.79,Express,30-03-2024
1384,Chen Fernandez,chen.fernandez84@icloud.com,536 King Street,London,Abu Dhabi,UAE,73812,51.547378,-0.132583,Individual,Silver,80,34123.81,12-03-2024,26,953.89,International Priority,08-10-2024
1385,Ivan Johnson,ivan.johnson85@gmail.com,1973 King Street,New York,Central Region,Singapore,318675,40.686754,-74.029731,Corporate,Bronze,49,33991.46,31-07-2023,80,6498.29,Standard,27-10-2024
1386,Mia Lee,mia.lee86@outlook.com,8458 Park Avenue,London,Alberta,Canada,V7C 1A9,51.473915,-0.168236,SME,,56,25548.28,16-03-2023,120,7929.84,Express,02-12-2024
1387,Lucas Sharma,lucas.sharma87@yahoo.com,8103 Hillcrest Ave,New York,Scotland,UK,SE2 6BB,40.716886,-73.983932,SME,,41,14799.31,11-06-2022,15,1067.93,Express,30-08-2024
1388,Wei Martin,wei.martin88@hotmail.com,2262 Victoria Road,London,Queensland,Australia,7260,51.545361,-0.13855,Corporate,Silver,85,22346.66,24-05-2021,28,5818.2,International Priority,27-11-2024
1389,Elena Lee,elena.lee89@icloud.com,4999 Victoria Road,Dubai,Gujarat,India,409258,25.20965,55.265449,SME,Gold,80,29544.06,29-05-2023,10,1831.23,Standard,12-04-2024
1390,Olivia Dubois,olivia.dubois90@gmail.com,3088 Park Avenue,New York,California,USA,27363,40.704006,-74.025817,Individual,Gold,79,33452.56,01-08-2020,27,482.49,International Priority,21-01-2024
1391,Sara Tanaka,sara.tanaka91@outlook.com,8801 King Street,Mumbai,Gujarat,India,308465,19.117992,72.92282,Corporate,Bronze,93,24401.07,10-04-2024,11,449.91,Express,23-09-2024
1392,Chen Johnson,chen.johnson92@yahoo.com,4058 King Street,Sydney,Karnataka,India,522047,-33.828832,151.251321,Corporate,Gold,79,11229.07,21-03-2020,115,7973.25,Standard,22-01-2024
1393,Carlos Dubois,carlos.dubois93@hotmail.com,2733 Oak Street,Singapore,Sharjah,UAE,70131,1.323313,103.777294,Individual,Gold,82,34796.98,27-01-2024,28,1579,International Priority,06-05-2024
1394,Sophia Dubois,sophia.dubois94@icloud.com,8629 Park Avenue,Sydney,West Region,Singapore,309398,-33.86086,151.19066,SME,Bronze,73,14749.88,15-05-2022,18,292.86,Express,25-09-2024
1395,Maria Petrov,maria.petrov95@gmail.com,9867 Park Avenue,Toronto,California,USA,68906,43.683134,-79.362415,Individual,,63,49207.65,16-08-2023,3,1120.87,International Priority,03-05-2024
1396,Priya Clark,priya.clark96@outlook.com,4655 Lake View Rd,Sydney,New York,USA,78745,-33.85931,151.221539,Individual,Gold,70,48108.65,28-07-2019,34,1546.86,Standard,20-09-2024
1397,Sophia Fernandez,sophia.fernandez97@yahoo.com,4412 King Street,Berlin,British Columbia,Canada,M4B 2B2,52.471401,13.407375,SME,,46,18781.23,27-03-2021,9,2728.28,Express,13-03-2024
1398,Chen Singh,chen.singh98@hotmail.com,3790 Victoria Road,Dubai,British Columbia,Canada,H7B 9C1,25.240481,55.275165,Individual,Bronze,88,4071.9,08-06-2021,31,1526.33,Overnight,11-12-2024
1399,Raj Chowdhury,raj.chowdhury99@icloud.com,7241 Market Street,London,California,USA,69782,51.55155,-0.149999,SME,,96,21039.24,15-10-2022,12,1676.76,Overnight,03-08-2024
1400,Maria Wang,maria.wang0@gmail.com,4300 Sunset Blvd,Toronto,New South Wales,Australia,4333,43.630865,-79.408832,SME,,65,41448.78,03-10-2020,14,1669.85,Standard,14-06-2024
1401,Elena Mehta,elena.mehta1@outlook.com,5892 Victoria Road,Berlin,Hamburg,Germany,62854,52.501585,13.391369,Individual,Bronze,44,5288.56,24-04-2023,36,309.4,Overnight,19-04-2024
1402,Arjun Lopez,arjun.lopez2@yahoo.com,1690 Main St,Berlin,British Columbia,Canada,M3A 5B6,52.504972,13.413026,SME,,91,14705.22,20-10-2024,29,767.89,Standard,17-12-2024
1403,David Chowdhury,david.chowdhury3@hotmail.com,3539 Oak Street,New York,Bavaria,Germany,49646,40.665812,-73.999463,Individual,Gold,80,43121.47,04-11-2023,13,889.86,Standard,28-01-2024
1404,Anna Ibrahim,anna.ibrahim4@icloud.com,7404 Hillcrest Ave,Sydney,Abu Dhabi,UAE,42804,-33.895217,151.214574,SME,Gold,40,36761.5,08-01-2021,5,1042.36,Express,27-10-2024
1405,John Smith,john.smith5@gmail.com,17 Lake View Rd,Mumbai,New South Wales,Australia,5095,19.063885,72.901583,Corporate,Gold,84,42268.06,20-12-2023,109,3178.24,International Priority,24-05-2024
1406,Fatima Nair,fatima.nair6@outlook.com,4449 Park Avenue,Singapore,Florida,USA,51617,1.399158,103.774649,SME,Gold,55,44078.01,08-04-2019,33,6312.91,Standard,22-06-2024
1407,Sara Ibrahim,sara.ibrahim7@yahoo.com,6182 Hillcrest Ave,Mumbai,Victoria,Australia,5556,19.106882,72.847193,SME,,54,8212.62,25-04-2021,25,1146.17,Overnight,31-01-2024
1408,Yuki Dubois,yuki.dubois8@hotmail.com,6911 Sunset Blvd,Toronto,Ontario,Canada,K4C 7C4,43.621009,-79.426416,Individual,Gold,67,5515.97,30-04-2023,34,7732.29,International Priority,10-05-2024
1409,Maria Khan,maria.khan9@icloud.com,7137 King Street,Dubai,Delhi,India,519727,25.189274,55.225542,SME,,81,48311.04,06-12-2020,46,7175.13,International Priority,11-10-2024
1410,Wei Muller,wei.muller10@gmail.com,2710 Oak Street,Mumbai,Dubai,UAE,25562,19.098664,72.917872,Corporate,Silver,69,39660.1,24-01-2022,113,2471.29,Express,01-06-2024
1411,Ahmed Mehta,ahmed.mehta11@outlook.com,2512 Park Avenue,London,California,USA,82336,51.538595,-0.115224,Corporate,,66,39279.99,30-09-2020,46,3832.05,Express,30-12-2024
1412,Sophia Lopez,sophia.lopez12@yahoo.com,1596 King Street,Mumbai,Wales,UK,EC4 3AB,19.06717,72.872537,SME,Gold,85,34801.9,05-07-2023,10,149.52,Express,03-02-2024
1413,Arjun Das,arjun.das13@hotmail.com,4660 Park Avenue,Toronto,Dubai,UAE,23067,43.649906,-79.372689,SME,Silver,74,8548.91,21-03-2021,45,5876.68,Overnight,26-07-2024
1414,Maria Fernandez,maria.fernandez14@icloud.com,5065 Maple Road,Singapore,East Region,Singapore,321043,1.39675,103.83023,Corporate,Bronze,76,12675.53,09-09-2020,38,3454.98,Express,12-04-2024
1415,Fatima Ibrahim,fatima.ibrahim15@gmail.com,6075 Market Street,Mumbai,Berlin,Germany,17617,19.07766,72.888496,Individual,,76,4116.03,12-08-2023,28,1389.05,Standard,12-01-2024
1416,Isabella Lopez,isabella.lopez16@outlook.com,1327 Victoria Road,London,Victoria,Australia,4327,51.477087,-0.158138,Corporate,Gold,58,4056,20-07-2022,17,5420.77,Overnight,25-04-2024
1417,Sophia Dubois,sophia.dubois17@yahoo.com,4613 Sunset Blvd,New York,California,USA,33996,40.691299,-73.972678,Corporate,Gold,40,48232.81,03-04-2024,62,1896.5,Express,28-02-2024
1418,Ahmed Wang,ahmed.wang18@hotmail.com,4309 Market Street,Dubai,Sharjah,UAE,12692,25.244751,55.25856,SME,Gold,47,39688.54,03-10-2021,19,1795.8,Standard,13-10-2024
1419,Daniel Khan,daniel.khan19@icloud.com,4329 Park Avenue,Toronto,Queensland,Australia,2464,43.632859,-79.386712,SME,Bronze,66,37472.97,18-06-2020,8,6413.75,International Priority,18-04-2024
1420,David Lopez,david.lopez20@gmail.com,2851 Park Avenue,New York,Florida,USA,40265,40.676673,-74.017396,Corporate,Silver,74,29198.84,16-06-2024,24,6722.03,Express,27-07-2024
1421,Arjun Martin,arjun.martin21@outlook.com,1978 Victoria Road,New York,Ontario,Canada,K9A 1B9,40.683545,-74.029449,Individual,Silver,66,11060.22,19-07-2022,34,5747.83,International Priority,20-11-2024
1422,Raj Singh,raj.singh22@yahoo.com,3602 Victoria Road,New York,Sharjah,UAE,58455,40.677702,-73.979123,Corporate,Gold,53,10154.74,13-12-2024,98,1934.29,Overnight,02-03-2024
1423,Liam Sharma,liam.sharma23@hotmail.com,9784 Park Avenue,Berlin,Ontario,Canada,H4B 1A3,52.513631,13.433943,Corporate,,59,47887.54,25-05-2019,106,918.19,Standard,09-12-2024
1424,James Petrov,james.petrov24@icloud.com,1116 Market Street,Dubai,Sharjah,UAE,30375,25.238377,55.223733,Individual,Gold,87,26026.76,02-02-2020,30,844.28,International Priority,21-10-2024
1425,John Ali,john.ali25@gmail.com,8485 Park Avenue,Singapore,British Columbia,Canada,V6B 4C8,1.373577,103.806275,Corporate,Gold,71,48054.73,25-09-2019,112,6296.42,International Priority,05-09-2024
1426,David Patel,david.patel26@outlook.com,9947 Sunset Blvd,Sydney,West Region,Singapore,760395,-33.902823,151.186457,Corporate,,65,30810.86,18-12-2019,43,6255.77,Express,04-08-2024
1427,Laura Rossi,laura.rossi27@yahoo.com,8161 Market Street,Dubai,New South Wales,Australia,5859,25.223219,55.308931,SME,Gold,77,31912.65,29-03-2019,36,662.11,Overnight,30-11-2024
1428,Amit Singh,amit.singh28@hotmail.com,8153 Hillcrest Ave,Berlin,Wales,UK,NW1 2AB,52.492377,13.371129,Individual,Bronze,73,3404.37,05-02-2019,112,2527.75,International Priority,27-07-2024
1429,Ahmed Singh,ahmed.singh29@icloud.com,1680 Hillcrest Ave,Sydney,Sharjah,UAE,78689,-33.883229,151.226645,SME,Gold,51,15110.88,05-08-2019,3,127.42,Standard,26-04-2024
1430,Carlos Dubois,carlos.dubois30@gmail.com,353 Market Street,Dubai,East Region,Singapore,236145,25.238785,55.251378,SME,Bronze,86,29677.58,19-09-2022,35,1972.34,Standard,08-10-2024
1431,Emma Fernandez,emma.fernandez31@outlook.com,7858 Oak Street,New York,Sharjah,UAE,77287,40.749493,-73.989179,Individual,Gold,52,44131.42,04-01-2020,23,119.52,Express,10-06-2024
1432,Olivia Tanaka,olivia.tanaka32@yahoo.com,2089 Market Street,Toronto,Alberta,Canada,H3C 3A2,43.617213,-79.341353,Individual,Silver,58,9881.55,07-07-2022,18,1732.87,Standard,17-11-2024
1433,Laura Ali,laura.ali33@hotmail.com,8870 King Street,Sydney,New York,USA,40719,-33.884511,151.194044,Corporate,,97,34095.81,01-01-2023,87,3558.36,Express,14-08-2024
1434,Emma Sharma,emma.sharma34@icloud.com,2058 Lake View Rd,London,Abu Dhabi,UAE,27411,51.53987,-0.115827,SME,Silver,85,37280.71,11-04-2021,29,6009.23,Express,24-04-2024
1435,Fatima Nair,fatima.nair35@gmail.com,465 Victoria Road,London,East Region,Singapore,565504,51.525001,-0.176451,Individual,Gold,83,43965.72,08-09-2020,37,1776.63,Express,08-05-2024
1436,Wei Dubois,wei.dubois36@outlook.com,4333 Sunset Blvd,Mumbai,Quebec,Canada,M5B 8B1,19.074735,72.848789,SME,Gold,54,35356.54,22-05-2021,21,1938.47,Overnight,10-12-2024
1437,John Hassan,john.hassan37@yahoo.com,2298 Hillcrest Ave,Sydney,Maharashtra,India,689159,-33.833111,151.176131,SME,Bronze,56,6380.48,13-06-2022,15,605.58,Express,16-10-2024
1438,Carlos Dubois,carlos.dubois38@hotmail.com,2199 Market Street,Toronto,British Columbia,Canada,T1C 8C5,43.66595,-79.362482,Individual,Gold,89,2537.94,28-09-2019,11,1055.84,Overnight,09-05-2024
1439,Wei Chowdhury,wei.chowdhury39@icloud.com,6754 Sunset Blvd,Singapore,Victoria,Australia,6930,1.37315,103.814948,Corporate,Gold,63,17178.43,26-01-2023,27,3269.25,Standard,19-09-2024
1440,Elena Nair,elena.nair40@gmail.com,1031 Market Street,Berlin,Scotland,UK,EC2 4AB,52.560671,13.388504,SME,Gold,44,17166.69,16-07-2022,11,300.72,Overnight,08-07-2024
1441,Lucas Ibrahim,lucas.ibrahim41@outlook.com,2644 King Street,New York,Delhi,India,674717,40.738299,-74.037623,Individual,Silver,65,45542.14,04-01-2024,25,1890.95,International Priority,16-03-2024
1442,Sophia Tanaka,sophia.tanaka42@yahoo.com,3752 Lake View Rd,Mumbai,Victoria,Australia,3101,19.076644,72.866633,Corporate,Bronze,95,13124.48,29-04-2024,51,1400.4,Standard,29-09-2024
1443,Wei Rossi,wei.rossi43@hotmail.com,6426 Oak Street,London,Queensland,Australia,3608,51.481858,-0.169965,SME,Silver,45,9527.93,18-10-2022,29,539.47,Overnight,19-03-2024
1444,Mia Lee,mia.lee44@icloud.com,4553 Maple Road,Berlin,New South Wales,Australia,5370,52.539796,13.379952,Individual,Bronze,67,29305.24,18-12-2020,35,1143.94,Standard,03-03-2024
1445,Michael Lee,michael.lee45@gmail.com,8182 Oak Street,Berlin,California,USA,85998,52.530482,13.35657,SME,Silver,42,28230.9,01-04-2022,10,1818.46,Overnight,15-11-2024
1446,Priya Johnson,priya.johnson46@outlook.com,4051 Park Avenue,New York,New South Wales,Australia,5461,40.737834,-74.038094,Individual,Gold,77,43347.6,27-05-2022,24,957.96,Standard,14-08-2024
1447,Carlos Tanaka,carlos.tanaka47@yahoo.com,7213 Oak Street,Singapore,Florida,USA,50913,1.374376,103.855945,Individual,Silver,77,15449.01,20-02-2020,13,748.39,International Priority,20-04-2024
1448,Laura Tanaka,laura.tanaka48@hotmail.com,6135 Sunset Blvd,Singapore,Victoria,Australia,7105,1.39614,103.830352,SME,Silver,99,42580.41,16-10-2020,3,1486.11,Overnight,23-02-2024
1449,Raj Johnson,raj.johnson49@icloud.com,8854 Victoria Road,Sydney,Bavaria,Germany,41397,-33.836708,151.236432,SME,Bronze,92,30251.49,14-09-2020,24,1732.95,International Priority,05-05-2024
1450,Yuki Lopez,yuki.lopez50@gmail.com,3257 Main St,London,Central Region,Singapore,672557,51.511269,-0.086428,Individual,Bronze,63,29389.36,30-10-2020,1,1888.37,Overnight,27-10-2024
1451,David Muller,david.muller51@outlook.com,9391 Maple Road,Singapore,Karnataka,India,264954,1.363727,103.787846,Corporate,Silver,56,5986.77,28-08-2023,19,2566.06,International Priority,24-03-2024
1452,Amit Brown,amit.brown52@yahoo.com,1021 Victoria Road,Toronto,Bavaria,Germany,66707,43.66454,-79.425521,SME,Bronze,49,17391.74,30-04-2020,114,7629.81,Express,05-06-2024
1453,Yuki Khan,yuki.khan53@hotmail.com,6022 Lake View Rd,Singapore,Queensland,Australia,6595,1.367554,103.840696,Individual,Bronze,59,1472.73,20-12-2024,85,1294.05,Express,27-04-2024
1454,Liam Chowdhury,liam.chowdhury54@icloud.com,2616 Victoria Road,Berlin,Maharashtra,India,345158,52.560583,13.404815,Individual,Bronze,62,41435.39,06-08-2023,13,1893.72,International Priority,05-12-2024
1455,Mohammed Smith,mohammed.smith55@gmail.com,9115 King Street,New York,Tamil Nadu,India,201806,40.729692,-73.976407,Corporate,,75,34169.01,10-10-2020,69,916.21,Standard,14-02-2024
1456,Sophia Rossi,sophia.rossi56@outlook.com,9032 Market Street,Toronto,Sharjah,UAE,31271,43.680599,-79.426818,Corporate,Bronze,60,21930.43,07-04-2024,116,2248.31,Standard,18-02-2024
1457,Daniel Lopez,daniel.lopez57@yahoo.com,1628 Main St,Sydney,Wales,UK,W1 1AB,-33.903667,151.233728,Corporate,,83,41170.64,25-02-2022,47,1036.06,Express,17-12-2024
1458,Isabella Chowdhury,isabella.chowdhury58@hotmail.com,6158 Maple Road,London,Bavaria,Germany,42734,51.503949,-0.093886,SME,,48,42572.07,18-10-2021,31,1254.12,International Priority,24-10-2024
1459,Mia Khan,mia.khan59@icloud.com,7749 Market Street,Sydney,England,UK,W4 4BB,-33.821606,151.219461,Individual,Bronze,66,24631.88,09-04-2020,37,1478.27,Overnight,19-11-2024
1460,Sara Hassan,sara.hassan60@gmail.com,9248 Main St,Berlin,Delhi,India,588137,52.499091,13.421319,Individual,Silver,59,16456.74,23-08-2020,14,776.99,Standard,24-05-2024
1461,Wei Wang,wei.wang61@outlook.com,8497 Main St,Toronto,Texas,USA,36047,43.606666,-79.388334,Individual,Bronze,40,29507.32,28-12-2023,10,1983.62,Standard,28-12-2024
1462,Olivia Patel,olivia.patel62@yahoo.com,9141 Market Street,Toronto,Delhi,India,534240,43.678189,-79.349735,Corporate,Gold,57,14409.55,02-02-2020,52,868.97,Standard,22-03-2024
1463,Carlos Petrov,carlos.petrov63@hotmail.com,7360 Maple Road,Toronto,Scotland,UK,EC5 1BA,43.613734,-79.341189,Individual,Silver,47,42187.5,11-06-2019,12,543.29,Standard,17-07-2024
1464,Mohammed Nguyen,mohammed.nguyen64@icloud.com,8223 Maple Road,Berlin,Berlin,Germany,75397,52.559389,13.359823,SME,,74,47642,09-07-2020,119,1551.11,Express,25-01-2024
1465,Chen Costa,chen.costa65@gmail.com,2509 Park Avenue,Berlin,Queensland,Australia,7515,52.480775,13.36519,Corporate,,80,14664.22,10-04-2023,64,2323.65,Standard,06-09-2024
1466,Chen Anderson,chen.anderson66@outlook.com,3950 Main St,Sydney,Abu Dhabi,UAE,54270,-33.874291,151.237574,Corporate,Silver,40,6307.24,20-04-2024,5,7334.96,International Priority,06-06-2024
1467,Daniel Wang,daniel.wang67@yahoo.com,2368 Main St,Mumbai,Sharjah,UAE,10032,19.032019,72.886089,Corporate,Silver,63,40068.78,03-04-2023,109,3342.43,Express,29-04-2024
1468,Fatima Martin,fatima.martin68@hotmail.com,9851 Main St,Sydney,Sharjah,UAE,79407,-33.823626,151.245765,Corporate,Bronze,100,21725.83,07-05-2024,90,4861.4,Overnight,23-08-2024
1469,Raj Wang,raj.wang69@icloud.com,7048 Main St,London,Victoria,Australia,4363,51.472181,-0.157406,SME,,48,21143.69,29-11-2020,34,520.83,International Priority,17-06-2024
1470,Isabella Dubois,isabella.dubois70@gmail.com,3411 Hillcrest Ave,New York,Abu Dhabi,UAE,47815,40.726244,-73.974425,Individual,Gold,76,23263.5,23-03-2019,10,1109.05,Express,08-11-2024
1471,Elena Nguyen,elena.nguyen71@outlook.com,1353 Market Street,Toronto,Hamburg,Germany,65129,43.667295,-79.429835,SME,Bronze,90,11391.86,24-01-2023,4,647.25,Express,11-11-2024
1472,Sophia Khan,sophia.khan72@yahoo.com,9940 Lake View Rd,Mumbai,Queensland,Australia,2714,19.030842,72.846448,Individual,Silver,75,49103.5,12-12-2023,13,481.7,Overnight,20-09-2024
1473,Michael Anderson,michael.anderson73@hotmail.com,9461 Oak Street,New York,Sharjah,UAE,87768,40.752008,-74.012662,SME,,60,43270.18,14-01-2021,23,1319.13,Overnight,23-10-2024
1474,Ahmed Rossi,ahmed.rossi74@icloud.com,2096 Park Avenue,Mumbai,Victoria,Australia,7898,19.08574,72.832093,Corporate,Silver,63,17864.12,07-01-2024,33,4042.73,Express,27-12-2024
1475,Raj Das,raj.das75@gmail.com,1929 Oak Street,Singapore,Wales,UK,NW9 2AA,1.302479,103.789608,Corporate,Silver,94,30230.86,23-03-2019,30,1313.77,Overnight,10-02-2024
1476,John Costa,john.costa76@outlook.com,530 Park Avenue,Singapore,East Region,Singapore,776551,1.365677,103.770791,SME,Silver,89,42853.23,07-07-2024,11,1248.47,Standard,18-03-2024
1477,Fatima Kim,fatima.kim77@yahoo.com,6209 Victoria Road,Dubai,Central Region,Singapore,178396,25.186348,55.244921,SME,Bronze,83,25647.53,09-11-2022,4,1356.41,Overnight,01-08-2024
1478,David Clark,david.clark78@hotmail.com,7128 Lake View Rd,Singapore,Berlin,Germany,11531,1.373424,103.774178,Individual,Gold,87,41209.59,23-10-2022,72,4027.53,International Priority,17-06-2024
1479,Priya Garcia,priya.garcia79@icloud.com,9425 Victoria Road,Sydney,Ontario,Canada,K5C 3C3,-33.878093,151.20232,SME,Gold,69,10532.67,15-12-2019,33,6694.26,Overnight,16-09-2024
1480,Ivan Sharma,ivan.sharma80@gmail.com,6974 Hillcrest Ave,Singapore,California,USA,31513,1.317751,103.779488,SME,,49,44311.86,24-02-2023,40,2722.14,Overnight,31-08-2024
1481,David Khan,david.khan81@outlook.com,1367 Maple Road,Berlin,Abu Dhabi,UAE,30927,52.478066,13.40845,Individual,Silver,64,28925.92,10-10-2019,3,207.49,Standard,22-05-2024
1482,Olivia Johnson,olivia.johnson82@yahoo.com,7528 Main St,Toronto,Florida,USA,18322,43.68184,-79.425852,Individual,Gold,40,36744.9,26-12-2020,15,55.42,International Priority,03-05-2024
1483,John Martin,john.martin83@hotmail.com,3226 Victoria Road,Sydney,New South Wales,Australia,7082,-33.868612,151.185549,Individual,Silver,53,18465.31,06-07-2020,120,339.46,International Priority,01-06-2024
1484,Laura Tanaka,laura.tanaka84@icloud.com,4060 Hillcrest Ave,New York,Texas,USA,74281,40.705181,-73.982479,SME,,98,16084.53,14-05-2022,38,1238.9,Standard,20-05-2024
1485,Liam Lopez,liam.lopez85@gmail.com,9138 Main St,Dubai,Hamburg,Germany,76137,25.253744,55.300215,Individual,Silver,75,27728.34,01-06-2023,23,1656.31,Express,21-05-2024
1486,David Hassan,david.hassan86@outlook.com,2589 Victoria Road,Dubai,Hamburg,Germany,85946,25.223678,55.267451,Corporate,Gold,45,34723.7,04-09-2020,99,7334.41,Express,16-01-2024
1487,Olivia Nair,olivia.nair87@yahoo.com,7070 Market Street,Dubai,Karnataka,India,469608,25.182665,55.229345,Corporate,Silver,89,28458.57,30-03-2020,9,5384.81,International Priority,04-03-2024
1488,Wei Singh,wei.singh88@hotmail.com,7496 Oak Street,New York,East Region,Singapore,648010,40.708976,-74.055447,Corporate,Gold,92,6718.47,18-03-2021,83,6324.76,Overnight,04-06-2024
1489,Emma Mehta,emma.mehta89@icloud.com,232 Victoria Road,New York,Abu Dhabi,UAE,76141,40.669151,-74.049928,SME,,53,826.51,06-08-2022,5,347.42,International Priority,09-09-2024
1490,Mia Singh,mia.singh90@gmail.com,2883 Sunset Blvd,New York,Tamil Nadu,India,330568,40.722267,-74.051536,Corporate,Silver,76,3087.08,12-04-2022,78,699.25,Express,03-05-2024
1491,Fatima Mehta,fatima.mehta91@outlook.com,1837 Maple Road,New York,California,USA,94443,40.737847,-73.993505,SME,Gold,48,10171.56,07-12-2019,22,7348.14,Express,10-06-2024
1492,Olivia Fernandez,olivia.fernandez92@yahoo.com,9366 Maple Road,Dubai,Ontario,Canada,V1A 1C9,25.202579,55.245969,SME,,66,17394.53,23-12-2022,21,755.9,Overnight,28-11-2024
1493,Mia Wang,mia.wang93@hotmail.com,4177 Main St,Dubai,Gujarat,India,738282,25.221163,55.254156,Corporate,Silver,72,38256.99,19-07-2024,91,3312.73,International Priority,20-08-2024
1494,David Mehta,david.mehta94@icloud.com,4734 Market Street,Mumbai,Maharashtra,India,653026,19.101235,72.846412,Individual,,91,20935.68,07-03-2019,23,238.35,Express,30-09-2024
1495,John Das,john.das95@gmail.com,4066 King Street,Sydney,Berlin,Germany,19836,-33.867075,151.255654,SME,Gold,40,35332.72,08-09-2023,32,668.68,Overnight,21-04-2024
1496,Daniel Khan,daniel.khan96@outlook.com,2088 Hillcrest Ave,Toronto,Ontario,Canada,M8A 4A3,43.701371,-79.336641,Corporate,Silver,56,15171.01,23-11-2020,58,3289.26,Overnight,20-08-2024
1497,John Ibrahim,john.ibrahim97@yahoo.com,7786 Victoria Road,Singapore,New South Wales,Australia,7356,1.341825,103.843724,SME,Silver,73,49582.68,04-02-2023,8,7350.09,Standard,27-11-2024
1498,Sara Petrov,sara.petrov98@hotmail.com,3436 Victoria Road,Singapore,Florida,USA,98171,1.311172,103.83474,Individual,Silver,54,17539.19,01-11-2021,15,470.75,Overnight,24-10-2024
1499,Michael Fernandez,michael.fernandez99@icloud.com,622 Park Avenue,Berlin,Karnataka,India,631895,52.561592,13.387673,Individual,,61,49647.17,25-02-2021,2,829.52,Standard,08-04-2024
1500,Lucas Anderson,lucas.anderson0@gmail.com,5325 Sunset Blvd,Dubai,Quebec,Canada,T8C 4A2,25.231225,55.289379,Corporate,,41,19701.7,03-10-2024,50,453.9,Standard,31-10-2024
1501,Laura Das,laura.das1@outlook.com,9004 Sunset Blvd,Berlin,West Region,Singapore,755237,52.483696,13.434373,SME,Gold,89,43880.02,21-02-2022,20,560.62,Express,02-01-2024
1502,Maria Anderson,maria.anderson2@yahoo.com,1575 Market Street,Sydney,Dubai,UAE,99763,-33.8274,151.161417,SME,Bronze,42,24914.15,01-11-2024,26,4905.54,Express,09-02-2024
1503,Priya Smith,priya.smith3@hotmail.com,2925 Sunset Blvd,Sydney,Quebec,Canada,T5A 1C9,-33.862022,151.175695,SME,Silver,77,13650.42,07-04-2019,14,1819.49,Express,16-05-2024
1504,Wei Garcia,wei.garcia4@icloud.com,2834 Main St,Berlin,East Region,Singapore,313333,52.509793,13.394484,SME,Silver,69,19927.08,28-06-2024,33,1440.49,Express,23-08-2024
1505,Raj Costa,raj.costa5@gmail.com,3079 Main St,Dubai,New York,USA,50244,25.24512,55.305137,Corporate,Gold,46,48098.11,28-07-2022,54,2235.68,Express,02-11-2024
1506,Daniel Singh,daniel.singh6@outlook.com,7420 Hillcrest Ave,Berlin,British Columbia,Canada,T5A 6A8,52.559091,13.409661,Individual,Silver,46,39267.39,14-11-2020,3,219.53,International Priority,28-03-2024
1507,Raj Brown,raj.brown7@yahoo.com,9122 Park Avenue,Singapore,East Region,Singapore,405756,1.385736,103.790989,Corporate,,98,32550.73,02-08-2019,3,6683.06,Express,14-03-2024
1508,Ahmed Das,ahmed.das8@hotmail.com,9993 King Street,Mumbai,Quebec,Canada,V5C 5A8,19.111961,72.914608,SME,,88,24855.75,05-09-2021,40,3600.02,Overnight,14-02-2024
1509,Chen Fernandez,chen.fernandez9@icloud.com,284 Lake View Rd,Singapore,British Columbia,Canada,H6C 5B8,1.320631,103.824726,SME,Silver,71,17369.45,09-06-2022,34,547.37,Standard,29-09-2024
1510,Raj Smith,raj.smith10@gmail.com,4822 Sunset Blvd,London,Abu Dhabi,UAE,5679,51.555166,-0.084304,Individual,Silver,50,23651.68,13-12-2021,19,1156.25,Overnight,08-03-2024
1511,Mohammed Hassan,mohammed.hassan11@outlook.com,9964 King Street,Dubai,East Region,Singapore,262839,25.203146,55.234114,SME,,66,41198.28,13-01-2024,21,1616.12,Overnight,01-09-2024
1512,Raj Rossi,raj.rossi12@yahoo.com,5401 Maple Road,Dubai,West Region,Singapore,325595,25.198833,55.276032,Corporate,Silver,71,29431.34,09-11-2023,97,2135.74,Standard,20-01-2024
1513,Olivia Mehta,olivia.mehta13@hotmail.com,5112 Victoria Road,Toronto,Gujarat,India,722115,43.688946,-79.393294,Corporate,,58,25567.03,14-10-2022,29,906.02,International Priority,31-12-2024
1514,Olivia Ali,olivia.ali14@icloud.com,1884 Park Avenue,New York,California,USA,27116,40.721856,-74.032338,Individual,Bronze,59,3439.62,15-06-2019,20,7157.25,International Priority,13-08-2024
1515,Liam Chowdhury,liam.chowdhury15@gmail.com,6577 Maple Road,London,Sharjah,UAE,66439,51.521129,-0.080349,Corporate,Bronze,72,17293.89,22-01-2022,52,3397.45,Express,23-06-2024
1516,Yuki Ibrahim,yuki.ibrahim16@outlook.com,2286 Victoria Road,Sydney,Ontario,Canada,V2A 2B8,-33.898979,151.169858,Corporate,Silver,81,44035.43,20-02-2024,33,1686.9,Standard,15-05-2024
1517,Arjun Lee,arjun.lee17@yahoo.com,3884 Victoria Road,Dubai,British Columbia,Canada,M2A 5C4,25.231559,55.300852,Corporate,Silver,79,37524.78,25-11-2019,96,1891.45,International Priority,25-06-2024
1518,Isabella Wang,isabella.wang18@hotmail.com,4779 Lake View Rd,Berlin,Karnataka,India,731556,52.548278,13.424462,Corporate,Silver,79,2764.53,25-09-2022,110,4314.99,Express,20-10-2024
1519,Carlos Garcia,carlos.garcia19@icloud.com,9067 Sunset Blvd,London,California,USA,68279,51.539926,-0.095351,SME,,45,24885.18,09-05-2019,15,1927.48,Overnight,11-11-2024
1520,John Dubois,john.dubois20@gmail.com,1117 Sunset Blvd,Toronto,Berlin,Germany,85773,43.643923,-79.356667,Corporate,Bronze,61,4979.76,19-06-2020,42,5120.82,Express,23-10-2024
1521,Chen Ali,chen.ali21@outlook.com,9244 Hillcrest Ave,Sydney,Sharjah,UAE,92274,-33.854472,151.191092,Individual,Bronze,55,49626.91,13-02-2019,29,345.78,International Priority,12-10-2024
1522,Isabella Brown,isabella.brown22@yahoo.com,2220 Hillcrest Ave,New York,Karnataka,India,293458,40.756305,-74.027733,Individual,Gold,58,41791.96,20-03-2019,24,1857.33,Standard,22-04-2024
1523,Lucas Fernandez,lucas.fernandez23@hotmail.com,3288 Park Avenue,New York,New York,USA,41435,40.673181,-74.034651,Corporate,Gold,91,8648.61,24-05-2022,75,2429.32,Express,10-08-2024
1524,Fatima Martin,fatima.martin24@icloud.com,2806 Sunset Blvd,Toronto,Dubai,UAE,40667,43.6657,-79.381192,Individual,Silver,65,39928.98,09-04-2023,11,371.86,International Priority,27-11-2024
1525,Priya Tanaka,priya.tanaka25@gmail.com,1230 Sunset Blvd,Toronto,Quebec,Canada,M1C 3B3,43.629832,-79.420493,Corporate,,40,18271.85,28-03-2021,104,1984.54,Express,22-07-2024
1526,Lucas Petrov,lucas.petrov26@outlook.com,4694 Main St,Berlin,New York,USA,55638,52.507049,13.368408,Individual,Silver,98,23810.54,09-04-2024,28,350.42,International Priority,08-02-2024
1527,Priya Lopez,priya.lopez27@yahoo.com,1388 King Street,Dubai,Illinois,USA,16037,25.203012,55.251085,Individual,Bronze,74,13471.19,06-04-2023,11,1366.67,Overnight,13-04-2024
1528,Arjun Khan,arjun.khan28@hotmail.com,4567 Victoria Road,New York,New South Wales,Australia,4638,40.704584,-74.008529,Corporate,Silver,63,32996.04,10-05-2023,101,7509.85,Overnight,09-11-2024
1529,Ahmed Lopez,ahmed.lopez29@icloud.com,2177 Lake View Rd,Sydney,California,USA,89550,-33.841452,151.230595,Corporate,Silver,58,25214.03,28-05-2019,23,7725.9,Overnight,12-09-2024
1530,David Rossi,david.rossi30@gmail.com,2236 Victoria Road,London,Bavaria,Germany,61123,51.546287,-0.108246,SME,Bronze,94,9571.18,12-01-2022,15,3223.39,Standard,22-07-2024
1531,Amit Martin,amit.martin31@outlook.com,1674 Park Avenue,Sydney,California,USA,36653,-33.833451,151.230379,Corporate,Bronze,80,9087.29,17-03-2023,59,864.19,International Priority,02-09-2024
1532,Liam Dubois,liam.dubois32@yahoo.com,7430 Hillcrest Ave,Mumbai,Berlin,Germany,23944,19.045438,72.888869,Corporate,Bronze,63,3621.45,06-10-2022,16,587.2,Overnight,04-07-2024
1533,Amit Singh,amit.singh33@hotmail.com,3554 Park Avenue,Mumbai,Alberta,Canada,M7A 7C5,19.102633,72.87533,SME,Bronze,57,40439.4,11-02-2023,96,663.85,Express,26-02-2024
1534,Isabella Muller,isabella.muller34@icloud.com,690 Park Avenue,Toronto,Berlin,Germany,46911,43.695285,-79.399641,Corporate,Gold,79,41417,30-09-2024,55,132.44,International Priority,16-07-2024
1535,Fatima Sharma,fatima.sharma35@gmail.com,2733 Victoria Road,Berlin,Sharjah,UAE,8681,52.487637,13.424139,Corporate,,87,4625.08,05-10-2023,38,4512.72,Overnight,03-08-2024
1536,Maria Lee,maria.lee36@outlook.com,9900 King Street,Mumbai,British Columbia,Canada,H8B 7C9,19.115402,72.867615,SME,,63,44909.94,26-07-2023,33,937.62,Standard,11-08-2024
1537,Arjun Nair,arjun.nair37@yahoo.com,8495 Maple Road,New York,Alberta,Canada,H7A 8B9,40.68587,-73.983658,Corporate,Bronze,99,46038,02-11-2022,75,4580.25,Overnight,05-06-2024
1538,Sara Kim,sara.kim38@hotmail.com,4361 Oak Street,Sydney,Berlin,Germany,67399,-33.918292,151.234093,Corporate,,78,38805.44,26-06-2020,65,1683.31,Express,11-08-2024
1539,Liam Nair,liam.nair39@icloud.com,2896 King Street,Sydney,West Region,Singapore,296052,-33.836555,151.214321,SME,,70,42321.12,19-11-2022,36,6225.91,Standard,27-12-2024
1540,Michael Johnson,michael.johnson40@gmail.com,1686 Lake View Rd,Toronto,Maharashtra,India,700358,43.653304,-79.359633,SME,,64,45471.03,07-12-2021,108,2616.4,Standard,19-02-2024
1541,Ivan Martin,ivan.martin41@outlook.com,1376 Sunset Blvd,Dubai,Scotland,UK,SE3 1BA,25.172929,55.251866,Individual,,59,41726.08,01-03-2021,27,1081.23,International Priority,20-02-2024
1542,Laura Das,laura.das42@yahoo.com,456 Market Street,Dubai,East Region,Singapore,278406,25.237618,55.222383,Corporate,Bronze,87,21071.19,25-06-2024,2,4706.2,Express,02-08-2024
1543,Anna Martin,anna.martin43@hotmail.com,519 Park Avenue,London,California,USA,86901,51.494446,-0.147968,Individual,Silver,40,27230.11,27-02-2022,14,732.69,Express,28-03-2024
1544,Emma Costa,emma.costa44@icloud.com,6972 Oak Street,Toronto,Victoria,Australia,6033,43.660688,-79.33329,Individual,Silver,61,8702.68,28-12-2021,9,402.28,Overnight,30-12-2024
1545,John Ali,john.ali45@gmail.com,9937 Hillcrest Ave,Singapore,Wales,UK,NW9 2AA,1.30753,103.781501,SME,Silver,59,25777,08-12-2019,15,713.02,International Priority,08-05-2024
1546,David Dubois,david.dubois46@outlook.com,8153 Sunset Blvd,London,Illinois,USA,22253,51.546011,-0.163926,Corporate,Gold,84,39023.43,17-01-2024,101,6252.22,Overnight,04-08-2024
1547,Mohammed Hassan,mohammed.hassan47@yahoo.com,7706 Victoria Road,Singapore,West Region,Singapore,423586,1.314646,103.849552,Corporate,,41,33704.01,14-12-2019,36,765.06,Express,30-12-2024
1548,Olivia Ali,olivia.ali48@hotmail.com,8690 Oak Street,Dubai,West Region,Singapore,166441,25.158013,55.229691,SME,Bronze,90,36402.66,29-07-2022,38,406.89,Overnight,09-08-2024
1549,James Wang,james.wang49@icloud.com,9092 Lake View Rd,Toronto,New York,USA,16156,43.671218,-79.338588,Individual,Bronze,68,4297.73,15-09-2024,7,159.05,International Priority,24-06-2024
1550,Arjun Nguyen,arjun.nguyen50@gmail.com,1827 Oak Street,Singapore,Quebec,Canada,M9C 3B3,1.335404,103.829606,SME,Gold,79,14001.08,09-04-2020,50,4031.47,Express,18-06-2024
1551,Isabella Muller,isabella.muller51@outlook.com,1657 Hillcrest Ave,Toronto,New York,USA,37734,43.603225,-79.406985,Corporate,Bronze,83,34100.53,05-04-2019,2,7728.16,Express,07-03-2024
1552,Emma Das,emma.das52@yahoo.com,1409 Maple Road,Toronto,Victoria,Australia,2387,43.680091,-79.420984,SME,Silver,81,27045.22,10-06-2020,34,1589.3,Express,17-05-2024
1553,Sophia Garcia,sophia.garcia53@hotmail.com,6642 Sunset Blvd,Dubai,Central Region,Singapore,505697,25.188584,55.292155,Corporate,Gold,76,42576.59,14-03-2020,77,5041.28,Standard,23-07-2024
1554,Maria Lee,maria.lee54@icloud.com,7969 Maple Road,London,New York,USA,55157,51.465645,-0.159572,Individual,Bronze,95,46274.96,22-09-2021,9,3033.94,Overnight,16-11-2024
1555,Mohammed Fernandez,mohammed.fernandez55@gmail.com,7865 Hillcrest Ave,London,Bavaria,Germany,22672,51.498196,-0.176173,Corporate,Gold,82,5876.69,01-11-2019,43,7843.73,Standard,25-09-2024
1556,Michael Anderson,michael.anderson56@outlook.com,7660 Sunset Blvd,Toronto,England,UK,EC8 7AB,43.669667,-79.386346,Individual,Gold,49,45396.11,26-12-2020,38,406.6,International Priority,09-04-2024
1557,Raj Ibrahim,raj.ibrahim57@yahoo.com,9148 Market Street,Mumbai,Bavaria,Germany,52599,19.11134,72.852883,Individual,Bronze,49,46875.25,10-03-2023,26,497.64,International Priority,02-04-2024
1558,Mohammed Lee,mohammed.lee58@hotmail.com,8487 Oak Street,Berlin,New South Wales,Australia,2973,52.560273,13.365788,Corporate,Silver,87,1146.13,24-09-2019,117,784.24,Standard,07-04-2024
1559,Mia Smith,mia.smith59@icloud.com,1732 Market Street,Dubai,New York,USA,51940,25.198658,55.297875,Corporate,Bronze,55,9329.47,22-09-2020,98,5011.13,Standard,05-11-2024
1560,Priya Sharma,priya.sharma60@gmail.com,8032 Oak Street,Berlin,Sharjah,UAE,19921,52.551149,13.431592,Individual,,45,3063.06,28-08-2021,115,5519.43,Express,10-09-2024
1561,Chen Khan,chen.khan61@outlook.com,3110 Victoria Road,Berlin,Victoria,Australia,6137,52.519535,13.424679,SME,,63,4231.07,24-12-2019,20,1661.19,Overnight,22-06-2024
1562,Michael Singh,michael.singh62@yahoo.com,7809 Sunset Blvd,London,Quebec,Canada,H1A 5C7,51.528047,-0.104523,Corporate,Bronze,66,42816.25,05-11-2019,89,3465.96,International Priority,08-09-2024
1563,Anna Lopez,anna.lopez63@hotmail.com,7337 Hillcrest Ave,London,Hesse,Germany,13227,51.53964,-0.101556,Individual,Silver,60,31979.28,09-02-2019,33,1039.69,Standard,24-08-2024
1564,Ahmed Patel,ahmed.patel64@icloud.com,8356 Victoria Road,Mumbai,Bavaria,Germany,57801,19.031281,72.845289,Individual,,47,26998.12,25-02-2019,16,749.13,Overnight,14-11-2024
1565,Sophia Garcia,sophia.garcia65@gmail.com,8945 Oak Street,Berlin,Maharashtra,India,397627,52.563725,13.392301,SME,,80,22183.19,29-10-2022,27,314.9,Standard,04-03-2024
1566,Arjun Garcia,arjun.garcia66@outlook.com,8936 King Street,Berlin,Illinois,USA,64907,52.568621,13.423509,Corporate,Bronze,90,49953.37,16-10-2019,58,4269.39,International Priority,24-09-2024
1567,Daniel Rossi,daniel.rossi67@yahoo.com,3016 Market Street,Toronto,Quebec,Canada,H1B 1C5,43.644785,-79.429151,Individual,Bronze,52,16270.04,01-10-2020,5,1224.5,Express,28-10-2024
1568,Emma Lopez,emma.lopez68@hotmail.com,4299 King Street,London,Dubai,UAE,84307,51.513001,-0.139572,SME,Bronze,71,1158.78,02-03-2024,11,486.01,Standard,06-05-2024
1569,Mia Lee,mia.lee69@icloud.com,6139 Market Street,Berlin,Hamburg,Germany,94353,52.492991,13.417043,Individual,Gold,69,17787.29,17-09-2022,27,319.34,Express,03-10-2024
1570,Wei Patel,wei.patel70@gmail.com,5425 King Street,Sydney,Berlin,Germany,86921,-33.900565,151.245489,Corporate,Gold,61,48965.69,09-03-2020,19,6722.86,Express,24-03-2024
1571,David Dubois,david.dubois71@outlook.com,7119 Oak Street,Mumbai,Ontario,Canada,T2B 1B3,19.070807,72.828236,SME,Gold,73,43829.86,14-05-2020,40,701.66,International Priority,24-03-2024
1572,Ahmed Rossi,ahmed.rossi72@yahoo.com,3600 Maple Road,Singapore,New South Wales,Australia,2407,1.356189,103.858127,Individual,Bronze,100,29221.51,19-08-2019,13,1270.2,Overnight,14-01-2024
1573,Noah Anderson,noah.anderson73@hotmail.com,1222 Park Avenue,Sydney,New South Wales,Australia,4316,-33.870264,151.251406,SME,Silver,63,49103.62,22-07-2020,12,734.18,Overnight,10-01-2024
1574,Sara Ibrahim,sara.ibrahim74@icloud.com,7687 Lake View Rd,Sydney,Illinois,USA,72831,-33.885684,151.243149,Corporate,,99,45847.9,28-03-2021,105,5071.87,Overnight,21-10-2024
1575,Sara Sharma,sara.sharma75@gmail.com,4508 Maple Road,Singapore,Central Region,Singapore,320919,1.365018,103.777267,SME,Gold,86,15485.06,29-11-2019,11,7387.04,International Priority,12-03-2024
1576,Fatima Sharma,fatima.sharma76@outlook.com,4792 Park Avenue,Dubai,Maharashtra,India,132919,25.161962,55.264688,Corporate,Silver,79,18790.19,30-01-2021,72,4325.16,International Priority,19-02-2024
1577,Arjun Lopez,arjun.lopez77@yahoo.com,8995 Oak Street,Dubai,Hesse,Germany,78644,25.166337,55.274684,Individual,Bronze,44,38252.04,11-01-2020,25,674.8,Express,22-09-2024
1578,Yuki Martin,yuki.martin78@hotmail.com,8608 Market Street,Mumbai,West Region,Singapore,561391,19.032904,72.878101,Corporate,Gold,49,21250.13,11-01-2020,14,5211.26,Express,22-12-2024
1579,Mia Lopez,mia.lopez79@icloud.com,1674 Park Avenue,Sydney,East Region,Singapore,686054,-33.894827,151.184447,Individual,Bronze,52,9230.79,16-01-2019,97,1902.26,International Priority,04-11-2024
1580,Ahmed Khan,ahmed.khan80@gmail.com,6580 Market Street,Berlin,Delhi,India,679411,52.486996,13.405826,Individual,Silver,63,24944.86,09-11-2023,19,428.85,Standard,07-04-2024
1581,Emma Fernandez,emma.fernandez81@outlook.com,8147 Maple Road,London,Central Region,Singapore,562667,51.542221,-0.15012,Corporate,Gold,84,24465.81,12-08-2021,98,4798.81,Standard,24-06-2024
1582,David Patel,david.patel82@yahoo.com,1029 Sunset Blvd,Mumbai,West Region,Singapore,447564,19.039598,72.837091,Individual,Gold,59,42690.76,11-05-2021,21,111.82,Overnight,23-06-2024
1583,David Garcia,david.garcia83@hotmail.com,3518 Hillcrest Ave,Toronto,New South Wales,Australia,3039,43.615714,-79.386641,SME,Gold,48,18807.82,24-07-2019,37,1216.46,Standard,22-01-2024
1584,Maria Garcia,maria.garcia84@icloud.com,8019 Main St,Singapore,New South Wales,Australia,5166,1.344197,103.839147,Individual,Gold,63,3303.11,22-11-2019,5,514.53,Standard,22-10-2024
1585,Fatima Tanaka,fatima.tanaka85@gmail.com,3812 Sunset Blvd,Sydney,England,UK,SW3 3BA,-33.874334,151.202431,Corporate,Silver,79,28077.21,04-05-2023,86,3377.45,Overnight,11-01-2024
1586,Lucas Chowdhury,lucas.chowdhury86@outlook.com,237 King Street,Mumbai,Sharjah,UAE,38739,19.083951,72.843426,SME,Gold,99,12691.24,05-08-2022,24,958.46,Overnight,14-03-2024
1587,Mohammed Nguyen,mohammed.nguyen87@yahoo.com,9266 Victoria Road,New York,Illinois,USA,25159,40.719228,-73.95666,SME,,80,37113.04,08-12-2024,28,1356.81,Overnight,30-10-2024
1588,Isabella Khan,isabella.khan88@hotmail.com,4155 Main St,New York,East Region,Singapore,344246,40.741694,-73.993701,Individual,,49,7212.71,28-02-2021,3,934.68,International Priority,27-01-2024
1589,Sara Hassan,sara.hassan89@icloud.com,3167 Oak Street,Dubai,Wales,UK,SW4 6AA,25.231266,55.281317,Individual,Bronze,99,46502.24,03-05-2024,2,975.1,International Priority,05-06-2024
1590,David Khan,david.khan90@gmail.com,5475 Victoria Road,Singapore,Sharjah,UAE,22938,1.361852,103.771437,Corporate,Gold,87,41856.63,19-03-2021,84,5459.18,Express,12-10-2024
1591,Lucas Clark,lucas.clark91@outlook.com,9155 Sunset Blvd,London,England,UK,EC1 4BB,51.466112,-0.147575,SME,,66,6243.05,21-07-2024,4,1842.84,Standard,14-12-2024
1592,Sara Martin,sara.martin92@yahoo.com,5296 Park Avenue,Berlin,Scotland,UK,SE1 1AB,52.56433,13.38833,Corporate,,68,27289.6,01-02-2021,66,3758.6,International Priority,17-01-2024
1593,John Patel,john.patel93@hotmail.com,5542 Park Avenue,London,Florida,USA,41287,51.462025,-0.117114,Individual,,73,1809.03,05-04-2024,15,1393.44,Standard,21-12-2024
1594,Sara Petrov,sara.petrov94@icloud.com,6862 Victoria Road,London,Florida,USA,38119,51.459582,-0.137483,SME,Silver,95,32387.51,25-03-2022,24,431.28,Overnight,25-03-2024
1595,Ivan Lee,ivan.lee95@gmail.com,6142 Maple Road,London,British Columbia,Canada,T9A 4B1,51.489373,-0.115858,Corporate,Gold,42,11773.3,08-09-2019,36,3176.55,Overnight,15-06-2024
1596,Daniel Martin,daniel.martin96@outlook.com,2963 Oak Street,Singapore,Tamil Nadu,India,567852,1.387535,103.776615,Corporate,Silver,43,14208.83,18-12-2023,72,230.32,Overnight,20-03-2024
1597,David Anderson,david.anderson97@yahoo.com,4703 Main St,London,Maharashtra,India,292373,51.530815,-0.107802,Corporate,Silver,98,18867.89,27-01-2021,9,2758.24,Standard,19-08-2024
1598,David Rossi,david.rossi98@hotmail.com,3281 Hillcrest Ave,Toronto,British Columbia,Canada,K5C 2C6,43.612592,-79.376223,Corporate,,65,8002.97,10-09-2024,42,5061.6,Express,23-04-2024
1599,Mohammed Tanaka,mohammed.tanaka99@icloud.com,8408 Sunset Blvd,Singapore,Ontario,Canada,K1C 9A3,1.324887,103.772913,Corporate,,95,36639.2,26-01-2019,34,976.99,Express,01-07-2024
1600,Daniel Lee,daniel.lee0@gmail.com,1222 Sunset Blvd,Toronto,Victoria,Australia,6157,43.644717,-79.409936,SME,Bronze,58,10618.83,22-11-2019,19,685.49,International Priority,02-04-2024
1601,Mohammed Anderson,mohammed.anderson1@outlook.com,2163 Lake View Rd,Singapore,Abu Dhabi,UAE,51531,1.395842,103.784743,Corporate,Gold,94,35990.39,21-12-2020,110,1926.36,Express,21-02-2024
1602,James Lopez,james.lopez2@yahoo.com,4597 Maple Road,Dubai,Scotland,UK,EC5 2BB,25.224309,55.296594,SME,Gold,72,21467.1,20-03-2021,32,1987.18,Overnight,17-03-2024
1603,Lucas Ibrahim,lucas.ibrahim3@hotmail.com,6658 Park Avenue,Mumbai,Central Region,Singapore,204773,19.068042,72.894151,Corporate,,93,27854.93,14-12-2021,95,1984.18,Standard,18-02-2024
1604,Amit Kim,amit.kim4@icloud.com,2474 Oak Street,New York,Quebec,Canada,T4B 5A5,40.664277,-73.97797,Individual,,47,5101.94,12-08-2020,32,1688.96,Standard,13-05-2024
1605,Daniel Lee,daniel.lee5@gmail.com,1646 Park Avenue,London,Hesse,Germany,86664,51.535277,-0.11906,Individual,Gold,49,8945.05,14-02-2021,31,149.74,Express,02-07-2024
1606,Yuki Hassan,yuki.hassan6@outlook.com,1823 King Street,Dubai,Tamil Nadu,India,227757,25.216311,55.296882,Corporate,Bronze,54,38078.63,22-05-2020,73,3950.96,Express,09-07-2024
1607,Anna Nair,anna.nair7@yahoo.com,506 Main St,Mumbai,Alberta,Canada,H3B 6C6,19.067503,72.876201,Individual,,76,10914.3,07-11-2019,23,1687.41,International Priority,13-10-2024
1608,Carlos Mehta,carlos.mehta8@hotmail.com,9097 Oak Street,New York,Hamburg,Germany,69324,40.760811,-74.018998,SME,Bronze,76,15193.46,09-02-2021,32,1026.03,International Priority,31-07-2024
1609,James Fernandez,james.fernandez9@icloud.com,4518 Oak Street,Sydney,Berlin,Germany,47532,-33.91277,151.253023,Corporate,Silver,90,37548.19,05-02-2021,106,457.29,Overnight,31-03-2024
1610,Mohammed Singh,mohammed.singh10@gmail.com,6621 Sunset Blvd,Berlin,Hesse,Germany,95323,52.52224,13.407766,SME,,94,26973.01,09-08-2022,32,7636.82,International Priority,14-12-2024
1611,Raj Chowdhury,raj.chowdhury11@outlook.com,8693 Maple Road,Toronto,Victoria,Australia,5446,43.639771,-79.358538,Corporate,Silver,66,4790.04,21-07-2021,63,5860.5,Overnight,26-09-2024
1612,Ahmed Das,ahmed.das12@yahoo.com,6710 Market Street,Sydney,New South Wales,Australia,7129,-33.844752,151.228129,Individual,,69,24037.18,27-10-2020,33,1430.67,Overnight,08-03-2024
1613,Daniel Muller,daniel.muller13@hotmail.com,5699 Main St,Singapore,East Region,Singapore,409428,1.37337,103.869242,SME,Silver,43,39676.68,05-06-2023,17,2912.11,Standard,07-08-2024
1614,Anna Garcia,anna.garcia14@icloud.com,3781 Victoria Road,New York,West Region,Singapore,343920,40.710183,-73.993878,Individual,,91,13851.63,30-04-2022,35,1631.12,International Priority,12-12-2024
1615,Daniel Ali,daniel.ali15@gmail.com,8883 Hillcrest Ave,Sydney,Bavaria,Germany,35671,-33.844366,151.191989,Individual,Bronze,84,39916.89,16-08-2023,14,1376.47,Express,02-11-2024
1616,John Nguyen,john.nguyen16@outlook.com,6994 Park Avenue,Berlin,Sharjah,UAE,30222,52.525702,13.384148,Corporate,Bronze,41,40626.05,06-09-2024,73,807.25,Standard,04-07-2024
1617,Raj Petrov,raj.petrov17@yahoo.com,6920 Market Street,Dubai,Victoria,Australia,2462,25.249503,55.25014,SME,Bronze,42,25643.94,15-03-2022,11,3398.78,Express,09-07-2024
1618,Sara Costa,sara.costa18@hotmail.com,2769 Lake View Rd,New York,Scotland,UK,NW1 4AA,40.70287,-73.956422,Individual,Silver,82,5522.79,12-06-2021,98,4881.05,International Priority,29-07-2024
1619,Ivan Patel,ivan.patel19@icloud.com,1568 Market Street,Sydney,Hesse,Germany,97343,-33.825774,151.191636,Corporate,Bronze,74,34516.54,14-10-2023,69,1215.46,Standard,28-01-2024
1620,Fatima Anderson,fatima.anderson20@gmail.com,9978 Main St,Toronto,Scotland,UK,NW9 2AA,43.604776,-79.375145,Corporate,Silver,71,41916.31,24-10-2021,38,1108.09,Standard,16-09-2024
1621,Elena Muller,elena.muller21@outlook.com,5991 Oak Street,Toronto,England,UK,NW9 6AB,43.633188,-79.340737,Corporate,,64,41344.28,13-11-2022,67,294.93,Standard,23-06-2024
1622,Maria Das,maria.das22@yahoo.com,4765 Hillcrest Ave,Mumbai,Hamburg,Germany,54982,19.028365,72.883099,Individual,Silver,66,38160.62,13-09-2021,20,281.85,Standard,25-08-2024
1623,Carlos Sharma,carlos.sharma23@hotmail.com,6297 Hillcrest Ave,Sydney,Karnataka,India,113368,-33.879479,151.187546,Corporate,,49,1686.55,13-12-2024,34,1021.02,International Priority,06-07-2024
1624,Emma Smith,emma.smith24@icloud.com,6749 Market Street,London,Abu Dhabi,UAE,56336,51.537281,-0.136783,SME,Gold,42,22396.03,29-01-2019,39,424.86,International Priority,24-12-2024
1625,Isabella Martin,isabella.martin25@gmail.com,9495 Main St,Sydney,Hamburg,Germany,26440,-33.900939,151.193427,SME,Gold,63,10272.13,27-10-2021,36,1628.71,International Priority,03-09-2024
1626,Chen Khan,chen.khan26@outlook.com,2948 Park Avenue,Dubai,Central Region,Singapore,731577,25.195979,55.240402,Individual,Gold,49,26876.04,26-02-2022,33,1214.01,Overnight,17-02-2024
1627,Chen Tanaka,chen.tanaka27@yahoo.com,39 Sunset Blvd,New York,Bavaria,Germany,29922,40.674846,-73.992549,SME,Silver,56,42734.6,22-10-2020,41,1330.14,Standard,18-06-2024
1628,Emma Kim,emma.kim28@hotmail.com,9319 Oak Street,New York,New South Wales,Australia,4954,40.743071,-73.969806,Corporate,Gold,57,8873.46,22-09-2019,32,2702.07,Express,29-09-2024
1629,David Costa,david.costa29@icloud.com,4367 Victoria Road,Dubai,Hamburg,Germany,80173,25.189762,55.243579,Individual,Gold,67,10036.44,10-09-2019,38,3026.71,Express,30-12-2024
1630,Sara Clark,sara.clark30@gmail.com,510 Park Avenue,Sydney,Karnataka,India,145026,-33.89265,151.246867,Corporate,Gold,68,2866.46,15-09-2019,64,1161.61,Standard,17-04-2024
1631,Mohammed Nair,mohammed.nair31@outlook.com,7996 Oak Street,Dubai,Victoria,Australia,6886,25.22065,55.245378,Individual,,93,17784.62,16-07-2024,100,300.39,Overnight,16-04-2024
1632,Priya Petrov,priya.petrov32@yahoo.com,4556 Park Avenue,Berlin,East Region,Singapore,725983,52.518472,13.41424,Individual,Bronze,66,32899.08,10-11-2022,58,6457.68,Overnight,18-06-2024
1633,Anna Garcia,anna.garcia33@hotmail.com,2708 Maple Road,Singapore,Illinois,USA,46174,1.321452,103.795452,Corporate,Silver,61,11363.86,05-09-2019,51,7638.08,Express,28-09-2024
1634,Carlos Khan,carlos.khan34@icloud.com,9346 Hillcrest Ave,Dubai,Texas,USA,90249,25.160631,55.234271,SME,Gold,50,38112.42,28-10-2023,106,7791.19,Overnight,18-08-2024
1635,David Brown,david.brown35@gmail.com,1915 Maple Road,Toronto,Wales,UK,EC5 4BB,43.687429,-79.367668,SME,,100,46926.93,24-11-2019,29,272.76,Overnight,02-09-2024
1636,Mia Martin,mia.martin36@outlook.com,9983 Victoria Road,Dubai,Abu Dhabi,UAE,25667,25.241585,55.237043,Individual,Bronze,97,19220.11,01-01-2024,91,3318.65,Express,05-11-2024
1637,Elena Ali,elena.ali37@yahoo.com,3561 Victoria Road,New York,Scotland,UK,SW4 2AB,40.670273,-74.0322,Corporate,Bronze,58,5560.89,19-02-2019,24,6312.79,International Priority,14-08-2024
1638,David Patel,david.patel38@hotmail.com,9871 Park Avenue,Toronto,Delhi,India,754777,43.630297,-79.391719,Corporate,Bronze,53,13294.77,28-12-2019,41,6120.4,Overnight,08-11-2024
1639,Lucas Johnson,lucas.johnson39@icloud.com,1777 Sunset Blvd,New York,Alberta,Canada,V9B 6B7,40.712666,-74.017401,Individual,,86,17984.12,28-07-2022,22,1749.21,Overnight,22-02-2024
1640,Isabella Clark,isabella.clark40@gmail.com,6028 Lake View Rd,Mumbai,West Region,Singapore,678198,19.053073,72.89027,SME,Gold,89,5988.25,20-01-2023,34,1243.86,Express,05-11-2024
1641,Mia Martin,mia.martin41@outlook.com,5375 Sunset Blvd,London,Abu Dhabi,UAE,44697,51.468469,-0.099552,Corporate,Bronze,88,22032.54,27-09-2019,28,2050.7,International Priority,31-12-2024
1642,Mia Lopez,mia.lopez42@yahoo.com,3442 Market Street,New York,Central Region,Singapore,789631,40.705695,-73.994488,SME,,72,39892.98,10-12-2021,25,585.34,Standard,01-11-2024
1643,Elena Costa,elena.costa43@hotmail.com,2636 Market Street,Toronto,Florida,USA,17771,43.694104,-79.368469,SME,,47,37683.58,30-07-2022,21,1895.8,Overnight,21-10-2024
1644,Priya Petrov,priya.petrov44@icloud.com,4848 King Street,Mumbai,Scotland,UK,SW3 1AA,19.105339,72.86419,Individual,Silver,65,46449.92,21-01-2024,4,4595.67,Overnight,03-05-2024
1645,Elena Mehta,elena.mehta45@gmail.com,9564 Sunset Blvd,New York,East Region,Singapore,492390,40.69767,-74.044552,Individual,,79,10659.57,06-01-2023,115,6942.38,Express,27-03-2024
1646,Yuki Tanaka,yuki.tanaka46@outlook.com,8351 Park Avenue,Berlin,Florida,USA,34902,52.564822,13.428944,SME,Bronze,94,34495.95,21-05-2024,57,4540.23,International Priority,10-05-2024
1647,Noah Fernandez,noah.fernandez47@yahoo.com,2210 Market Street,Dubai,Tamil Nadu,India,680410,25.159578,55.307968,Corporate,Bronze,62,30051.02,26-02-2023,103,7635.43,Express,03-01-2024
1648,Mohammed Brown,mohammed.brown48@hotmail.com,8445 Victoria Road,London,Tamil Nadu,India,421542,51.516437,-0.095686,Corporate,,47,20022.71,08-08-2024,37,155.49,Express,19-11-2024
1649,Liam Singh,liam.singh49@icloud.com,7932 Park Avenue,New York,Quebec,Canada,K3B 6A4,40.684222,-73.965509,Individual,Bronze,87,48301.74,14-05-2022,19,1960.58,International Priority,19-07-2024
1650,Mia Lee,mia.lee50@gmail.com,9479 Main St,Mumbai,West Region,Singapore,293111,19.11979,72.868596,SME,,70,44261.08,26-06-2024,38,920.75,Overnight,02-05-2024
1651,Liam Lee,liam.lee51@outlook.com,6337 Maple Road,Berlin,Quebec,Canada,T7B 2C4,52.487892,13.417721,Corporate,Bronze,46,15929.77,07-07-2022,50,436.26,International Priority,12-06-2024
1652,Ahmed Lee,ahmed.lee52@yahoo.com,3662 King Street,Sydney,Victoria,Australia,7597,-33.91752,151.208131,Corporate,Silver,79,16356.52,18-02-2021,14,6025.21,International Priority,13-11-2024
1653,Carlos Brown,carlos.brown53@hotmail.com,2996 Market Street,Mumbai,Dubai,UAE,48458,19.050386,72.876966,Individual,Gold,40,22512.58,23-07-2021,8,854.61,International Priority,28-04-2024
1654,Carlos Tanaka,carlos.tanaka54@icloud.com,5715 Oak Street,Dubai,West Region,Singapore,723036,25.240763,55.267645,SME,Silver,81,4290.05,29-11-2020,22,1124.06,International Priority,01-02-2024
1655,Mohammed Martin,mohammed.martin55@gmail.com,6643 Hillcrest Ave,Mumbai,Karnataka,India,214241,19.073561,72.902875,Corporate,Silver,98,39908.26,24-06-2019,17,1519.9,Overnight,23-08-2024
1656,Mohammed Lopez,mohammed.lopez56@outlook.com,3616 Sunset Blvd,Berlin,Wales,UK,NW7 2AB,52.554348,13.378509,Individual,Gold,70,37918.72,16-12-2022,33,743.9,Standard,19-10-2024
1657,Mia Clark,mia.clark57@yahoo.com,1229 King Street,Mumbai,California,USA,15843,19.087914,72.883063,Corporate,Bronze,91,19009.32,06-08-2023,42,3630.25,Overnight,01-12-2024
1658,Laura Chowdhury,laura.chowdhury58@hotmail.com,4825 Oak Street,Berlin,Hamburg,Germany,24986,52.518819,13.40343,Corporate,Gold,70,38417.87,19-03-2024,10,7693.55,Standard,23-11-2024
1659,Anna Singh,anna.singh59@icloud.com,8183 Maple Road,New York,Alberta,Canada,T1C 8C9,40.757695,-74.053559,Corporate,,100,6465.94,05-03-2024,44,2963.73,International Priority,17-08-2024
1660,Olivia Sharma,olivia.sharma60@gmail.com,4783 Maple Road,Singapore,Berlin,Germany,39598,1.318961,103.773421,Individual,Gold,69,18346.92,21-08-2022,16,1241.13,Overnight,26-04-2024
1661,Daniel Ibrahim,daniel.ibrahim61@outlook.com,2754 Main St,Berlin,West Region,Singapore,387880,52.479433,13.390649,SME,Silver,63,9008.4,10-07-2023,29,620.28,International Priority,25-11-2024
1662,Mia Patel,mia.patel62@yahoo.com,6911 Hillcrest Ave,Berlin,Scotland,UK,EC1 8BB,52.495201,13.36902,Individual,Gold,55,25400.33,14-03-2024,28,1875.63,Standard,11-07-2024
1663,Michael Patel,michael.patel63@hotmail.com,6949 Oak Street,London,British Columbia,Canada,M7C 1A1,51.555069,-0.132917,SME,Bronze,82,33481.94,17-03-2024,32,905.71,Overnight,05-07-2024
1664,Ivan Lopez,ivan.lopez64@icloud.com,6389 Victoria Road,Berlin,Hesse,Germany,83611,52.544083,13.363046,Corporate,Silver,80,26563.41,27-01-2024,25,1644.73,Express,10-10-2024
1665,Ahmed Chowdhury,ahmed.chowdhury65@gmail.com,7536 Oak Street,Berlin,Abu Dhabi,UAE,95050,52.478183,13.44558,SME,,91,4378.05,17-09-2020,19,4479.72,Express,20-09-2024
1666,Fatima Lee,fatima.lee66@outlook.com,8972 Park Avenue,Sydney,Scotland,UK,SW2 8AB,-33.845151,151.257868,Corporate,Bronze,78,8799.54,04-08-2020,94,7641.76,Standard,08-08-2024
1667,Maria Lee,maria.lee67@yahoo.com,4154 Maple Road,Singapore,New York,USA,50501,1.361076,103.8181,Corporate,Silver,78,46244.95,29-04-2023,70,3500.4,Standard,07-11-2024
1668,Carlos Wang,carlos.wang68@hotmail.com,1713 Maple Road,New York,Dubai,UAE,79543,40.736341,-73.972666,Individual,,84,16915.93,15-09-2023,45,1887.4,International Priority,13-05-2024
1669,Sophia Clark,sophia.clark69@icloud.com,1186 Victoria Road,Dubai,Scotland,UK,W7 4AB,25.207999,55.258637,Corporate,Bronze,93,18102.9,11-04-2019,102,2945.04,International Priority,30-10-2024
1670,Isabella Mehta,isabella.mehta70@gmail.com,193 Maple Road,London,Queensland,Australia,2780,51.517086,-0.164871,Individual,,99,20137.3,25-07-2020,16,298.78,Overnight,28-08-2024
1671,Noah Petrov,noah.petrov71@outlook.com,8446 Market Street,Sydney,Alberta,Canada,T6A 4C8,-33.889281,151.251171,SME,Gold,63,38409.08,21-07-2022,95,2844.03,Overnight,10-01-2024
1672,Mohammed Brown,mohammed.brown72@yahoo.com,3000 Market Street,Toronto,Maharashtra,India,446025,43.638969,-79.418523,SME,Gold,40,38637.14,12-04-2023,7,1182.56,Overnight,27-09-2024
1673,Emma Anderson,emma.anderson73@hotmail.com,9221 Market Street,Singapore,California,USA,36482,1.32054,103.844925,Corporate,,54,23398.91,03-09-2020,116,4714.47,International Priority,24-07-2024
1674,Mia Singh,mia.singh74@icloud.com,5473 Park Avenue,New York,East Region,Singapore,206672,40.669979,-74.052065,Individual,Gold,40,29597.35,25-06-2023,79,7687.26,Overnight,02-07-2024
1675,Laura Rossi,laura.rossi75@gmail.com,5915 Sunset Blvd,New York,Dubai,UAE,64790,40.69583,-74.043813,Corporate,,71,17292.66,06-02-2023,51,3761.66,International Priority,14-07-2024
1676,Carlos Singh,carlos.singh76@outlook.com,3161 Hillcrest Ave,Toronto,Abu Dhabi,UAE,42905,43.64589,-79.400261,Individual,Bronze,68,16058.31,27-02-2019,10,1504.29,Overnight,03-02-2024
1677,Fatima Sharma,fatima.sharma77@yahoo.com,6012 Maple Road,Dubai,Hesse,Germany,27206,25.245145,55.266939,Individual,Silver,55,18444.22,15-11-2023,22,831.68,Overnight,14-09-2024
1678,Sara Petrov,sara.petrov78@hotmail.com,1054 King Street,Berlin,Alberta,Canada,H7A 3C3,52.495767,13.390189,Individual,,85,5148.94,08-12-2020,20,1868.66,Standard,24-03-2024
1679,Daniel Muller,daniel.muller79@icloud.com,8069 Victoria Road,Sydney,East Region,Singapore,367778,-33.841839,151.234402,SME,Silver,63,28388.79,10-09-2020,25,1625.89,Express,12-01-2024
1680,Liam Garcia,liam.garcia80@gmail.com,2255 Lake View Rd,Mumbai,Tamil Nadu,India,134143,19.091312,72.915283,Individual,Silver,41,26760.63,23-01-2021,9,632.5,Express,28-01-2024
1681,Elena Hassan,elena.hassan81@outlook.com,6800 Park Avenue,London,Wales,UK,EC1 3BA,51.468055,-0.110817,SME,,83,5908.69,07-06-2021,12,786.16,Express,17-06-2024
1682,David Muller,david.muller82@yahoo.com,7380 Market Street,Mumbai,Delhi,India,711749,19.066801,72.862196,Individual,Gold,79,6081,24-01-2020,37,586.27,Overnight,27-12-2024
1683,Raj Muller,raj.muller83@hotmail.com,769 Hillcrest Ave,Toronto,Quebec,Canada,V8C 6C2,43.680085,-79.346737,SME,Bronze,74,48887.1,09-03-2019,9,1679.04,Express,06-10-2024
1684,Maria Sharma,maria.sharma84@icloud.com,1814 King Street,New York,Quebec,Canada,H4B 1C1,40.738233,-73.976567,SME,Silver,87,30765.75,22-05-2023,17,172.41,International Priority,19-04-2024
1685,Chen Martin,chen.martin85@gmail.com,4272 Market Street,Dubai,Victoria,Australia,3515,25.173502,55.280979,SME,Bronze,71,18798.3,18-04-2024,58,1094.83,International Priority,24-11-2024
1686,Carlos Ali,carlos.ali86@outlook.com,1610 Lake View Rd,New York,Victoria,Australia,3190,40.750789,-73.991618,Corporate,Silver,60,23774.13,05-09-2020,73,5480.19,Overnight,12-02-2024
1687,Amit Ibrahim,amit.ibrahim87@yahoo.com,2535 Park Avenue,London,Karnataka,India,697871,51.530513,-0.155079,Individual,,69,9902.35,14-01-2022,16,1282.26,Express,28-04-2024
1688,Ahmed Khan,ahmed.khan88@hotmail.com,2823 Sunset Blvd,New York,Scotland,UK,SE5 1BB,40.729163,-74.023291,Corporate,Gold,64,25669.23,13-10-2022,21,4586.38,Overnight,04-05-2024
1689,James Rossi,james.rossi89@icloud.com,1165 Oak Street,New York,Maharashtra,India,500045,40.696173,-74.042387,Individual,Bronze,43,20536.35,21-03-2021,13,50.31,Express,21-06-2024
1690,Laura Johnson,laura.johnson90@gmail.com,2380 Oak Street,London,Quebec,Canada,K9C 5A4,51.476899,-0.156616,Individual,Silver,98,46557.81,30-03-2019,32,613.79,Standard,20-05-2024
1691,Chen Mehta,chen.mehta91@outlook.com,4181 Lake View Rd,Sydney,Ontario,Canada,T2C 9C1,-33.905179,151.217646,Corporate,,48,36885.94,30-07-2024,60,3429.38,Standard,23-11-2024
1692,Laura Hassan,laura.hassan92@yahoo.com,8135 Oak Street,Sydney,Berlin,Germany,30983,-33.878549,151.249533,SME,,82,29255.72,26-05-2023,27,1512.35,Express,17-03-2024
1693,Michael Ali,michael.ali93@hotmail.com,9651 Lake View Rd,London,Queensland,Australia,5553,51.514891,-0.170365,Individual,Silver,40,39088,10-10-2020,35,527.44,International Priority,09-02-2024
1694,Mohammed Mehta,mohammed.mehta94@icloud.com,6219 Maple Road,Dubai,East Region,Singapore,425888,25.179779,55.242649,SME,Silver,86,656.93,28-05-2022,18,1424.16,Overnight,14-04-2024
1695,Emma Costa,emma.costa95@gmail.com,7078 Oak Street,Toronto,Central Region,Singapore,290050,43.682622,-79.401181,Corporate,Silver,98,15510.84,11-02-2022,39,7463.51,Overnight,24-01-2024
1696,Olivia Martin,olivia.martin96@outlook.com,6924 Victoria Road,Singapore,Central Region,Singapore,215918,1.364536,103.826918,SME,Gold,59,2827.61,21-07-2021,53,147.29,Overnight,02-10-2024
1697,Olivia Mehta,olivia.mehta97@yahoo.com,8524 Main St,New York,Bavaria,Germany,93357,40.697771,-74.026904,Individual,Silver,41,21439.71,17-02-2021,75,7695.88,Overnight,24-03-2024
1698,Maria Clark,maria.clark98@hotmail.com,3861 Hillcrest Ave,Dubai,Florida,USA,49528,25.219958,55.284803,Individual,Silver,66,1303.45,15-06-2024,22,1419.16,International Priority,26-09-2024
1699,Ahmed Wang,ahmed.wang99@icloud.com,6400 Victoria Road,New York,West Region,Singapore,713848,40.67285,-74.037564,Individual,Gold,64,27552.1,06-08-2024,28,946.27,Overnight,06-08-2024
1700,Raj Das,raj.das0@gmail.com,4610 Oak Street,Singapore,Quebec,Canada,V9C 9B2,1.386005,103.815936,Corporate,,41,41529.38,08-11-2023,60,5709.18,Standard,26-08-2024
1701,Liam Rossi,liam.rossi1@outlook.com,9083 Maple Road,Toronto,Bavaria,Germany,60810,43.673382,-79.365268,Individual,Silver,73,45395.38,18-11-2023,16,1466.76,Overnight,14-12-2024
1702,Anna Petrov,anna.petrov2@yahoo.com,2793 Sunset Blvd,Sydney,Maharashtra,India,353824,-33.858264,151.165518,Corporate,Bronze,50,17803.11,16-10-2020,26,4018.18,Overnight,20-10-2024
1703,Priya Clark,priya.clark3@hotmail.com,6308 Main St,Dubai,New South Wales,Australia,7811,25.251005,55.280231,SME,,50,32408.38,19-06-2024,21,592.57,Overnight,30-05-2024
1704,Maria Clark,maria.clark4@icloud.com,665 Market Street,Berlin,New South Wales,Australia,4280,52.547834,13.373736,Individual,Bronze,75,29489.2,02-09-2019,32,1874.88,International Priority,13-03-2024
1705,Laura Johnson,laura.johnson5@gmail.com,9242 Hillcrest Ave,Berlin,Wales,UK,NW8 8AB,52.526085,13.429373,Individual,Silver,58,17412,18-12-2022,26,2441.42,Standard,30-09-2024
1706,Chen Hassan,chen.hassan6@outlook.com,5910 Park Avenue,Singapore,Gujarat,India,618475,1.391152,103.807055,Individual,Gold,82,14633.87,10-03-2020,17,1478.7,International Priority,22-12-2024
1707,Ivan Johnson,ivan.johnson7@yahoo.com,1942 King Street,Berlin,Scotland,UK,W7 4AB,52.541926,13.369305,SME,Gold,58,28023.39,02-10-2019,98,2906.18,Standard,18-12-2024
1708,Laura Clark,laura.clark8@hotmail.com,1424 Main St,Sydney,Hesse,Germany,10750,-33.837873,151.232939,Individual,Gold,84,37126.04,17-08-2022,25,6797.51,Overnight,17-08-2024
1709,Maria Anderson,maria.anderson9@icloud.com,1503 King Street,Singapore,Dubai,UAE,45343,1.31654,103.836342,Corporate,Silver,84,7841.58,06-05-2024,48,4465.65,International Priority,30-01-2024
1710,Arjun Chowdhury,arjun.chowdhury10@gmail.com,7236 Victoria Road,Sydney,West Region,Singapore,486609,-33.870701,151.172818,SME,Silver,40,16359.96,31-03-2022,27,346.2,Overnight,05-01-2024
1711,Mohammed Johnson,mohammed.johnson11@outlook.com,7590 Maple Road,Toronto,Florida,USA,20553,43.678999,-79.42752,SME,Bronze,61,36869.21,02-08-2020,3,698.2,International Priority,12-02-2024
1712,Laura Petrov,laura.petrov12@yahoo.com,1006 Hillcrest Ave,New York,Tamil Nadu,India,494649,40.755955,-73.999871,SME,Gold,48,40374.66,21-08-2021,25,1282.15,Express,13-02-2024
1713,Priya Clark,priya.clark13@hotmail.com,3554 Sunset Blvd,Toronto,Maharashtra,India,791556,43.604399,-79.420431,SME,Silver,88,8264.22,25-10-2024,80,7393.27,Overnight,04-05-2024
1714,Olivia Hassan,olivia.hassan14@icloud.com,1310 Lake View Rd,Toronto,Gujarat,India,597908,43.670782,-79.425168,SME,,63,5954.71,17-07-2024,34,1673.78,Overnight,15-03-2024
1715,Maria Smith,maria.smith15@gmail.com,901 Maple Road,Sydney,England,UK,EC5 6AB,-33.914944,151.230403,Corporate,Silver,76,32330.65,05-06-2021,74,6632.62,Standard,11-01-2024
1716,Olivia Das,olivia.das16@outlook.com,5093 Market Street,Singapore,Berlin,Germany,40282,1.378774,103.787657,SME,Silver,47,21447.65,02-09-2023,19,830.21,Express,16-12-2024
1717,Sara Sharma,sara.sharma17@yahoo.com,1355 Victoria Road,Singapore,Maharashtra,India,121648,1.394604,103.795183,Individual,,86,25902.72,02-07-2024,4,380.5,International Priority,12-02-2024
1718,Laura Martin,laura.martin18@hotmail.com,8885 Hillcrest Ave,Berlin,Sharjah,UAE,37938,52.530771,13.451588,SME,Gold,61,2131.7,23-02-2019,24,1781.64,Standard,12-09-2024
1719,Olivia Dubois,olivia.dubois19@icloud.com,7081 Park Avenue,Mumbai,Tamil Nadu,India,339762,19.042727,72.842912,SME,,42,22643.82,15-06-2022,18,562.37,Standard,23-10-2024
1720,Raj Rossi,raj.rossi20@gmail.com,9708 Main St,New York,New South Wales,Australia,4049,40.699076,-73.986657,SME,Gold,90,4661.45,11-10-2020,18,1229.43,Express,09-12-2024
1721,David Ali,david.ali21@outlook.com,3239 Sunset Blvd,Sydney,Central Region,Singapore,753789,-33.850421,151.207963,SME,,85,13397.19,18-10-2022,13,551.44,Standard,28-08-2024
1722,Michael Khan,michael.khan22@yahoo.com,3979 Market Street,Berlin,Texas,USA,45710,52.480509,13.392542,SME,Bronze,70,37559.56,26-06-2022,16,928.4,Express,28-05-2024
1723,Priya Nguyen,priya.nguyen23@hotmail.com,972 Sunset Blvd,Dubai,East Region,Singapore,682227,25.237834,55.228096,Corporate,Gold,84,16936.46,24-10-2023,112,7364.58,Express,20-11-2024
1724,Isabella Singh,isabella.singh24@icloud.com,5404 Oak Street,Mumbai,New South Wales,Australia,2914,19.065861,72.91223,Corporate,Silver,69,38827.14,14-05-2020,116,1520.12,Standard,02-06-2024
1725,Emma Chowdhury,emma.chowdhury25@gmail.com,1474 Victoria Road,Mumbai,New South Wales,Australia,4962,19.093733,72.90976,SME,Bronze,54,40038.35,14-06-2020,31,374.35,Express,18-11-2024
1726,Amit Martin,amit.martin26@outlook.com,7627 Sunset Blvd,Sydney,California,USA,84334,-33.898002,151.210129,Corporate,Gold,40,26250.25,09-12-2024,24,802.55,International Priority,24-05-2024
1727,John Petrov,john.petrov27@yahoo.com,3806 Hillcrest Ave,London,Dubai,UAE,73708,51.491602,-0.099893,Individual,Gold,50,5120.15,28-02-2022,19,1224.71,Standard,13-09-2024
1728,Isabella Mehta,isabella.mehta28@hotmail.com,6235 Park Avenue,New York,Hesse,Germany,77045,40.758455,-73.98847,SME,Gold,54,24473.86,29-10-2022,30,894.51,Standard,19-01-2024
1729,Noah Tanaka,noah.tanaka29@icloud.com,6320 Lake View Rd,Mumbai,Queensland,Australia,3171,19.063607,72.83541,Individual,,100,29407.57,10-03-2023,20,329.73,Overnight,22-01-2024
1730,John Smith,john.smith30@gmail.com,1638 King Street,Sydney,Bavaria,Germany,61007,-33.859307,151.212585,Individual,Gold,74,2168.86,08-06-2020,14,240.61,Standard,19-07-2024
1731,Anna Martin,anna.martin31@outlook.com,2209 Oak Street,Sydney,New South Wales,Australia,6231,-33.913123,151.249828,SME,Silver,88,11033.28,22-02-2023,35,956.5,International Priority,28-06-2024
1732,Yuki Lee,yuki.lee32@yahoo.com,5937 Lake View Rd,Berlin,Alberta,Canada,K5B 4A8,52.527783,13.432741,Individual,Gold,53,45421.95,23-04-2024,15,1454.41,International Priority,10-05-2024
1733,Daniel Ibrahim,daniel.ibrahim33@hotmail.com,3323 Maple Road,Dubai,New York,USA,37036,25.176357,55.305826,Individual,Silver,78,11500.46,16-09-2019,22,1716.86,Overnight,15-05-2024
1734,Ahmed Brown,ahmed.brown34@icloud.com,2361 Sunset Blvd,London,Victoria,Australia,2912,51.470217,-0.130956,Individual,Silver,71,10914.92,14-03-2019,23,558.59,Overnight,29-12-2024
1735,John Fernandez,john.fernandez35@gmail.com,7589 King Street,New York,Quebec,Canada,T1A 1A1,40.721593,-74.018805,SME,Silver,79,14918.17,06-01-2024,3,406.06,International Priority,23-06-2024
1736,Priya Mehta,priya.mehta36@outlook.com,950 Sunset Blvd,Singapore,East Region,Singapore,153112,1.367047,103.786511,SME,Bronze,95,4996.96,24-02-2023,36,1244.42,Overnight,14-11-2024
1737,Michael Patel,michael.patel37@yahoo.com,6683 Oak Street,Toronto,Wales,UK,W2 1AB,43.633573,-79.336099,Individual,Silver,77,27359.2,05-09-2023,20,400.91,Overnight,20-06-2024
1738,Ivan Kim,ivan.kim38@hotmail.com,8757 Park Avenue,Dubai,British Columbia,Canada,H2A 2C5,25.170701,55.308274,SME,,93,25534.81,05-10-2021,86,7444.27,Express,13-09-2024
1739,David Martin,david.martin39@icloud.com,6890 Market Street,Dubai,Karnataka,India,123069,25.160444,55.315869,SME,Gold,99,18433.68,07-05-2021,54,1183.34,Express,06-11-2024
1740,Wei Patel,wei.patel40@gmail.com,7316 Park Avenue,Berlin,Victoria,Australia,6026,52.515686,13.389101,Individual,,79,34431.9,29-08-2022,33,1501.12,International Priority,13-08-2024
1741,Elena Sharma,elena.sharma41@outlook.com,9057 Oak Street,Singapore,Quebec,Canada,T6C 8C7,1.344595,103.83368,SME,Bronze,47,18468.07,14-08-2021,24,1279.26,Express,18-05-2024
1742,John Khan,john.khan42@yahoo.com,8146 Lake View Rd,Mumbai,Berlin,Germany,32048,19.084477,72.916708,Corporate,Gold,45,49544.2,04-07-2022,89,3466.54,Overnight,15-11-2024
1743,Mohammed Martin,mohammed.martin43@hotmail.com,8206 Sunset Blvd,Mumbai,Wales,UK,EC7 4BA,19.048461,72.915311,SME,Silver,92,42091.86,04-05-2024,15,1935.31,International Priority,22-05-2024
1744,Laura Muller,laura.muller44@icloud.com,1469 Market Street,Berlin,Sharjah,UAE,66316,52.494967,13.434081,Corporate,Gold,66,18365.57,23-02-2022,33,4941.42,Standard,27-09-2024
1745,James Singh,james.singh45@gmail.com,5049 King Street,Sydney,Queensland,Australia,4503,-33.87143,151.253302,Individual,Bronze,70,32246.25,27-10-2022,76,4463.19,Standard,17-03-2024
1746,Arjun Muller,arjun.muller46@outlook.com,5514 Market Street,Mumbai,Maharashtra,India,411921,19.030186,72.860801,SME,Bronze,69,1183.28,18-09-2022,19,1044.75,Overnight,18-12-2024
1747,Isabella Costa,isabella.costa47@yahoo.com,5852 Oak Street,London,Abu Dhabi,UAE,30707,51.533295,-0.112689,Individual,,85,3631.09,07-03-2021,14,393.33,Standard,01-08-2024
1748,Noah Martin,noah.martin48@hotmail.com,4220 Lake View Rd,New York,Ontario,Canada,M6A 5B8,40.695713,-74.001475,Individual,Gold,87,40930.52,04-06-2020,4,1855.34,International Priority,19-06-2024
1749,Olivia Das,olivia.das49@icloud.com,8318 Victoria Road,Dubai,Dubai,UAE,44125,25.241292,55.287641,Individual,Gold,82,46148.2,11-08-2022,98,7729.8,Express,14-07-2024
1750,Anna Das,anna.das50@gmail.com,7292 Oak Street,Dubai,Dubai,UAE,46469,25.176559,55.241349,Individual,Gold,72,48897.09,26-07-2021,35,1119.35,Express,03-05-2024
1751,James Singh,james.singh51@outlook.com,7582 Oak Street,London,England,UK,EC9 3AB,51.511478,-0.173756,Individual,,55,30423.72,28-08-2021,15,925.02,Overnight,27-05-2024
1752,Raj Lopez,raj.lopez52@yahoo.com,2560 Lake View Rd,Singapore,West Region,Singapore,681544,1.315062,103.812149,SME,Bronze,87,21626.08,17-10-2021,115,906.89,Standard,01-02-2024
1753,Carlos Muller,carlos.muller53@hotmail.com,6680 Maple Road,Mumbai,Abu Dhabi,UAE,19069,19.066194,72.870714,Corporate,Silver,93,11203.5,24-06-2024,23,4648.06,International Priority,04-02-2024
1754,Maria Ibrahim,maria.ibrahim54@icloud.com,6752 Main St,Dubai,Dubai,UAE,69237,25.180949,55.30408,SME,Gold,91,12075.93,08-04-2024,21,330.23,Standard,25-03-2024
1755,Amit Dubois,amit.dubois55@gmail.com,7108 Sunset Blvd,Toronto,Queensland,Australia,7203,43.650799,-79.354099,SME,,96,48520.1,21-03-2019,51,4649.82,International Priority,23-10-2024
1756,Olivia Johnson,olivia.johnson56@outlook.com,7565 Market Street,Singapore,East Region,Singapore,659197,1.325204,103.84612,SME,,47,32492.67,07-07-2022,66,5827.07,Standard,08-04-2024
1757,Arjun Ibrahim,arjun.ibrahim57@yahoo.com,6426 Victoria Road,New York,Wales,UK,W2 7AA,40.757183,-74.040814,SME,Silver,69,17133.33,23-09-2024,26,1818.12,Express,10-11-2024
1758,David Clark,david.clark58@hotmail.com,1186 Sunset Blvd,New York,Gujarat,India,354310,40.76148,-74.02702,Corporate,Bronze,69,15034.98,27-01-2020,7,2644.37,Express,05-08-2024
1759,Michael Hassan,michael.hassan59@icloud.com,1879 Hillcrest Ave,Dubai,Quebec,Canada,K2C 6C9,25.168809,55.224935,SME,Gold,51,24815.7,23-04-2023,13,1635.13,Standard,09-02-2024
1760,Carlos Costa,carlos.costa60@gmail.com,7619 Lake View Rd,Berlin,England,UK,W1 8AB,52.504392,13.401051,Individual,Gold,40,4211.91,30-08-2020,103,4320.47,Standard,14-08-2024
1761,Olivia Tanaka,olivia.tanaka61@outlook.com,6460 Lake View Rd,Singapore,England,UK,SW8 2BA,1.360341,103.809173,SME,,61,1848.75,10-08-2022,73,6863.02,Express,08-03-2024
1762,Amit Mehta,amit.mehta62@yahoo.com,6743 Park Avenue,Dubai,New York,USA,59918,25.228172,55.304583,SME,Bronze,81,33315.61,30-11-2019,12,1261.61,Overnight,16-08-2024
1763,Laura Lee,laura.lee63@hotmail.com,696 Sunset Blvd,Berlin,Scotland,UK,SW6 6BA,52.549793,13.396715,Corporate,Gold,92,29475.04,07-12-2024,10,5134.12,Express,03-01-2024
1764,Sophia Fernandez,sophia.fernandez64@icloud.com,8681 Market Street,Dubai,Central Region,Singapore,249419,25.200865,55.307116,Corporate,Silver,75,32095.34,03-07-2024,91,1781.54,Express,13-10-2024
1765,Liam Muller,liam.muller65@gmail.com,8241 Oak Street,Toronto,Texas,USA,79997,43.62397,-79.416526,Individual,Bronze,55,47368.76,10-03-2024,7,1252.42,International Priority,14-02-2024
1766,Fatima Ali,fatima.ali66@outlook.com,2481 Hillcrest Ave,Singapore,Ontario,Canada,T7C 7A9,1.354759,103.864481,SME,Bronze,65,23658.86,25-12-2021,63,6153.96,International Priority,14-03-2024
1767,Fatima Dubois,fatima.dubois67@yahoo.com,931 Park Avenue,Sydney,Dubai,UAE,58183,-33.834287,151.206037,SME,,71,27927.56,02-10-2019,12,719.43,Express,05-09-2024
1768,Anna Fernandez,anna.fernandez68@hotmail.com,9778 Park Avenue,New York,Queensland,Australia,3451,40.678149,-74.04415,SME,,56,14483.87,16-01-2024,26,920.97,Standard,09-12-2024
1769,Sophia Kim,sophia.kim69@icloud.com,9992 King Street,Dubai,Victoria,Australia,2430,25.166658,55.313009,Individual,Gold,87,39289.43,15-05-2023,96,7521.65,International Priority,15-09-2024
1770,Carlos Rossi,carlos.rossi70@gmail.com,4180 Lake View Rd,Toronto,Ontario,Canada,V3A 9A3,43.618383,-79.388985,Corporate,,100,23075.18,02-03-2021,27,3983.9,Standard,07-04-2024
1771,Laura Ali,laura.ali71@outlook.com,213 Sunset Blvd,Berlin,Quebec,Canada,V8A 5C5,52.561825,13.399439,Individual,Bronze,43,7984.68,05-02-2022,19,1982.17,Standard,20-12-2024
1772,Ahmed Rossi,ahmed.rossi72@yahoo.com,2561 Victoria Road,Berlin,Central Region,Singapore,350678,52.492081,13.448904,SME,Gold,100,9267.27,09-08-2020,6,7585.37,Overnight,30-06-2024
1773,Yuki Ibrahim,yuki.ibrahim73@hotmail.com,5029 Main St,New York,Hamburg,Germany,28429,40.748524,-73.981019,Corporate,Gold,68,12006.36,30-01-2023,81,7620.14,Express,25-12-2024
1774,Ivan Brown,ivan.brown74@icloud.com,3532 Victoria Road,London,Abu Dhabi,UAE,62510,51.482622,-0.159951,Corporate,Bronze,54,29370.21,30-08-2019,75,6417.59,Express,10-03-2024
1775,Ahmed Muller,ahmed.muller75@gmail.com,3881 Sunset Blvd,Dubai,Alberta,Canada,T1A 7B6,25.244219,55.309809,Individual,Gold,61,22048.73,24-04-2024,35,1701.61,International Priority,16-12-2024
1776,Elena Costa,elena.costa76@outlook.com,6585 Maple Road,Singapore,England,UK,W6 3BA,1.313504,103.859433,Corporate,Silver,43,5478.07,07-10-2021,39,552.2,Express,03-11-2024
1777,Sara Nair,sara.nair77@yahoo.com,9774 Sunset Blvd,Mumbai,West Region,Singapore,484519,19.053266,72.92196,Corporate,Silver,76,33034.69,03-07-2021,67,646.22,Express,26-07-2024
1778,Yuki Wang,yuki.wang78@hotmail.com,2811 Victoria Road,Berlin,Victoria,Australia,6585,52.500627,13.431012,SME,Gold,45,40058.76,13-01-2019,7,1424.67,International Priority,14-09-2024
1779,David Dubois,david.dubois79@icloud.com,444 King Street,Singapore,Gujarat,India,162757,1.381191,103.826404,SME,,58,49980.31,02-09-2022,31,4571.17,Standard,31-10-2024
1780,David Tanaka,david.tanaka80@gmail.com,3468 Main St,Singapore,West Region,Singapore,273536,1.305992,103.794448,Corporate,Silver,69,42718.98,29-12-2022,97,1159.59,Standard,03-06-2024
1781,Sophia Wang,sophia.wang81@outlook.com,2144 Victoria Road,Sydney,Queensland,Australia,3930,-33.836033,151.179523,Corporate,Gold,71,1920.02,30-05-2024,35,182.47,Overnight,16-05-2024
1782,Laura Das,laura.das82@yahoo.com,992 Main St,Singapore,Illinois,USA,42486,1.304665,103.803636,Individual,Silver,94,22074.75,21-08-2020,40,1325.93,International Priority,02-01-2024
1783,Amit Garcia,amit.garcia83@hotmail.com,5291 Victoria Road,Singapore,West Region,Singapore,226549,1.367527,103.790442,Individual,,57,5728.82,22-01-2022,3,1462.76,Express,23-07-2024
1784,Ivan Rossi,ivan.rossi84@icloud.com,7946 Lake View Rd,Sydney,Victoria,Australia,2238,-33.903692,151.170017,Corporate,Bronze,40,662.55,03-08-2022,22,5293.15,Express,11-10-2024
1785,Michael Nguyen,michael.nguyen85@gmail.com,244 Main St,Berlin,Hesse,Germany,76548,52.560796,13.387541,SME,Gold,92,30914.78,08-06-2024,27,4415.22,International Priority,01-06-2024
1786,Emma Das,emma.das86@outlook.com,4356 Oak Street,Singapore,Central Region,Singapore,204255,1.357979,103.838848,Corporate,Gold,44,17651.18,10-07-2022,118,2279.51,International Priority,07-06-2024
1787,Mia Khan,mia.khan87@yahoo.com,3117 Market Street,London,East Region,Singapore,628872,51.525051,-0.163686,Corporate,Gold,84,13515.29,05-01-2025,75,2457.77,Standard,13-06-2024
1788,John Martin,john.martin88@hotmail.com,7443 King Street,London,Dubai,UAE,46434,51.544817,-0.173013,SME,Gold,72,36316.76,30-03-2021,38,1324.76,Standard,15-09-2024
1789,Priya Nguyen,priya.nguyen89@icloud.com,1697 Victoria Road,Toronto,Quebec,Canada,T9C 1B2,43.689259,-79.379405,SME,Gold,54,49434.55,09-02-2021,20,3847.2,Express,29-11-2024
1790,Isabella Sharma,isabella.sharma90@gmail.com,296 Market Street,Sydney,Dubai,UAE,33181,-33.887737,151.184682,Individual,Gold,92,10320.36,08-05-2020,25,917.14,Overnight,14-03-2024
1791,Elena Brown,elena.brown91@outlook.com,5857 Sunset Blvd,Toronto,East Region,Singapore,347093,43.64402,-79.391604,Individual,,78,48426.6,25-04-2022,98,5391.29,Express,05-10-2024
1792,Carlos Das,carlos.das92@yahoo.com,63 King Street,Sydney,Alberta,Canada,H9C 3B4,-33.843205,151.217864,Individual,Bronze,71,20554.52,06-09-2019,20,289.55,Standard,30-07-2024
1793,Mohammed Wang,mohammed.wang93@hotmail.com,3919 Victoria Road,Dubai,New South Wales,Australia,5998,25.188904,55.259064,Individual,,95,29820.16,09-03-2021,40,151.21,Overnight,15-08-2024
1794,Michael Nguyen,michael.nguyen94@icloud.com,7103 King Street,Dubai,Tamil Nadu,India,776653,25.241931,55.313577,SME,,51,9333.59,14-11-2024,60,3136.25,Overnight,20-09-2024
1795,Isabella Chowdhury,isabella.chowdhury95@gmail.com,6689 Main St,Singapore,Tamil Nadu,India,389522,1.338071,103.867266,Corporate,Bronze,57,32638.04,26-08-2024,30,1367.99,Standard,05-08-2024
1796,Maria Dubois,maria.dubois96@outlook.com,360 Lake View Rd,Mumbai,East Region,Singapore,706292,19.109415,72.898653,Individual,,64,31676.77,02-03-2022,23,489.29,International Priority,05-06-2024
1797,Fatima Nguyen,fatima.nguyen97@yahoo.com,3981 Lake View Rd,Dubai,Berlin,Germany,16046,25.2365,55.263808,Individual,Silver,91,37105.79,13-10-2021,103,4186.89,Express,20-05-2024
1798,Chen Dubois,chen.dubois98@hotmail.com,5386 Sunset Blvd,Mumbai,California,USA,86846,19.068797,72.85666,SME,,59,36245.94,21-03-2023,119,6681.9,Express,12-06-2024
1799,Daniel Garcia,daniel.garcia99@icloud.com,9555 Main St,Dubai,Victoria,Australia,6695,25.193107,55.31978,SME,Gold,92,29747.05,29-09-2023,14,82.69,Standard,22-02-2024
1800,Mia Dubois,mia.dubois0@gmail.com,7326 Maple Road,New York,Alberta,Canada,T5B 2C2,40.684279,-74.004104,Corporate,Silver,88,34623.03,14-02-2019,38,2287.93,Standard,04-06-2024
1801,Elena Chowdhury,elena.chowdhury1@outlook.com,3319 Hillcrest Ave,Dubai,East Region,Singapore,311683,25.196455,55.274038,Corporate,Silver,69,13000.27,06-05-2022,30,1708.19,Standard,19-01-2024
1802,Olivia Petrov,olivia.petrov2@yahoo.com,1804 Sunset Blvd,Toronto,Queensland,Australia,3181,43.679561,-79.390841,SME,Bronze,40,20338.67,05-12-2021,19,592.56,Overnight,05-10-2024
1803,James Patel,james.patel3@hotmail.com,7225 Hillcrest Ave,Berlin,East Region,Singapore,410576,52.533707,13.366047,Individual,,91,25651.35,16-04-2021,39,732.74,International Priority,22-03-2024
1804,Noah Anderson,noah.anderson4@icloud.com,2329 Main St,Singapore,Hamburg,Germany,15005,1.311916,103.810463,Individual,,82,43817.79,13-08-2020,25,1908.13,International Priority,01-03-2024
1805,James Petrov,james.petrov5@gmail.com,2076 Lake View Rd,Toronto,Scotland,UK,SE3 2BA,43.634032,-79.342448,Individual,Silver,91,25703,27-04-2022,33,1122.65,Standard,10-05-2024
1806,Emma Das,emma.das6@outlook.com,8444 Maple Road,Berlin,Scotland,UK,SE2 4AB,52.509456,13.398676,Corporate,,73,2785.17,14-04-2019,100,7043.11,International Priority,28-01-2024
1807,Wei Garcia,wei.garcia7@yahoo.com,8069 Market Street,London,Bavaria,Germany,56018,51.48188,-0.087667,Individual,,63,41280.66,29-04-2019,10,450.2,International Priority,04-11-2024
1808,Chen Lopez,chen.lopez8@hotmail.com,220 Hillcrest Ave,Toronto,Ontario,Canada,T8A 4B1,43.702382,-79.419485,Individual,Bronze,70,7580.9,23-09-2023,11,322.05,Overnight,25-09-2024
1809,Carlos Wang,carlos.wang9@icloud.com,4785 Maple Road,London,Dubai,UAE,22121,51.525347,-0.116487,SME,Silver,70,45252.11,19-11-2019,11,1616.97,International Priority,13-10-2024
1810,Mia Garcia,mia.garcia10@gmail.com,4592 Oak Street,Mumbai,Bavaria,Germany,52154,19.105632,72.858894,Individual,Gold,81,29695.92,18-02-2023,64,4418.54,Standard,30-01-2024
1811,Laura Hassan,laura.hassan11@outlook.com,3554 Lake View Rd,Mumbai,East Region,Singapore,437721,19.089093,72.926753,SME,Silver,53,13091.52,19-03-2024,74,1438.69,Standard,10-08-2024
1812,Wei Clark,wei.clark12@yahoo.com,770 Lake View Rd,New York,British Columbia,Canada,T7A 5C9,40.728345,-73.989299,Individual,Bronze,62,13888.79,27-08-2020,81,2551.42,Standard,12-01-2024
1813,Mohammed Garcia,mohammed.garcia13@hotmail.com,5665 Park Avenue,Dubai,Karnataka,India,235477,25.217509,55.298759,Corporate,Bronze,67,8047.96,04-01-2024,86,7179.76,Standard,31-12-2024
1814,Olivia Kim,olivia.kim14@icloud.com,6971 Victoria Road,Toronto,Berlin,Germany,44752,43.668518,-79.344276,Individual,Bronze,94,7621.45,14-04-2023,11,5461.92,Express,29-03-2024
1815,John Costa,john.costa15@gmail.com,3436 Lake View Rd,London,Quebec,Canada,M6B 8C2,51.479254,-0.086414,Individual,,98,49810.16,04-10-2020,9,1429.37,Express,20-02-2024
1816,Fatima Costa,fatima.costa16@outlook.com,2000 Park Avenue,Berlin,Hesse,Germany,83176,52.517302,13.368809,SME,Silver,41,43978.95,25-12-2023,11,1428.07,Express,07-03-2024
1817,Raj Petrov,raj.petrov17@yahoo.com,3532 Park Avenue,Mumbai,Hamburg,Germany,17407,19.04537,72.893173,SME,,72,19159.9,10-07-2022,3,648.31,Express,10-04-2024
1818,Raj Kim,raj.kim18@hotmail.com,2769 Park Avenue,Dubai,Sharjah,UAE,97932,25.183942,55.246297,SME,,78,24662.05,17-03-2020,5,809.98,Standard,05-11-2024
1819,Sophia Hassan,sophia.hassan19@icloud.com,3210 Market Street,Mumbai,Abu Dhabi,UAE,58994,19.108672,72.85847,Individual,Silver,89,47618.52,25-01-2022,67,3608.53,International Priority,31-08-2024
1820,Arjun Dubois,arjun.dubois20@gmail.com,4369 Victoria Road,Berlin,East Region,Singapore,363942,52.502771,13.379345,Individual,Bronze,89,11140.45,11-02-2024,32,2031.71,Standard,19-03-2024
1821,Priya Clark,priya.clark21@outlook.com,7737 Market Street,Dubai,Alberta,Canada,H3A 4C7,25.180819,55.260694,Corporate,Gold,64,48679.06,04-02-2022,67,3579.42,Standard,04-05-2024
1822,Laura Patel,laura.patel22@yahoo.com,8117 Hillcrest Ave,Dubai,Ontario,Canada,K6A 9C6,25.206483,55.238074,Individual,Gold,50,33714.39,21-03-2021,29,929.51,Express,16-04-2024
1823,Arjun Wang,arjun.wang23@hotmail.com,4106 Hillcrest Ave,London,New York,USA,23773,51.500673,-0.163173,Corporate,Silver,98,26354.99,31-01-2024,2,115.51,Overnight,12-12-2024
1824,Elena Ibrahim,elena.ibrahim24@icloud.com,1686 Park Avenue,London,Bavaria,Germany,93735,51.532867,-0.08906,SME,Silver,80,32336.68,12-03-2022,36,186.22,Express,26-12-2024
1825,Priya Rossi,priya.rossi25@gmail.com,8341 King Street,Toronto,England,UK,NW2 1AB,43.685694,-79.340254,SME,Bronze,95,22667.75,29-10-2020,1,1330.88,Express,14-07-2024
1826,Fatima Mehta,fatima.mehta26@outlook.com,1068 Maple Road,Toronto,Bavaria,Germany,68693,43.691087,-79.404603,SME,Silver,94,47679.96,10-06-2020,23,1807.71,Overnight,06-06-2024
1827,Priya Lopez,priya.lopez27@yahoo.com,7650 Hillcrest Ave,Sydney,Berlin,Germany,46451,-33.897199,151.205352,Corporate,Silver,58,10635.13,15-08-2022,65,6855.24,Overnight,24-07-2024
1828,Amit Johnson,amit.johnson28@hotmail.com,1276 Park Avenue,Singapore,Quebec,Canada,T8B 6B6,1.321311,103.799862,Individual,Bronze,91,7250.56,11-03-2019,18,1928.33,International Priority,22-02-2024
1829,Mia Patel,mia.patel29@icloud.com,3651 Market Street,Sydney,Bavaria,Germany,86219,-33.876587,151.248412,SME,Bronze,81,20822.2,22-05-2020,27,1761.18,Express,30-08-2024
1830,David Khan,david.khan30@gmail.com,2726 Oak Street,New York,New South Wales,Australia,7328,40.758632,-73.966364,Individual,,45,42947.83,03-08-2019,1,1397.21,Overnight,08-02-2024
1831,Anna Muller,anna.muller31@outlook.com,858 Maple Road,Mumbai,Bavaria,Germany,89181,19.060542,72.904637,Individual,Silver,94,40888.07,30-08-2022,26,1488.99,Express,29-04-2024
1832,Ivan Smith,ivan.smith32@yahoo.com,9146 Oak Street,Toronto,New South Wales,Australia,3230,43.646008,-79.423758,SME,Gold,68,18701.74,08-05-2024,28,483.63,Overnight,09-02-2024
1833,Ahmed Smith,ahmed.smith33@hotmail.com,205 Oak Street,London,Sharjah,UAE,48684,51.478577,-0.15882,Corporate,Silver,64,45811.37,19-02-2023,59,2364.64,Overnight,19-04-2024
1834,Olivia Dubois,olivia.dubois34@icloud.com,9648 Market Street,Berlin,England,UK,EC8 7AB,52.486453,13.428743,Individual,Gold,41,6841.05,03-08-2020,43,6165.71,Express,06-04-2024
1835,Elena Petrov,elena.petrov35@gmail.com,9685 Oak Street,London,East Region,Singapore,337941,51.467129,-0.150744,SME,Gold,66,33935.41,15-07-2022,23,1880.64,Standard,16-06-2024
1836,Mia Kim,mia.kim36@outlook.com,4038 Maple Road,Mumbai,Alberta,Canada,K4B 5A6,19.055306,72.895252,Individual,Gold,95,40530.21,17-03-2023,10,651.43,Overnight,28-09-2024
1837,Mia Patel,mia.patel37@yahoo.com,9589 Market Street,Sydney,Berlin,Germany,40225,-33.843472,151.159557,Individual,,45,17044.29,15-04-2019,25,1768.63,International Priority,30-03-2024
1838,Ivan Muller,ivan.muller38@hotmail.com,8366 Lake View Rd,London,New South Wales,Australia,6058,51.551068,-0.136455,Individual,Bronze,75,39994.04,14-11-2023,10,238.53,Overnight,05-07-2024
1839,Liam Dubois,liam.dubois39@icloud.com,5286 Sunset Blvd,Singapore,Victoria,Australia,2919,1.339726,103.80088,Individual,Bronze,85,8507.59,19-08-2022,28,1969.95,Standard,03-04-2024
1840,Sophia Khan,sophia.khan40@gmail.com,262 King Street,New York,Dubai,UAE,23692,40.680856,-73.975484,Individual,,41,25278.86,09-06-2023,30,650.45,International Priority,21-08-2024
1841,Noah Brown,noah.brown41@outlook.com,2349 Hillcrest Ave,Mumbai,Queensland,Australia,2803,19.034083,72.919758,Corporate,Bronze,66,3014.63,30-12-2020,44,651.72,International Priority,08-10-2024
1842,Laura Hassan,laura.hassan42@yahoo.com,1554 Maple Road,Sydney,Central Region,Singapore,406199,-33.881286,151.228317,Corporate,,99,30190.71,30-08-2022,120,1095.41,Overnight,23-09-2024
1843,Anna Costa,anna.costa43@hotmail.com,9089 Sunset Blvd,Singapore,Delhi,India,523285,1.308896,103.857935,SME,Silver,71,43909.96,22-05-2019,26,1521.93,Overnight,01-04-2024
1844,Amit Garcia,amit.garcia44@icloud.com,1294 King Street,Berlin,Illinois,USA,41977,52.482841,13.370884,Corporate,,61,11927.79,04-03-2022,79,1018.25,Overnight,16-11-2024
1845,Yuki Ibrahim,yuki.ibrahim45@gmail.com,9230 Market Street,Sydney,West Region,Singapore,155613,-33.850479,151.224374,Corporate,Bronze,74,36884.58,20-08-2022,89,3926.79,Overnight,11-04-2024
1846,Chen Fernandez,chen.fernandez46@outlook.com,6084 Oak Street,Dubai,Wales,UK,SE1 1BA,25.229308,55.236684,Corporate,Bronze,47,38075.48,11-06-2019,49,847.08,Standard,01-03-2024
1847,Ahmed Clark,ahmed.clark47@yahoo.com,338 Main St,Singapore,West Region,Singapore,656213,1.309395,103.797155,Individual,Silver,49,42896.6,26-09-2024,22,1594.8,Overnight,21-02-2024
1848,Michael Hassan,michael.hassan48@hotmail.com,7048 Sunset Blvd,Singapore,Abu Dhabi,UAE,27017,1.388787,103.825036,Individual,,72,9694.86,17-08-2019,103,3241.46,Express,05-01-2024
1849,James Muller,james.muller49@icloud.com,4689 Lake View Rd,New York,Abu Dhabi,UAE,2717,40.686499,-74.037096,SME,Silver,62,12440.5,24-06-2020,6,1311.38,International Priority,26-08-2024
1850,Emma Wang,emma.wang50@gmail.com,5461 Market Street,Mumbai,Central Region,Singapore,369821,19.084211,72.863249,SME,Gold,77,19264.88,27-07-2024,120,858.77,Overnight,10-05-2024
1851,Amit Fernandez,amit.fernandez51@outlook.com,4735 Market Street,Berlin,Hamburg,Germany,32506,52.516906,13.399292,SME,,78,37337.14,19-09-2019,5,1959.89,Express,10-07-2024
1852,Maria Dubois,maria.dubois52@yahoo.com,4950 Main St,New York,Delhi,India,675498,40.728105,-74.030677,Individual,Silver,41,24959.35,06-10-2019,21,1993.4,Standard,12-10-2024
1853,Sara Ibrahim,sara.ibrahim53@hotmail.com,2690 Lake View Rd,Sydney,Hesse,Germany,61451,-33.906357,151.169429,Corporate,Silver,46,30459.69,27-07-2020,37,2146.19,Express,15-02-2024
1854,Carlos Nair,carlos.nair54@icloud.com,8874 Market Street,New York,Bavaria,Germany,38436,40.734707,-73.986973,Corporate,Bronze,94,16153.63,12-09-2020,32,4109.26,Standard,28-08-2024
1855,Maria Muller,maria.muller55@gmail.com,2332 Main St,Singapore,East Region,Singapore,256453,1.357715,103.770415,Individual,,58,10551.39,23-02-2020,99,2762.65,International Priority,26-10-2024
1856,Anna Garcia,anna.garcia56@outlook.com,2364 Oak Street,Mumbai,Alberta,Canada,V2A 3B6,19.076751,72.891363,SME,Gold,80,13933.32,11-11-2024,19,786.88,International Priority,03-09-2024
1857,Arjun Dubois,arjun.dubois57@yahoo.com,9885 King Street,Toronto,Quebec,Canada,T8B 8B5,43.673477,-79.411715,SME,Gold,94,927.73,31-10-2020,28,1372.04,Overnight,24-08-2024
1858,Liam Rossi,liam.rossi58@hotmail.com,2615 Maple Road,New York,Ontario,Canada,H4B 7B4,40.754572,-73.993817,SME,,92,23161.39,20-08-2021,35,864.54,Express,12-12-2024
1859,Emma Costa,emma.costa59@icloud.com,9854 Maple Road,Dubai,Gujarat,India,451561,25.170281,55.271442,Individual,,65,29532.1,12-01-2020,18,1167.72,Standard,22-01-2024
1860,Priya Costa,priya.costa60@gmail.com,8522 Park Avenue,New York,Hesse,Germany,28838,40.744725,-74.037377,SME,Silver,66,24982.76,15-01-2023,18,1593.05,Express,22-03-2024
1861,Maria Khan,maria.khan61@outlook.com,7464 Market Street,Sydney,Texas,USA,23024,-33.843232,151.211897,SME,Bronze,48,1421.78,02-01-2023,11,1864.21,Express,16-06-2024
1862,David Lee,david.lee62@yahoo.com,4745 Oak Street,Sydney,Wales,UK,SE1 9AB,-33.838879,151.219264,Individual,Bronze,65,49231.16,17-10-2022,6,855.88,International Priority,11-05-2024
1863,Liam Anderson,liam.anderson63@hotmail.com,6247 Victoria Road,Berlin,Quebec,Canada,T1A 9C8,52.499924,13.447404,Corporate,Bronze,64,4810.86,29-11-2019,85,5166.61,Overnight,30-12-2024
1864,Laura Petrov,laura.petrov64@icloud.com,1007 Park Avenue,Sydney,Alberta,Canada,T1C 4C4,-33.853184,151.255304,Individual,,92,24351.27,18-08-2023,18,272.11,International Priority,22-03-2024
1865,Daniel Martin,daniel.martin65@gmail.com,49 Hillcrest Ave,London,Abu Dhabi,UAE,34933,51.482069,-0.16508,Individual,Bronze,82,26548.69,08-11-2022,98,5377.43,Standard,13-11-2024
1866,Daniel Fernandez,daniel.fernandez66@outlook.com,5934 Market Street,Mumbai,Hesse,Germany,90353,19.035854,72.833086,Individual,Silver,81,12682.08,12-10-2019,34,312.69,International Priority,22-09-2024
1867,Ahmed Ibrahim,ahmed.ibrahim67@yahoo.com,1130 Main St,Mumbai,Hesse,Germany,61268,19.119149,72.867692,Individual,,57,22656.71,10-07-2024,17,529.29,Standard,08-05-2024
1868,Ivan Martin,ivan.martin68@hotmail.com,8799 Oak Street,Toronto,Karnataka,India,403214,43.617571,-79.35968,Corporate,,46,6178.75,29-06-2023,19,7115.77,Overnight,08-11-2024
1869,Liam Lee,liam.lee69@icloud.com,1915 Sunset Blvd,Toronto,Karnataka,India,608549,43.61,-79.369221,SME,Bronze,66,16364.42,12-09-2019,19,734.72,Overnight,08-02-2024
1870,Michael Khan,michael.khan70@gmail.com,3610 Victoria Road,Mumbai,British Columbia,Canada,H4B 4C6,19.083528,72.850789,Individual,Gold,50,26780.49,19-11-2024,8,222.44,International Priority,01-06-2024
1871,Elena Nguyen,elena.nguyen71@outlook.com,5062 Oak Street,Dubai,Hesse,Germany,61060,25.167463,55.228733,Corporate,Gold,81,3349.83,02-09-2023,48,2937.29,Express,20-08-2024
1872,Liam Kim,liam.kim72@yahoo.com,1952 Maple Road,Toronto,Texas,USA,31473,43.655308,-79.349847,SME,Silver,90,6330.18,10-06-2023,10,1066.13,Standard,23-02-2024
1873,Olivia Singh,olivia.singh73@hotmail.com,9687 Sunset Blvd,Berlin,England,UK,EC6 5AB,52.516569,13.355845,SME,Bronze,79,6062.79,26-09-2020,39,587.05,Standard,22-01-2024
1874,Maria Rossi,maria.rossi74@icloud.com,47 Park Avenue,Sydney,West Region,Singapore,536995,-33.912224,151.245252,SME,Bronze,77,40049.73,02-01-2020,40,1177.49,International Priority,31-08-2024
1875,Daniel Hassan,daniel.hassan75@gmail.com,9983 Market Street,Mumbai,Hamburg,Germany,27502,19.028998,72.925097,Individual,,83,26378.54,28-04-2021,46,7571.62,International Priority,28-02-2024
1876,Anna Clark,anna.clark76@outlook.com,86 Oak Street,Singapore,Sharjah,UAE,54221,1.326838,103.785858,Individual,,80,22515.89,12-01-2024,17,287.22,International Priority,25-04-2024
1877,John Mehta,john.mehta77@yahoo.com,6704 Oak Street,Toronto,Central Region,Singapore,576641,43.631209,-79.359804,SME,Bronze,47,36764.51,13-10-2020,24,1147.34,International Priority,01-06-2024
1878,Elena Kim,elena.kim78@hotmail.com,6033 Park Avenue,Mumbai,Berlin,Germany,20625,19.05205,72.885015,SME,,40,15164.98,17-04-2020,29,679.11,Express,07-04-2024
1879,Mia Ali,mia.ali79@icloud.com,9398 Main St,London,Victoria,Australia,6305,51.544788,-0.139393,SME,Bronze,78,30147.34,04-12-2021,9,1074.57,Express,13-10-2024
1880,Maria Lopez,maria.lopez80@gmail.com,7347 Park Avenue,New York,Maharashtra,India,674748,40.716469,-73.977564,SME,Silver,59,49200.35,20-07-2021,21,1264.87,International Priority,15-03-2024
1881,Raj Ibrahim,raj.ibrahim81@outlook.com,3755 Market Street,Sydney,Abu Dhabi,UAE,79054,-33.836125,151.185888,SME,,59,5744.19,07-09-2021,3,1848.54,Express,09-02-2024
1882,Arjun Chowdhury,arjun.chowdhury82@yahoo.com,1334 Park Avenue,Mumbai,England,UK,SW7 8AA,19.087516,72.862722,SME,Bronze,65,41148.14,20-08-2019,14,94.79,Express,13-01-2024
1883,David Martin,david.martin83@hotmail.com,7911 Park Avenue,New York,Alberta,Canada,M4B 2C2,40.746732,-74.055971,Corporate,,59,36781.72,10-04-2019,46,7953.27,Express,13-06-2024
1884,Carlos Kim,carlos.kim84@icloud.com,3607 Market Street,Toronto,Sharjah,UAE,54051,43.663444,-79.356357,SME,Silver,79,10082.44,03-08-2019,92,5139.67,Overnight,10-03-2024
1885,Chen Khan,chen.khan85@gmail.com,251 Lake View Rd,New York,Hamburg,Germany,60780,40.693518,-74.026346,Individual,,61,45228.1,12-07-2021,12,1490.41,Standard,19-08-2024
1886,Olivia Patel,olivia.patel86@outlook.com,6994 Oak Street,Sydney,British Columbia,Canada,K4A 3A8,-33.828985,151.239433,Individual,Bronze,54,25912.44,14-05-2024,74,3258.28,Standard,24-10-2024
1887,John Costa,john.costa87@yahoo.com,7272 Sunset Blvd,Mumbai,Bavaria,Germany,95096,19.102863,72.90868,Individual,,100,12958.67,23-06-2019,98,1505.17,Standard,27-08-2024
1888,Mia Ali,mia.ali88@hotmail.com,8476 Sunset Blvd,London,Quebec,Canada,K6C 5A5,51.534217,-0.093657,SME,,41,39702.03,22-06-2019,29,1450.94,International Priority,20-07-2024
1889,Liam Nair,liam.nair89@icloud.com,6265 Park Avenue,Dubai,Wales,UK,NW8 8AB,25.22874,55.308599,Individual,Bronze,56,41344.6,16-06-2021,4,1418.22,International Priority,25-06-2024
1890,Liam Lee,liam.lee90@gmail.com,2532 King Street,Toronto,Maharashtra,India,135293,43.624194,-79.380483,Corporate,Gold,94,39407.54,10-08-2021,26,1987.13,International Priority,30-03-2024
1891,Priya Tanaka,priya.tanaka91@outlook.com,4744 Lake View Rd,Mumbai,England,UK,NW6 4AB,19.121581,72.884488,SME,,98,35328.71,17-09-2020,20,1728.85,Overnight,20-11-2024
1892,Fatima Chowdhury,fatima.chowdhury92@yahoo.com,4383 Market Street,Sydney,Queensland,Australia,5624,-33.892845,151.168965,Individual,,69,35222.76,17-07-2020,36,1067.35,Express,03-08-2024
1893,Isabella Clark,isabella.clark93@hotmail.com,4233 Sunset Blvd,Toronto,Florida,USA,60765,43.689708,-79.422107,Corporate,Silver,91,48817.94,12-08-2024,66,2621.93,International Priority,29-04-2024
1894,Maria Rossi,maria.rossi94@icloud.com,1964 Victoria Road,Berlin,Maharashtra,India,727394,52.480435,13.394881,Corporate,Gold,90,31922.77,01-08-2022,110,4028.38,Express,24-11-2024
1895,Chen Kim,chen.kim95@gmail.com,3747 Main St,New York,Wales,UK,SE2 7AB,40.738671,-73.959691,Individual,Silver,85,14352.64,15-08-2022,8,636.91,Overnight,16-04-2024
1896,Mia Nguyen,mia.nguyen96@outlook.com,930 Main St,Dubai,Queensland,Australia,5769,25.234237,55.283556,Corporate,Bronze,62,38731.59,07-05-2023,34,2265.73,International Priority,03-06-2024
1897,Fatima Patel,fatima.patel97@yahoo.com,5503 Maple Road,Sydney,California,USA,62269,-33.839665,151.179037,Individual,Bronze,99,49654.15,10-06-2023,8,412.56,Standard,21-12-2024
1898,Liam Singh,liam.singh98@hotmail.com,2481 Oak Street,Berlin,New South Wales,Australia,3231,52.476302,13.453198,Corporate,Silver,66,31431.64,20-03-2019,108,6914.05,Overnight,03-04-2024
1899,Emma Martin,emma.martin99@icloud.com,5781 Victoria Road,Singapore,Hamburg,Germany,45812,1.30601,103.789566,SME,,59,22146.56,20-09-2024,11,1237.98,International Priority,24-11-2024
1900,Raj Wang,raj.wang0@gmail.com,3510 Main St,Mumbai,West Region,Singapore,356573,19.093902,72.847868,SME,Gold,75,24796.05,01-04-2022,9,4417.96,Overnight,21-11-2024
1901,Laura Dubois,laura.dubois1@outlook.com,426 Victoria Road,London,Hesse,Germany,85446,51.543827,-0.167354,SME,Silver,90,43000.9,09-07-2024,29,357.41,Overnight,05-02-2024
1902,Priya Lopez,priya.lopez2@yahoo.com,8871 Victoria Road,Toronto,Quebec,Canada,K1B 4A1,43.674451,-79.417724,SME,Silver,90,16599.08,07-04-2019,29,228.37,International Priority,22-11-2024
1903,Wei Rossi,wei.rossi3@hotmail.com,3847 Victoria Road,New York,Maharashtra,India,598326,40.685338,-74.055653,SME,Bronze,99,11960.59,27-08-2023,29,1240.13,Standard,24-12-2024
1904,Anna Anderson,anna.anderson4@icloud.com,501 Park Avenue,Toronto,Hesse,Germany,87267,43.701544,-79.367806,Individual,,61,18131.48,06-10-2019,22,1021.91,International Priority,28-05-2024
1905,Emma Garcia,emma.garcia5@gmail.com,7956 Oak Street,Dubai,Sharjah,UAE,69552,25.247909,55.222235,SME,Gold,63,32901.09,14-06-2019,8,1645.61,Express,09-08-2024
1906,Noah Patel,noah.patel6@outlook.com,3223 Victoria Road,Mumbai,Victoria,Australia,3416,19.101715,72.837648,SME,Silver,82,1693.36,30-03-2021,31,389.94,Overnight,30-05-2024
1907,Elena Fernandez,elena.fernandez7@yahoo.com,888 Sunset Blvd,Toronto,Karnataka,India,327889,43.684159,-79.387256,SME,Gold,72,21375.44,28-05-2019,30,363.94,Express,17-03-2024
1908,Sara Garcia,sara.garcia8@hotmail.com,7446 Park Avenue,New York,Central Region,Singapore,326642,40.670642,-74.039376,SME,Gold,80,47018.83,05-05-2021,23,329.61,Express,25-01-2024
1909,Priya Wang,priya.wang9@icloud.com,7126 Victoria Road,Mumbai,Dubai,UAE,83826,19.06487,72.884685,Corporate,Silver,49,46416.26,29-07-2021,47,7714.05,Overnight,18-06-2024
1910,Emma Chowdhury,emma.chowdhury10@gmail.com,1513 Maple Road,Toronto,Berlin,Germany,82818,43.662142,-79.388182,SME,Gold,78,32298.68,06-07-2024,10,1444.66,Express,23-05-2024
1911,Ahmed Das,ahmed.das11@outlook.com,5168 Lake View Rd,London,Ontario,Canada,H2B 9B4,51.490505,-0.12385,SME,Bronze,99,25156.87,30-01-2019,3,174.81,Express,02-12-2024
1912,Anna Ibrahim,anna.ibrahim12@yahoo.com,6235 Oak Street,Sydney,Scotland,UK,NW7 4AB,-33.838826,151.211027,Individual,,68,9387.91,02-12-2022,39,384.99,Express,10-02-2024
1913,Mia Brown,mia.brown13@hotmail.com,8269 Oak Street,Mumbai,British Columbia,Canada,M2C 8C2,19.11411,72.831977,Corporate,,52,46883.03,27-11-2019,24,1877.28,Overnight,31-08-2024
1914,Mohammed Brown,mohammed.brown14@icloud.com,7661 King Street,Sydney,Sharjah,UAE,97229,-33.889649,151.173087,Individual,,88,38311.75,16-02-2023,35,517.49,Express,12-08-2024
1915,Priya Clark,priya.clark15@gmail.com,8230 Park Avenue,Singapore,New York,USA,60336,1.359788,103.782925,SME,Bronze,47,48682.09,16-09-2024,17,367.22,International Priority,09-02-2024
1916,Lucas Lee,lucas.lee16@outlook.com,8202 Maple Road,Mumbai,Berlin,Germany,28608,19.098306,72.920693,Individual,Bronze,96,18428.4,03-11-2020,23,260.1,Standard,18-01-2024
1917,Laura Smith,laura.smith17@yahoo.com,4347 Hillcrest Ave,London,Dubai,UAE,50212,51.502169,-0.154681,Individual,Bronze,66,31942.08,15-06-2023,29,1328.1,Overnight,18-04-2024
1918,Emma Clark,emma.clark18@hotmail.com,7476 Main St,Sydney,Florida,USA,94241,-33.8587,151.183165,SME,,40,21412.75,21-05-2021,23,855.58,Standard,16-08-2024
1919,Emma Petrov,emma.petrov19@icloud.com,9522 Oak Street,Berlin,New York,USA,85182,52.519778,13.387706,Corporate,Gold,59,1293.03,15-09-2020,12,5290.17,International Priority,16-05-2024
1920,Amit Petrov,amit.petrov20@gmail.com,307 Market Street,New York,Queensland,Australia,6308,40.755105,-73.987396,Corporate,Bronze,66,45691.75,05-01-2025,86,6059.6,Standard,01-12-2024
1921,Ahmed Ali,ahmed.ali21@outlook.com,5717 Park Avenue,Berlin,Karnataka,India,610526,52.512819,13.420618,Individual,Silver,93,21635.43,31-01-2019,26,2841.26,Overnight,02-11-2024
1922,Laura Muller,laura.muller22@yahoo.com,6329 Oak Street,Toronto,Victoria,Australia,5586,43.61813,-79.368152,SME,Bronze,88,47486.45,26-02-2022,13,535.77,International Priority,12-04-2024
1923,Carlos Fernandez,carlos.fernandez23@hotmail.com,7914 Victoria Road,London,Hesse,Germany,38819,51.470174,-0.128571,Individual,Silver,91,11377.59,24-12-2021,22,160.99,Express,13-09-2024
1924,Carlos Brown,carlos.brown24@icloud.com,2617 Victoria Road,Berlin,Illinois,USA,53038,52.480074,13.401073,Individual,,98,37103.64,14-03-2023,62,5487.1,Overnight,04-05-2024
1925,Arjun Clark,arjun.clark25@gmail.com,3000 Hillcrest Ave,Mumbai,West Region,Singapore,222837,19.042164,72.829209,Individual,Silver,41,44666.64,23-09-2024,33,1689.57,Standard,08-08-2024
1926,Liam Rossi,liam.rossi26@outlook.com,8303 King Street,Toronto,Dubai,UAE,6274,43.663808,-79.338087,SME,Bronze,66,4200.37,10-05-2023,76,1552.83,Standard,26-08-2024
1927,Lucas Costa,lucas.costa27@yahoo.com,3933 Maple Road,Toronto,Scotland,UK,NW8 4BA,43.616518,-79.371173,SME,Bronze,77,16277.85,16-10-2020,26,653.67,International Priority,09-09-2024
1928,Olivia Patel,olivia.patel28@hotmail.com,3529 Lake View Rd,Berlin,California,USA,49334,52.517849,13.400159,Corporate,Gold,42,20848.55,05-04-2021,40,6002.72,Overnight,16-08-2024
1929,Isabella Rossi,isabella.rossi29@icloud.com,3892 King Street,Singapore,Abu Dhabi,UAE,53991,1.372994,103.811462,SME,,49,46136.92,15-11-2021,48,3641.22,Standard,07-09-2024
1930,Raj Lopez,raj.lopez30@gmail.com,2462 Main St,Berlin,West Region,Singapore,648741,52.504906,13.401535,Individual,Silver,41,13342.51,02-10-2022,14,753.57,Standard,29-08-2024
1931,Olivia Singh,olivia.singh31@outlook.com,9776 King Street,Singapore,England,UK,NW1 1BA,1.313245,103.794049,Individual,,99,37703.91,12-03-2021,15,1657.66,Standard,14-03-2024
1932,Sophia Nguyen,sophia.nguyen32@yahoo.com,2888 Park Avenue,London,New South Wales,Australia,5672,51.4626,-0.100641,Corporate,Bronze,88,2747.29,01-09-2022,109,885.99,Overnight,11-05-2024
1933,Michael Ali,michael.ali33@hotmail.com,783 King Street,New York,Queensland,Australia,7051,40.676348,-73.961892,SME,Gold,73,46341.19,02-12-2021,39,228.11,International Priority,12-01-2024
1934,Isabella Sharma,isabella.sharma34@icloud.com,1666 Victoria Road,Berlin,Karnataka,India,383724,52.539737,13.357836,Individual,Bronze,67,40203.32,28-05-2023,1,1623.79,International Priority,23-07-2024
1935,Yuki Petrov,yuki.petrov35@gmail.com,8093 Hillcrest Ave,Dubai,Dubai,UAE,59850,25.177883,55.257107,Corporate,Bronze,48,48752.86,03-05-2020,9,4814.4,International Priority,10-09-2024
1936,Mohammed Costa,mohammed.costa36@outlook.com,5739 Victoria Road,Singapore,California,USA,97264,1.369602,103.818179,Corporate,Bronze,45,5221.19,14-03-2022,58,607.76,Overnight,20-04-2024
1937,Ivan Martin,ivan.martin37@yahoo.com,3757 Lake View Rd,Berlin,Ontario,Canada,H3C 4C7,52.544543,13.376116,Individual,Silver,64,17638.45,24-01-2024,9,1055.1,Standard,18-05-2024
1938,Laura Brown,laura.brown38@hotmail.com,8240 Oak Street,Sydney,New South Wales,Australia,7332,-33.86846,151.182178,Individual,Bronze,85,29016.27,29-04-2019,119,6613.4,Overnight,26-07-2024
1939,Sophia Martin,sophia.martin39@icloud.com,1457 Sunset Blvd,Mumbai,Queensland,Australia,2812,19.04611,72.901629,SME,,94,3797.74,30-12-2023,1,261.33,International Priority,03-06-2024
1940,Chen Garcia,chen.garcia40@gmail.com,7353 Market Street,Dubai,Tamil Nadu,India,516811,25.167791,55.250145,Corporate,,65,8189.42,27-09-2024,35,2646.17,Overnight,25-06-2024
1941,Daniel Nair,daniel.nair41@outlook.com,293 Park Avenue,Dubai,Wales,UK,SE3 1BB,25.212886,55.235321,Individual,Gold,59,32365.52,20-07-2023,112,6969.31,Standard,09-08-2024
1942,Liam Petrov,liam.petrov42@yahoo.com,2131 Park Avenue,Singapore,Maharashtra,India,711300,1.370509,103.846937,Corporate,,91,18853.42,18-04-2021,55,4005.94,Standard,25-02-2024
1943,Fatima Smith,fatima.smith43@hotmail.com,5064 Maple Road,Sydney,Central Region,Singapore,239191,-33.879839,151.239469,SME,Bronze,53,24369.83,27-01-2021,8,966.36,Standard,16-05-2024
1944,Noah Rossi,noah.rossi44@icloud.com,4351 Lake View Rd,Sydney,New York,USA,84646,-33.829165,151.163249,Individual,Bronze,52,7313.97,06-04-2020,29,1031.94,International Priority,30-10-2024
1945,Laura Das,laura.das45@gmail.com,3446 Market Street,Toronto,Dubai,UAE,51600,43.625331,-79.347717,SME,,54,27301.95,20-06-2019,4,782.89,Standard,04-02-2024
1946,Daniel Petrov,daniel.petrov46@outlook.com,1374 King Street,Singapore,Hamburg,Germany,80737,1.381128,103.799697,Corporate,Gold,57,42426.36,07-05-2023,110,3002.33,Standard,05-02-2024
1947,Chen Lee,chen.lee47@yahoo.com,9073 Oak Street,New York,Hamburg,Germany,60237,40.754965,-73.966106,SME,Gold,51,23312.45,13-03-2020,38,991.22,International Priority,28-01-2024
1948,Fatima Brown,fatima.brown48@hotmail.com,7498 Market Street,Mumbai,Dubai,UAE,30451,19.101166,72.871683,SME,,90,46812.05,22-04-2021,12,1506.1,International Priority,15-02-2024
1949,Lucas Muller,lucas.muller49@icloud.com,8408 Main St,London,England,UK,SE8 8BB,51.505445,-0.147129,Corporate,Silver,62,1038.29,30-03-2021,77,1096.28,Overnight,01-12-2024
1950,Arjun Das,arjun.das50@gmail.com,2792 Sunset Blvd,Dubai,East Region,Singapore,341875,25.196037,55.22374,SME,Silver,80,4057.51,08-05-2022,29,652.48,Overnight,25-11-2024
1951,Ivan Muller,ivan.muller51@outlook.com,5315 Sunset Blvd,London,Queensland,Australia,7107,51.554623,-0.145516,Corporate,Silver,68,20622.29,27-05-2021,4,919.23,Overnight,02-03-2024
1952,Mohammed Rossi,mohammed.rossi52@yahoo.com,8362 Oak Street,Berlin,Wales,UK,SE7 4BA,52.551715,13.416929,Individual,Silver,54,26468.71,27-05-2022,5,355.46,Express,16-11-2024
1953,Raj Ibrahim,raj.ibrahim53@hotmail.com,5264 Sunset Blvd,Berlin,Victoria,Australia,3049,52.494361,13.427579,Corporate,,57,35545.18,18-01-2023,14,5814.68,Express,09-10-2024
1954,Lucas Singh,lucas.singh54@icloud.com,8464 Park Avenue,London,New South Wales,Australia,5892,51.556466,-0.11097,Corporate,Gold,62,49558.19,14-03-2024,79,4800.76,International Priority,04-01-2024
1955,Ahmed Anderson,ahmed.anderson55@gmail.com,5935 Hillcrest Ave,Berlin,Bavaria,Germany,41284,52.506026,13.439046,Individual,Bronze,71,35283.89,11-08-2019,4,1224.85,Overnight,20-07-2024
1956,Mohammed Petrov,mohammed.petrov56@outlook.com,6791 Sunset Blvd,New York,Scotland,UK,SE1 1BB,40.695533,-73.990449,Corporate,Bronze,50,28961.51,30-07-2021,29,641.12,Standard,09-06-2024
1957,Raj Petrov,raj.petrov57@yahoo.com,5754 Hillcrest Ave,Sydney,East Region,Singapore,478793,-33.840284,151.159741,Individual,,74,13362.43,30-10-2021,18,66.09,Overnight,08-08-2024
1958,Mohammed Dubois,mohammed.dubois58@hotmail.com,2959 Oak Street,Berlin,Karnataka,India,495652,52.525809,13.40213,Individual,Bronze,87,9492.53,07-06-2021,2,781.59,Express,03-04-2024
1959,John Petrov,john.petrov59@icloud.com,8716 Main St,Toronto,Queensland,Australia,2091,43.62791,-79.401297,Corporate,Silver,91,18021.99,24-09-2024,46,3462.7,International Priority,12-11-2024
1960,Yuki Lopez,yuki.lopez60@gmail.com,2521 Maple Road,Berlin,British Columbia,Canada,T1C 9B2,52.520379,13.372253,SME,Gold,65,9074.46,08-04-2019,16,1280.52,Standard,04-02-2024
1961,John Khan,john.khan61@outlook.com,9735 Main St,Mumbai,Alberta,Canada,V9A 9C1,19.111359,72.846702,SME,,68,23591.97,23-06-2022,1,786.28,International Priority,11-06-2024
1962,Anna Rossi,anna.rossi62@yahoo.com,6660 Park Avenue,New York,Karnataka,India,212472,40.723083,-73.980886,Individual,Gold,47,41812.58,20-02-2019,13,1370.27,Overnight,17-06-2024
1963,Mohammed Johnson,mohammed.johnson63@hotmail.com,294 Market Street,Mumbai,Ontario,Canada,M8B 3C3,19.060123,72.922491,SME,,94,22444.93,05-06-2021,34,1227.67,Overnight,01-12-2024
1964,Laura Hassan,laura.hassan64@icloud.com,5228 Main St,Mumbai,Illinois,USA,10585,19.115554,72.874694,SME,,64,3328,11-01-2021,45,3724.38,Standard,17-01-2024
1965,Mia Mehta,mia.mehta65@gmail.com,3338 King Street,Toronto,New South Wales,Australia,7260,43.64629,-79.377987,Corporate,,47,21692.64,29-09-2022,33,7120.4,Overnight,05-05-2024
1966,Maria Nguyen,maria.nguyen66@outlook.com,2227 Hillcrest Ave,New York,Delhi,India,601929,40.746705,-74.021919,Individual,,93,23073.16,25-04-2021,92,2967.41,Overnight,27-06-2024
1967,Maria Anderson,maria.anderson67@yahoo.com,5528 Victoria Road,New York,Scotland,UK,W1 8BB,40.704956,-74.005147,Individual,Gold,76,11235.53,08-08-2024,16,1924.37,International Priority,03-05-2024
1968,Priya Wang,priya.wang68@hotmail.com,4336 Maple Road,Singapore,New South Wales,Australia,7253,1.307807,103.794056,Corporate,Bronze,71,12251.83,11-05-2023,58,3029.18,Express,09-12-2024
1969,Ivan Ibrahim,ivan.ibrahim69@icloud.com,5998 Market Street,New York,Delhi,India,718927,40.678822,-74.02098,SME,,55,45172.32,02-09-2022,40,630.76,International Priority,19-01-2024
1970,Maria Costa,maria.costa70@gmail.com,1244 Park Avenue,New York,Berlin,Germany,96072,40.713944,-74.034958,Individual,Silver,87,24793.8,19-02-2024,17,1227.79,International Priority,21-04-2024
1971,James Kim,james.kim71@outlook.com,7387 Lake View Rd,New York,West Region,Singapore,626942,40.733213,-73.959751,SME,,94,28873.64,20-05-2023,22,3361.79,Express,15-05-2024
1972,Fatima Anderson,fatima.anderson72@yahoo.com,4067 Market Street,Toronto,Scotland,UK,W7 2AB,43.681238,-79.363765,Individual,Gold,58,49754.32,07-11-2020,37,1629.06,Express,02-02-2024
1973,Raj Muller,raj.muller73@hotmail.com,5188 King Street,Berlin,East Region,Singapore,491827,52.533303,13.409801,Individual,,71,12696.72,06-07-2024,22,1533.44,International Priority,03-08-2024
1974,Wei Tanaka,wei.tanaka74@icloud.com,9211 Market Street,Singapore,Hamburg,Germany,64296,1.317683,103.774967,Individual,Silver,62,19166.41,20-05-2024,48,7432.86,Overnight,05-07-2024
1975,Fatima Smith,fatima.smith75@gmail.com,4852 Lake View Rd,Mumbai,Victoria,Australia,7785,19.107484,72.878375,Individual,Gold,64,33148.99,14-03-2022,33,88.97,Overnight,23-11-2024
1976,Emma Nguyen,emma.nguyen76@outlook.com,6643 Market Street,New York,England,UK,EC7 7BA,40.713508,-74.027108,SME,,63,19139.78,14-10-2021,106,5827.84,Express,02-06-2024
1977,Isabella Lopez,isabella.lopez77@yahoo.com,3899 Victoria Road,Dubai,West Region,Singapore,142083,25.154964,55.231813,SME,Silver,80,1978.49,15-11-2019,35,1033.81,Express,07-05-2024
1978,Maria Fernandez,maria.fernandez78@hotmail.com,6751 Hillcrest Ave,Berlin,British Columbia,Canada,V9C 1A9,52.494762,13.43926,SME,Gold,50,27272.03,15-03-2020,2,465.51,Express,03-10-2024
1979,Raj Ibrahim,raj.ibrahim79@icloud.com,2538 Hillcrest Ave,Berlin,West Region,Singapore,127400,52.508417,13.368659,SME,,79,34713.26,02-01-2019,108,5471.32,Express,07-10-2024
1980,Laura Fernandez,laura.fernandez80@gmail.com,5696 Maple Road,Mumbai,Gujarat,India,261784,19.091164,72.92336,Corporate,Silver,44,38169.11,08-05-2019,91,1186.02,International Priority,12-11-2024
1981,Laura Ali,laura.ali81@outlook.com,9643 Oak Street,Toronto,Victoria,Australia,3399,43.6112,-79.391067,Individual,Gold,45,44212.54,24-07-2019,92,4234.96,International Priority,31-12-2024
1982,Elena Ali,elena.ali82@yahoo.com,2945 Maple Road,London,California,USA,33532,51.457371,-0.107516,Individual,,81,23564.73,15-02-2019,36,1736.7,Standard,24-01-2024
1983,James Smith,james.smith83@hotmail.com,3928 Park Avenue,London,East Region,Singapore,415513,51.470025,-0.139895,Individual,Gold,43,8945.01,28-01-2022,107,6828.85,Express,04-06-2024
1984,Mia Rossi,mia.rossi84@icloud.com,82 Park Avenue,Berlin,Scotland,UK,NW7 7AA,52.516369,13.368027,Corporate,Silver,94,10428,01-01-2019,63,2534.22,Express,23-05-2024
1985,Chen Smith,chen.smith85@gmail.com,2386 Victoria Road,Sydney,Wales,UK,SE6 2BB,-33.853796,151.254332,SME,,87,30841.04,27-05-2022,41,4339.31,Express,27-03-2024
1986,James Nguyen,james.nguyen86@outlook.com,7865 Market Street,Sydney,Sharjah,UAE,91608,-33.829812,151.183929,Individual,,65,1101.64,28-12-2023,34,900.16,Standard,12-02-2024
1987,Anna Singh,anna.singh87@yahoo.com,1106 Maple Road,Mumbai,West Region,Singapore,476862,19.06725,72.891913,SME,,87,2591.65,12-04-2023,13,1848.87,Standard,02-04-2024
1988,Mia Lee,mia.lee88@hotmail.com,5027 Sunset Blvd,London,Queensland,Australia,6600,51.517672,-0.161877,SME,Silver,99,34315.86,15-10-2020,40,1772.75,International Priority,23-03-2024
1989,James Nguyen,james.nguyen89@icloud.com,3812 Hillcrest Ave,Berlin,New South Wales,Australia,5546,52.548324,13.420402,Corporate,Bronze,52,17120.39,03-02-2020,60,4855.01,Express,28-11-2024
1990,Ivan Tanaka,ivan.tanaka90@gmail.com,9424 Park Avenue,Toronto,Berlin,Germany,62165,43.690951,-79.390759,Corporate,,68,17436.07,08-08-2019,20,6151.14,Standard,30-11-2024
1991,Elena Kim,elena.kim91@outlook.com,5499 Main St,London,Abu Dhabi,UAE,53639,51.492719,-0.160041,SME,Silver,94,40925.66,16-02-2023,32,262.22,Standard,22-12-2024
1992,Yuki Clark,yuki.clark92@yahoo.com,5562 Sunset Blvd,Berlin,East Region,Singapore,292067,52.55853,13.450548,Individual,Gold,84,47859.94,31-05-2021,90,4164.42,Express,12-10-2024
1993,John Sharma,john.sharma93@hotmail.com,2749 Hillcrest Ave,Berlin,Ontario,Canada,K6B 1B4,52.555518,13.416132,Individual,Gold,87,38943.04,20-02-2021,27,231.68,Express,01-09-2024
1994,Laura Sharma,laura.sharma94@icloud.com,8669 Oak Street,New York,Hesse,Germany,81367,40.719438,-73.987497,Corporate,Silver,41,22915.53,30-09-2023,63,5967.7,Overnight,22-06-2024
1995,David Khan,david.khan95@gmail.com,113 Victoria Road,Toronto,Dubai,UAE,69458,43.67306,-79.344955,Corporate,Bronze,61,7295.89,08-03-2023,59,4376.19,Overnight,18-05-2024
1996,Liam Brown,liam.brown96@outlook.com,1902 Victoria Road,New York,Central Region,Singapore,310873,40.717738,-74.014028,Corporate,Silver,89,39814.74,08-11-2019,11,1227.67,Standard,18-11-2024
1997,Sara Nguyen,sara.nguyen97@yahoo.com,8958 Lake View Rd,Mumbai,Central Region,Singapore,306701,19.05123,72.833919,Corporate,Gold,43,45727.72,20-02-2022,54,7861.63,International Priority,14-05-2024
1998,Noah Anderson,noah.anderson98@hotmail.com,5321 Oak Street,New York,Bavaria,Germany,84827,40.749302,-74.012312,Corporate,Gold,96,34136.24,07-09-2023,117,7428.44,Standard,28-09-2024
1999,Sophia Singh,sophia.singh99@icloud.com,6534 Main St,Dubai,British Columbia,Canada,V4C 9B1,25.211149,55.299816,Corporate,,60,13250.27,02-04-2019,113,3576.54,International Priority,28-06-2024
2000,Yuki Patel,yuki.patel0@gmail.com,3285 Park Avenue,New York,Abu Dhabi,UAE,81609,40.692699,-73.998676,Corporate,Bronze,74,49448.7,03-05-2022,65,4107.55,International Priority,28-09-2024
2001,Wei Lopez,wei.lopez1@outlook.com,7169 Sunset Blvd,Dubai,East Region,Singapore,705984,25.214886,55.222683,Individual,Silver,72,35288.92,24-05-2019,3,196.55,Overnight,10-09-2024
2002,Arjun Dubois,arjun.dubois2@yahoo.com,1142 Lake View Rd,London,Central Region,Singapore,224158,51.509377,-0.098376,Corporate,Gold,47,25538.96,06-05-2020,54,6324.82,International Priority,24-04-2024
2003,Daniel Muller,daniel.muller3@hotmail.com,244 Victoria Road,Sydney,Abu Dhabi,UAE,24542,-33.865142,151.203704,Corporate,Gold,73,47273.9,22-05-2022,110,7926.38,Express,05-01-2024
2004,Carlos Muller,carlos.muller4@icloud.com,6940 Oak Street,Singapore,New York,USA,61823,1.353374,103.858682,Individual,Gold,78,38116.37,03-08-2020,1,1117.26,Overnight,26-08-2024
2005,Olivia Ibrahim,olivia.ibrahim5@gmail.com,834 Park Avenue,Singapore,Hamburg,Germany,88484,1.326109,103.863341,Individual,Silver,98,13109.21,12-12-2021,40,941.45,International Priority,29-07-2024
2006,Ivan Nair,ivan.nair6@outlook.com,8279 Hillcrest Ave,Berlin,Hamburg,Germany,20182,52.561469,13.447037,SME,Silver,53,16423.27,15-02-2024,16,1222.9,Standard,16-09-2024
2007,Wei Mehta,wei.mehta7@yahoo.com,2990 Maple Road,Singapore,Scotland,UK,SE7 5BA,1.335679,103.819162,Corporate,Bronze,57,27644.78,18-04-2021,42,6164.77,Standard,22-06-2024
2008,Priya Mehta,priya.mehta8@hotmail.com,2868 Main St,Dubai,Alberta,Canada,K8B 3B4,25.22423,55.249233,Corporate,,97,13745.75,07-05-2020,79,543.39,Overnight,14-01-2024
2009,Ahmed Garcia,ahmed.garcia9@icloud.com,6179 Hillcrest Ave,Toronto,Gujarat,India,440409,43.682687,-79.361934,Corporate,,57,18360.75,05-05-2019,22,5041.31,Express,19-11-2024
2010,Wei Patel,wei.patel10@gmail.com,4640 Hillcrest Ave,New York,California,USA,84432,40.745004,-73.984556,Corporate,,60,17141.09,05-05-2024,25,726.06,Standard,11-01-2024
2011,Arjun Patel,arjun.patel11@outlook.com,2786 Maple Road,Dubai,Dubai,UAE,72463,25.198314,55.232951,SME,Gold,46,37780.27,16-12-2020,19,1182.32,Overnight,18-08-2024
2012,Mia Ali,mia.ali12@yahoo.com,1122 Market Street,Toronto,Dubai,UAE,34323,43.63593,-79.357751,Individual,,41,11697.72,28-02-2019,15,347.57,Standard,23-07-2024
2013,Maria Mehta,maria.mehta13@hotmail.com,2923 Market Street,Sydney,Dubai,UAE,7245,-33.887237,151.171653,Individual,Gold,89,31653.5,06-04-2020,26,1199.24,International Priority,14-10-2024
2014,James Tanaka,james.tanaka14@icloud.com,7734 Market Street,Singapore,Florida,USA,99009,1.336439,103.864203,Corporate,Bronze,63,16041.24,19-12-2019,7,7348.62,Standard,05-04-2024
2015,John Wang,john.wang15@gmail.com,3916 Lake View Rd,Sydney,Central Region,Singapore,579215,-33.899348,151.256899,Corporate,Gold,100,43000.26,19-08-2021,112,5544.27,Express,24-02-2024
2016,Mohammed Nair,mohammed.nair16@outlook.com,6665 Victoria Road,Singapore,Sharjah,UAE,3385,1.324751,103.821573,Corporate,Bronze,62,5584.84,08-02-2024,10,3519.38,International Priority,27-07-2024
2017,Chen Mehta,chen.mehta17@yahoo.com,6049 Lake View Rd,New York,Sharjah,UAE,94719,40.738268,-74.042178,SME,Bronze,84,42337.37,23-01-2022,37,1275.09,Express,12-04-2024
2018,Yuki Martin,yuki.martin18@hotmail.com,1897 Oak Street,Mumbai,British Columbia,Canada,T5B 3A3,19.060038,72.836535,SME,,42,43488.16,11-01-2022,16,1286.09,Express,07-09-2024
2019,Daniel Nair,daniel.nair19@icloud.com,9837 Market Street,New York,Victoria,Australia,5549,40.70785,-73.991368,Individual,,40,17110.67,03-04-2019,6,275.38,Standard,25-11-2024
2020,Amit Hassan,amit.hassan20@gmail.com,8619 Oak Street,London,New South Wales,Australia,4194,51.514946,-0.13602,Corporate,Gold,42,12553.2,18-05-2024,35,4439.95,International Priority,17-06-2024
2021,David Clark,david.clark21@outlook.com,9398 Lake View Rd,Dubai,Scotland,UK,SE6 3BB,25.164258,55.230216,Corporate,Silver,54,48185.17,17-09-2019,104,5061.38,International Priority,03-09-2024
2022,Maria Muller,maria.muller22@yahoo.com,7357 King Street,Berlin,England,UK,SE5 8AA,52.511892,13.438075,Corporate,,80,47923.22,19-09-2020,58,2513.3,International Priority,23-12-2024
2023,Emma Hassan,emma.hassan23@hotmail.com,1718 Maple Road,Mumbai,Abu Dhabi,UAE,65669,19.034174,72.871792,Corporate,,91,25438.77,01-06-2021,4,808.65,Express,11-08-2024
2024,Priya Tanaka,priya.tanaka24@icloud.com,5052 Maple Road,New York,Ontario,Canada,H2C 7B9,40.730448,-74.022645,SME,Silver,91,26891.58,24-09-2019,15,1926.58,Standard,03-01-2024
2025,Michael Das,michael.das25@gmail.com,7595 Hillcrest Ave,Toronto,Sharjah,UAE,5704,43.632029,-79.410336,Individual,Silver,62,23591.55,17-06-2023,24,812.13,International Priority,02-10-2024
2026,Mohammed Singh,mohammed.singh26@outlook.com,767 Maple Road,Mumbai,Wales,UK,SE4 2AA,19.109311,72.888763,Individual,,95,24379.36,26-03-2023,21,103.32,Overnight,26-05-2024
2027,Maria Clark,maria.clark27@yahoo.com,7949 Victoria Road,Dubai,Illinois,USA,13766,25.175776,55.257343,SME,Silver,74,6690,03-05-2019,26,1294.85,Standard,02-09-2024
2028,Wei Ibrahim,wei.ibrahim28@hotmail.com,1196 Victoria Road,Singapore,Illinois,USA,20379,1.374125,103.79189,Corporate,Gold,69,15506.74,02-06-2019,101,1625.29,International Priority,19-06-2024
2029,Laura Singh,laura.singh29@icloud.com,6721 Hillcrest Ave,Mumbai,West Region,Singapore,569656,19.035676,72.890369,Individual,Bronze,90,17454.93,30-07-2024,3,1998.68,International Priority,09-01-2024
2030,Michael Rossi,michael.rossi30@gmail.com,1905 Lake View Rd,Singapore,Tamil Nadu,India,706719,1.396348,103.83717,Individual,Bronze,61,9386,07-11-2023,12,1408.26,Express,13-07-2024
2031,Daniel Ibrahim,daniel.ibrahim31@outlook.com,4465 Lake View Rd,Dubai,New South Wales,Australia,5858,25.206872,55.237386,SME,,63,8221.35,22-03-2024,33,1569.92,Overnight,19-11-2024
2032,Maria Johnson,maria.johnson32@yahoo.com,4573 Park Avenue,New York,Quebec,Canada,K7B 1A3,40.756212,-74.019143,Corporate,,72,21019.95,17-08-2023,2,2330.16,International Priority,08-09-2024
2033,Laura Nair,laura.nair33@hotmail.com,9118 Victoria Road,Dubai,Berlin,Germany,30991,25.158788,55.243415,Individual,Gold,68,5889.62,17-12-2020,40,1230.11,International Priority,24-07-2024
2034,Lucas Smith,lucas.smith34@icloud.com,4810 Oak Street,Mumbai,Victoria,Australia,2112,19.043851,72.874292,Corporate,Silver,44,1429.61,24-02-2019,76,3740.57,Express,02-10-2024
2035,Emma Das,emma.das35@gmail.com,8915 Park Avenue,Toronto,Berlin,Germany,13262,43.629057,-79.366749,Individual,,75,22505.78,30-06-2019,8,1321.78,Standard,29-06-2024
2036,Fatima Costa,fatima.costa36@outlook.com,2599 Hillcrest Ave,Sydney,Karnataka,India,789847,-33.881958,151.183553,SME,Bronze,57,16076.41,16-09-2019,31,764.44,International Priority,13-05-2024
2037,Ivan Tanaka,ivan.tanaka37@yahoo.com,838 Lake View Rd,Mumbai,Maharashtra,India,372109,19.081053,72.831302,Corporate,Gold,51,25350.66,24-02-2022,14,922.45,Standard,05-05-2024
2038,Ivan Patel,ivan.patel38@hotmail.com,7410 Market Street,Dubai,Dubai,UAE,90299,25.181552,55.301919,SME,Gold,40,16687.74,27-02-2022,13,810.16,International Priority,01-09-2024
2039,Laura Wang,laura.wang39@icloud.com,7288 Sunset Blvd,Sydney,England,UK,SE5 3AB,-33.868946,151.236946,Individual,Silver,68,29810.19,16-05-2024,11,902.31,Standard,24-02-2024
2040,Olivia Johnson,olivia.johnson40@gmail.com,5884 Victoria Road,Dubai,Tamil Nadu,India,646479,25.226547,55.3121,SME,,60,9042.68,10-04-2021,32,538.28,International Priority,25-09-2024
2041,Daniel Muller,daniel.muller41@outlook.com,4873 Park Avenue,Toronto,Tamil Nadu,India,284854,43.689395,-79.378331,SME,,89,29965,30-12-2021,18,220.54,Express,02-10-2024
2042,Daniel Anderson,daniel.anderson42@yahoo.com,783 Maple Road,Dubai,Hesse,Germany,27890,25.183286,55.260253,SME,Gold,68,991.1,10-04-2019,40,132.91,Overnight,02-04-2024
2043,Priya Patel,priya.patel43@hotmail.com,9924 Market Street,New York,Wales,UK,SW6 6AB,40.736751,-74.018382,Individual,Bronze,83,19738.99,18-01-2022,16,1423.09,Express,10-10-2024
2044,Elena Hassan,elena.hassan44@icloud.com,7501 Oak Street,Berlin,Delhi,India,257860,52.488246,13.378857,Corporate,,64,14053.24,09-02-2021,36,629.32,Express,29-04-2024
2045,Mia Martin,mia.martin45@gmail.com,2295 Main St,Singapore,New South Wales,Australia,2242,1.309915,103.794416,SME,Bronze,50,4461.65,19-08-2021,37,1944,Express,29-11-2024
2046,Arjun Costa,arjun.costa46@outlook.com,6118 Main St,Singapore,West Region,Singapore,731684,1.364127,103.792451,Corporate,Gold,59,45854.14,09-01-2024,43,3227.4,Overnight,18-02-2024
2047,Anna Khan,anna.khan47@yahoo.com,6148 Lake View Rd,Mumbai,Delhi,India,435893,19.091238,72.868632,Individual,,66,34447.92,08-01-2019,2,1909.27,International Priority,14-10-2024
2048,Yuki Tanaka,yuki.tanaka48@hotmail.com,4626 Sunset Blvd,Berlin,East Region,Singapore,206359,52.569138,13.41898,Corporate,Bronze,50,23544.27,30-06-2019,26,6230.73,International Priority,02-03-2024
2049,Anna Wang,anna.wang49@icloud.com,1660 Maple Road,Dubai,Wales,UK,SW5 6BB,25.251282,55.31042,SME,Gold,65,6772.58,19-11-2023,9,113.15,Overnight,31-08-2024
2050,David Petrov,david.petrov50@gmail.com,7427 Victoria Road,Toronto,Abu Dhabi,UAE,24371,43.635201,-79.384484,SME,Bronze,97,22500.35,24-06-2024,35,92.13,International Priority,12-11-2024
2051,Sophia Garcia,sophia.garcia51@outlook.com,9510 Park Avenue,Mumbai,British Columbia,Canada,M3C 1A6,19.115586,72.872979,SME,,40,7277.81,06-08-2021,79,6422.18,Express,30-09-2024
2052,Amit Kim,amit.kim52@yahoo.com,9046 Market Street,Dubai,Scotland,UK,NW1 5AA,25.214556,55.227305,SME,Silver,79,21140.34,13-07-2019,26,1175.14,Overnight,31-05-2024
2053,Liam Anderson,liam.anderson53@hotmail.com,8187 Park Avenue,Sydney,Bavaria,Germany,20449,-33.87536,151.171387,SME,Bronze,96,16551.69,19-03-2022,25,1403.95,Standard,10-12-2024
2054,Wei Martin,wei.martin54@icloud.com,3516 Maple Road,London,British Columbia,Canada,V7B 5B3,51.470625,-0.118993,SME,Silver,73,41555.05,31-01-2023,49,4275.83,International Priority,24-07-2024
2055,Sara Costa,sara.costa55@gmail.com,9302 Hillcrest Ave,Dubai,Queensland,Australia,4697,25.252269,55.263465,Individual,,66,38074.55,29-12-2019,32,5968.19,Express,16-04-2024
2056,Sara Fernandez,sara.fernandez56@outlook.com,5750 Main St,Berlin,Texas,USA,51044,52.519772,13.373547,Individual,Silver,79,47726.66,13-02-2023,4,646.3,Standard,26-04-2024
2057,Arjun Costa,arjun.costa57@yahoo.com,9199 Park Avenue,Mumbai,West Region,Singapore,202276,19.110273,72.897123,Individual,Gold,79,42361.84,12-02-2024,26,1466.67,Overnight,13-05-2024
2058,Lucas Smith,lucas.smith58@hotmail.com,6446 Oak Street,Berlin,Central Region,Singapore,566244,52.498418,13.437413,Corporate,Silver,60,8511.93,19-04-2024,76,4162.07,Overnight,13-04-2024
2059,Raj Singh,raj.singh59@icloud.com,572 Oak Street,Mumbai,Central Region,Singapore,508401,19.093503,72.843655,Corporate,Bronze,71,44732.67,02-11-2020,18,1475.97,Standard,21-04-2024
2060,Yuki Dubois,yuki.dubois60@gmail.com,3284 Oak Street,Dubai,Scotland,UK,NW7 9AB,25.163097,55.244857,Individual,Bronze,75,48591.01,09-03-2023,13,492.84,Overnight,03-09-2024
2061,Mohammed Muller,mohammed.muller61@outlook.com,546 Main St,New York,East Region,Singapore,542304,40.681161,-73.986972,Corporate,Silver,92,4611.6,01-03-2023,119,4165.89,International Priority,16-06-2024
2062,Sophia Rossi,sophia.rossi62@yahoo.com,7171 Sunset Blvd,Sydney,Sharjah,UAE,39739,-33.892323,151.178136,Corporate,Gold,76,42874.66,19-08-2020,86,6395.15,Standard,21-01-2024
2063,Arjun Kim,arjun.kim63@hotmail.com,4692 Sunset Blvd,Dubai,Central Region,Singapore,731210,25.246276,55.289722,SME,,71,33541.94,06-08-2022,1,831.28,Express,14-06-2024
2064,John Ibrahim,john.ibrahim64@icloud.com,9740 Lake View Rd,Singapore,Bavaria,Germany,52411,1.309118,103.838493,SME,Silver,52,49621.18,21-11-2022,103,1870.16,Express,05-04-2024
2065,Daniel Ibrahim,daniel.ibrahim65@gmail.com,9190 Park Avenue,Berlin,Victoria,Australia,2213,52.492759,13.361775,Corporate,Bronze,40,2461.68,26-07-2023,23,2103.05,Overnight,25-12-2024
2066,Arjun Wang,arjun.wang66@outlook.com,9055 Sunset Blvd,London,West Region,Singapore,728559,51.497135,-0.099177,Corporate,Bronze,86,21644.76,13-12-2020,95,4111.56,Standard,23-07-2024
2067,Ahmed Fernandez,ahmed.fernandez67@yahoo.com,6135 Lake View Rd,London,Central Region,Singapore,786466,51.506572,-0.118962,Individual,Silver,83,4683.41,04-07-2023,25,994.37,Express,15-01-2024
2068,Olivia Chowdhury,olivia.chowdhury68@hotmail.com,7610 Oak Street,Toronto,Quebec,Canada,V7A 9C8,43.669828,-79.337402,Corporate,Silver,57,4704.98,05-03-2023,73,6296.76,Standard,20-09-2024
2069,Liam Tanaka,liam.tanaka69@icloud.com,3871 Park Avenue,Mumbai,New South Wales,Australia,5037,19.043984,72.905237,SME,Silver,44,31844.7,29-03-2024,32,1588.69,Overnight,02-01-2024
2070,Wei Wang,wei.wang70@gmail.com,5722 Lake View Rd,Berlin,Central Region,Singapore,614897,52.546973,13.382579,Corporate,,75,5073.26,24-11-2022,108,346.14,Overnight,02-05-2024
2071,Noah Khan,noah.khan71@outlook.com,8553 Oak Street,Toronto,England,UK,SW1 4AA,43.606199,-79.386087,Individual,Bronze,93,2867.98,12-04-2022,21,524.09,Express,05-02-2024
2072,Arjun Tanaka,arjun.tanaka72@yahoo.com,7028 Oak Street,Berlin,Karnataka,India,410686,52.516361,13.42486,SME,Bronze,86,40173.63,27-08-2020,40,6610.81,Standard,30-04-2024
2073,Yuki Mehta,yuki.mehta73@hotmail.com,6639 King Street,Singapore,Abu Dhabi,UAE,90760,1.374285,103.802663,SME,Bronze,61,31249.6,18-07-2024,26,1141.3,International Priority,06-12-2024
2074,Fatima Petrov,fatima.petrov74@icloud.com,8271 Main St,Mumbai,Wales,UK,SW1 7AA,19.042312,72.871915,SME,,66,18369.91,29-07-2023,23,1619.52,Overnight,21-01-2024
2075,Arjun Martin,arjun.martin75@gmail.com,9353 Hillcrest Ave,Dubai,Florida,USA,49242,25.193403,55.290703,SME,Gold,94,40649.13,15-01-2023,39,1304.71,International Priority,26-12-2024
2076,Sophia Sharma,sophia.sharma76@outlook.com,6218 Main St,Dubai,Scotland,UK,SW3 9BA,25.200526,55.277058,Corporate,Bronze,75,5890.33,04-11-2023,72,1678.5,Standard,03-04-2024
2077,Wei Smith,wei.smith77@yahoo.com,6851 Park Avenue,London,British Columbia,Canada,H5B 1C1,51.50109,-0.097238,Individual,Bronze,65,20992.58,21-12-2019,18,1438.89,Standard,18-01-2024
2078,Olivia Dubois,olivia.dubois78@hotmail.com,9384 Hillcrest Ave,Dubai,British Columbia,Canada,K9A 9C3,25.236121,55.270719,Corporate,Gold,43,21548.31,03-11-2021,4,6203.2,Standard,03-05-2024
2079,Sophia Costa,sophia.costa79@icloud.com,1505 Oak Street,Dubai,West Region,Singapore,333864,25.204073,55.29385,Corporate,,56,12496.39,17-07-2020,52,7246.54,Standard,26-10-2024
2080,Noah Sharma,noah.sharma80@gmail.com,2216 Lake View Rd,Singapore,England,UK,SE2 1BA,1.39178,103.818453,SME,Gold,58,48687.06,25-09-2022,9,983.73,Overnight,28-11-2024
2081,Fatima Wang,fatima.wang81@outlook.com,359 Victoria Road,New York,British Columbia,Canada,T1B 2C2,40.677918,-74.044367,Individual,Gold,47,12639.86,09-01-2023,37,921.52,Express,01-02-2024
2082,John Kim,john.kim82@yahoo.com,6597 Hillcrest Ave,London,Maharashtra,India,344432,51.501906,-0.111878,SME,Gold,69,11992.88,26-03-2024,60,4876.07,Standard,15-02-2024
2083,Isabella Rossi,isabella.rossi83@hotmail.com,9961 Victoria Road,Toronto,New South Wales,Australia,7403,43.690188,-79.382865,Corporate,Gold,70,44996.1,21-01-2024,62,2586.39,Overnight,18-09-2024
2084,Mia Nguyen,mia.nguyen84@icloud.com,1261 Oak Street,Sydney,Wales,UK,SE5 7AA,-33.826187,151.238329,Corporate,,53,2868.79,03-11-2020,92,3515.75,Express,22-03-2024
2085,Chen Sharma,chen.sharma85@gmail.com,8446 Park Avenue,New York,Dubai,UAE,50462,40.756221,-74.018799,SME,,97,1432.57,25-06-2019,28,670.4,Overnight,16-12-2024
2086,James Wang,james.wang86@outlook.com,2596 Park Avenue,Toronto,Delhi,India,668396,43.657364,-79.374275,Corporate,Gold,78,44905.24,07-11-2022,88,2469.05,Standard,22-07-2024
2087,Sophia Rossi,sophia.rossi87@yahoo.com,1553 Park Avenue,Mumbai,West Region,Singapore,653471,19.038348,72.89147,Corporate,Silver,70,6502.93,05-09-2024,54,6767.29,Standard,22-11-2024
2088,Wei Fernandez,wei.fernandez88@hotmail.com,1809 Market Street,New York,New South Wales,Australia,5825,40.74241,-73.958816,SME,Silver,89,4132.69,17-08-2020,14,1714.58,International Priority,09-12-2024
2089,Sara Chowdhury,sara.chowdhury89@icloud.com,5602 Main St,Singapore,Dubai,UAE,67468,1.355953,103.795329,Corporate,Silver,52,35197.92,31-10-2022,61,736.57,Overnight,25-06-2024
2090,Lucas Nair,lucas.nair90@gmail.com,9075 Sunset Blvd,Toronto,East Region,Singapore,429373,43.658064,-79.423066,Individual,Silver,79,5761.6,15-10-2020,9,4605.24,International Priority,03-02-2024
2091,Arjun Smith,arjun.smith91@outlook.com,3079 Lake View Rd,Mumbai,Abu Dhabi,UAE,70637,19.080127,72.835899,SME,Bronze,72,21489.38,25-07-2020,32,1573.8,Overnight,30-09-2024
2092,Olivia Kim,olivia.kim92@yahoo.com,1994 Hillcrest Ave,London,East Region,Singapore,126928,51.460097,-0.122748,Individual,,88,35214.78,23-04-2021,16,1851.42,Overnight,07-11-2024
2093,Arjun Costa,arjun.costa93@hotmail.com,6247 Lake View Rd,Sydney,Abu Dhabi,UAE,24822,-33.912527,151.209983,Corporate,,69,26750.09,12-06-2023,67,2846.64,Express,16-03-2024
2094,Wei Petrov,wei.petrov94@icloud.com,5722 Lake View Rd,Mumbai,Victoria,Australia,6905,19.059894,72.927163,Corporate,Gold,79,22476.58,01-12-2019,27,1978.98,Overnight,20-06-2024
2095,Michael Rossi,michael.rossi95@gmail.com,8401 King Street,Dubai,Karnataka,India,215382,25.161143,55.263026,SME,Bronze,94,3234.16,13-09-2023,13,1983.35,Overnight,26-03-2024
2096,Michael Muller,michael.muller96@outlook.com,1740 Sunset Blvd,Berlin,Abu Dhabi,UAE,18643,52.510239,13.419668,Corporate,Gold,53,12622.12,03-04-2020,82,5499.48,International Priority,02-02-2024
2097,Daniel Nguyen,daniel.nguyen97@yahoo.com,5599 Hillcrest Ave,Mumbai,Dubai,UAE,84469,19.114153,72.883982,SME,Gold,45,28710.68,15-08-2024,27,670.6,Overnight,09-12-2024
2098,John Ibrahim,john.ibrahim98@hotmail.com,8644 Sunset Blvd,Mumbai,Hamburg,Germany,70372,19.080233,72.881854,SME,,51,47854.27,21-06-2019,18,1694.87,International Priority,22-12-2024
2099,Arjun Johnson,arjun.johnson99@icloud.com,9894 King Street,Sydney,Scotland,UK,SE1 6AB,-33.863232,151.172527,SME,Bronze,69,47510.45,29-10-2024,3,1414.76,Express,02-01-2024
2100,Fatima Singh,fatima.singh0@gmail.com,424 Maple Road,Berlin,Victoria,Australia,7499,52.507164,13.448485,SME,Silver,74,22852.38,01-03-2020,6,1040.09,Standard,27-01-2024
2101,Olivia Singh,olivia.singh1@outlook.com,2812 Market Street,Dubai,Central Region,Singapore,667674,25.248252,55.291877,SME,,68,38082.21,17-01-2019,21,732.15,Express,18-01-2024
2102,Mohammed Khan,mohammed.khan2@yahoo.com,1509 Market Street,Toronto,Queensland,Australia,6092,43.688136,-79.417669,Individual,Bronze,64,43661.87,09-11-2021,10,1552.28,Standard,23-10-2024
2103,Wei Johnson,wei.johnson3@hotmail.com,1488 Sunset Blvd,Toronto,British Columbia,Canada,T2C 9C6,43.61647,-79.336003,SME,Bronze,99,23768.6,05-11-2020,97,6250.76,Standard,22-12-2024
2104,Chen Singh,chen.singh4@icloud.com,2729 Hillcrest Ave,Mumbai,East Region,Singapore,322578,19.043111,72.845541,Individual,,70,47315.67,17-07-2021,32,473.03,Overnight,19-01-2024
2105,Chen Lee,chen.lee5@gmail.com,4724 Hillcrest Ave,Singapore,New South Wales,Australia,7981,1.326175,103.803554,Corporate,,54,47020.34,03-10-2022,82,5995.66,Overnight,13-03-2024
2106,Mohammed Chowdhury,mohammed.chowdhury6@outlook.com,3091 Main St,Singapore,Tamil Nadu,India,373933,1.365396,103.80202,SME,Gold,80,13531.2,26-06-2024,81,1670.27,International Priority,18-12-2024
2107,Wei Lopez,wei.lopez7@yahoo.com,9410 Main St,Berlin,Central Region,Singapore,289278,52.52727,13.389076,Corporate,Gold,57,43231.14,23-04-2020,70,6796.09,Express,04-08-2024
2108,Noah Muller,noah.muller8@hotmail.com,8962 King Street,Berlin,West Region,Singapore,705543,52.479725,13.431445,SME,Gold,79,10198.26,26-08-2022,14,120.45,Overnight,22-11-2024
2109,Anna Mehta,anna.mehta9@icloud.com,3744 Main St,Dubai,New South Wales,Australia,5698,25.249797,55.285458,Individual,Silver,97,46078.83,10-03-2023,39,294.68,International Priority,28-07-2024
2110,Mohammed Fernandez,mohammed.fernandez10@gmail.com,6187 Hillcrest Ave,Sydney,West Region,Singapore,772542,-33.834288,151.187037,Individual,,53,26115.66,06-06-2023,24,1995.8,Standard,21-04-2024
2111,Sara Brown,sara.brown11@outlook.com,343 Lake View Rd,London,Hesse,Germany,17055,51.474766,-0.087418,Individual,Bronze,87,28608.89,12-11-2024,118,7515.65,International Priority,18-09-2024
2112,Isabella Sharma,isabella.sharma12@yahoo.com,2246 King Street,Toronto,Wales,UK,SW8 8AB,43.621655,-79.344745,Corporate,,62,44292.28,28-05-2023,67,7165.3,Overnight,03-03-2024
2113,Fatima Lee,fatima.lee13@hotmail.com,3140 Market Street,Sydney,East Region,Singapore,343292,-33.838314,151.248253,SME,Bronze,60,17558.82,16-06-2021,3,1010.78,Standard,27-03-2024
2114,James Patel,james.patel14@icloud.com,8675 King Street,New York,Scotland,UK,W1 1BA,40.746829,-73.991993,Corporate,Silver,76,19593.41,09-12-2022,23,3078.71,Standard,14-11-2024
2115,Lucas Anderson,lucas.anderson15@gmail.com,3569 Victoria Road,Toronto,New South Wales,Australia,2740,43.669026,-79.364074,Individual,,55,11732.88,30-07-2023,4,1999.59,Express,29-09-2024
2116,Sara Patel,sara.patel16@outlook.com,8100 Hillcrest Ave,Sydney,Abu Dhabi,UAE,33579,-33.889481,151.194436,Corporate,Bronze,43,21704.96,11-03-2020,64,6402.62,Overnight,20-12-2024
2117,Yuki Nair,yuki.nair17@yahoo.com,8391 Hillcrest Ave,Toronto,Florida,USA,97516,43.679702,-79.42603,Individual,Bronze,85,29499.43,13-07-2021,13,920.93,Standard,02-10-2024
2118,Lucas Dubois,lucas.dubois18@hotmail.com,3889 King Street,London,Florida,USA,35388,51.517604,-0.093071,Individual,Gold,87,42885.05,02-02-2024,61,4826.64,Overnight,16-01-2024
2119,Lucas Kim,lucas.kim19@icloud.com,1830 Maple Road,New York,Dubai,UAE,21625,40.696683,-74.043136,Individual,Silver,50,30621.51,29-09-2020,11,643.44,Standard,02-11-2024
2120,Ivan Anderson,ivan.anderson20@gmail.com,1469 Sunset Blvd,Singapore,Sharjah,UAE,85583,1.310008,103.837232,SME,,57,28241.86,10-02-2021,38,1623.72,Express,10-06-2024
2121,Priya Mehta,priya.mehta21@outlook.com,6939 Park Avenue,Singapore,Dubai,UAE,90901,1.365633,103.784204,SME,Gold,71,46247.37,03-01-2019,105,7206.2,Overnight,27-03-2024
2122,Sara Khan,sara.khan22@yahoo.com,6669 Sunset Blvd,London,Gujarat,India,548137,51.48488,-0.129405,Individual,Silver,71,13767.94,28-08-2024,17,1404.97,Overnight,15-03-2024
2123,Olivia Martin,olivia.martin23@hotmail.com,1117 Victoria Road,Dubai,New York,USA,99889,25.21985,55.289396,Corporate,Gold,49,36558.37,17-03-2020,70,5162.28,Overnight,07-09-2024
2124,Sara Tanaka,sara.tanaka24@icloud.com,7102 King Street,New York,Dubai,UAE,84545,40.669856,-73.977605,Corporate,,45,21875.95,21-07-2024,81,1835.04,International Priority,20-08-2024
2125,Emma Ali,emma.ali25@gmail.com,8831 Sunset Blvd,Mumbai,Gujarat,India,750084,19.068618,72.846884,SME,Bronze,92,20811.66,14-08-2020,40,1997.52,Standard,19-11-2024
2126,Lucas Johnson,lucas.johnson26@outlook.com,9738 King Street,Sydney,Ontario,Canada,T5A 1B3,-33.856214,151.249336,Individual,,61,37746.16,23-10-2019,24,1193.23,International Priority,06-01-2024
2127,Arjun Martin,arjun.martin27@yahoo.com,4087 Lake View Rd,New York,West Region,Singapore,315213,40.751798,-74.011639,Corporate,Silver,47,46323.82,09-06-2022,60,7225.04,International Priority,03-09-2024
2128,Olivia Petrov,olivia.petrov28@hotmail.com,4651 Hillcrest Ave,Dubai,Delhi,India,257910,25.189435,55.231693,Individual,,61,45312.57,17-09-2021,29,1674.79,Standard,17-11-2024
2129,Carlos Mehta,carlos.mehta29@icloud.com,4077 Sunset Blvd,Dubai,California,USA,11839,25.206109,55.22582,Corporate,Silver,48,15096.96,22-07-2023,20,400.63,Standard,05-04-2024
2130,Mohammed Das,mohammed.das30@gmail.com,4720 Main St,London,Queensland,Australia,2274,51.494502,-0.109717,SME,Gold,72,2421.62,25-05-2022,36,864.75,Standard,03-08-2024
2131,Yuki Muller,yuki.muller31@outlook.com,6865 Market Street,Toronto,British Columbia,Canada,H7B 9B3,43.702741,-79.366504,Individual,Silver,40,8065.58,07-05-2021,22,355.98,Overnight,22-04-2024
2132,Lucas Patel,lucas.patel32@yahoo.com,691 Oak Street,New York,California,USA,34900,40.750372,-73.999138,Individual,Bronze,62,18270.98,31-01-2020,3,1836.33,Overnight,09-11-2024
2133,Noah Anderson,noah.anderson33@hotmail.com,3293 Oak Street,Sydney,Central Region,Singapore,334040,-33.836943,151.180193,Corporate,Bronze,43,2021.4,21-02-2021,83,5814.35,Standard,01-11-2024
2134,Yuki Patel,yuki.patel34@icloud.com,667 Oak Street,New York,Karnataka,India,382147,40.716772,-73.96858,Corporate,Bronze,50,17818.9,07-04-2019,39,1047.12,International Priority,26-05-2024
2135,Sophia Sharma,sophia.sharma35@gmail.com,7435 Victoria Road,Berlin,Hesse,Germany,83637,52.534484,13.422374,Corporate,Gold,55,48349,08-03-2019,38,5066.74,International Priority,13-06-2024
2136,Laura Das,laura.das36@outlook.com,5292 Hillcrest Ave,Toronto,Scotland,UK,SE9 2AB,43.694873,-79.409542,Individual,Silver,89,49846.44,08-05-2019,5,1542.5,Standard,11-12-2024
2137,Emma Das,emma.das37@yahoo.com,7105 Sunset Blvd,Sydney,West Region,Singapore,412861,-33.880309,151.257672,SME,Gold,68,4743.06,26-04-2022,2,1194.48,Standard,02-07-2024
2138,Mia Johnson,mia.johnson38@hotmail.com,6101 Sunset Blvd,Singapore,Texas,USA,31917,1.308595,103.841867,SME,,67,16707.42,10-05-2020,7,1224.14,International Priority,26-10-2024
2139,Elena Costa,elena.costa39@icloud.com,4645 Sunset Blvd,Sydney,Abu Dhabi,UAE,12223,-33.859991,151.246722,Corporate,,76,47506.34,28-04-2021,112,2630.11,Express,11-11-2024
2140,Mia Smith,mia.smith40@gmail.com,8619 Hillcrest Ave,Mumbai,Tamil Nadu,India,176694,19.081711,72.898267,SME,,73,4812.81,30-01-2021,8,826.89,Standard,22-05-2024
2141,Anna Dubois,anna.dubois41@outlook.com,4530 Park Avenue,London,Sharjah,UAE,37319,51.548557,-0.159547,Corporate,,95,3840.6,20-10-2019,114,1191.95,International Priority,20-11-2024
2142,Carlos Brown,carlos.brown42@yahoo.com,9308 Sunset Blvd,Mumbai,Abu Dhabi,UAE,57404,19.099419,72.829587,SME,Bronze,77,30083.05,02-10-2019,33,1683.19,Express,25-06-2024
2143,Isabella Chowdhury,isabella.chowdhury43@hotmail.com,2376 Oak Street,Sydney,Dubai,UAE,84510,-33.823138,151.204643,Individual,Silver,50,7542.82,04-11-2021,37,1575.6,Express,25-08-2024
2144,Olivia Anderson,olivia.anderson44@icloud.com,4327 Hillcrest Ave,Toronto,Dubai,UAE,37049,43.643389,-79.40132,Corporate,Bronze,50,47783.82,28-01-2024,114,1944.7,Overnight,07-09-2024
2145,Carlos Wang,carlos.wang45@gmail.com,4606 Park Avenue,New York,Abu Dhabi,UAE,52006,40.674004,-74.005694,SME,Silver,75,23949.79,02-05-2020,2,3404.6,Standard,26-06-2024
2146,Ivan Nair,ivan.nair46@outlook.com,6010 Oak Street,Singapore,British Columbia,Canada,K6B 4A6,1.387322,103.794307,Individual,Silver,69,47251.33,25-09-2023,20,1297.49,Standard,23-04-2024
2147,Yuki Chowdhury,yuki.chowdhury47@yahoo.com,3424 Oak Street,New York,Illinois,USA,21087,40.694634,-73.994237,SME,Gold,80,13508.09,04-01-2023,34,206.52,Overnight,15-05-2024
2148,Chen Ibrahim,chen.ibrahim48@hotmail.com,2494 Hillcrest Ave,Toronto,West Region,Singapore,758579,43.625679,-79.380879,Individual,,93,6898.9,09-07-2023,29,460.94,Express,03-06-2024
2149,Mohammed Khan,mohammed.khan49@icloud.com,4918 Main St,Sydney,New York,USA,42808,-33.875886,151.182663,Individual,Silver,73,24123.69,13-02-2019,111,1387.72,International Priority,18-11-2024
2150,Raj Lee,raj.lee50@gmail.com,8895 Lake View Rd,Dubai,West Region,Singapore,214297,25.225298,55.252984,SME,,66,23460.22,14-05-2022,6,1614.88,Express,23-05-2024
2151,Liam Singh,liam.singh51@outlook.com,9727 Main St,New York,Wales,UK,NW7 2BB,40.710644,-74.005549,SME,,75,23614,06-11-2022,14,288.12,Express,21-03-2024
2152,Elena Khan,elena.khan52@yahoo.com,6772 Sunset Blvd,Dubai,Delhi,India,309108,25.210143,55.287353,Individual,,51,4753.52,08-05-2023,36,282.26,Standard,17-09-2024
2153,Carlos Kim,carlos.kim53@hotmail.com,4560 Lake View Rd,New York,Bavaria,Germany,21297,40.697326,-74.036665,Individual,Bronze,80,6326.13,16-03-2023,27,1728.83,International Priority,28-08-2024
2154,Yuki Patel,yuki.patel54@icloud.com,5893 Park Avenue,New York,British Columbia,Canada,V5A 3A8,40.715037,-73.986713,Individual,,92,24814.91,03-05-2021,9,939.94,Overnight,23-05-2024
2155,Wei Dubois,wei.dubois55@gmail.com,2853 Market Street,Singapore,Karnataka,India,710237,1.30728,103.817388,Corporate,Silver,45,8394.02,29-05-2022,17,7434.78,Overnight,05-02-2024
2156,Sara Ali,sara.ali56@outlook.com,3687 Lake View Rd,London,British Columbia,Canada,V5B 7A8,51.468457,-0.106127,Individual,Bronze,74,26894.3,22-10-2023,2,597.69,Standard,22-08-2024
2157,Daniel Patel,daniel.patel57@yahoo.com,2015 Victoria Road,London,Central Region,Singapore,387181,51.555942,-0.093538,Corporate,,95,33489.92,13-05-2024,12,7677.03,Standard,18-05-2024
2158,Mia Nguyen,mia.nguyen58@hotmail.com,7930 Sunset Blvd,Berlin,Illinois,USA,16358,52.508471,13.399794,Individual,Gold,74,17092.14,21-06-2019,27,2592.24,Overnight,19-08-2024
2159,Laura Clark,laura.clark59@icloud.com,3106 Lake View Rd,Mumbai,Abu Dhabi,UAE,29940,19.113126,72.891348,Corporate,,57,16831.87,05-07-2024,117,6691.72,Standard,19-09-2024
2160,Priya Tanaka,priya.tanaka60@gmail.com,372 Park Avenue,Toronto,England,UK,NW4 1AA,43.624456,-79.339418,Individual,,69,3779.07,10-05-2019,19,1893.45,Standard,18-01-2024
2161,Chen Rossi,chen.rossi61@outlook.com,9423 Market Street,Toronto,Wales,UK,NW7 9BA,43.677852,-79.377438,Individual,Bronze,47,10603.8,09-08-2024,28,1455.44,Express,02-09-2024
2162,Maria Chowdhury,maria.chowdhury62@yahoo.com,7861 Market Street,Toronto,New South Wales,Australia,3014,43.624297,-79.388998,Individual,Silver,90,30093.29,02-08-2022,63,5163.9,Express,10-07-2024
2163,Sophia Tanaka,sophia.tanaka63@hotmail.com,5826 Hillcrest Ave,Berlin,Berlin,Germany,68844,52.554933,13.395738,SME,,63,15407.64,10-12-2022,8,728.24,International Priority,17-04-2024
2164,Michael Chowdhury,michael.chowdhury64@icloud.com,5415 Market Street,London,Scotland,UK,SW8 4BA,51.555681,-0.148771,SME,Bronze,69,11700.09,08-05-2019,32,1282.89,Standard,28-06-2024
2165,Mia Fernandez,mia.fernandez65@gmail.com,4170 Lake View Rd,Sydney,Sharjah,UAE,7310,-33.83878,151.223066,Individual,Bronze,83,2475.16,13-11-2021,5,232.61,Standard,04-03-2024
2166,Raj Clark,raj.clark66@outlook.com,3707 Park Avenue,Dubai,Illinois,USA,61250,25.18996,55.32063,Corporate,Silver,76,31896.81,23-04-2024,35,4729.74,Express,15-04-2024
2167,Wei Sharma,wei.sharma67@yahoo.com,4894 Hillcrest Ave,Singapore,Hamburg,Germany,84050,1.33074,103.797094,Corporate,Bronze,80,20660.87,21-04-2023,59,3158.24,International Priority,17-06-2024
2168,Ahmed Muller,ahmed.muller68@hotmail.com,7725 Hillcrest Ave,Dubai,East Region,Singapore,614213,25.202619,55.299942,Individual,Silver,67,33853.81,06-02-2020,18,706.24,Standard,12-03-2024
2169,Elena Ibrahim,elena.ibrahim69@icloud.com,8489 Oak Street,Sydney,Maharashtra,India,455732,-33.905332,151.224064,SME,Gold,76,33807.48,28-09-2023,9,1783.88,Express,29-08-2024
2170,Sophia Johnson,sophia.johnson70@gmail.com,9598 King Street,Singapore,East Region,Singapore,375472,1.326396,103.770584,Corporate,,97,27478.12,08-12-2022,20,7076.98,Overnight,22-12-2024
2171,Raj Fernandez,raj.fernandez71@outlook.com,2888 King Street,Berlin,Dubai,UAE,15326,52.479981,13.377157,SME,Bronze,84,39243,01-07-2024,27,480.54,Express,23-02-2024
2172,Maria Das,maria.das72@yahoo.com,5497 Main St,Sydney,Abu Dhabi,UAE,29776,-33.825507,151.201498,Corporate,Gold,86,28467.42,22-04-2019,86,3407.44,Standard,28-04-2024
2173,Raj Ibrahim,raj.ibrahim73@hotmail.com,5590 Victoria Road,Toronto,Scotland,UK,SW7 4AA,43.680258,-79.386927,Individual,Bronze,89,33024.69,06-04-2023,34,1809.77,Express,19-07-2024
2174,Raj Patel,raj.patel74@icloud.com,3501 King Street,Mumbai,Berlin,Germany,97555,19.09303,72.844907,SME,Bronze,42,8043.99,08-06-2019,37,668.46,International Priority,09-10-2024
2175,Ahmed Martin,ahmed.martin75@gmail.com,1290 Lake View Rd,New York,Florida,USA,23474,40.669045,-74.003286,Corporate,Gold,72,7910.98,19-06-2024,94,2802.24,Standard,09-04-2024
2176,Yuki Kim,yuki.kim76@outlook.com,5849 Lake View Rd,Dubai,Central Region,Singapore,435468,25.239698,55.253917,Individual,Bronze,73,46220.23,22-12-2019,37,1156.34,Standard,31-01-2024
2177,Amit Smith,amit.smith77@yahoo.com,8347 Lake View Rd,London,Victoria,Australia,2449,51.534355,-0.130412,Individual,Bronze,57,7769.59,29-04-2024,34,144.26,Overnight,26-06-2024
2178,Amit Singh,amit.singh78@hotmail.com,8817 Market Street,London,Central Region,Singapore,678260,51.467735,-0.16836,Individual,Gold,49,28420.66,29-10-2021,8,691.83,Standard,25-12-2024
2179,Liam Nguyen,liam.nguyen79@icloud.com,3341 Victoria Road,Berlin,British Columbia,Canada,H3A 9A1,52.540678,13.386299,SME,Bronze,100,13694.15,13-01-2020,7,1153.12,Overnight,31-01-2024
2180,Anna Nguyen,anna.nguyen80@gmail.com,5735 Main St,Singapore,Alberta,Canada,H3A 2A4,1.3893,103.78961,SME,Silver,97,3105.2,06-12-2019,13,1818.13,Overnight,11-08-2024
2181,Mia Das,mia.das81@outlook.com,1573 Victoria Road,London,Texas,USA,70902,51.474865,-0.148763,Individual,Bronze,69,16527.29,02-10-2021,24,1900.43,International Priority,26-01-2024
2182,Carlos Das,carlos.das82@yahoo.com,3921 Hillcrest Ave,Toronto,Florida,USA,14001,43.631231,-79.430148,SME,,71,24673.82,21-01-2020,80,989.85,Overnight,19-04-2024
2183,Liam Dubois,liam.dubois83@hotmail.com,5353 Lake View Rd,Dubai,Ontario,Canada,T6C 1A9,25.215255,55.243693,Corporate,Bronze,70,8268.42,06-02-2024,4,323.4,Standard,06-05-2024
2184,Sophia Patel,sophia.patel84@icloud.com,6150 King Street,Sydney,Queensland,Australia,5355,-33.898852,151.174474,Individual,,42,1404.4,05-04-2023,9,1879.61,Overnight,02-04-2024
2185,Isabella Costa,isabella.costa85@gmail.com,2665 Hillcrest Ave,Toronto,Bavaria,Germany,12106,43.655458,-79.422668,Individual,,77,8965.66,13-10-2022,11,1661.82,Express,07-11-2024
2186,Elena Das,elena.das86@outlook.com,951 Lake View Rd,Berlin,British Columbia,Canada,K3C 5A1,52.531235,13.43189,SME,Bronze,46,26771.6,15-09-2021,33,579.86,Overnight,23-01-2024
2187,Carlos Nguyen,carlos.nguyen87@yahoo.com,9426 Park Avenue,Toronto,Texas,USA,63760,43.645645,-79.368383,Individual,Gold,63,42788.54,06-04-2024,18,1102.62,Express,16-10-2024
2188,Fatima Lopez,fatima.lopez88@hotmail.com,2018 Oak Street,Sydney,Scotland,UK,SW9 8AB,-33.856986,151.201406,Corporate,Silver,79,46923.31,21-05-2019,120,3356.96,Express,18-03-2024
2189,James Ali,james.ali89@icloud.com,9165 King Street,Mumbai,Delhi,India,397722,19.03762,72.874754,SME,Silver,94,37165.95,15-08-2022,39,119.36,International Priority,15-12-2024
2190,Amit Lee,amit.lee90@gmail.com,1472 Market Street,Berlin,New South Wales,Australia,4744,52.565089,13.448641,SME,Bronze,92,23581.79,22-06-2022,11,560.69,Overnight,10-10-2024
2191,Chen Clark,chen.clark91@outlook.com,2194 Maple Road,Mumbai,Abu Dhabi,UAE,16186,19.043294,72.829416,Individual,Gold,91,48971.08,23-01-2024,10,834.75,International Priority,27-10-2024
2192,Wei Sharma,wei.sharma92@yahoo.com,2497 Sunset Blvd,New York,Victoria,Australia,3132,40.679168,-74.040875,Individual,Gold,66,10442.39,06-06-2021,13,1058.8,Overnight,05-09-2024
2193,Ivan Petrov,ivan.petrov93@hotmail.com,907 Main St,Mumbai,England,UK,W6 2BB,19.078178,72.875377,Individual,Silver,55,7543.16,09-08-2023,17,1749.64,Standard,20-12-2024
2194,Fatima Lopez,fatima.lopez94@icloud.com,7715 Lake View Rd,New York,Scotland,UK,SW9 6BA,40.758255,-74.032118,SME,Gold,64,32513.19,24-01-2020,37,85.09,International Priority,26-11-2024
2195,Olivia Martin,olivia.martin95@gmail.com,1136 Sunset Blvd,New York,Dubai,UAE,71142,40.736351,-74.028959,Individual,Bronze,49,19872.32,12-02-2019,9,665.29,Standard,18-12-2024
2196,Isabella Chowdhury,isabella.chowdhury96@outlook.com,2153 Sunset Blvd,Mumbai,West Region,Singapore,502274,19.027824,72.879577,Corporate,Bronze,79,29307.16,09-06-2020,94,4835.24,Overnight,25-05-2024
2197,Emma Nguyen,emma.nguyen97@yahoo.com,7807 Maple Road,Berlin,New York,USA,75434,52.540484,13.416546,Individual,Gold,53,9862.36,26-04-2019,23,1677.05,International Priority,21-05-2024
2198,Mohammed Lopez,mohammed.lopez98@hotmail.com,4091 Oak Street,Singapore,British Columbia,Canada,H4A 7A3,1.336198,103.84634,Individual,Bronze,94,11888.28,04-09-2024,26,285.58,Standard,13-07-2024
2199,Mohammed Sharma,mohammed.sharma99@icloud.com,3179 Oak Street,Sydney,East Region,Singapore,595815,-33.847255,151.181574,SME,,68,48641.88,26-12-2023,15,1108.03,Express,16-11-2024
2200,Isabella Petrov,isabella.petrov0@gmail.com,5468 Sunset Blvd,Toronto,Hamburg,Germany,77254,43.630191,-79.355053,Individual,Silver,76,38090.35,11-10-2019,22,945,Overnight,30-04-2024
2201,Carlos Dubois,carlos.dubois1@outlook.com,1832 Victoria Road,Toronto,Victoria,Australia,5482,43.68997,-79.338323,SME,Bronze,73,12643.39,18-08-2024,35,1505.21,Overnight,02-12-2024
2202,Lucas Wang,lucas.wang2@yahoo.com,2130 Sunset Blvd,Sydney,Dubai,UAE,25717,-33.857323,151.255195,Individual,Gold,79,6967.39,12-01-2021,7,1721.68,Express,03-03-2024
2203,Olivia Garcia,olivia.garcia3@hotmail.com,5071 Hillcrest Ave,Dubai,Victoria,Australia,7978,25.241246,55.262887,Corporate,Silver,65,24745.16,12-03-2024,78,4860.45,Standard,12-01-2024
2204,Yuki Tanaka,yuki.tanaka4@icloud.com,4331 Main St,Dubai,West Region,Singapore,410308,25.179728,55.302552,Corporate,Bronze,40,4240.57,30-01-2022,82,2020.04,Standard,29-12-2024
2205,Amit Smith,amit.smith5@gmail.com,4512 Victoria Road,New York,England,UK,W8 7BA,40.704207,-74.043523,SME,Silver,77,14631.32,09-05-2023,2,383.89,Standard,18-06-2024
2206,Priya Martin,priya.martin6@outlook.com,6171 Oak Street,New York,British Columbia,Canada,K2A 9A7,40.731764,-74.045996,SME,Gold,86,46089.66,03-01-2025,86,2298.44,International Priority,26-01-2024
2207,Raj Sharma,raj.sharma7@yahoo.com,2289 Sunset Blvd,Berlin,Victoria,Australia,6965,52.475065,13.3838,Individual,,79,39756.46,19-07-2019,5,6366.56,Express,24-01-2024
2208,Elena Chowdhury,elena.chowdhury8@hotmail.com,1579 Maple Road,London,Hamburg,Germany,55692,51.545513,-0.084084,Individual,,81,41891.66,03-11-2021,34,307.21,Standard,24-03-2024
2209,John Clark,john.clark9@icloud.com,3085 Maple Road,Mumbai,Wales,UK,NW3 2AA,19.026577,72.886246,Corporate,Bronze,80,6092.65,26-04-2020,33,4541.88,Express,06-07-2024
2210,Anna Muller,anna.muller10@gmail.com,7216 Lake View Rd,New York,Hamburg,Germany,14667,40.724924,-73.993621,Individual,,70,29022.92,17-10-2024,94,3551.15,International Priority,04-01-2024
2211,David Johnson,david.johnson11@outlook.com,4545 Main St,Toronto,Quebec,Canada,H6A 2B2,43.661907,-79.406302,Corporate,Bronze,61,23204.63,04-07-2024,9,4780.3,Standard,17-04-2024
2212,Mia Johnson,mia.johnson12@yahoo.com,4496 Oak Street,Berlin,Queensland,Australia,4737,52.505866,13.426332,SME,Silver,100,17680.65,13-12-2020,14,978.27,Express,15-10-2024
2213,Lucas Rossi,lucas.rossi13@hotmail.com,4929 King Street,Mumbai,Gujarat,India,510914,19.070711,72.85601,Individual,Bronze,69,27451.61,25-01-2024,35,980.43,Standard,01-05-2024
2214,Chen Dubois,chen.dubois14@icloud.com,9912 Main St,Berlin,East Region,Singapore,509612,52.566722,13.395822,SME,Bronze,81,17636.4,16-04-2022,20,1793.82,Overnight,09-07-2024
2215,Liam Chowdhury,liam.chowdhury15@gmail.com,2295 Victoria Road,Mumbai,Victoria,Australia,5866,19.071632,72.892904,Individual,Bronze,68,8407.85,28-10-2020,5,1989.79,Standard,02-09-2024
2216,Arjun Mehta,arjun.mehta16@outlook.com,8530 Hillcrest Ave,Mumbai,West Region,Singapore,680456,19.116224,72.898894,Corporate,,64,34917.87,13-06-2019,94,6018.14,Express,20-01-2024
2217,John Johnson,john.johnson17@yahoo.com,5436 Sunset Blvd,Sydney,Quebec,Canada,T8A 4B2,-33.841144,151.244952,SME,Bronze,42,33238.72,04-04-2022,28,1559.45,Overnight,01-03-2024
2218,Raj Ibrahim,raj.ibrahim18@hotmail.com,8329 Victoria Road,New York,Queensland,Australia,2929,40.706422,-73.959926,SME,Gold,46,34613.57,19-09-2022,27,1554.11,Standard,26-06-2024
2219,Chen Patel,chen.patel19@icloud.com,5227 Hillcrest Ave,Singapore,West Region,Singapore,236759,1.335347,103.801606,Individual,Bronze,43,37493.01,14-10-2023,24,1155.3,Standard,08-04-2024
2220,James Petrov,james.petrov20@gmail.com,6603 Park Avenue,Berlin,Dubai,UAE,79636,52.50446,13.422701,SME,Silver,67,22061.02,25-03-2020,39,1653.21,Express,17-10-2024
2221,Sara Hassan,sara.hassan21@outlook.com,9711 Lake View Rd,Singapore,West Region,Singapore,254567,1.384178,103.776387,Corporate,Gold,53,47765.63,26-09-2020,60,7032.55,International Priority,28-10-2024
2222,Emma Dubois,emma.dubois22@yahoo.com,5731 Oak Street,Berlin,New South Wales,Australia,7176,52.481068,13.355126,SME,Silver,82,1726.82,11-11-2019,37,1851.4,Standard,23-05-2024
2223,Daniel Kim,daniel.kim23@hotmail.com,1936 Oak Street,Sydney,Illinois,USA,80306,-33.83612,151.25798,SME,Silver,41,8752.08,26-03-2021,2,677.56,Express,09-08-2024
2224,Arjun Smith,arjun.smith24@icloud.com,42 Victoria Road,Toronto,New South Wales,Australia,7608,43.670514,-79.413094,Individual,Silver,95,18838.71,28-05-2024,3,1810.77,International Priority,29-10-2024
2225,Carlos Brown,carlos.brown25@gmail.com,5311 Lake View Rd,Singapore,New South Wales,Australia,6257,1.361824,103.774517,SME,Gold,86,45732.41,14-06-2024,20,1819.56,Standard,10-10-2024
2226,Emma Singh,emma.singh26@outlook.com,4973 Victoria Road,Toronto,West Region,Singapore,170365,43.674153,-79.352129,Individual,Gold,80,8357.23,17-10-2021,6,578.95,International Priority,10-12-2024
2227,Ahmed Tanaka,ahmed.tanaka27@yahoo.com,1693 Victoria Road,Dubai,Bavaria,Germany,11124,25.248552,55.221391,Individual,,98,25552.64,24-01-2019,15,1141.37,Express,15-08-2024
2228,Yuki Chowdhury,yuki.chowdhury28@hotmail.com,1799 Main St,New York,Gujarat,India,393144,40.680951,-74.040462,SME,Gold,67,37146.25,06-05-2023,24,400.48,Overnight,20-09-2024
2229,Wei Das,wei.das29@icloud.com,881 Oak Street,New York,Berlin,Germany,32092,40.752619,-73.98806,Corporate,Bronze,66,548.02,24-12-2020,14,3438.43,Standard,02-11-2024
2230,Amit Chowdhury,amit.chowdhury30@gmail.com,3841 Sunset Blvd,London,East Region,Singapore,322744,51.478682,-0.091477,Individual,Silver,44,1030.13,24-03-2023,12,7501.98,International Priority,20-07-2024
2231,Priya Rossi,priya.rossi31@outlook.com,1501 Park Avenue,Sydney,Berlin,Germany,82214,-33.830329,151.202795,SME,,67,20151.51,29-06-2019,99,7003.16,Express,02-05-2024
2232,John Lopez,john.lopez32@yahoo.com,1780 King Street,Toronto,Wales,UK,NW3 5BB,43.650849,-79.360658,Individual,Gold,53,39080.09,23-05-2022,31,666.17,Express,20-08-2024
2233,Lucas Brown,lucas.brown33@hotmail.com,8326 Sunset Blvd,Mumbai,Texas,USA,91264,19.08696,72.884933,Corporate,Silver,83,21413.83,18-01-2021,71,630.49,Express,26-12-2024
2234,Isabella Sharma,isabella.sharma34@icloud.com,7156 Hillcrest Ave,Berlin,Berlin,Germany,62476,52.487971,13.357917,Corporate,Gold,46,7430.03,04-07-2021,26,6260.24,International Priority,27-09-2024
2235,Noah Ibrahim,noah.ibrahim35@gmail.com,2817 Market Street,New York,Dubai,UAE,41881,40.688057,-74.04834,Individual,,87,8136.43,24-10-2022,1,68.67,International Priority,10-08-2024
2236,Priya Ali,priya.ali36@outlook.com,7316 Market Street,Singapore,Ontario,Canada,T5B 1C6,1.30437,103.80298,Corporate,Gold,93,15159.23,13-07-2024,18,654.68,Overnight,06-02-2024
2237,David Mehta,david.mehta37@yahoo.com,3885 King Street,Berlin,Sharjah,UAE,42349,52.553911,13.416449,SME,Gold,74,30672.45,25-07-2021,18,1203.42,Overnight,23-03-2024
2238,Lucas Fernandez,lucas.fernandez38@hotmail.com,6048 Lake View Rd,Berlin,Quebec,Canada,T9C 6C9,52.485521,13.372972,SME,Silver,93,44255.55,27-12-2023,7,1340.43,Overnight,14-01-2024
2239,Arjun Fernandez,arjun.fernandez39@icloud.com,4917 Main St,London,New South Wales,Australia,7178,51.539847,-0.083829,Individual,Bronze,96,25723.57,20-04-2020,1,1185.65,Express,22-04-2024
2240,Arjun Das,arjun.das40@gmail.com,8670 Hillcrest Ave,Toronto,Wales,UK,EC7 1BA,43.691237,-79.390495,Corporate,Gold,70,22365.46,20-02-2020,119,885.55,Express,12-05-2024
2241,Amit Lopez,amit.lopez41@outlook.com,4317 Maple Road,New York,Texas,USA,41497,40.670876,-74.046563,SME,,40,47045.01,04-11-2020,32,1427.32,International Priority,03-08-2024
2242,Sophia Nair,sophia.nair42@yahoo.com,5704 Sunset Blvd,Berlin,Sharjah,UAE,75959,52.489636,13.44478,SME,Gold,64,33105.16,24-07-2020,3,332.71,Standard,26-11-2024
2243,Isabella Fernandez,isabella.fernandez43@hotmail.com,3246 Maple Road,New York,New York,USA,81913,40.747243,-73.988138,SME,Gold,74,25013.4,24-06-2020,9,1017.96,Overnight,13-11-2024
2244,John Anderson,john.anderson44@icloud.com,5744 Victoria Road,Mumbai,Dubai,UAE,62266,19.124933,72.870037,Individual,Bronze,89,25938.02,07-04-2019,8,582.93,International Priority,07-10-2024
2245,Elena Tanaka,elena.tanaka45@gmail.com,7932 Hillcrest Ave,London,Queensland,Australia,6219,51.527992,-0.128323,Individual,Silver,59,34353.25,30-11-2023,40,679.54,Standard,08-11-2024
2246,Yuki Lee,yuki.lee46@outlook.com,3927 Main St,Mumbai,Alberta,Canada,H9C 5C9,19.091775,72.923678,SME,,60,33199.65,25-07-2024,32,630.4,Standard,30-11-2024
2247,Laura Fernandez,laura.fernandez47@yahoo.com,7485 Hillcrest Ave,New York,Karnataka,India,429318,40.731161,-73.991095,SME,Silver,85,47844.61,10-02-2023,37,1320.57,Express,20-05-2024
2248,Daniel Wang,daniel.wang48@hotmail.com,1406 Park Avenue,Dubai,England,UK,NW1 7AA,25.24697,55.255699,Corporate,Silver,85,41255.44,28-10-2023,61,4248.65,Standard,15-06-2024
2249,Elena Khan,elena.khan49@icloud.com,1391 Maple Road,Singapore,Sharjah,UAE,19144,1.329633,103.827758,Corporate,Silver,54,43862.81,26-03-2019,53,5318.09,Overnight,25-09-2024
2250,Lucas Sharma,lucas.sharma50@gmail.com,8711 Victoria Road,New York,Abu Dhabi,UAE,50877,40.696615,-74.02503,Corporate,Gold,96,28674.42,21-11-2024,74,4644.39,Standard,18-06-2024
2251,Liam Lee,liam.lee51@outlook.com,747 Hillcrest Ave,Toronto,Queensland,Australia,6749,43.662879,-79.412125,Individual,Bronze,52,44823.06,17-02-2023,24,1321.88,Standard,10-03-2024
2252,Amit Johnson,amit.johnson52@yahoo.com,3546 Sunset Blvd,Berlin,Scotland,UK,EC6 5AA,52.492735,13.374501,SME,Gold,72,46927.42,11-03-2020,12,1902.14,International Priority,08-08-2024
2253,Sophia Tanaka,sophia.tanaka53@hotmail.com,4518 Sunset Blvd,Berlin,Alberta,Canada,T3A 9C1,52.546428,13.406393,Individual,,54,22006.56,11-09-2023,30,119.17,Overnight,10-06-2024
2254,Fatima Nguyen,fatima.nguyen54@icloud.com,8594 Park Avenue,Mumbai,Quebec,Canada,V1B 8B4,19.047492,72.83226,SME,Bronze,96,7230.84,24-04-2024,28,1728.61,Overnight,04-12-2024
2255,Arjun Kim,arjun.kim55@gmail.com,7666 King Street,Singapore,Sharjah,UAE,6695,1.394179,103.837773,Corporate,Silver,53,5437.91,18-05-2019,51,7541.62,Express,19-08-2024
2256,Sara Khan,sara.khan56@outlook.com,9360 Victoria Road,London,Delhi,India,669042,51.465005,-0.166546,Corporate,Bronze,86,42270.79,16-02-2022,76,7740.76,Overnight,04-09-2024
2257,Daniel Patel,daniel.patel57@yahoo.com,6269 Victoria Road,Dubai,Tamil Nadu,India,637396,25.196471,55.319858,Corporate,,46,39029.32,23-11-2023,92,1733.62,Standard,24-12-2024
2258,Chen Johnson,chen.johnson58@hotmail.com,7431 King Street,Sydney,Florida,USA,21850,-33.898446,151.170227,Corporate,Gold,41,23186.88,26-09-2023,118,6460.3,Express,28-05-2024
2259,Mohammed Mehta,mohammed.mehta59@icloud.com,4975 Hillcrest Ave,Singapore,England,UK,NW4 1AB,1.348142,103.78307,SME,Gold,100,42185.57,02-10-2019,3,1388.4,International Priority,08-05-2024
2260,Mia Tanaka,mia.tanaka60@gmail.com,1691 Hillcrest Ave,Berlin,Wales,UK,W4 4AB,52.526065,13.428676,Corporate,Silver,44,11879.86,24-09-2019,73,5319.91,Standard,12-11-2024
2261,Laura Mehta,laura.mehta61@outlook.com,1477 Lake View Rd,Toronto,Alberta,Canada,K8B 1B3,43.679473,-79.379883,SME,Gold,65,2066.65,24-12-2019,106,2916.73,Standard,14-02-2024
2262,Laura Johnson,laura.johnson62@yahoo.com,6323 Victoria Road,Singapore,California,USA,83971,1.36993,103.807873,SME,Gold,48,16458.39,12-12-2021,60,2994.76,Standard,25-10-2024
2263,Mia Johnson,mia.johnson63@hotmail.com,1890 Park Avenue,Mumbai,New South Wales,Australia,6040,19.081385,72.911416,Individual,,40,35328.99,04-01-2023,83,808.74,Express,21-06-2024
2264,Mohammed Lee,mohammed.lee64@icloud.com,3002 King Street,Mumbai,Wales,UK,W3 6AB,19.123352,72.852522,Corporate,Bronze,88,36782.33,28-04-2024,24,4454.54,Standard,01-03-2024
2265,Fatima Johnson,fatima.johnson65@gmail.com,6742 Maple Road,Sydney,Illinois,USA,80876,-33.834985,151.213981,Corporate,Gold,94,12035.34,02-07-2023,118,7269.83,Express,14-06-2024
2266,Lucas Anderson,lucas.anderson66@outlook.com,8271 Maple Road,Toronto,New York,USA,50315,43.623709,-79.359904,Individual,,91,24992.88,08-09-2024,18,1014.28,Overnight,10-06-2024
2267,Isabella Fernandez,isabella.fernandez67@yahoo.com,9734 Park Avenue,London,Sharjah,UAE,13254,51.507386,-0.118243,SME,,61,33248.72,23-09-2021,18,821.23,Express,05-03-2024
2268,Maria Nair,maria.nair68@hotmail.com,5079 King Street,Singapore,Alberta,Canada,V8C 2A3,1.386555,103.848468,Corporate,Silver,72,6718.42,17-07-2020,45,7266.43,Overnight,23-02-2024
2269,Sophia Smith,sophia.smith69@icloud.com,8614 Lake View Rd,Toronto,Illinois,USA,58989,43.652349,-79.385792,SME,,58,35681.26,10-05-2020,11,421.86,International Priority,13-06-2024
2270,Mohammed Khan,mohammed.khan70@gmail.com,6630 Victoria Road,London,West Region,Singapore,331056,51.555225,-0.098507,Individual,Silver,69,39514.8,09-04-2019,30,1241,Overnight,01-02-2024
2271,Emma Anderson,emma.anderson71@outlook.com,4007 Hillcrest Ave,Toronto,Delhi,India,370660,43.612576,-79.385721,SME,Gold,59,10395.67,25-10-2020,40,217.61,Standard,10-09-2024
2272,Arjun Rossi,arjun.rossi72@yahoo.com,4214 Maple Road,Toronto,West Region,Singapore,246698,43.685177,-79.406834,Corporate,Silver,66,2960.57,20-12-2019,33,7944.85,Standard,23-10-2024
2273,David Mehta,david.mehta73@hotmail.com,2833 King Street,New York,Karnataka,India,484855,40.718121,-74.017114,SME,,83,14758.04,04-02-2021,5,1858.99,Express,22-04-2024
2274,Mohammed Kim,mohammed.kim74@icloud.com,1094 Park Avenue,Mumbai,Hamburg,Germany,78165,19.095458,72.856943,SME,Bronze,47,31681.22,15-03-2021,20,1906.53,International Priority,12-07-2024
2275,Elena Ali,elena.ali75@gmail.com,4908 Main St,Singapore,Quebec,Canada,H9B 1B2,1.358188,103.847483,Corporate,Bronze,89,3892.29,02-01-2024,12,6891.28,Express,17-09-2024
2276,Chen Tanaka,chen.tanaka76@outlook.com,5607 Victoria Road,Toronto,Abu Dhabi,UAE,55369,43.612785,-79.33646,Corporate,Gold,46,45123.26,10-03-2023,95,5675.02,Express,29-10-2024
2277,Ivan Dubois,ivan.dubois77@yahoo.com,8633 Sunset Blvd,Singapore,New South Wales,Australia,3415,1.339694,103.817872,SME,Gold,57,18040.36,13-12-2021,29,1069.9,Overnight,06-05-2024
2278,Mohammed Johnson,mohammed.johnson78@hotmail.com,9085 Maple Road,Sydney,West Region,Singapore,609840,-33.896723,151.196186,SME,Bronze,48,1300,11-05-2024,7,797.95,Express,19-05-2024
2279,Wei Das,wei.das79@icloud.com,6087 Maple Road,Toronto,East Region,Singapore,388638,43.630234,-79.357722,Individual,Silver,92,36748.79,01-10-2019,29,125.51,International Priority,08-02-2024
2280,James Chowdhury,james.chowdhury80@gmail.com,6761 Victoria Road,Berlin,Berlin,Germany,33243,52.52943,13.378836,Corporate,Gold,75,33891.32,29-01-2021,12,3229.1,Express,01-10-2024
2281,Ahmed Muller,ahmed.muller81@outlook.com,5400 Hillcrest Ave,Mumbai,Maharashtra,India,253795,19.087688,72.840245,SME,,85,41754.14,20-08-2023,83,3053.85,Express,04-09-2024
2282,Olivia Garcia,olivia.garcia82@yahoo.com,3753 Market Street,Berlin,Sharjah,UAE,12738,52.56807,13.435309,Corporate,Gold,61,28485.82,19-04-2020,46,5338.78,Express,18-11-2024
2283,Noah Muller,noah.muller83@hotmail.com,2347 Victoria Road,Singapore,Bavaria,Germany,26867,1.35907,103.819101,Individual,Silver,57,36958.47,12-06-2019,17,84.21,International Priority,08-05-2024
2284,Mia Lee,mia.lee84@icloud.com,8040 Park Avenue,Singapore,British Columbia,Canada,M2C 6B5,1.340313,103.82651,SME,Gold,64,40146.99,09-08-2021,37,1018.96,Standard,06-09-2024
2285,John Costa,john.costa85@gmail.com,2635 Sunset Blvd,Mumbai,Dubai,UAE,40637,19.032457,72.889731,SME,,99,31128.28,09-04-2021,66,759.33,Standard,28-06-2024
2286,Isabella Das,isabella.das86@outlook.com,2139 Hillcrest Ave,Singapore,Ontario,Canada,H6A 3C5,1.30316,103.783887,SME,,77,28971.76,26-08-2020,34,380.64,Standard,26-07-2024
2287,Anna Costa,anna.costa87@yahoo.com,6873 Park Avenue,Berlin,California,USA,63429,52.516474,13.393676,Corporate,,82,39577.03,15-05-2022,60,2302.63,Overnight,12-03-2024
2288,Ahmed Ali,ahmed.ali88@hotmail.com,2231 Victoria Road,Toronto,Wales,UK,EC1 2BB,43.685327,-79.391459,Individual,Silver,73,46367.33,29-06-2020,3,5585.71,Express,20-03-2024
2289,Mia Nguyen,mia.nguyen89@icloud.com,8736 Hillcrest Ave,Toronto,California,USA,79999,43.654567,-79.376237,Corporate,Silver,65,20727.51,20-05-2023,35,4313.96,Overnight,03-04-2024
2290,Amit Das,amit.das90@gmail.com,1688 Sunset Blvd,New York,Ontario,Canada,M1B 2A8,40.688651,-73.973628,SME,,84,25125.61,15-02-2019,26,1671.85,International Priority,03-07-2024
2291,Amit Singh,amit.singh91@outlook.com,4503 Hillcrest Ave,Sydney,East Region,Singapore,608143,-33.847392,151.188328,Individual,,46,16182.92,04-03-2023,88,2629.61,Standard,20-07-2024
2292,Ahmed Rossi,ahmed.rossi92@yahoo.com,9033 Oak Street,Singapore,Sharjah,UAE,88911,1.324529,103.796855,SME,Silver,76,36685.52,03-09-2019,7,1150,Express,09-08-2024
2293,Ivan Lopez,ivan.lopez93@hotmail.com,5080 Sunset Blvd,Berlin,Gujarat,India,718767,52.484397,13.375227,SME,Silver,87,40762.44,20-09-2024,5,1548.47,Express,24-12-2024
2294,Mia Anderson,mia.anderson94@icloud.com,3273 Market Street,Singapore,Victoria,Australia,6011,1.357601,103.816933,Corporate,Silver,49,4544.86,19-02-2019,118,6674.76,Express,28-03-2024
2295,Ahmed Garcia,ahmed.garcia95@gmail.com,7296 Park Avenue,Singapore,Maharashtra,India,352720,1.308114,103.828186,SME,Bronze,63,28509.62,06-04-2020,16,845.2,International Priority,01-08-2024
2296,Ahmed Petrov,ahmed.petrov96@outlook.com,8381 Oak Street,London,Abu Dhabi,UAE,1937,51.486797,-0.105405,Individual,Silver,62,40798.27,18-11-2024,58,840.62,Standard,14-05-2024
2297,Isabella Rossi,isabella.rossi97@yahoo.com,3811 Hillcrest Ave,New York,Illinois,USA,91242,40.719225,-74.023854,SME,,76,29485.28,25-12-2021,53,2258.11,Express,10-01-2024
2298,Emma Kim,emma.kim98@hotmail.com,7557 Main St,Berlin,Victoria,Australia,7195,52.537761,13.394578,SME,Bronze,62,30492.65,13-12-2024,25,346.89,Express,11-02-2024
2299,Amit Petrov,amit.petrov99@icloud.com,6173 Victoria Road,Berlin,Dubai,UAE,82671,52.558328,13.384347,Corporate,Silver,53,18434.09,06-02-2019,7,6748.19,Express,22-08-2024
2300,Ivan Mehta,ivan.mehta0@gmail.com,7737 Main St,Singapore,Ontario,Canada,T2C 5C7,1.3151,103.867176,Individual,,40,17908.08,27-05-2022,9,483.9,Express,16-07-2024
2301,Ahmed Muller,ahmed.muller1@outlook.com,4487 Sunset Blvd,New York,Central Region,Singapore,110914,40.680381,-74.028907,Corporate,Gold,67,48104.15,15-07-2020,50,7335.63,International Priority,23-09-2024
2302,Olivia Nair,olivia.nair2@yahoo.com,5837 King Street,Toronto,Tamil Nadu,India,578563,43.654673,-79.385659,SME,Bronze,45,40310.47,01-08-2022,27,243.51,International Priority,31-05-2024
2303,Maria Dubois,maria.dubois3@hotmail.com,6292 Park Avenue,Berlin,Quebec,Canada,V8A 1B1,52.502948,13.368752,Corporate,,95,38241.7,25-09-2021,109,2607.56,Standard,18-07-2024
2304,Noah Lopez,noah.lopez4@icloud.com,6814 Lake View Rd,Toronto,New South Wales,Australia,3993,43.673161,-79.36522,Corporate,Gold,80,40136.08,21-05-2024,75,2880.87,Express,19-12-2024
2305,Priya Anderson,priya.anderson5@gmail.com,5725 King Street,New York,Queensland,Australia,7200,40.703009,-74.035858,Corporate,,82,25104.26,24-05-2021,105,6638.9,Express,03-11-2024
2306,Wei Dubois,wei.dubois6@outlook.com,453 Park Avenue,Toronto,Karnataka,India,296668,43.679821,-79.416406,Corporate,Silver,50,21930.69,11-02-2021,56,627.01,Overnight,29-03-2024
2307,Priya Sharma,priya.sharma7@yahoo.com,7398 Park Avenue,Mumbai,Quebec,Canada,T1B 5A2,19.029363,72.892245,SME,Silver,87,4545.42,28-04-2024,31,1154.79,Standard,08-10-2024
2308,Ahmed Chowdhury,ahmed.chowdhury8@hotmail.com,3377 King Street,London,Berlin,Germany,30736,51.460946,-0.082945,SME,Gold,47,19327.38,13-05-2024,16,135.02,Overnight,09-12-2024
2309,Liam Brown,liam.brown9@icloud.com,7796 Main St,Dubai,Ontario,Canada,M8C 6B4,25.225928,55.253439,Individual,Silver,57,41896.2,14-05-2024,32,1314.85,Express,10-07-2024
2310,Yuki Petrov,yuki.petrov10@gmail.com,1689 Hillcrest Ave,Berlin,Victoria,Australia,7373,52.493848,13.372795,Corporate,,65,36144.87,27-05-2021,91,3451.34,Overnight,01-06-2024
2311,Daniel Tanaka,daniel.tanaka11@outlook.com,9684 Sunset Blvd,Sydney,British Columbia,Canada,T4B 2B6,-33.867538,151.213588,Corporate,Gold,97,43698.09,10-02-2020,10,100.14,Overnight,14-10-2024
2312,Sophia Nair,sophia.nair12@yahoo.com,9304 Lake View Rd,London,Central Region,Singapore,482363,51.490632,-0.077998,Individual,,78,37163.72,07-12-2020,13,1584.07,Overnight,19-08-2024
2313,Carlos Fernandez,carlos.fernandez13@hotmail.com,8353 Lake View Rd,Dubai,Abu Dhabi,UAE,4277,25.157371,55.250264,Corporate,,93,29785.31,08-05-2023,64,2760.66,Overnight,24-10-2024
2314,Raj Kim,raj.kim14@icloud.com,7718 Sunset Blvd,Toronto,Florida,USA,21113,43.611594,-79.395561,Individual,,54,7954.97,18-10-2019,52,6692.44,International Priority,27-07-2024
2315,John Fernandez,john.fernandez15@gmail.com,2396 Sunset Blvd,Berlin,East Region,Singapore,263968,52.514619,13.417724,SME,Silver,40,19814.28,21-08-2020,7,1130.6,Express,05-07-2024
2316,Fatima Chowdhury,fatima.chowdhury16@outlook.com,6055 Sunset Blvd,Toronto,Bavaria,Germany,88654,43.702402,-79.389707,Individual,Silver,81,15155.01,04-06-2020,48,1031.8,Express,22-03-2024
2317,Emma Anderson,emma.anderson17@yahoo.com,6116 Oak Street,Mumbai,England,UK,EC5 4AA,19.065445,72.872422,Corporate,,98,24611.4,19-09-2024,99,2466.73,Overnight,18-02-2024
2318,Emma Chowdhury,emma.chowdhury18@hotmail.com,1581 Main St,New York,Abu Dhabi,UAE,20901,40.719129,-73.97572,Individual,Bronze,81,34809.77,18-08-2020,3,552.87,Standard,01-09-2024
2319,Maria Das,maria.das19@icloud.com,2348 Park Avenue,Berlin,Illinois,USA,79322,52.525491,13.373072,SME,,80,6150.42,06-10-2019,39,937.76,Express,19-12-2024
2320,Sophia Rossi,sophia.rossi20@gmail.com,5812 Oak Street,Dubai,Scotland,UK,SE9 7BB,25.160641,55.287633,Corporate,,47,15592.9,10-05-2024,90,3813.1,International Priority,23-08-2024
2321,Noah Fernandez,noah.fernandez21@outlook.com,7809 Park Avenue,Dubai,Gujarat,India,589433,25.165308,55.317367,SME,Gold,79,40177.39,03-10-2024,3,691.26,Overnight,26-10-2024
2322,Mia Johnson,mia.johnson22@yahoo.com,3211 Victoria Road,Mumbai,England,UK,SE6 7BA,19.049374,72.882481,SME,,46,15422.89,25-10-2019,67,4700.41,Express,23-01-2024
2323,Lucas Tanaka,lucas.tanaka23@hotmail.com,9364 Park Avenue,Mumbai,Sharjah,UAE,52347,19.029744,72.860932,Individual,Silver,71,19693.5,05-11-2020,27,1761.86,Standard,27-10-2024
2324,Olivia Lee,olivia.lee24@icloud.com,5051 Victoria Road,Singapore,Quebec,Canada,H9C 4B4,1.36114,103.799388,SME,Gold,88,36127.54,08-10-2021,13,168.63,Express,26-12-2024
2325,Daniel Singh,daniel.singh25@gmail.com,9155 Hillcrest Ave,Berlin,Abu Dhabi,UAE,27039,52.473714,13.369281,Corporate,Bronze,97,27247.1,21-08-2023,84,1367.29,Overnight,05-12-2024
2326,Priya Nguyen,priya.nguyen26@outlook.com,1451 Main St,Toronto,Central Region,Singapore,258020,43.638207,-79.386794,SME,Gold,66,37967.33,21-01-2023,9,1631.44,International Priority,20-04-2024
2327,Michael Ibrahim,michael.ibrahim27@yahoo.com,3196 Lake View Rd,Sydney,England,UK,EC5 9AA,-33.832168,151.226048,SME,Bronze,65,10022.62,12-07-2021,12,1327.03,Express,22-12-2024
2328,Ivan Sharma,ivan.sharma28@hotmail.com,6623 King Street,Dubai,Queensland,Australia,5329,25.232932,55.282282,Individual,Gold,56,24796.28,11-12-2021,35,1610.03,Standard,22-09-2024
2329,Fatima Costa,fatima.costa29@icloud.com,9897 Hillcrest Ave,Dubai,Illinois,USA,76506,25.191626,55.289826,SME,Gold,98,14676.47,23-07-2023,26,1872.9,Standard,08-05-2024
2330,Yuki Kim,yuki.kim30@gmail.com,5466 Lake View Rd,Mumbai,New York,USA,56487,19.092113,72.871229,Individual,Bronze,68,44635.54,02-09-2019,3,1082.08,Overnight,20-03-2024
2331,Laura Garcia,laura.garcia31@outlook.com,9801 Main St,London,England,UK,SW2 1BB,51.525215,-0.127469,Individual,Silver,91,18038.67,04-11-2023,77,2592.17,Overnight,06-02-2024
2332,Noah Nair,noah.nair32@yahoo.com,5840 Hillcrest Ave,Mumbai,California,USA,14355,19.07486,72.84301,Corporate,Silver,91,39508.32,25-06-2019,85,1769.93,Standard,03-11-2024
2333,Raj Khan,raj.khan33@hotmail.com,257 King Street,Sydney,New South Wales,Australia,2550,-33.895037,151.226587,Corporate,Silver,60,34833.25,05-08-2022,37,649.9,Overnight,05-03-2024
2334,Carlos Nair,carlos.nair34@icloud.com,973 Park Avenue,Toronto,Dubai,UAE,99113,43.690499,-79.378066,Corporate,Gold,86,12399.1,05-06-2023,75,1243.25,Express,14-09-2024
2335,Fatima Muller,fatima.muller35@gmail.com,1285 Market Street,Toronto,Illinois,USA,49887,43.605421,-79.431558,Corporate,,61,9586.22,24-04-2019,32,1338.23,International Priority,30-12-2024
2336,Fatima Tanaka,fatima.tanaka36@outlook.com,5574 Maple Road,London,Scotland,UK,SE2 9BB,51.517748,-0.142565,Individual,Gold,100,9967.09,27-02-2021,117,6868.1,Standard,18-03-2024
2337,Lucas Anderson,lucas.anderson37@yahoo.com,6907 Victoria Road,Dubai,Hesse,Germany,17450,25.184885,55.258097,SME,,60,23897.85,11-03-2023,113,4841.32,Express,27-02-2024
2338,Liam Costa,liam.costa38@hotmail.com,4603 Maple Road,Mumbai,Hamburg,Germany,92350,19.107982,72.921339,Corporate,,98,49296.65,20-05-2023,110,6791.01,International Priority,18-10-2024
2339,Ivan Ibrahim,ivan.ibrahim39@icloud.com,9359 Maple Road,Singapore,Maharashtra,India,281546,1.335401,103.789509,Corporate,Silver,53,37589.72,17-01-2024,117,5169.35,International Priority,29-12-2024
2340,Arjun Ali,arjun.ali40@gmail.com,5797 Maple Road,Toronto,Central Region,Singapore,599514,43.618303,-79.366799,Corporate,,47,17673.05,09-07-2021,62,6774.5,International Priority,16-02-2024
2341,Fatima Das,fatima.das41@outlook.com,3288 Market Street,Sydney,Illinois,USA,39940,-33.85164,151.215673,SME,Gold,52,5915.88,05-06-2020,26,106.12,Standard,07-12-2024
2342,Raj Singh,raj.singh42@yahoo.com,8260 Lake View Rd,Berlin,West Region,Singapore,751628,52.472961,13.43498,Corporate,Gold,88,44317.01,17-05-2024,55,5950.12,International Priority,01-12-2024
2343,Raj Kim,raj.kim43@hotmail.com,1449 Main St,New York,Sharjah,UAE,16960,40.671103,-73.991383,SME,Silver,59,6572.83,18-09-2024,13,1420.25,Express,30-04-2024
2344,Arjun Dubois,arjun.dubois44@icloud.com,2654 Lake View Rd,New York,Wales,UK,NW7 8AB,40.724938,-74.041372,Individual,Bronze,60,28850.26,24-07-2023,8,1521.7,Overnight,23-10-2024
2345,Wei Mehta,wei.mehta45@gmail.com,5783 Oak Street,New York,Texas,USA,21685,40.721813,-73.958235,Individual,Gold,56,23627.92,06-10-2020,32,995.23,Overnight,06-08-2024
2346,Yuki Hassan,yuki.hassan46@outlook.com,6801 Maple Road,Singapore,Alberta,Canada,T7B 3B1,1.37046,103.854532,Individual,,76,26087.59,15-09-2021,37,621.78,Overnight,25-06-2024
2347,Ahmed Wang,ahmed.wang47@yahoo.com,2825 Main St,Dubai,Victoria,Australia,6162,25.186271,55.271173,SME,Gold,83,26151.02,05-11-2024,28,1354.52,Express,08-05-2024
2348,Arjun Nguyen,arjun.nguyen48@hotmail.com,7131 Hillcrest Ave,Mumbai,Florida,USA,77797,19.082457,72.915418,Corporate,Gold,56,3205.74,24-03-2022,55,1600.29,Express,27-02-2024
2349,Anna Singh,anna.singh49@icloud.com,3978 Hillcrest Ave,London,New York,USA,33036,51.540721,-0.092064,Corporate,Gold,71,29856.3,29-07-2024,27,4715.24,International Priority,14-06-2024
2350,Carlos Clark,carlos.clark50@gmail.com,295 Main St,Singapore,West Region,Singapore,349303,1.314184,103.821247,Corporate,Bronze,55,6465.46,04-11-2019,17,5449.38,Express,01-12-2024
2351,Michael Lopez,michael.lopez51@outlook.com,498 King Street,Singapore,Central Region,Singapore,248224,1.355205,103.84012,Corporate,,51,19066.79,08-11-2023,103,3436.83,Express,09-03-2024
2352,Isabella Ali,isabella.ali52@yahoo.com,338 Main St,Toronto,Hamburg,Germany,44708,43.644892,-79.368469,Corporate,Silver,100,22997.56,07-05-2019,88,5539.12,Overnight,03-11-2024
2353,Lucas Das,lucas.das53@hotmail.com,2119 Main St,Berlin,Victoria,Australia,7180,52.478226,13.429455,SME,Gold,99,18213.86,06-09-2023,9,112.22,Express,31-03-2024
2354,James Nair,james.nair54@icloud.com,4072 Lake View Rd,Singapore,England,UK,SW7 7BA,1.384519,103.845091,Individual,,97,43287.78,29-09-2019,40,61.23,Overnight,05-04-2024
2355,Ahmed Nair,ahmed.nair55@gmail.com,4004 Park Avenue,Sydney,California,USA,98003,-33.830417,151.226456,Corporate,,83,44575.48,14-12-2019,64,5541.26,Express,23-03-2024
2356,Anna Wang,anna.wang56@outlook.com,5681 Park Avenue,Berlin,Hamburg,Germany,68694,52.484356,13.444386,Individual,Silver,59,8453.48,19-08-2020,23,1013.22,Overnight,25-02-2024
2357,Anna Dubois,anna.dubois57@yahoo.com,4094 Sunset Blvd,Sydney,West Region,Singapore,614459,-33.865795,151.172373,SME,Gold,82,8622.86,13-06-2019,33,4206.16,Overnight,06-07-2024
2358,Raj Ibrahim,raj.ibrahim58@hotmail.com,2839 Maple Road,Dubai,Tamil Nadu,India,333313,25.19378,55.305036,SME,Bronze,77,23011.09,22-02-2023,19,894.53,Standard,13-05-2024
2359,Carlos Lopez,carlos.lopez59@icloud.com,5802 Main St,Mumbai,New South Wales,Australia,3216,19.070141,72.866081,Corporate,,85,48989.81,10-02-2022,26,3017.28,International Priority,08-12-2024
2360,Priya Wang,priya.wang60@gmail.com,7046 Oak Street,New York,Bavaria,Germany,42653,40.682939,-74.027154,SME,Silver,74,4944.89,30-05-2023,16,1518.63,Overnight,22-04-2024
2361,Yuki Rossi,yuki.rossi61@outlook.com,3720 Hillcrest Ave,Singapore,Hesse,Germany,74497,1.376685,103.773355,Individual,Bronze,91,43518.43,24-02-2022,36,247.19,Overnight,09-06-2024
2362,Arjun Brown,arjun.brown62@yahoo.com,6748 Hillcrest Ave,Mumbai,Sharjah,UAE,20575,19.094131,72.870263,Corporate,,59,33880.36,17-03-2024,70,6302.68,International Priority,03-10-2024
2363,Chen Anderson,chen.anderson63@hotmail.com,1233 Main St,Dubai,Berlin,Germany,43516,25.189098,55.304482,Corporate,Gold,73,19779.55,30-10-2022,69,1557.28,Express,30-05-2024
2364,Emma Ali,emma.ali64@icloud.com,701 Main St,London,Dubai,UAE,77513,51.50438,-0.121351,Individual,,74,1947.55,28-05-2022,15,110.54,Overnight,16-10-2024
2365,Noah Martin,noah.martin65@gmail.com,5797 Main St,London,California,USA,31585,51.537497,-0.152727,Corporate,Bronze,66,40617.5,01-01-2025,27,4602.63,Standard,26-09-2024
2366,Ivan Lee,ivan.lee66@outlook.com,5036 Market Street,Dubai,New York,USA,89226,25.18651,55.233522,Corporate,Bronze,96,40756.89,01-09-2022,67,1675.63,Overnight,28-06-2024
2367,Lucas Rossi,lucas.rossi67@yahoo.com,5662 Hillcrest Ave,Sydney,Central Region,Singapore,273742,-33.878347,151.232555,Individual,Gold,77,34580.73,16-06-2022,17,1435.97,Overnight,13-04-2024
2368,Daniel Khan,daniel.khan68@hotmail.com,6804 Sunset Blvd,Toronto,Maharashtra,India,790798,43.613597,-79.38332,Corporate,Gold,81,3477.79,08-04-2024,27,5533.11,International Priority,03-03-2024
2369,Daniel Nair,daniel.nair69@icloud.com,3852 Maple Road,Toronto,Alberta,Canada,M4A 3B1,43.65463,-79.410281,Corporate,Silver,83,6317.61,25-09-2024,55,1759.15,Overnight,08-07-2024
2370,Mohammed Chowdhury,mohammed.chowdhury70@gmail.com,7364 Oak Street,Sydney,Alberta,Canada,K2C 7C5,-33.912321,151.231789,Individual,Gold,91,15814.66,20-06-2024,21,1798.44,Overnight,04-05-2024
2371,Lucas Hassan,lucas.hassan71@outlook.com,6429 Oak Street,London,Quebec,Canada,K1B 7C3,51.502361,-0.165577,SME,Silver,90,48807.45,01-05-2023,100,2834.11,International Priority,03-03-2024
2372,Elena Costa,elena.costa72@yahoo.com,4871 Maple Road,London,Central Region,Singapore,569556,51.484627,-0.150338,Individual,Bronze,57,2692.74,16-07-2020,29,1587.06,International Priority,12-02-2024
2373,Maria Garcia,maria.garcia73@hotmail.com,3264 Market Street,Singapore,Sharjah,UAE,33068,1.343972,103.783898,Corporate,Bronze,86,42608.16,06-04-2024,7,1760.47,Overnight,07-10-2024
2374,Amit Mehta,amit.mehta74@icloud.com,7046 Sunset Blvd,London,Central Region,Singapore,488932,51.474544,-0.128276,Individual,,55,32864.02,12-10-2022,25,1574.74,Standard,23-05-2024
2375,Yuki Anderson,yuki.anderson75@gmail.com,6718 Oak Street,Mumbai,Victoria,Australia,2221,19.117806,72.897216,Corporate,,85,13289.26,08-01-2020,85,4160.49,Overnight,04-09-2024
2376,Isabella Smith,isabella.smith76@outlook.com,8602 Maple Road,London,Victoria,Australia,5001,51.525942,-0.116664,Corporate,Silver,65,4473.75,28-06-2024,98,2506.14,Overnight,29-09-2024
2377,Amit Clark,amit.clark77@yahoo.com,8340 Victoria Road,Berlin,Karnataka,India,536420,52.504486,13.416136,Individual,Gold,97,44080.31,03-11-2022,24,1117.13,Overnight,26-10-2024
2378,Priya Johnson,priya.johnson78@hotmail.com,2396 Sunset Blvd,Singapore,Victoria,Australia,7059,1.312084,103.825749,Corporate,Gold,84,35517.38,22-12-2024,29,5512.14,Express,13-05-2024
2379,Isabella Dubois,isabella.dubois79@icloud.com,9627 Market Street,New York,British Columbia,Canada,T9A 7A7,40.695713,-74.019372,SME,,81,41550.69,18-10-2024,91,7540.17,International Priority,20-05-2024
2380,James Kim,james.kim80@gmail.com,7186 Hillcrest Ave,London,Quebec,Canada,H2A 5A9,51.54381,-0.105354,Corporate,Bronze,70,6478.64,15-09-2019,91,7580.93,Standard,07-12-2024
2381,Emma Tanaka,emma.tanaka81@outlook.com,7928 King Street,Sydney,West Region,Singapore,174043,-33.887635,151.163725,Individual,Silver,52,35479.52,27-10-2021,26,1652.44,Overnight,20-07-2024
2382,Laura Khan,laura.khan82@yahoo.com,4141 King Street,New York,Bavaria,Germany,30466,40.703485,-74.026667,SME,Bronze,43,47233.21,03-01-2022,6,1070.39,Standard,20-10-2024
2383,Michael Mehta,michael.mehta83@hotmail.com,9512 King Street,Mumbai,Queensland,Australia,4776,19.026969,72.842338,SME,Bronze,40,37055.48,16-01-2022,11,738.32,Overnight,07-07-2024
2384,Olivia Johnson,olivia.johnson84@icloud.com,4043 Hillcrest Ave,Sydney,West Region,Singapore,687601,-33.85479,151.182037,Corporate,Gold,77,19477.62,29-03-2022,74,1009.18,Express,24-06-2024
2385,Priya Clark,priya.clark85@gmail.com,1011 Maple Road,New York,Illinois,USA,16166,40.698856,-74.001815,Individual,Silver,70,7338.14,04-10-2024,81,3117.32,Standard,29-08-2024
2386,Michael Singh,michael.singh86@outlook.com,4170 Sunset Blvd,Sydney,Illinois,USA,34301,-33.852457,151.242202,Corporate,Bronze,90,5972.8,22-07-2021,96,4989.68,Overnight,29-08-2024
2387,Wei Mehta,wei.mehta87@yahoo.com,6119 Park Avenue,Mumbai,Hamburg,Germany,51948,19.026478,72.863079,Corporate,,46,16505.36,06-07-2022,93,4007.59,Express,04-02-2024
2388,Sophia Singh,sophia.singh88@hotmail.com,9022 Maple Road,Singapore,Hamburg,Germany,61370,1.348748,103.803181,Individual,,90,19855.41,20-08-2022,68,2939.5,Standard,19-10-2024
2389,Wei Lopez,wei.lopez89@icloud.com,4296 King Street,Berlin,Hesse,Germany,32180,52.484247,13.425103,Individual,Gold,88,13556.42,07-09-2021,20,933.56,Standard,27-04-2024
2390,Elena Hassan,elena.hassan90@gmail.com,1022 Main St,Mumbai,Central Region,Singapore,187419,19.094627,72.891587,Corporate,,92,48028.1,22-02-2021,65,3839.49,Overnight,28-07-2024
2391,Raj Johnson,raj.johnson91@outlook.com,2590 Lake View Rd,Mumbai,California,USA,88585,19.092623,72.863583,SME,,52,39875.85,28-11-2022,60,3814.54,Standard,24-10-2024
2392,Maria Patel,maria.patel92@yahoo.com,8734 King Street,Sydney,Alberta,Canada,K5B 7A5,-33.888386,151.189366,Corporate,Bronze,59,29914.5,08-06-2022,95,4127.33,Express,10-12-2024
2393,Raj Lee,raj.lee93@hotmail.com,8264 Park Avenue,Singapore,Hamburg,Germany,48936,1.361836,103.855184,SME,,79,35413.81,24-02-2021,28,6595.88,Standard,27-08-2024
2394,Anna Tanaka,anna.tanaka94@icloud.com,1781 Park Avenue,Dubai,Maharashtra,India,171127,25.236411,55.311274,Corporate,,52,30438.44,04-10-2022,62,7965.24,Express,28-03-2024
2395,Ahmed Muller,ahmed.muller95@gmail.com,2287 King Street,Toronto,Abu Dhabi,UAE,38970,43.666083,-79.407746,Individual,Bronze,60,38942.61,21-10-2024,13,1752.85,Overnight,25-10-2024
2396,Chen Mehta,chen.mehta96@outlook.com,5484 Market Street,London,West Region,Singapore,254285,51.551157,-0.156291,SME,Gold,96,38023.72,13-08-2023,38,2147.22,Standard,27-09-2024
2397,Wei Tanaka,wei.tanaka97@yahoo.com,4896 Oak Street,London,Hesse,Germany,44910,51.506808,-0.142617,Individual,Gold,87,45533.91,14-02-2022,8,609.29,Standard,03-08-2024
2398,Amit Smith,amit.smith98@hotmail.com,6217 Sunset Blvd,Berlin,Abu Dhabi,UAE,14228,52.561825,13.390725,Individual,Silver,97,43066.52,16-12-2021,29,971.94,Overnight,16-08-2024
2399,Emma Ali,emma.ali99@icloud.com,1842 Oak Street,Berlin,England,UK,NW3 7BA,52.525753,13.406654,Individual,,88,33117.33,03-10-2023,29,625.34,International Priority,06-04-2024
2400,Wei Khan,wei.khan0@gmail.com,4916 Lake View Rd,London,Hesse,Germany,59179,51.489123,-0.093633,Individual,Bronze,50,2217.72,10-02-2021,34,4508.09,International Priority,30-09-2024
2401,Daniel Muller,daniel.muller1@outlook.com,9722 King Street,Toronto,Florida,USA,30312,43.663195,-79.350698,Individual,Silver,55,9627.87,24-07-2020,21,960.56,Standard,27-06-2024
2402,David Ibrahim,david.ibrahim2@yahoo.com,8325 King Street,London,New South Wales,Australia,5460,51.517597,-0.123301,Corporate,Gold,85,15429.25,23-04-2022,84,1490.27,Express,15-09-2024
2403,Isabella Smith,isabella.smith3@hotmail.com,3637 Sunset Blvd,Dubai,Berlin,Germany,19218,25.195868,55.23157,SME,Gold,91,46534.41,17-02-2021,17,1291.86,Express,06-06-2024
2404,James Tanaka,james.tanaka4@icloud.com,142 Market Street,Toronto,Central Region,Singapore,514328,43.634818,-79.412823,Corporate,Bronze,71,22223.78,20-01-2023,73,3719.31,Express,22-12-2024
2405,Lucas Anderson,lucas.anderson5@gmail.com,3475 Oak Street,Berlin,Victoria,Australia,2448,52.558848,13.37826,Corporate,Silver,78,37220.16,08-08-2022,47,2108.6,Express,05-02-2024
2406,Amit Nair,amit.nair6@outlook.com,7530 Market Street,New York,England,UK,NW7 5AB,40.70855,-74.011247,Corporate,Silver,95,34033.76,17-04-2021,40,3268.45,International Priority,04-09-2024
2407,Chen Tanaka,chen.tanaka7@yahoo.com,4250 Oak Street,Sydney,Delhi,India,137933,-33.910812,151.210643,Individual,Bronze,41,10047.59,10-03-2024,31,485.5,Express,21-01-2024
2408,Fatima Ali,fatima.ali8@hotmail.com,6922 Hillcrest Ave,Dubai,New South Wales,Australia,7891,25.202143,55.285115,Corporate,Bronze,57,25099.36,31-10-2024,75,7148.68,Standard,03-09-2024
2409,Wei Muller,wei.muller9@icloud.com,1897 Sunset Blvd,Dubai,Sharjah,UAE,3548,25.243855,55.266937,SME,Silver,89,28223.85,11-12-2020,11,5384.54,International Priority,29-06-2024
2410,Arjun Wang,arjun.wang10@gmail.com,2377 Sunset Blvd,Singapore,British Columbia,Canada,K3B 8B7,1.353473,103.801288,Corporate,Gold,44,6822.61,25-04-2020,89,6304.21,Standard,14-05-2024
2411,Anna Chowdhury,anna.chowdhury11@outlook.com,95 Sunset Blvd,Berlin,Bavaria,Germany,11339,52.558313,13.418344,Individual,,63,15107.75,08-04-2022,31,1917.36,Overnight,20-12-2024
2412,Amit Sharma,amit.sharma12@yahoo.com,3124 Maple Road,Berlin,Wales,UK,NW4 2AB,52.557557,13.393201,SME,Gold,61,34532.65,08-10-2021,10,84.33,Standard,09-11-2024
2413,Lucas Lopez,lucas.lopez13@hotmail.com,3175 Hillcrest Ave,Mumbai,Wales,UK,W8 9AB,19.082906,72.919139,SME,Bronze,49,40014.34,22-04-2021,32,388.44,International Priority,02-03-2024
2414,Michael Lee,michael.lee14@icloud.com,4384 Market Street,Dubai,New South Wales,Australia,5786,25.240096,55.246308,SME,Silver,98,17093.5,13-10-2022,22,1351.08,Express,22-11-2024
2415,Fatima Patel,fatima.patel15@gmail.com,6879 Sunset Blvd,Mumbai,Karnataka,India,407690,19.114737,72.879991,SME,Silver,47,36172.77,19-01-2021,2,1081.71,Overnight,23-05-2024
2416,Ahmed Anderson,ahmed.anderson16@outlook.com,4906 Oak Street,Mumbai,Illinois,USA,72618,19.072674,72.893746,Corporate,,98,31081.01,28-07-2024,109,5254.2,Standard,24-12-2024
2417,Ahmed Nair,ahmed.nair17@yahoo.com,955 Market Street,Sydney,Hamburg,Germany,59315,-33.829167,151.257568,Individual,Silver,93,18987.58,16-03-2023,64,1567.66,International Priority,01-04-2024
2418,Fatima Mehta,fatima.mehta18@hotmail.com,7767 Market Street,Mumbai,Scotland,UK,SE4 8BB,19.075759,72.897541,SME,,100,7226.01,03-10-2021,34,509.91,Standard,22-06-2024
2419,Elena Khan,elena.khan19@icloud.com,9927 Maple Road,Toronto,Delhi,India,614903,43.623979,-79.418531,SME,Gold,51,27789.37,24-05-2023,18,967.88,International Priority,30-12-2024
2420,Wei Nguyen,wei.nguyen20@gmail.com,6255 Market Street,London,Quebec,Canada,V5C 3B3,51.522152,-0.16581,Individual,Gold,41,19103.08,06-06-2024,28,157.68,Overnight,30-10-2024
2421,Daniel Smith,daniel.smith21@outlook.com,4884 Hillcrest Ave,New York,Wales,UK,SE9 5AA,40.74645,-74.035628,Corporate,Silver,72,2669.69,13-01-2022,51,6135.57,Express,03-08-2024
2422,Sara Mehta,sara.mehta22@yahoo.com,8035 Sunset Blvd,Berlin,Gujarat,India,294721,52.480459,13.414716,SME,Silver,94,23430.51,24-02-2024,9,1020.13,Express,11-09-2024
2423,John Dubois,john.dubois23@hotmail.com,6722 Hillcrest Ave,Toronto,East Region,Singapore,664984,43.671981,-79.412391,Corporate,Bronze,75,21878.35,30-10-2022,30,951.69,Express,11-07-2024
2424,Sophia Petrov,sophia.petrov24@icloud.com,287 Lake View Rd,New York,Texas,USA,97439,40.668,-74.030038,Corporate,Bronze,51,29439.43,22-08-2020,107,6762.32,Overnight,23-02-2024
2425,Emma Mehta,emma.mehta25@gmail.com,9463 Park Avenue,Dubai,New York,USA,74430,25.201618,55.239408,Corporate,Silver,45,25618.27,09-11-2021,18,762.3,Overnight,24-08-2024
2426,Anna Khan,anna.khan26@outlook.com,7573 Lake View Rd,Dubai,Wales,UK,SE2 3AB,25.165855,55.314965,Corporate,Silver,77,45956.38,23-10-2019,2,2063.46,International Priority,14-02-2024
2427,Laura Kim,laura.kim27@yahoo.com,4630 Victoria Road,Dubai,Abu Dhabi,UAE,55923,25.167744,55.28126,SME,Gold,72,20189.17,31-10-2021,17,4189.41,Standard,08-10-2024
2428,Sara Ibrahim,sara.ibrahim28@hotmail.com,6673 Market Street,Toronto,England,UK,EC3 5BB,43.608101,-79.403207,SME,Silver,65,44308.94,24-05-2020,38,800.17,Standard,11-05-2024
2429,Isabella Nair,isabella.nair29@icloud.com,200 Main St,Toronto,Victoria,Australia,5672,43.608676,-79.427404,Corporate,Bronze,55,23186.58,23-03-2023,46,5810.54,International Priority,01-11-2024
2430,Emma Wang,emma.wang30@gmail.com,4829 Victoria Road,Berlin,Hesse,Germany,89857,52.508935,13.363446,Corporate,Gold,46,12761.07,30-05-2023,67,4909.18,International Priority,26-12-2024
2431,Michael Sharma,michael.sharma31@outlook.com,4987 Maple Road,London,Tamil Nadu,India,704795,51.473943,-0.17752,Individual,,95,24418.78,14-01-2019,15,1128.16,International Priority,28-09-2024
2432,Fatima Costa,fatima.costa32@yahoo.com,3583 Hillcrest Ave,Singapore,Wales,UK,W5 9AA,1.39536,103.788194,Individual,Bronze,92,14149.68,30-09-2019,31,688.29,Standard,02-01-2024
2433,Amit Das,amit.das33@hotmail.com,9939 Hillcrest Ave,Mumbai,Bavaria,Germany,86392,19.057761,72.841574,Individual,Bronze,59,38058.38,12-02-2021,29,674.47,Express,23-05-2024
2434,Anna Patel,anna.patel34@icloud.com,7030 Oak Street,Dubai,New South Wales,Australia,4552,25.198367,55.254553,SME,Gold,100,46694.78,09-11-2021,97,5217.52,Overnight,07-09-2024
2435,Sophia Kim,sophia.kim35@gmail.com,2392 Sunset Blvd,Sydney,West Region,Singapore,138990,-33.837703,151.252151,Individual,,66,49746.16,20-07-2024,5,5238.66,International Priority,06-08-2024
2436,Lucas Chowdhury,lucas.chowdhury36@outlook.com,8226 King Street,London,Central Region,Singapore,526826,51.480915,-0.104695,SME,Bronze,88,26169.03,06-02-2024,21,388.27,Express,12-04-2024
2437,Fatima Muller,fatima.muller37@yahoo.com,2056 Lake View Rd,Sydney,Berlin,Germany,82276,-33.828463,151.181916,SME,Silver,43,24462.32,08-02-2022,16,1039.85,International Priority,19-11-2024
2438,Noah Mehta,noah.mehta38@hotmail.com,4573 Park Avenue,Berlin,England,UK,EC3 8BA,52.476819,13.402732,SME,Bronze,85,13599.68,24-09-2024,39,1456.55,Overnight,09-04-2024
2439,Wei Muller,wei.muller39@icloud.com,3044 Sunset Blvd,Berlin,Texas,USA,62650,52.54729,13.39795,SME,Gold,76,37244.72,19-09-2023,14,193.3,International Priority,01-12-2024
2440,Mia Fernandez,mia.fernandez40@gmail.com,1786 Maple Road,Berlin,Gujarat,India,204644,52.525653,13.377998,Individual,Gold,43,27424.83,26-03-2021,2,1485.02,Overnight,17-07-2024
2441,Sara Petrov,sara.petrov41@outlook.com,7030 Maple Road,New York,Tamil Nadu,India,121208,40.712503,-73.985401,Corporate,Gold,40,42021.98,24-12-2021,76,3839.36,Overnight,09-02-2024
2442,Sara Lee,sara.lee42@yahoo.com,1584 Lake View Rd,Sydney,Central Region,Singapore,408593,-33.909656,151.251624,Corporate,Bronze,50,14897.48,28-07-2019,72,4644.94,Standard,15-04-2024
2443,Ahmed Tanaka,ahmed.tanaka43@hotmail.com,7535 Main St,London,Central Region,Singapore,138605,51.553312,-0.118876,Corporate,,75,47003.65,18-10-2023,73,3221.89,Standard,18-04-2024
2444,James Nair,james.nair44@icloud.com,8846 Lake View Rd,Singapore,Texas,USA,83272,1.385343,103.787309,Individual,Silver,71,2107.2,28-06-2024,7,513.77,Standard,11-05-2024
2445,Priya Ibrahim,priya.ibrahim45@gmail.com,5452 Lake View Rd,London,Sharjah,UAE,55756,51.489241,-0.170694,Corporate,Gold,44,23701.98,18-03-2020,22,5912.16,Overnight,11-05-2024
2446,Michael Lee,michael.lee46@outlook.com,2897 Maple Road,Toronto,England,UK,SE4 3BA,43.62961,-79.361436,Individual,,64,10149.71,05-05-2024,28,223.05,Standard,27-11-2024
2447,Emma Nguyen,emma.nguyen47@yahoo.com,8450 Lake View Rd,Toronto,East Region,Singapore,646527,43.626534,-79.416193,Individual,Silver,59,46828.35,26-11-2023,5,1739.32,Standard,25-02-2024
2448,Sara Nguyen,sara.nguyen48@hotmail.com,5980 Oak Street,Dubai,Central Region,Singapore,511835,25.198761,55.256694,Individual,Gold,92,47029.59,04-05-2023,21,1717.44,Overnight,13-09-2024
2449,Emma Petrov,emma.petrov49@icloud.com,913 Sunset Blvd,Singapore,Central Region,Singapore,627761,1.303527,103.827688,Corporate,Silver,48,33005.83,06-07-2022,86,524.54,Standard,03-09-2024
2450,Arjun Lee,arjun.lee50@gmail.com,5699 Oak Street,Toronto,Karnataka,India,389052,43.666421,-79.429538,Corporate,Silver,58,28613.72,04-05-2020,70,7016.93,Express,04-10-2024
2451,Raj Garcia,raj.garcia51@outlook.com,2592 Park Avenue,Berlin,Wales,UK,W2 1BB,52.495462,13.385322,Corporate,,52,19413.28,26-07-2020,10,6749.5,International Priority,18-07-2024
2452,Yuki Hassan,yuki.hassan52@yahoo.com,1739 King Street,London,Queensland,Australia,3308,51.460629,-0.166119,SME,Silver,67,15474.32,11-01-2021,26,699.38,Express,14-10-2024
2453,Yuki Muller,yuki.muller53@hotmail.com,4573 Park Avenue,Sydney,England,UK,NW8 2BB,-33.887706,151.196073,Individual,Gold,99,34833.94,18-05-2020,15,654.26,Overnight,10-09-2024
2454,Mohammed Patel,mohammed.patel54@icloud.com,8762 Market Street,Berlin,Berlin,Germany,55536,52.533674,13.440977,SME,,50,34338.05,20-01-2023,38,1390.65,Overnight,14-01-2024
2455,Amit Muller,amit.muller55@gmail.com,1427 Lake View Rd,New York,New York,USA,61332,40.757693,-73.967472,Individual,Bronze,83,40879.05,12-08-2019,11,464.53,Overnight,17-08-2024
2456,Mohammed Mehta,mohammed.mehta56@outlook.com,8838 Maple Road,Toronto,Dubai,UAE,80696,43.693003,-79.416718,Corporate,Bronze,92,24370.49,18-06-2019,96,264.81,Standard,10-10-2024
2457,Sara Wang,sara.wang57@yahoo.com,5448 Park Avenue,Berlin,West Region,Singapore,303666,52.498413,13.372232,Individual,,58,4282.54,15-10-2019,27,783.26,International Priority,18-05-2024
2458,David Hassan,david.hassan58@hotmail.com,1313 Lake View Rd,Berlin,West Region,Singapore,759479,52.470166,13.378439,Individual,Bronze,58,29862.24,10-02-2022,34,1675.27,Express,25-11-2024
2459,James Lopez,james.lopez59@icloud.com,4817 Lake View Rd,New York,Wales,UK,W7 6AA,40.675266,-73.976851,SME,Silver,42,5308.57,16-03-2020,23,605.04,Overnight,20-06-2024
2460,Laura Martin,laura.martin60@gmail.com,6498 Sunset Blvd,Mumbai,Dubai,UAE,23902,19.043307,72.887896,Individual,Gold,93,31788.04,01-01-2025,1,426.38,International Priority,14-10-2024
2461,Fatima Patel,fatima.patel61@outlook.com,8507 Victoria Road,London,East Region,Singapore,126858,51.51246,-0.165588,Corporate,Silver,53,35368.14,04-01-2022,103,6482.04,Express,26-04-2024
2462,Priya Anderson,priya.anderson62@yahoo.com,9664 Maple Road,Sydney,Sharjah,UAE,44077,-33.911267,151.196309,Individual,,52,46007.71,05-06-2020,15,609.82,Standard,10-08-2024
2463,Daniel Kim,daniel.kim63@hotmail.com,4530 Victoria Road,Dubai,Queensland,Australia,4153,25.230064,55.265231,Individual,Gold,50,9074.97,28-01-2020,71,7434.83,Standard,20-03-2024
2464,Sophia Rossi,sophia.rossi64@icloud.com,7379 Main St,Mumbai,Quebec,Canada,M6A 9A8,19.049189,72.85651,Individual,,100,34228.65,30-09-2023,19,1783.35,Overnight,11-07-2024
2465,Elena Johnson,elena.johnson65@gmail.com,1771 Park Avenue,Toronto,California,USA,75689,43.690415,-79.363212,SME,,89,33436.45,19-04-2021,30,392.75,Standard,16-12-2024
2466,Ahmed Ali,ahmed.ali66@outlook.com,1314 King Street,Berlin,Sharjah,UAE,55192,52.521514,13.435299,Individual,,76,29557.32,13-06-2019,26,2377.8,Standard,16-10-2024
2467,Ahmed Wang,ahmed.wang67@yahoo.com,6419 Sunset Blvd,Singapore,Tamil Nadu,India,423928,1.326276,103.828487,Individual,Silver,87,29748.03,03-09-2019,25,887.82,International Priority,05-05-2024
2468,James Das,james.das68@hotmail.com,5184 Market Street,New York,Hesse,Germany,70892,40.69474,-74.004543,SME,Gold,65,31665.09,10-02-2019,27,961.25,Overnight,05-05-2024
2469,Wei Smith,wei.smith69@icloud.com,304 Lake View Rd,New York,Karnataka,India,616947,40.699914,-73.967918,SME,Gold,40,41622.45,01-04-2020,31,1207.34,Standard,03-07-2024
2470,Noah Brown,noah.brown70@gmail.com,2088 Park Avenue,Singapore,East Region,Singapore,108130,1.33705,103.775327,SME,Gold,100,24535.79,14-10-2022,17,1301.55,Overnight,22-10-2024
2471,Maria Clark,maria.clark71@outlook.com,7317 Park Avenue,London,New South Wales,Australia,2930,51.529752,-0.143879,SME,Silver,99,38149.59,09-02-2022,27,807.1,International Priority,29-07-2024
2472,Maria Chowdhury,maria.chowdhury72@yahoo.com,9021 Maple Road,Mumbai,Victoria,Australia,5443,19.069662,72.855825,Corporate,Bronze,51,18710.57,10-03-2022,109,611.13,Overnight,28-04-2024
2473,Arjun Nguyen,arjun.nguyen73@hotmail.com,7477 King Street,Dubai,Karnataka,India,719497,25.171002,55.221267,Corporate,Silver,92,16982.85,27-10-2023,75,5870.13,Express,19-12-2024
2474,Olivia Mehta,olivia.mehta74@icloud.com,2009 Maple Road,London,Florida,USA,59194,51.541472,-0.092925,Individual,Silver,53,42721.43,12-09-2021,35,365.56,Express,09-04-2024
2475,Carlos Nguyen,carlos.nguyen75@gmail.com,8184 Oak Street,Singapore,Delhi,India,255237,1.366302,103.774038,Corporate,,100,20169.52,02-08-2021,72,3471.51,Overnight,25-05-2024
2476,Ahmed Kim,ahmed.kim76@outlook.com,2964 Lake View Rd,Berlin,Scotland,UK,EC3 4AB,52.491834,13.360215,Individual,Gold,45,14206.93,21-06-2021,14,5535.18,Overnight,21-12-2024
2477,Chen Tanaka,chen.tanaka77@yahoo.com,9738 Sunset Blvd,Singapore,Central Region,Singapore,498763,1.325085,103.825291,Corporate,Gold,65,10988.11,28-12-2021,58,3826.05,Overnight,19-01-2024
2478,Arjun Wang,arjun.wang78@hotmail.com,7832 Hillcrest Ave,London,West Region,Singapore,231601,51.541134,-0.129871,SME,Bronze,78,26886.98,19-12-2022,77,4995.95,Standard,21-04-2024
2479,Raj Rossi,raj.rossi79@icloud.com,6278 Sunset Blvd,Sydney,Gujarat,India,625458,-33.860762,151.245924,SME,Bronze,60,16571.25,26-08-2021,34,707.79,Standard,09-11-2024
2480,Mia Fernandez,mia.fernandez80@gmail.com,6585 Hillcrest Ave,New York,Bavaria,Germany,13972,40.735425,-73.969942,Corporate,,66,17426.02,13-09-2020,85,1524.99,Express,31-12-2024
2481,Fatima Singh,fatima.singh81@outlook.com,3793 Sunset Blvd,New York,Hesse,Germany,62432,40.66443,-74.015779,Corporate,Gold,45,27430.8,05-04-2019,69,513.34,Express,08-08-2024
2482,Wei Lee,wei.lee82@yahoo.com,9400 Lake View Rd,Toronto,West Region,Singapore,489204,43.662713,-79.336465,Individual,Bronze,73,25387.25,21-07-2022,23,1968.19,Standard,03-03-2024
2483,Wei Nguyen,wei.nguyen83@hotmail.com,6519 King Street,Toronto,British Columbia,Canada,V9A 4B9,43.683902,-79.338557,Individual,Bronze,96,30443.23,19-06-2021,29,860.41,Standard,07-06-2024
2484,Laura Brown,laura.brown84@icloud.com,3587 Sunset Blvd,Singapore,Berlin,Germany,87712,1.346461,103.865345,Individual,Gold,88,14971.15,04-12-2020,38,402.46,International Priority,07-02-2024
2485,Yuki Khan,yuki.khan85@gmail.com,5516 Sunset Blvd,Dubai,Delhi,India,457134,25.2514,55.299834,SME,Silver,67,23177.71,19-04-2023,7,1661.82,Overnight,15-02-2024
2486,Mia Martin,mia.martin86@outlook.com,2859 Oak Street,Berlin,Berlin,Germany,60740,52.522905,13.439694,SME,Bronze,53,12354.18,12-04-2021,115,2990.49,Express,13-10-2024
2487,Arjun Das,arjun.das87@yahoo.com,5072 Main St,Sydney,West Region,Singapore,244282,-33.847387,151.249942,SME,Gold,77,41435.73,13-03-2019,17,459.24,Overnight,01-03-2024
2488,Raj Costa,raj.costa88@hotmail.com,3313 Lake View Rd,Mumbai,Illinois,USA,36432,19.094932,72.89017,SME,Bronze,54,38990.09,18-10-2020,28,1911.73,Express,28-01-2024
2489,Ivan Mehta,ivan.mehta89@icloud.com,82 Park Avenue,London,Sharjah,UAE,42960,51.506837,-0.083398,Individual,,89,3212.69,09-01-2020,31,1080.66,International Priority,16-01-2024
2490,Elena Mehta,elena.mehta90@gmail.com,7072 Lake View Rd,Dubai,Bavaria,Germany,48616,25.251948,55.252071,SME,Bronze,51,13234.7,09-01-2022,5,494.26,International Priority,05-07-2024
2491,Wei Lee,wei.lee91@outlook.com,3114 Hillcrest Ave,Berlin,Scotland,UK,SW6 2AB,52.502121,13.421362,SME,Gold,69,13090.44,14-06-2024,2,1199.03,Overnight,15-01-2024
2492,Carlos Kim,carlos.kim92@yahoo.com,7039 Victoria Road,Toronto,California,USA,87120,43.662823,-79.361347,SME,Bronze,61,33642.64,25-05-2020,6,1970.07,Standard,24-02-2024
2493,Anna Nair,anna.nair93@hotmail.com,4481 Lake View Rd,Singapore,Ontario,Canada,M5B 9C7,1.315116,103.816898,SME,,51,9823.98,27-01-2020,2,1937.28,Standard,18-12-2024
2494,Liam Garcia,liam.garcia94@icloud.com,9903 Park Avenue,London,Wales,UK,SW9 6BA,51.508525,-0.080131,Corporate,,79,36629.83,05-10-2021,26,5420.55,Overnight,20-05-2024
2495,Liam Wang,liam.wang95@gmail.com,8875 Market Street,Toronto,Tamil Nadu,India,254649,43.60442,-79.365722,Individual,Bronze,64,29022.68,23-07-2023,25,1007.69,Express,16-07-2024
2496,Laura Kim,laura.kim96@outlook.com,2610 Victoria Road,Singapore,Abu Dhabi,UAE,38026,1.358015,103.823289,Individual,Bronze,90,14690.28,24-06-2021,77,1972.08,Standard,30-06-2024
2497,Amit Dubois,amit.dubois97@yahoo.com,1384 King Street,London,Maharashtra,India,160359,51.499259,-0.135883,SME,,79,44625.21,18-09-2021,77,6894.35,International Priority,16-08-2024
2498,Sara Fernandez,sara.fernandez98@hotmail.com,1476 Maple Road,Mumbai,Dubai,UAE,44504,19.079405,72.892171,Corporate,,71,12905.74,26-02-2024,82,1638.34,International Priority,08-05-2024
2499,Maria Lee,maria.lee99@icloud.com,7860 Main St,Berlin,Dubai,UAE,5125,52.476885,13.435122,Individual,Silver,70,18173.24,09-11-2020,40,1851.31,International Priority,14-05-2024
2500,Elena Petrov,elena.petrov0@gmail.com,7037 Maple Road,London,Maharashtra,India,169950,51.460407,-0.086922,Individual,Silver,74,7570.56,11-12-2020,16,1583.86,Standard,20-08-2024
2501,Elena Petrov,elena.petrov1@outlook.com,6763 Hillcrest Ave,Sydney,Scotland,UK,NW6 2AA,-33.911916,151.190085,SME,,70,793.01,21-06-2021,1,459.09,Standard,11-05-2024
2502,John Sharma,john.sharma2@yahoo.com,4609 Hillcrest Ave,Dubai,England,UK,SE7 7AA,25.178173,55.283903,SME,Bronze,54,26935.6,18-02-2022,19,1654.65,International Priority,04-03-2024
2503,James Tanaka,james.tanaka3@hotmail.com,5921 Sunset Blvd,New York,Abu Dhabi,UAE,48942,40.687377,-74.030118,Individual,Gold,55,46992.7,15-03-2020,28,809.33,Express,02-12-2024
2504,Fatima Tanaka,fatima.tanaka4@icloud.com,2365 Lake View Rd,Sydney,Wales,UK,W9 1BA,-33.832032,151.248606,Individual,Bronze,97,8067.74,13-01-2019,13,3728.55,International Priority,17-07-2024
2505,James Johnson,james.johnson5@gmail.com,9920 Oak Street,Sydney,Sharjah,UAE,74549,-33.828584,151.204659,Corporate,Bronze,76,18262.6,05-09-2021,69,1350.44,Express,05-09-2024
2506,Mohammed Lopez,mohammed.lopez6@outlook.com,6038 Maple Road,Dubai,East Region,Singapore,263982,25.160722,55.260665,Individual,Silver,43,18781.65,17-06-2022,18,1650.02,International Priority,23-12-2024
2507,David Nguyen,david.nguyen7@yahoo.com,7059 Hillcrest Ave,New York,Abu Dhabi,UAE,84059,40.728605,-74.017168,Individual,Silver,81,21464.27,18-11-2023,1,1264.97,International Priority,17-11-2024
2508,Yuki Anderson,yuki.anderson8@hotmail.com,8962 Park Avenue,Sydney,Central Region,Singapore,373715,-33.834888,151.225997,SME,Silver,51,34133.6,03-05-2023,71,6201.52,International Priority,14-09-2024
2509,Anna Singh,anna.singh9@icloud.com,5802 Market Street,London,Florida,USA,37674,51.556016,-0.13705,Individual,,91,35761.34,02-01-2024,20,1604.72,Express,09-03-2024
2510,John Lopez,john.lopez10@gmail.com,1481 Lake View Rd,London,New South Wales,Australia,6744,51.520847,-0.157396,SME,,47,26134.41,24-05-2021,22,3381.75,Overnight,19-12-2024
2511,Fatima Petrov,fatima.petrov11@outlook.com,6344 Oak Street,London,Florida,USA,93846,51.479295,-0.133587,Individual,Bronze,45,4625.13,09-08-2021,12,1329.3,Overnight,06-05-2024
2512,Ahmed Nair,ahmed.nair12@yahoo.com,5460 Park Avenue,New York,Gujarat,India,794666,40.732188,-74.026709,Individual,Bronze,48,44749.4,16-02-2020,10,1513.9,Express,23-04-2024
2513,Noah Petrov,noah.petrov13@hotmail.com,450 Sunset Blvd,Sydney,Queensland,Australia,6127,-33.878251,151.20653,Individual,Gold,40,4459,02-12-2019,17,1168.97,Standard,18-03-2024
2514,Michael Sharma,michael.sharma14@icloud.com,8818 Maple Road,Singapore,Hamburg,Germany,21170,1.313709,103.817679,Corporate,Bronze,99,29326.46,01-08-2023,16,2277.06,International Priority,29-02-2024
2515,Ahmed Hassan,ahmed.hassan15@gmail.com,3890 Sunset Blvd,New York,Tamil Nadu,India,463248,40.743247,-74.03476,SME,Bronze,89,32182.32,25-12-2023,40,1764.21,Standard,18-03-2024
2516,James Martin,james.martin16@outlook.com,8083 Hillcrest Ave,London,Quebec,Canada,H9A 3A6,51.544667,-0.157178,Corporate,Silver,89,39974.09,18-12-2023,100,2606.45,Overnight,27-02-2024
2517,Yuki Kim,yuki.kim17@yahoo.com,3234 King Street,Dubai,Florida,USA,74109,25.207017,55.297135,Individual,Silver,69,21849.87,07-09-2020,5,958.12,Standard,23-01-2024
2518,Noah Nguyen,noah.nguyen18@hotmail.com,8422 Sunset Blvd,Sydney,England,UK,EC3 2AA,-33.865959,151.19999,Corporate,Silver,57,31221.77,24-04-2023,63,5237.63,Overnight,21-03-2024
2519,Wei Singh,wei.singh19@icloud.com,1802 King Street,Sydney,Texas,USA,63963,-33.909685,151.174454,SME,Silver,48,46522.91,07-04-2023,2,111.87,Overnight,27-09-2024
2520,Carlos Das,carlos.das20@gmail.com,7997 Park Avenue,Toronto,Scotland,UK,W7 7AA,43.647152,-79.409558,Individual,Silver,44,20651.48,05-04-2019,5,3508.66,Overnight,15-05-2024
2521,Raj Wang,raj.wang21@outlook.com,924 Market Street,Toronto,Victoria,Australia,3316,43.698002,-79.423968,Corporate,Gold,44,19846.81,17-01-2022,65,3909.52,Overnight,10-09-2024
2522,Mohammed Dubois,mohammed.dubois22@yahoo.com,3250 Main St,Mumbai,Quebec,Canada,H3C 2B9,19.089772,72.901451,Corporate,Gold,92,11266.32,20-04-2021,76,5159.53,Standard,29-10-2024
2523,David Lopez,david.lopez23@hotmail.com,3685 King Street,Singapore,New South Wales,Australia,6964,1.393814,103.819442,SME,Gold,87,32716.53,06-07-2024,6,1586.1,International Priority,23-09-2024
2524,Maria Ali,maria.ali24@icloud.com,7243 Lake View Rd,Singapore,Alberta,Canada,K6B 2C8,1.339454,103.813615,Corporate,Silver,41,18256.34,24-11-2023,44,2235.14,Express,13-10-2024
2525,Priya Das,priya.das25@gmail.com,2806 Lake View Rd,Berlin,Illinois,USA,82342,52.486442,13.401574,SME,,49,32872.14,16-11-2024,7,219.15,Express,29-07-2024
2526,John Lopez,john.lopez26@outlook.com,966 Lake View Rd,Singapore,Wales,UK,EC6 5AB,1.398039,103.844888,Individual,Silver,96,39384.86,03-11-2022,3,1805,International Priority,06-03-2024
2527,John Singh,john.singh27@yahoo.com,220 Hillcrest Ave,Toronto,Queensland,Australia,5145,43.703017,-79.408763,Individual,Silver,65,39175.06,12-08-2022,23,1975.34,Standard,05-06-2024
2528,Ahmed Sharma,ahmed.sharma28@hotmail.com,3479 Maple Road,New York,Alberta,Canada,M2B 4C4,40.679513,-74.006019,Corporate,Gold,80,19266.79,26-03-2019,53,2238.49,International Priority,22-07-2024
2529,Michael Das,michael.das29@icloud.com,5620 Maple Road,Singapore,Abu Dhabi,UAE,29171,1.317733,103.8107,Individual,Silver,100,30474.73,06-08-2024,31,1637.5,International Priority,13-03-2024
2530,Elena Petrov,elena.petrov30@gmail.com,4913 Market Street,Toronto,Karnataka,India,506207,43.626211,-79.418182,Individual,Gold,94,21637.22,09-09-2024,37,500.61,Overnight,14-10-2024
2531,Amit Muller,amit.muller31@outlook.com,6061 Market Street,Mumbai,Maharashtra,India,517499,19.121383,72.885541,Corporate,Silver,44,24747.26,08-05-2023,106,3446.28,Overnight,21-05-2024
2532,Anna Nguyen,anna.nguyen32@yahoo.com,3321 Victoria Road,Sydney,Victoria,Australia,7237,-33.830494,151.241276,Individual,Bronze,63,20138.33,17-12-2023,13,1583.37,Overnight,17-10-2024
2533,James Garcia,james.garcia33@hotmail.com,4708 Oak Street,Singapore,Scotland,UK,NW5 4BA,1.319865,103.824083,Corporate,,74,47140.38,21-04-2021,49,5514.2,International Priority,05-01-2024
2534,Priya Nair,priya.nair34@icloud.com,1081 Hillcrest Ave,Mumbai,Sharjah,UAE,61122,19.105116,72.838226,SME,,65,34369.35,08-03-2023,11,1271.03,Overnight,26-03-2024
2535,James Muller,james.muller35@gmail.com,2735 Hillcrest Ave,Sydney,New South Wales,Australia,7741,-33.867845,151.228255,SME,Gold,47,43894.84,14-08-2020,23,1736.94,Express,31-10-2024
2536,Maria Ali,maria.ali36@outlook.com,611 Main St,Dubai,California,USA,46959,25.232572,55.228542,SME,Bronze,78,43641.01,13-11-2019,96,2550.31,International Priority,17-09-2024
2537,Sophia Patel,sophia.patel37@yahoo.com,490 Sunset Blvd,Dubai,Alberta,Canada,V1A 5C3,25.165382,55.300845,Corporate,,89,47993.96,27-03-2023,28,4241.06,Overnight,16-10-2024
2538,Laura Khan,laura.khan38@hotmail.com,374 Market Street,Sydney,East Region,Singapore,551115,-33.84904,151.227949,Corporate,Gold,57,7231.28,20-11-2020,82,2835.78,International Priority,15-05-2024
2539,John Clark,john.clark39@icloud.com,4789 Victoria Road,Singapore,Illinois,USA,71036,1.33899,103.797688,Individual,Silver,98,33531.28,13-07-2023,28,1406.48,Standard,19-04-2024
2540,Priya Garcia,priya.garcia40@gmail.com,7228 Main St,Berlin,Maharashtra,India,683834,52.565207,13.404274,Individual,Silver,51,21043.63,28-04-2021,45,395.15,Standard,13-05-2024
2541,Mia Chowdhury,mia.chowdhury41@outlook.com,3249 Victoria Road,Toronto,British Columbia,Canada,T6B 7C2,43.648228,-79.341702,Individual,Bronze,56,49233.41,11-06-2021,83,4344.47,Standard,21-05-2024
2542,Laura Tanaka,laura.tanaka42@yahoo.com,3327 Oak Street,New York,Queensland,Australia,2892,40.724589,-74.042517,Individual,,40,1131.18,11-07-2022,21,113.03,Overnight,28-11-2024
2543,Anna Mehta,anna.mehta43@hotmail.com,1970 Lake View Rd,New York,California,USA,53134,40.66522,-74.014524,Individual,Silver,42,24057.3,17-12-2022,37,1802.3,International Priority,02-02-2024
2544,Chen Muller,chen.muller44@icloud.com,7363 Main St,London,Hamburg,Germany,55891,51.469998,-0.113287,Corporate,Gold,78,14347.88,18-07-2023,79,1264.94,Overnight,27-12-2024
2545,Lucas Muller,lucas.muller45@gmail.com,2310 Park Avenue,Sydney,Central Region,Singapore,518328,-33.862128,151.256634,Corporate,Silver,43,34356.84,27-01-2022,61,1419.39,Overnight,09-09-2024
2546,Chen Clark,chen.clark46@outlook.com,3263 Sunset Blvd,New York,Wales,UK,W2 7AA,40.729007,-73.985442,SME,Silver,65,6853.6,15-10-2021,38,1456.2,Express,10-11-2024
2547,Anna Martin,anna.martin47@yahoo.com,5181 Lake View Rd,Singapore,Dubai,UAE,78152,1.328232,103.858215,SME,,66,30390.94,05-04-2022,20,1910.35,Express,13-08-2024
2548,Noah Anderson,noah.anderson48@hotmail.com,6005 Main St,Berlin,Dubai,UAE,50186,52.505689,13.398952,SME,,88,37169.16,03-08-2021,8,535.21,Express,15-03-2024
2549,Wei Das,wei.das49@icloud.com,1433 Market Street,Sydney,England,UK,NW1 6BB,-33.819345,151.241702,SME,Gold,45,21291.43,04-04-2023,70,4991.01,Overnight,18-04-2024
2550,Sophia Sharma,sophia.sharma50@gmail.com,4316 Victoria Road,Berlin,Bavaria,Germany,77029,52.470553,13.386038,Corporate,Bronze,96,40587.54,07-04-2024,22,6874.3,Express,13-04-2024
2551,David Ibrahim,david.ibrahim51@outlook.com,6567 Lake View Rd,Singapore,Delhi,India,627358,1.308291,103.82201,Corporate,Bronze,86,6437.3,10-04-2019,76,2722.15,International Priority,31-03-2024
2552,Michael Garcia,michael.garcia52@yahoo.com,2323 Sunset Blvd,New York,Quebec,Canada,K7A 2B9,40.693537,-74.014398,Corporate,Silver,83,27238.4,26-09-2021,103,1493.28,Overnight,09-10-2024
2553,John Muller,john.muller53@hotmail.com,6166 Victoria Road,New York,England,UK,SW7 2BA,40.663846,-74.002617,Individual,Gold,95,33336.44,22-09-2019,40,294.2,International Priority,26-03-2024
2554,Yuki Nguyen,yuki.nguyen54@icloud.com,4341 Hillcrest Ave,London,Hamburg,Germany,92359,51.517981,-0.105804,Individual,Bronze,99,40876.97,27-01-2024,15,1376.18,Overnight,28-02-2024
2555,Maria Patel,maria.patel55@gmail.com,3576 King Street,New York,Queensland,Australia,5859,40.736274,-74.046824,SME,Bronze,40,18438.11,31-03-2019,22,647.2,International Priority,13-11-2024
2556,Wei Hassan,wei.hassan56@outlook.com,2865 Sunset Blvd,Sydney,West Region,Singapore,338573,-33.882608,151.248401,Individual,Silver,66,13475.25,12-05-2023,92,7844.61,Overnight,10-08-2024
2557,Isabella Nair,isabella.nair57@yahoo.com,6991 Oak Street,Singapore,Sharjah,UAE,2234,1.328239,103.819402,Corporate,Gold,81,1598.03,14-11-2022,19,6058.31,Express,08-08-2024
2558,Olivia Costa,olivia.costa58@hotmail.com,2190 Sunset Blvd,Dubai,East Region,Singapore,574453,25.243557,55.304978,SME,Bronze,70,4723.91,12-01-2023,35,574.12,Overnight,20-04-2024
2559,Priya Lee,priya.lee59@icloud.com,5936 Maple Road,Singapore,Hesse,Germany,48320,1.370565,103.813994,SME,,59,5332.57,10-04-2023,25,4080.33,Standard,13-03-2024
2560,Lucas Wang,lucas.wang60@gmail.com,8783 Lake View Rd,Sydney,Central Region,Singapore,667511,-33.845303,151.204916,Individual,,88,28093.72,25-03-2019,102,5730.52,International Priority,26-06-2024
2561,Mia Dubois,mia.dubois61@outlook.com,2758 Main St,Sydney,Gujarat,India,139868,-33.845981,151.233946,SME,Silver,69,13019.2,03-07-2024,2,1633.96,Overnight,18-05-2024
2562,James Lopez,james.lopez62@yahoo.com,7337 Victoria Road,London,Gujarat,India,266692,51.547365,-0.097923,Individual,Silver,98,19308.57,23-11-2023,24,589.65,Express,22-06-2024
2563,Emma Lee,emma.lee63@hotmail.com,5665 Maple Road,London,New York,USA,69820,51.478802,-0.135481,Individual,Silver,69,17848.01,30-12-2023,4,1356.11,Standard,08-06-2024
2564,Daniel Chowdhury,daniel.chowdhury64@icloud.com,5399 Maple Road,New York,Scotland,UK,W8 3BB,40.750891,-74.028208,SME,Silver,60,24208.54,04-10-2023,9,207.78,International Priority,29-07-2024
2565,Olivia Petrov,olivia.petrov65@gmail.com,8656 King Street,Mumbai,Illinois,USA,36517,19.090351,72.865806,Individual,Bronze,49,38647.78,02-01-2020,6,956.34,Express,05-07-2024
2566,Sara Muller,sara.muller66@outlook.com,2621 Park Avenue,Singapore,Central Region,Singapore,113137,1.335625,103.824942,Individual,Gold,65,13396.24,27-11-2023,45,5921.8,International Priority,19-03-2024
2567,Isabella Lopez,isabella.lopez67@yahoo.com,1954 Lake View Rd,Singapore,Dubai,UAE,14657,1.3983,103.808439,Individual,Silver,56,11839.03,10-11-2021,32,1813.27,Overnight,28-11-2024
2568,Daniel Ali,daniel.ali68@hotmail.com,7193 Sunset Blvd,Mumbai,Hamburg,Germany,86993,19.055616,72.879153,Individual,Silver,47,24381.03,27-11-2022,14,227.46,Overnight,03-10-2024
2569,Ahmed Costa,ahmed.costa69@icloud.com,4520 Sunset Blvd,London,Quebec,Canada,H7C 5B6,51.550092,-0.162773,SME,Bronze,74,45653.39,25-07-2021,6,1051.9,Express,19-05-2024
2570,Emma Petrov,emma.petrov70@gmail.com,992 Hillcrest Ave,New York,Central Region,Singapore,259907,40.685984,-74.018917,Corporate,Silver,84,24160.15,07-01-2022,115,6816.06,Standard,08-08-2024
2571,Michael Rossi,michael.rossi71@outlook.com,9416 Victoria Road,Mumbai,British Columbia,Canada,M8B 6C7,19.076475,72.872927,Corporate,Silver,85,12025.75,10-02-2023,44,3298.62,Express,24-03-2024
2572,Ahmed Chowdhury,ahmed.chowdhury72@yahoo.com,6235 Main St,New York,Delhi,India,439577,40.737453,-74.033277,Individual,Gold,59,27774.22,30-11-2021,43,4183.61,Standard,26-09-2024
2573,Liam Khan,liam.khan73@hotmail.com,9972 Maple Road,New York,British Columbia,Canada,H9C 5A9,40.694039,-74.016094,Individual,,44,32595.1,14-05-2024,18,1254.09,International Priority,25-12-2024
2574,James Clark,james.clark74@icloud.com,1872 Market Street,New York,Quebec,Canada,K9B 5A9,40.725733,-74.014899,Individual,Silver,73,35328.78,09-10-2020,22,663.17,International Priority,16-06-2024
2575,Chen Smith,chen.smith75@gmail.com,8514 Main St,Toronto,Sharjah,UAE,2955,43.670597,-79.385334,Corporate,Bronze,95,35821.58,21-11-2020,70,4315.98,Standard,03-01-2024
2576,Liam Rossi,liam.rossi76@outlook.com,5414 King Street,Sydney,Ontario,Canada,K9B 2B6,-33.875371,151.254185,Individual,Gold,87,9363.87,16-06-2021,43,1776.49,Standard,19-12-2024
2577,Sophia Mehta,sophia.mehta77@yahoo.com,6611 Maple Road,New York,West Region,Singapore,588904,40.730788,-74.011909,SME,Bronze,68,47964.73,19-10-2024,34,184.33,Overnight,09-04-2024
2578,Ivan Tanaka,ivan.tanaka78@hotmail.com,5107 King Street,Toronto,Hesse,Germany,85434,43.651533,-79.404036,SME,Gold,94,40831.52,14-12-2024,4,440.64,International Priority,21-07-2024
2579,Michael Smith,michael.smith79@icloud.com,6589 Oak Street,London,Quebec,Canada,T6C 8A9,51.51823,-0.167025,SME,Gold,72,20315.13,12-03-2021,62,7090.2,Express,29-06-2024
2580,Lucas Smith,lucas.smith80@gmail.com,3397 Park Avenue,Mumbai,Queensland,Australia,2537,19.061882,72.844474,Corporate,Silver,40,44423.6,29-05-2019,87,474.27,Standard,04-04-2024
2581,Ahmed Ibrahim,ahmed.ibrahim81@outlook.com,8545 Hillcrest Ave,Sydney,Ontario,Canada,T7C 8C8,-33.876685,151.18823,Individual,Silver,95,29173.62,12-04-2023,38,169.74,Overnight,08-05-2024
2582,Arjun Nair,arjun.nair82@yahoo.com,5037 Lake View Rd,Dubai,British Columbia,Canada,V9A 6B2,25.22521,55.311872,Individual,Silver,74,5149.18,02-02-2023,32,566.32,Standard,25-09-2024
2583,Anna Petrov,anna.petrov83@hotmail.com,9817 Maple Road,Mumbai,Illinois,USA,34655,19.088303,72.832821,Individual,,90,25525.46,16-07-2019,12,1527.99,Overnight,09-03-2024
2584,Olivia Sharma,olivia.sharma84@icloud.com,1947 Oak Street,Sydney,Bavaria,Germany,95054,-33.869676,151.231601,Corporate,,64,20150.25,25-07-2021,103,7551.07,International Priority,04-03-2024
2585,Emma Nguyen,emma.nguyen85@gmail.com,6513 King Street,Dubai,Central Region,Singapore,122372,25.166644,55.267351,Corporate,Bronze,50,7874.92,04-01-2020,69,6381.7,Overnight,12-12-2024
2586,Liam Kim,liam.kim86@outlook.com,9672 Park Avenue,Mumbai,Gujarat,India,241196,19.093737,72.886544,Corporate,Silver,75,26868.9,12-10-2020,94,5125.92,Express,27-02-2024
2587,Mohammed Garcia,mohammed.garcia87@yahoo.com,6861 Oak Street,Sydney,California,USA,92197,-33.896573,151.164987,Corporate,,82,1964.44,14-01-2020,32,4416.54,Overnight,01-12-2024
2588,Fatima Tanaka,fatima.tanaka88@hotmail.com,4406 King Street,Mumbai,Central Region,Singapore,337680,19.123164,72.920701,SME,Silver,74,3946.19,25-07-2019,120,4805.36,Standard,26-05-2024
2589,Noah Wang,noah.wang89@icloud.com,5369 King Street,Mumbai,England,UK,SW8 7AB,19.110722,72.887761,Corporate,,44,41854.8,22-10-2021,51,4224.89,International Priority,31-12-2024
2590,Maria Clark,maria.clark90@gmail.com,8466 Maple Road,Dubai,Hesse,Germany,87965,25.176707,55.295689,Corporate,,72,31761.07,21-11-2019,7,1509.1,International Priority,23-04-2024
2591,Liam Hassan,liam.hassan91@outlook.com,2980 Victoria Road,Mumbai,Queensland,Australia,2739,19.050525,72.835742,Corporate,Gold,68,8836.15,21-11-2024,120,4685.08,International Priority,20-05-2024
2592,Priya Nguyen,priya.nguyen92@yahoo.com,6820 Maple Road,Mumbai,Bavaria,Germany,61680,19.075207,72.858855,Individual,Silver,98,15278.1,11-11-2021,27,150.91,Overnight,26-12-2024
2593,Chen Tanaka,chen.tanaka93@hotmail.com,9412 King Street,Dubai,Wales,UK,W5 8AB,25.227795,55.267722,Individual,Silver,45,16648.23,30-01-2024,31,102.44,Standard,08-05-2024
2594,Michael Lopez,michael.lopez94@icloud.com,6318 Oak Street,London,Scotland,UK,W8 7BB,51.457865,-0.141389,Individual,,84,35290.86,02-09-2020,16,1850.33,Standard,11-11-2024
2595,Isabella Petrov,isabella.petrov95@gmail.com,2610 Victoria Road,New York,Scotland,UK,SE6 7BA,40.705274,-74.052073,SME,Silver,91,33752.11,15-04-2022,10,1290.92,Overnight,25-01-2024
2596,Wei Das,wei.das96@outlook.com,8792 King Street,Singapore,Abu Dhabi,UAE,65472,1.37258,103.787279,SME,,40,28478.99,03-08-2020,3,932.72,Express,27-10-2024
2597,Amit Nguyen,amit.nguyen97@yahoo.com,8236 Hillcrest Ave,Berlin,Maharashtra,India,224681,52.524323,13.412937,Corporate,Silver,74,24607.32,21-11-2023,98,6699.87,Overnight,21-01-2024
2598,Fatima Mehta,fatima.mehta98@hotmail.com,5252 Park Avenue,Toronto,Quebec,Canada,H2C 8B4,43.627023,-79.417728,Individual,Gold,40,7847.17,14-02-2022,18,88.24,International Priority,07-01-2024
2599,Ivan Patel,ivan.patel99@icloud.com,8059 Market Street,Berlin,Berlin,Germany,44892,52.492871,13.399507,SME,Silver,56,17613.86,31-01-2021,11,1084.21,Overnight,07-11-2024
2600,Wei Das,wei.das0@gmail.com,1528 Lake View Rd,Berlin,Central Region,Singapore,140853,52.567481,13.421723,Individual,Gold,70,42831.49,27-07-2021,30,318,Overnight,06-10-2024
2601,Daniel Garcia,daniel.garcia1@outlook.com,2951 Oak Street,Sydney,Abu Dhabi,UAE,76145,-33.889536,151.185307,SME,Bronze,97,39797.58,05-08-2023,16,741.99,Standard,24-08-2024
2602,Chen Ibrahim,chen.ibrahim2@yahoo.com,4435 Sunset Blvd,New York,Central Region,Singapore,553262,40.682165,-73.963026,SME,Silver,78,9540.39,30-06-2022,40,1967.22,Overnight,08-01-2024
2603,Fatima Muller,fatima.muller3@hotmail.com,9035 Maple Road,Sydney,British Columbia,Canada,M8C 6A2,-33.864699,151.24666,Corporate,Silver,98,39155.77,13-11-2020,105,4524.87,International Priority,27-12-2024
2604,Olivia Singh,olivia.singh4@icloud.com,3939 Market Street,New York,Alberta,Canada,K6B 4B5,40.683083,-74.05594,Corporate,Silver,93,21360.01,02-11-2024,94,2378.62,Overnight,02-10-2024
2605,Priya Martin,priya.martin5@gmail.com,1835 Lake View Rd,Dubai,Victoria,Australia,2478,25.187684,55.289632,SME,Gold,100,26048.65,01-10-2019,40,1889.4,Express,01-07-2024
2606,Laura Chowdhury,laura.chowdhury6@outlook.com,68 Market Street,Dubai,England,UK,SE1 3AA,25.245284,55.314594,Corporate,Silver,72,802.68,07-08-2021,23,5840.12,International Priority,14-12-2024
2607,Arjun Tanaka,arjun.tanaka7@yahoo.com,3000 King Street,Singapore,Delhi,India,146531,1.390637,103.815852,SME,Silver,52,1837.82,13-01-2020,7,1965.64,Overnight,13-11-2024
2608,Ivan Petrov,ivan.petrov8@hotmail.com,1559 Victoria Road,New York,New South Wales,Australia,6819,40.707351,-74.031969,SME,,94,23327.59,02-08-2019,23,1916.81,International Priority,18-04-2024
2609,Lucas Martin,lucas.martin9@icloud.com,4400 Park Avenue,Mumbai,New York,USA,23277,19.049566,72.924139,Individual,Bronze,48,9546.86,21-12-2020,19,1353.3,Overnight,12-12-2024
2610,Isabella Singh,isabella.singh10@gmail.com,2483 Hillcrest Ave,London,Dubai,UAE,50181,51.458004,-0.17301,Corporate,Gold,77,37832.49,26-03-2022,59,5696.65,Overnight,04-01-2024
2611,Liam Wang,liam.wang11@outlook.com,8069 Main St,Singapore,Sharjah,UAE,23933,1.336131,103.830068,Corporate,,75,22977.75,10-04-2024,57,4505.87,Overnight,28-09-2024
2612,Emma Khan,emma.khan12@yahoo.com,2588 Lake View Rd,Singapore,Gujarat,India,564351,1.314375,103.8258,Corporate,Gold,98,27115.95,30-09-2023,115,6413.9,Overnight,08-03-2024
2613,Ahmed Costa,ahmed.costa13@hotmail.com,5442 Sunset Blvd,Mumbai,Ontario,Canada,H7C 7B3,19.033932,72.911507,Individual,,96,28259.03,18-11-2020,81,3548.1,International Priority,27-01-2024
2614,Daniel Sharma,daniel.sharma14@icloud.com,2751 Maple Road,London,East Region,Singapore,577036,51.5144,-0.095144,Individual,Bronze,75,3302.96,25-08-2021,92,6254.8,International Priority,10-10-2024
2615,Fatima Sharma,fatima.sharma15@gmail.com,4999 Market Street,Sydney,Dubai,UAE,66103,-33.881712,151.216022,Individual,,45,29822.93,12-03-2019,16,1843.89,Overnight,09-07-2024
2616,John Dubois,john.dubois16@outlook.com,9107 King Street,London,Tamil Nadu,India,360505,51.544088,-0.175337,Corporate,Gold,51,24711.79,11-03-2021,49,4111.6,Overnight,17-02-2024
2617,Isabella Martin,isabella.martin17@yahoo.com,2007 Main St,Sydney,Dubai,UAE,28139,-33.906528,151.258583,Corporate,Silver,73,17479.71,12-11-2019,4,2800.99,International Priority,14-05-2024
2618,Chen Sharma,chen.sharma18@hotmail.com,6174 Oak Street,Dubai,Abu Dhabi,UAE,22950,25.253021,55.259071,Corporate,Silver,90,49875.61,03-10-2019,80,7952.39,Overnight,30-12-2024
2619,Mia Lopez,mia.lopez19@icloud.com,3966 King Street,Berlin,England,UK,SW7 4BB,52.498039,13.362853,Individual,Bronze,47,24933.09,20-02-2020,34,303.08,Standard,23-01-2024
2620,Ahmed Brown,ahmed.brown20@gmail.com,4348 Sunset Blvd,Dubai,Texas,USA,36142,25.210234,55.240817,Individual,Gold,58,48291.91,07-01-2022,38,1522.98,International Priority,12-11-2024
2621,Isabella Lee,isabella.lee21@outlook.com,2406 Market Street,Dubai,England,UK,EC7 9AB,25.230396,55.241716,SME,Gold,70,1601.2,02-01-2021,6,1072.54,International Priority,17-07-2024
2622,Isabella Singh,isabella.singh22@yahoo.com,1589 Sunset Blvd,Berlin,California,USA,49922,52.50708,13.414414,Individual,Gold,72,31297.79,27-12-2024,19,1728.25,Standard,22-11-2024
2623,Priya Sharma,priya.sharma23@hotmail.com,8144 Victoria Road,London,Sharjah,UAE,25357,51.491398,-0.111546,SME,Bronze,93,19439.98,23-05-2020,34,1055.27,Standard,09-08-2024
2624,Wei Johnson,wei.johnson24@icloud.com,6152 Market Street,Singapore,Victoria,Australia,5444,1.340485,103.843117,Corporate,Silver,40,36174.46,09-03-2024,68,6349.45,International Priority,28-04-2024
2625,Yuki Ibrahim,yuki.ibrahim25@gmail.com,5704 Hillcrest Ave,London,East Region,Singapore,709833,51.458862,-0.177139,Individual,,78,12938.08,20-02-2023,1,608.07,International Priority,07-11-2024
2626,Olivia Anderson,olivia.anderson26@outlook.com,8980 Oak Street,Sydney,British Columbia,Canada,H2A 1A7,-33.853816,151.174823,Corporate,Bronze,59,29422.87,02-01-2021,46,4259.08,Overnight,28-10-2024
2627,Carlos Tanaka,carlos.tanaka27@yahoo.com,3691 Oak Street,Mumbai,Dubai,UAE,61961,19.048702,72.881186,Corporate,,53,9550.7,17-09-2020,34,6919.63,International Priority,20-01-2024
2628,Sara Garcia,sara.garcia28@hotmail.com,7973 Oak Street,Sydney,Texas,USA,82919,-33.847126,151.190216,Corporate,Silver,48,18502.94,25-12-2024,61,1753.16,International Priority,25-10-2024
2629,Emma Anderson,emma.anderson29@icloud.com,3202 Park Avenue,Mumbai,New York,USA,90629,19.111789,72.852608,Corporate,Bronze,100,46050.97,04-02-2021,23,6077.31,Overnight,12-09-2024
2630,Priya Martin,priya.martin30@gmail.com,8818 Market Street,Dubai,Texas,USA,68817,25.188019,55.230711,Individual,Silver,46,22667.91,03-10-2021,33,5438.4,Express,02-12-2024
2631,Fatima Wang,fatima.wang31@outlook.com,8141 Victoria Road,Berlin,Abu Dhabi,UAE,20703,52.492529,13.374358,Corporate,,60,8206.12,05-02-2019,63,6827.05,Overnight,04-03-2024
2632,Carlos Muller,carlos.muller32@yahoo.com,6817 Oak Street,Dubai,Maharashtra,India,552608,25.177356,55.258539,SME,Gold,43,49235.41,26-08-2022,6,1489.55,Overnight,12-07-2024
2633,Sophia Patel,sophia.patel33@hotmail.com,4043 Park Avenue,New York,New South Wales,Australia,5757,40.686602,-74.028471,Individual,Gold,75,44893.38,04-12-2020,69,6686.11,Overnight,11-01-2024
2634,David Garcia,david.garcia34@icloud.com,2425 King Street,London,Tamil Nadu,India,236454,51.461744,-0.127922,Corporate,,68,7293.07,20-01-2022,72,7234.74,International Priority,03-11-2024
2635,Elena Lee,elena.lee35@gmail.com,7667 Main St,Mumbai,Quebec,Canada,T7C 2C5,19.083582,72.877105,Individual,Gold,63,13790.69,03-10-2024,109,378.85,International Priority,20-03-2024
2636,Noah Anderson,noah.anderson36@outlook.com,9988 Market Street,Sydney,Abu Dhabi,UAE,94943,-33.906586,151.161688,SME,,41,25124.64,26-03-2019,93,4703.69,Express,18-12-2024
2637,John Smith,john.smith37@yahoo.com,4214 King Street,Berlin,Florida,USA,71431,52.546994,13.434571,Corporate,Bronze,71,8013.9,13-08-2024,41,2382.53,International Priority,23-07-2024
2638,Arjun Nair,arjun.nair38@hotmail.com,4344 Oak Street,Mumbai,New South Wales,Australia,2121,19.124735,72.888277,SME,Bronze,52,43434.87,28-08-2024,9,1585.28,International Priority,11-03-2024
2639,Isabella Rossi,isabella.rossi39@icloud.com,348 King Street,Sydney,Queensland,Australia,2597,-33.873286,151.18532,Corporate,Bronze,52,10876.01,21-08-2019,3,3725.83,International Priority,15-07-2024
2640,Anna Rossi,anna.rossi40@gmail.com,4265 Sunset Blvd,London,Hamburg,Germany,30667,51.476385,-0.108072,SME,Gold,96,43341.59,02-06-2023,31,185.22,Express,15-04-2024
2641,Liam Sharma,liam.sharma41@outlook.com,8908 Park Avenue,Dubai,British Columbia,Canada,H9A 5C6,25.242245,55.297759,Corporate,Silver,60,35515.83,06-07-2020,12,4227.69,International Priority,31-10-2024
2642,Isabella Sharma,isabella.sharma42@yahoo.com,6536 King Street,London,Central Region,Singapore,406890,51.524103,-0.162647,Individual,Gold,41,38473.88,15-11-2020,7,1953.62,Standard,27-01-2024
2643,Yuki Chowdhury,yuki.chowdhury43@hotmail.com,64 Market Street,Toronto,West Region,Singapore,182404,43.634552,-79.333202,Corporate,Gold,40,43594.17,18-07-2019,11,6088.29,International Priority,01-09-2024
2644,Fatima Sharma,fatima.sharma44@icloud.com,2161 Market Street,New York,New South Wales,Australia,5128,40.676828,-73.968132,Individual,Silver,78,10989.08,05-04-2024,36,605.73,Overnight,31-10-2024
2645,James Garcia,james.garcia45@gmail.com,5255 Lake View Rd,Toronto,Sharjah,UAE,36134,43.669986,-79.342555,Corporate,Silver,84,49591,30-09-2020,51,778.65,Express,13-08-2024
2646,Ivan Costa,ivan.costa46@outlook.com,2395 Market Street,Berlin,New York,USA,60675,52.486186,13.450286,Corporate,Silver,80,8891.21,25-06-2020,57,4153.5,Express,15-03-2024
2647,Liam Khan,liam.khan47@yahoo.com,1244 Main St,Mumbai,Florida,USA,13572,19.054361,72.845779,SME,Silver,49,8509.59,17-09-2021,5,1220.71,Express,10-02-2024
2648,Emma Anderson,emma.anderson48@hotmail.com,3226 Market Street,Berlin,New South Wales,Australia,5993,52.470706,13.396224,SME,Gold,98,21393.08,13-02-2023,21,1804.3,Overnight,06-10-2024
2649,Arjun Lopez,arjun.lopez49@icloud.com,9458 King Street,Dubai,Gujarat,India,222735,25.192798,55.225789,SME,,96,7278.56,17-02-2022,18,1442.18,International Priority,07-04-2024
2650,Elena Mehta,elena.mehta50@gmail.com,5758 King Street,Sydney,Alberta,Canada,T1A 7C7,-33.847851,151.210424,Corporate,Bronze,49,3453.08,09-03-2024,27,4343.2,Standard,29-03-2024
2651,Raj Wang,raj.wang51@outlook.com,8176 Lake View Rd,London,California,USA,55515,51.476683,-0.139949,Corporate,,62,38882.37,03-10-2021,99,2994.51,Standard,08-09-2024
2652,Daniel Das,daniel.das52@yahoo.com,8463 Victoria Road,Toronto,New South Wales,Australia,3358,43.687989,-79.339519,Corporate,Gold,100,30484.44,07-02-2024,78,1609.46,Standard,19-10-2024
2653,Noah Clark,noah.clark53@hotmail.com,8525 Hillcrest Ave,Singapore,California,USA,81912,1.354848,103.813934,Individual,Silver,79,40580.03,18-12-2020,6,53.85,Overnight,09-02-2024
2654,Ivan Wang,ivan.wang54@icloud.com,9728 Oak Street,Toronto,West Region,Singapore,447738,43.622044,-79.360174,Individual,Bronze,49,8862.24,26-03-2020,58,1139.53,Express,29-11-2024
2655,James Wang,james.wang55@gmail.com,6578 Maple Road,Dubai,Victoria,Australia,3640,25.210718,55.227293,Corporate,Bronze,93,10032.85,13-10-2021,76,4750.95,Express,01-07-2024
2656,Emma Hassan,emma.hassan56@outlook.com,7733 Oak Street,Toronto,British Columbia,Canada,M1B 6B8,43.697432,-79.343119,SME,,56,44456.23,25-10-2020,5,408.21,Overnight,16-10-2024
2657,Raj Dubois,raj.dubois57@yahoo.com,4050 Maple Road,Dubai,Queensland,Australia,7692,25.189854,55.28765,SME,Gold,64,17270.61,23-06-2019,36,1676.21,International Priority,07-01-2024
2658,Yuki Khan,yuki.khan58@hotmail.com,7591 Park Avenue,Singapore,Hesse,Germany,95666,1.396584,103.844768,SME,Gold,63,28623.78,02-10-2019,27,79.91,International Priority,29-11-2024
2659,Wei Hassan,wei.hassan59@icloud.com,8915 Lake View Rd,Berlin,Queensland,Australia,6171,52.534931,13.361092,Corporate,Gold,62,47524.59,26-03-2023,57,6784.38,Express,17-01-2024
2660,Priya Anderson,priya.anderson60@gmail.com,9179 Market Street,London,New South Wales,Australia,5277,51.485122,-0.128581,SME,Bronze,42,14697.49,10-07-2020,16,768.02,Standard,27-05-2024
2661,Yuki Martin,yuki.martin61@outlook.com,4910 Victoria Road,Mumbai,Sharjah,UAE,69988,19.103244,72.865857,Corporate,,50,36076.15,03-01-2019,35,1433.89,Overnight,20-03-2024
2662,Amit Garcia,amit.garcia62@yahoo.com,9495 Oak Street,Sydney,East Region,Singapore,451882,-33.840863,151.217814,Individual,Bronze,65,15633.51,22-03-2022,14,1564.85,International Priority,13-01-2024
2663,Isabella Garcia,isabella.garcia63@hotmail.com,4311 Park Avenue,Mumbai,Alberta,Canada,H3A 3A1,19.119338,72.83047,SME,Bronze,43,7698.65,02-03-2024,1,1837.58,Standard,19-01-2024
2664,John Clark,john.clark64@icloud.com,7797 Victoria Road,Berlin,Sharjah,UAE,2416,52.47664,13.355445,Individual,Silver,47,24947.12,06-12-2024,12,940.77,International Priority,18-12-2024
2665,Daniel Kim,daniel.kim65@gmail.com,326 Park Avenue,Sydney,New South Wales,Australia,5152,-33.904307,151.165469,SME,,78,9450.42,29-06-2024,30,619.83,Standard,24-08-2024
2666,Ivan Petrov,ivan.petrov66@outlook.com,4170 Oak Street,Toronto,Ontario,Canada,T8C 8B2,43.677567,-79.393331,Corporate,Silver,63,41956.89,06-06-2023,59,4277.84,Express,30-08-2024
2667,Arjun Ali,arjun.ali67@yahoo.com,3226 King Street,Singapore,Berlin,Germany,48915,1.368258,103.854919,Corporate,Gold,45,33901.35,13-07-2023,107,6263.68,Express,04-09-2024
2668,James Patel,james.patel68@hotmail.com,8275 Sunset Blvd,Singapore,Alberta,Canada,T3C 1A9,1.316886,103.793625,Corporate,Bronze,48,17214.52,20-11-2024,45,7319.23,Overnight,03-01-2024
2669,Elena Kim,elena.kim69@icloud.com,7328 King Street,New York,Florida,USA,96282,40.747216,-74.043304,Corporate,,74,5894.61,26-03-2024,72,114.67,Express,16-07-2024
2670,John Lopez,john.lopez70@gmail.com,9731 Maple Road,Berlin,Sharjah,UAE,328,52.560624,13.451184,SME,Gold,83,10938.38,29-10-2024,36,438.96,Overnight,22-10-2024
2671,Emma Clark,emma.clark71@outlook.com,3047 Sunset Blvd,Berlin,British Columbia,Canada,V5A 1C7,52.480415,13.363605,Individual,,64,36091.62,20-12-2022,39,615.86,Standard,04-08-2024
2672,John Singh,john.singh72@yahoo.com,596 Maple Road,London,Central Region,Singapore,676140,51.54756,-0.111782,Corporate,Bronze,53,14326.18,18-07-2023,117,6294.9,Express,16-10-2024
2673,Noah Dubois,noah.dubois73@hotmail.com,9094 King Street,Mumbai,Bavaria,Germany,71239,19.108922,72.845499,SME,,59,48157.47,26-10-2021,16,509.27,Standard,24-06-2024
2674,Michael Khan,michael.khan74@icloud.com,1362 Sunset Blvd,Berlin,Scotland,UK,SW2 8AA,52.506782,13.396517,Individual,Gold,48,27597.47,14-11-2024,62,4455.91,Express,17-10-2024
2675,Maria Fernandez,maria.fernandez75@gmail.com,5608 Lake View Rd,Berlin,Queensland,Australia,4298,52.51852,13.450526,Corporate,Silver,53,18874.27,28-07-2023,74,2516.27,Standard,12-11-2024
2676,Sara Fernandez,sara.fernandez76@outlook.com,9634 Park Avenue,Toronto,Ontario,Canada,K7C 8C1,43.640494,-79.393495,Individual,Bronze,81,38598.27,14-11-2020,29,118.52,Overnight,22-01-2024
2677,Liam Mehta,liam.mehta77@yahoo.com,6513 King Street,Toronto,Queensland,Australia,7422,43.610115,-79.37214,Corporate,Silver,44,2671.38,22-08-2024,23,1502.68,International Priority,17-10-2024
2678,Olivia Ali,olivia.ali78@hotmail.com,1989 Oak Street,Sydney,Karnataka,India,695142,-33.916919,151.230457,Individual,Bronze,56,12441.2,08-08-2024,85,592.77,Standard,30-11-2024
2679,Chen Hassan,chen.hassan79@icloud.com,1803 Main St,Dubai,California,USA,25840,25.21752,55.227239,Individual,Gold,41,32376.98,01-06-2020,51,838.28,Express,14-08-2024
2680,Mia Ali,mia.ali80@gmail.com,1226 King Street,Dubai,Dubai,UAE,64086,25.205745,55.290155,Corporate,Bronze,82,758.6,30-05-2019,96,2446.16,International Priority,02-08-2024
2681,Maria Wang,maria.wang81@outlook.com,1444 Park Avenue,New York,Texas,USA,90032,40.756674,-73.957724,SME,Silver,59,27441.12,27-04-2021,15,1877.93,Express,30-07-2024
2682,Noah Patel,noah.patel82@yahoo.com,321 Lake View Rd,Dubai,Maharashtra,India,516630,25.204738,55.286396,Individual,Bronze,61,39573.83,28-10-2019,24,1719.51,International Priority,27-01-2024
2683,Fatima Kim,fatima.kim83@hotmail.com,1609 Maple Road,London,Maharashtra,India,258540,51.486995,-0.14623,Corporate,Gold,75,30601.58,14-02-2023,23,3186.43,Express,26-06-2024
2684,Emma Mehta,emma.mehta84@icloud.com,2417 Hillcrest Ave,New York,Abu Dhabi,UAE,16302,40.682605,-73.995272,Individual,Bronze,98,28853.16,07-05-2022,3,1854.25,Standard,27-08-2024
2685,Michael Chowdhury,michael.chowdhury85@gmail.com,8450 Main St,Sydney,Quebec,Canada,M7B 2A4,-33.867244,151.219076,Individual,Silver,100,21312.27,18-04-2020,21,1145.32,International Priority,21-03-2024
2686,David Muller,david.muller86@outlook.com,3243 King Street,Toronto,Karnataka,India,152699,43.675451,-79.413623,SME,Gold,59,10233.93,17-08-2023,6,6315.07,Standard,22-01-2024
2687,Raj Chowdhury,raj.chowdhury87@yahoo.com,1784 Maple Road,Dubai,Scotland,UK,NW7 6AB,25.244493,55.275612,Individual,Silver,61,22720.02,17-04-2023,28,529.3,International Priority,30-11-2024
2688,Mia Chowdhury,mia.chowdhury88@hotmail.com,8134 Sunset Blvd,Mumbai,Victoria,Australia,5254,19.0786,72.885301,Individual,Bronze,61,21294.25,20-03-2023,35,636.71,International Priority,08-07-2024
2689,James Patel,james.patel89@icloud.com,9405 Maple Road,Toronto,New South Wales,Australia,4988,43.634175,-79.401223,Corporate,,61,42486.68,11-05-2022,103,2983.87,Express,21-12-2024
2690,Yuki Tanaka,yuki.tanaka90@gmail.com,4379 Park Avenue,Singapore,Hamburg,Germany,89150,1.339307,103.818164,Corporate,Silver,53,41207.02,11-03-2023,70,7776.21,Standard,09-02-2024
2691,Sophia Ali,sophia.ali91@outlook.com,4585 Maple Road,London,Central Region,Singapore,738803,51.522813,-0.118696,SME,Bronze,79,7967.74,08-04-2019,57,2700.75,Standard,16-02-2024
2692,Mia Chowdhury,mia.chowdhury92@yahoo.com,1328 Sunset Blvd,Toronto,Maharashtra,India,675584,43.638884,-79.395344,Individual,,87,8532.15,12-07-2022,30,1594.26,Standard,14-10-2024
2693,Mohammed Lopez,mohammed.lopez93@hotmail.com,886 Park Avenue,London,Karnataka,India,112370,51.480616,-0.166107,Individual,,60,18790.34,18-06-2024,99,2657.24,Standard,11-06-2024
2694,Laura Das,laura.das94@icloud.com,6939 King Street,London,Wales,UK,EC7 7BA,51.530763,-0.108551,Individual,Gold,68,12380.9,24-03-2021,112,1991.9,International Priority,07-07-2024
2695,David Martin,david.martin95@gmail.com,1045 Sunset Blvd,London,New York,USA,81541,51.518479,-0.11746,SME,,94,28142.92,07-03-2019,1,1817.92,International Priority,20-10-2024
2696,Arjun Singh,arjun.singh96@outlook.com,4839 Lake View Rd,Sydney,New York,USA,99630,-33.875212,151.176956,Individual,Silver,57,23861.62,01-06-2021,9,815.17,Express,08-10-2024
2697,John Smith,john.smith97@yahoo.com,8215 King Street,London,Queensland,Australia,2833,51.497871,-0.11831,Corporate,Silver,45,39448.17,19-11-2023,95,1565.74,International Priority,15-06-2024
2698,Lucas Fernandez,lucas.fernandez98@hotmail.com,8099 Victoria Road,London,Queensland,Australia,3840,51.474319,-0.171797,SME,,70,27063.48,25-08-2020,6,632.75,Overnight,12-02-2024
2699,Liam Smith,liam.smith99@icloud.com,2783 Lake View Rd,Singapore,Ontario,Canada,K7C 3A3,1.368736,103.804098,Corporate,Bronze,94,30207,17-01-2024,78,2043.12,International Priority,27-08-2024
2700,Michael Chowdhury,michael.chowdhury0@gmail.com,6960 Main St,Mumbai,Dubai,UAE,5049,19.046078,72.917266,Corporate,Silver,46,22760.91,26-07-2020,81,5596.6,Standard,02-11-2024
2701,Ahmed Singh,ahmed.singh1@outlook.com,9989 Victoria Road,New York,Central Region,Singapore,669558,40.663455,-73.983091,SME,Silver,97,30407.79,21-05-2022,8,5604.11,International Priority,09-07-2024
2702,Maria Chowdhury,maria.chowdhury2@yahoo.com,9503 Lake View Rd,Berlin,Scotland,UK,SE2 1AB,52.49863,13.371629,Corporate,Gold,70,40054.22,12-06-2023,85,1674.95,Express,06-08-2024
2703,Mohammed Nguyen,mohammed.nguyen3@hotmail.com,8057 Hillcrest Ave,Singapore,Abu Dhabi,UAE,13169,1.378655,103.800364,Individual,Bronze,51,19567.82,28-09-2021,34,1905.32,Express,01-05-2024
2704,Sophia Costa,sophia.costa4@icloud.com,4860 Main St,New York,Sharjah,UAE,31144,40.692234,-73.981226,SME,,76,11258.96,05-08-2020,59,4283.68,International Priority,13-03-2024
2705,Daniel Muller,daniel.muller5@gmail.com,2894 Victoria Road,London,Berlin,Germany,12741,51.462055,-0.108289,Corporate,Bronze,48,44243.69,09-03-2019,77,1642.43,Express,30-09-2024
2706,John Sharma,john.sharma6@outlook.com,4556 Main St,Mumbai,Sharjah,UAE,92943,19.052038,72.876392,Individual,Gold,78,43280.46,19-07-2021,32,1910.08,Express,18-06-2024
2707,Liam Ibrahim,liam.ibrahim7@yahoo.com,4393 Main St,Toronto,Bavaria,Germany,57645,43.608268,-79.394211,Individual,Gold,99,27245.13,04-12-2023,22,1361.93,Overnight,12-12-2024
2708,Liam Singh,liam.singh8@hotmail.com,4748 Oak Street,Mumbai,Abu Dhabi,UAE,3210,19.119515,72.856753,Corporate,Bronze,56,9828.71,01-11-2021,34,5443.05,International Priority,24-07-2024
2709,Mia Anderson,mia.anderson9@icloud.com,2433 Lake View Rd,Singapore,Wales,UK,W7 4BA,1.357777,103.80697,Individual,Gold,56,15041.17,16-06-2024,34,1812.79,Standard,04-01-2024
2710,Yuki Clark,yuki.clark10@gmail.com,5902 Main St,London,Hamburg,Germany,73552,51.522874,-0.128597,SME,Gold,47,17802.17,24-06-2023,50,4789.57,Standard,09-11-2024
2711,Anna Garcia,anna.garcia11@outlook.com,6793 Sunset Blvd,Mumbai,California,USA,82173,19.053099,72.890856,Corporate,Gold,92,6058.33,25-03-2024,88,1990.47,Standard,27-10-2024
2712,Ahmed Muller,ahmed.muller12@yahoo.com,7080 Victoria Road,Dubai,Hesse,Germany,35451,25.239058,55.287452,Individual,Bronze,73,31606.14,20-03-2024,16,3962.46,International Priority,02-07-2024
2713,Daniel Nair,daniel.nair13@hotmail.com,1982 Hillcrest Ave,Mumbai,Berlin,Germany,48621,19.059679,72.914809,Individual,Gold,100,45660.99,02-03-2023,21,1186.74,Express,16-07-2024
2714,Yuki Patel,yuki.patel14@icloud.com,7517 Oak Street,London,England,UK,W9 2BA,51.482535,-0.16736,Corporate,,86,21647.88,18-04-2021,118,6660.66,Standard,15-07-2024
2715,Sophia Clark,sophia.clark15@gmail.com,986 Market Street,Sydney,England,UK,SE1 9AB,-33.860278,151.247034,Corporate,,100,26115.39,12-03-2024,45,5793.75,Overnight,01-04-2024
2716,Ivan Nair,ivan.nair16@outlook.com,9795 Sunset Blvd,Dubai,Berlin,Germany,44087,25.173109,55.232178,Corporate,Silver,67,14025.1,18-06-2020,19,7290.11,International Priority,12-12-2024
2717,John Johnson,john.johnson17@yahoo.com,6854 Sunset Blvd,Mumbai,West Region,Singapore,565484,19.100162,72.898823,Corporate,,45,25376.92,31-08-2023,20,7321.88,Overnight,21-08-2024
2718,Liam Das,liam.das18@hotmail.com,1894 Hillcrest Ave,Berlin,Gujarat,India,426659,52.516036,13.36839,SME,Silver,83,28200.03,30-07-2019,3,1266.84,International Priority,21-09-2024
2719,Lucas Chowdhury,lucas.chowdhury19@icloud.com,4425 Market Street,Berlin,West Region,Singapore,116254,52.49088,13.375505,Corporate,Bronze,69,44032.9,02-10-2021,36,6871.24,International Priority,07-11-2024
2720,Anna Tanaka,anna.tanaka20@gmail.com,1532 Market Street,Mumbai,Wales,UK,SE5 4BA,19.056652,72.87822,SME,Gold,62,6774.14,19-08-2020,13,1595.23,Express,03-10-2024
2721,Sophia Clark,sophia.clark21@outlook.com,1185 King Street,Sydney,West Region,Singapore,426797,-33.858251,151.232087,SME,,73,7725.12,19-02-2020,10,1575.64,Express,29-12-2024
2722,Daniel Smith,daniel.smith22@yahoo.com,298 Oak Street,Toronto,East Region,Singapore,398969,43.646825,-79.366255,Corporate,Silver,67,34224.07,25-04-2022,8,7053.06,Standard,28-01-2024
2723,Carlos Tanaka,carlos.tanaka23@hotmail.com,6130 King Street,London,Quebec,Canada,M8B 7B7,51.54635,-0.102021,SME,Bronze,50,14823.3,13-03-2023,65,1094.03,Overnight,30-05-2024
2724,Sophia Das,sophia.das24@icloud.com,1334 Market Street,Berlin,Alberta,Canada,M7A 2A3,52.561506,13.403312,Corporate,Silver,67,13115.75,06-08-2019,64,774.74,Standard,07-12-2024
2725,Daniel Khan,daniel.khan25@gmail.com,6873 King Street,Toronto,Florida,USA,40910,43.651376,-79.363283,Corporate,Gold,87,31927.48,06-12-2022,85,2763.7,Standard,02-04-2024
2726,Daniel Brown,daniel.brown26@outlook.com,9514 Sunset Blvd,Mumbai,Abu Dhabi,UAE,76506,19.118515,72.912139,Individual,,56,25173.21,20-03-2024,26,1177.77,Overnight,03-12-2024
2727,Ivan Chowdhury,ivan.chowdhury27@yahoo.com,2809 Park Avenue,Singapore,Hamburg,Germany,33668,1.310747,103.790724,Corporate,Bronze,73,1785.08,03-05-2023,107,853.35,Standard,08-10-2024
2728,Michael Ali,michael.ali28@hotmail.com,2235 Main St,Toronto,Maharashtra,India,760697,43.634507,-79.36202,Individual,Silver,46,31483.66,11-11-2023,32,885.98,International Priority,19-10-2024
2729,Mia Lee,mia.lee29@icloud.com,3886 Victoria Road,Dubai,Texas,USA,58955,25.220469,55.312882,SME,Bronze,45,38964.36,16-11-2019,23,152.96,Overnight,19-10-2024
2730,John Ali,john.ali30@gmail.com,3135 Oak Street,New York,Hamburg,Germany,11296,40.759117,-74.013974,Individual,Silver,65,30910.44,19-04-2022,21,276.2,Standard,22-12-2024
2731,Maria Wang,maria.wang31@outlook.com,4961 Victoria Road,Berlin,East Region,Singapore,220096,52.496378,13.450214,SME,Silver,71,43997.81,24-12-2022,72,7238.87,International Priority,07-10-2024
2732,Maria Muller,maria.muller32@yahoo.com,4568 Victoria Road,Mumbai,England,UK,W8 7AA,19.04364,72.834946,Corporate,Gold,99,910.57,30-09-2024,10,3910.14,Standard,11-04-2024
2733,Sara Muller,sara.muller33@hotmail.com,5813 Market Street,Singapore,Ontario,Canada,M4A 2B6,1.400334,103.778621,SME,Gold,64,23694.99,08-05-2024,85,6069.42,Overnight,30-10-2024
2734,James Nguyen,james.nguyen34@icloud.com,6737 Lake View Rd,London,Queensland,Australia,6114,51.480151,-0.097848,SME,Silver,46,26398.82,15-06-2019,19,1257.18,Standard,30-06-2024
2735,Mohammed Smith,mohammed.smith35@gmail.com,4369 Hillcrest Ave,Singapore,Karnataka,India,114816,1.332249,103.797241,Corporate,,73,47099.06,17-05-2024,39,3999.25,Standard,13-05-2024
2736,Lucas Clark,lucas.clark36@outlook.com,2359 Oak Street,Sydney,West Region,Singapore,683233,-33.918532,151.191574,SME,Bronze,99,31643.36,05-10-2019,20,166.31,Express,26-01-2024
2737,Sara Brown,sara.brown37@yahoo.com,4846 Hillcrest Ave,Dubai,Victoria,Australia,5764,25.234638,55.26095,Corporate,Bronze,82,1551.11,14-12-2022,73,584.1,International Priority,30-10-2024
2738,Yuki Khan,yuki.khan38@hotmail.com,3635 Park Avenue,Mumbai,British Columbia,Canada,V7C 8C1,19.078386,72.89151,Individual,Gold,97,5857.93,19-09-2022,31,428.16,International Priority,06-07-2024
2739,Lucas Tanaka,lucas.tanaka39@icloud.com,254 Market Street,London,West Region,Singapore,448112,51.503351,-0.173588,Corporate,,69,28765.45,03-03-2021,43,2599.62,Express,15-04-2024
2740,John Clark,john.clark40@gmail.com,220 Market Street,Sydney,Sharjah,UAE,86348,-33.908583,151.193501,Corporate,Silver,47,41321.42,25-06-2022,3,3138.42,Standard,28-10-2024
2741,Yuki Nair,yuki.nair41@outlook.com,7701 Oak Street,Sydney,Sharjah,UAE,9921,-33.839694,151.232187,SME,Gold,41,12378.91,06-09-2024,23,5176.68,Express,18-01-2024
2742,Priya Martin,priya.martin42@yahoo.com,146 Hillcrest Ave,Mumbai,Queensland,Australia,7975,19.069471,72.918962,Individual,Silver,49,41151.3,10-11-2020,93,6624.42,Express,12-02-2024
2743,Maria Smith,maria.smith43@hotmail.com,7819 Sunset Blvd,Dubai,Wales,UK,EC4 9AB,25.213566,55.289281,Corporate,Silver,54,36899.96,15-02-2019,23,1555.86,Standard,27-04-2024
2744,Fatima Das,fatima.das44@icloud.com,6867 Hillcrest Ave,Toronto,East Region,Singapore,164817,43.67113,-79.397593,Individual,Gold,63,9730.41,19-02-2020,89,4007.13,International Priority,27-10-2024
2745,Carlos Clark,carlos.clark45@gmail.com,8397 Main St,Toronto,Berlin,Germany,88997,43.603284,-79.431646,Individual,,81,48948.04,20-08-2020,37,1585.54,Overnight,24-12-2024
2746,Fatima Costa,fatima.costa46@outlook.com,4623 Oak Street,Sydney,Central Region,Singapore,119430,-33.838413,151.223802,SME,Bronze,66,37778.52,09-01-2022,50,677.11,Overnight,06-10-2024
2747,Amit Nair,amit.nair47@yahoo.com,7358 Lake View Rd,Toronto,Scotland,UK,NW6 9AA,43.663531,-79.358307,Corporate,Gold,84,3574.95,03-09-2019,62,1093.7,Overnight,25-03-2024
2748,David Nair,david.nair48@hotmail.com,8315 Sunset Blvd,New York,Central Region,Singapore,513825,40.745624,-74.046839,SME,,99,12297.4,12-04-2019,11,1393.26,Express,02-02-2024
2749,Sophia Wang,sophia.wang49@icloud.com,5561 Maple Road,Sydney,Victoria,Australia,7450,-33.884719,151.176834,Corporate,Silver,46,33465.39,17-09-2024,63,6672.34,Express,11-05-2024
2750,Sophia Tanaka,sophia.tanaka50@gmail.com,9019 Lake View Rd,Sydney,Wales,UK,SE3 2AB,-33.916978,151.162403,Individual,Gold,98,20112.53,14-06-2021,16,3241.57,Overnight,13-01-2024
2751,Elena Patel,elena.patel51@outlook.com,5445 Main St,London,Quebec,Canada,M5A 1A9,51.537871,-0.166936,Corporate,Bronze,90,12538.98,04-11-2024,101,7475.71,Overnight,27-11-2024
2752,Daniel Sharma,daniel.sharma52@yahoo.com,8181 Sunset Blvd,Toronto,Karnataka,India,493405,43.663358,-79.388188,Corporate,Bronze,69,19066.79,01-03-2023,32,1949.14,Standard,22-11-2024
2753,Lucas Lee,lucas.lee53@hotmail.com,8361 Park Avenue,Dubai,Wales,UK,W1 6AB,25.185787,55.280197,Individual,Silver,77,17283.19,09-04-2019,38,252.2,Standard,05-10-2024
2754,Lucas Khan,lucas.khan54@icloud.com,9748 King Street,Sydney,West Region,Singapore,601354,-33.913836,151.249036,Individual,Gold,75,29876.72,11-01-2024,36,776.29,Express,28-02-2024
2755,John Petrov,john.petrov55@gmail.com,1982 Victoria Road,Singapore,British Columbia,Canada,V2A 9B7,1.349943,103.845922,Corporate,Bronze,97,33340.58,11-07-2023,2,5932.8,Standard,29-11-2024
2756,Chen Chowdhury,chen.chowdhury56@outlook.com,9343 Hillcrest Ave,Dubai,Gujarat,India,478132,25.235428,55.231528,SME,Gold,75,33429.9,30-09-2022,3,1976.42,International Priority,10-03-2024
2757,Raj Ali,raj.ali57@yahoo.com,1948 Market Street,New York,Abu Dhabi,UAE,53887,40.70216,-74.02411,Corporate,Bronze,72,16679.63,29-02-2024,11,587.72,Overnight,15-10-2024
2758,Raj Martin,raj.martin58@hotmail.com,1859 Maple Road,London,Hesse,Germany,74393,51.530587,-0.174917,Individual,Silver,81,5695.76,22-11-2022,11,612.6,Overnight,13-06-2024
2759,John Tanaka,john.tanaka59@icloud.com,6580 Hillcrest Ave,Mumbai,New South Wales,Australia,3521,19.031468,72.882087,SME,Silver,99,2359.48,30-08-2022,31,718.01,Overnight,11-01-2024
2760,Mia Tanaka,mia.tanaka60@gmail.com,5123 Sunset Blvd,Dubai,East Region,Singapore,294790,25.184866,55.257256,Individual,Gold,92,47701.99,13-03-2022,110,4262.73,Overnight,19-05-2024
2761,Michael Clark,michael.clark61@outlook.com,2542 Victoria Road,Sydney,East Region,Singapore,387951,-33.851154,151.242059,Individual,,70,10650.4,16-02-2023,22,1050.91,Overnight,29-11-2024
2762,Sara Chowdhury,sara.chowdhury62@yahoo.com,2244 Hillcrest Ave,New York,Abu Dhabi,UAE,14086,40.697682,-73.993712,SME,,88,25922.01,28-07-2019,67,1838.11,Standard,17-11-2024
2763,Sophia Muller,sophia.muller63@hotmail.com,8443 Maple Road,Berlin,Hamburg,Germany,30527,52.505471,13.360748,Individual,Silver,77,47062.45,18-10-2024,19,1721.89,Standard,15-07-2024
2764,Elena Das,elena.das64@icloud.com,7553 Oak Street,New York,Dubai,UAE,66928,40.690006,-74.054866,Individual,Bronze,92,19697.58,20-05-2020,21,789.01,Overnight,11-10-2024
2765,Ivan Johnson,ivan.johnson65@gmail.com,8614 Oak Street,New York,Texas,USA,61062,40.675495,-74.026727,Individual,,55,48411.39,01-12-2023,31,1246.09,International Priority,22-07-2024
2766,Arjun Lee,arjun.lee66@outlook.com,1768 Sunset Blvd,London,Abu Dhabi,UAE,43954,51.490217,-0.160641,Individual,Silver,83,38100.13,19-06-2024,27,1431.43,Standard,06-11-2024
2767,Anna Tanaka,anna.tanaka67@yahoo.com,2687 King Street,Mumbai,Quebec,Canada,M4C 5A1,19.076933,72.882911,Individual,Bronze,73,27698.26,11-11-2023,25,291.86,Overnight,22-08-2024
2768,Olivia Khan,olivia.khan68@hotmail.com,1905 Maple Road,Berlin,Gujarat,India,210597,52.536273,13.431606,Individual,Bronze,80,13775.37,06-10-2024,39,1697.8,Express,08-05-2024
2769,John Petrov,john.petrov69@icloud.com,364 Sunset Blvd,Toronto,East Region,Singapore,694515,43.633274,-79.355572,Individual,,61,34298.97,29-05-2019,26,903.43,International Priority,03-06-2024
2770,James Tanaka,james.tanaka70@gmail.com,3849 Park Avenue,Toronto,Dubai,UAE,46391,43.608156,-79.432743,Individual,Silver,56,22597.13,03-09-2024,24,271.8,International Priority,22-08-2024
2771,Daniel Patel,daniel.patel71@outlook.com,9504 Lake View Rd,Dubai,East Region,Singapore,709205,25.174118,55.239591,Individual,Bronze,94,21275.32,03-10-2019,28,855.73,Standard,02-09-2024
2772,Priya Costa,priya.costa72@yahoo.com,2769 Sunset Blvd,New York,Scotland,UK,W3 3AB,40.691621,-74.036472,Corporate,Bronze,87,24341.37,20-09-2020,17,7351.78,International Priority,13-06-2024
2773,Daniel Garcia,daniel.garcia73@hotmail.com,7546 Market Street,Singapore,Berlin,Germany,44680,1.331771,103.869625,Corporate,Gold,45,18376.11,28-03-2023,66,7689.09,Standard,06-07-2024
2774,John Fernandez,john.fernandez74@icloud.com,1247 Maple Road,London,Dubai,UAE,76719,51.492824,-0.092916,Individual,Gold,40,30719.93,14-09-2022,33,1578.56,Express,02-06-2024
2775,Lucas Clark,lucas.clark75@gmail.com,5156 Park Avenue,Singapore,Karnataka,India,296815,1.310426,103.811746,Corporate,,67,40560.12,07-12-2023,72,652.63,Express,16-06-2024
2776,Yuki Fernandez,yuki.fernandez76@outlook.com,6413 Park Avenue,London,Quebec,Canada,T5B 1C7,51.551636,-0.140508,SME,Gold,55,18702.71,30-12-2021,26,175.94,Standard,24-02-2024
2777,Liam Mehta,liam.mehta77@yahoo.com,8416 Sunset Blvd,Toronto,Florida,USA,66639,43.681712,-79.334157,Corporate,Silver,78,30282,12-08-2020,85,7584.81,Overnight,03-08-2024
2778,Daniel Sharma,daniel.sharma78@hotmail.com,62 Main St,Dubai,East Region,Singapore,189892,25.185309,55.289864,Individual,,98,2685.27,05-08-2020,13,1510.56,International Priority,24-07-2024
2779,Laura Ali,laura.ali79@icloud.com,3868 Market Street,Dubai,Bavaria,Germany,55298,25.25133,55.295836,Individual,,48,32737.38,15-03-2021,7,274.87,Express,24-02-2024
2780,Fatima Martin,fatima.martin80@gmail.com,9844 Maple Road,Dubai,New South Wales,Australia,6699,25.160025,55.275144,Corporate,Gold,99,9059.54,17-01-2020,31,1917.29,Express,03-08-2024
2781,Anna Wang,anna.wang81@outlook.com,1545 Market Street,Berlin,Gujarat,India,770131,52.520411,13.380375,Individual,Bronze,74,49324.85,22-04-2023,33,903.45,Standard,11-05-2024
2782,Liam Lopez,liam.lopez82@yahoo.com,5821 Maple Road,Mumbai,Victoria,Australia,3448,19.098013,72.841157,SME,Silver,65,2106.35,03-02-2022,29,64.94,Overnight,15-08-2024
2783,Lucas Johnson,lucas.johnson83@hotmail.com,8282 Park Avenue,Berlin,Maharashtra,India,244175,52.569213,13.436593,SME,Silver,86,12946.36,04-06-2023,25,100.17,International Priority,19-01-2024
2784,Raj Hassan,raj.hassan84@icloud.com,2406 King Street,Sydney,Gujarat,India,250800,-33.915942,151.219345,Individual,Silver,56,1823.83,21-06-2021,19,105.45,International Priority,29-05-2024
2785,Wei Anderson,wei.anderson85@gmail.com,9716 Maple Road,Sydney,Alberta,Canada,M8B 5C7,-33.883659,151.178327,SME,,53,2299.36,21-06-2019,35,1603.39,Express,05-07-2024
2786,Carlos Ibrahim,carlos.ibrahim86@outlook.com,3290 Market Street,Singapore,Alberta,Canada,M9A 9A6,1.355794,103.79793,SME,Silver,46,25078.49,30-06-2019,2,1156.41,International Priority,29-01-2024
2787,Raj Petrov,raj.petrov87@yahoo.com,8411 Hillcrest Ave,Mumbai,Ontario,Canada,T2B 4A2,19.074915,72.901848,Corporate,Bronze,59,35851.83,25-05-2022,95,5192.07,Standard,04-05-2024
2788,Michael Martin,michael.martin88@hotmail.com,7553 Sunset Blvd,Toronto,Abu Dhabi,UAE,14990,43.631168,-79.383959,SME,Bronze,48,7701.82,19-02-2019,40,1007.84,Express,19-07-2024
2789,Isabella Smith,isabella.smith89@icloud.com,6978 Victoria Road,Mumbai,Scotland,UK,SE3 5BA,19.125891,72.894836,Corporate,Gold,88,15274.3,28-06-2020,37,1937.4,Overnight,17-04-2024
2790,Noah Brown,noah.brown90@gmail.com,2731 Maple Road,London,Maharashtra,India,505777,51.512543,-0.088207,Individual,Silver,67,28558.81,07-03-2021,33,553.5,Standard,27-04-2024
2791,Liam Tanaka,liam.tanaka91@outlook.com,1384 Sunset Blvd,Sydney,Bavaria,Germany,17944,-33.880984,151.208226,Corporate,,82,32158.09,10-09-2023,41,7854.38,Overnight,22-02-2024
2792,Wei Lopez,wei.lopez92@yahoo.com,4011 Main St,New York,Victoria,Australia,4818,40.668111,-73.96238,Individual,Gold,95,34294.27,04-03-2021,13,1804.3,Express,11-02-2024
2793,Noah Chowdhury,noah.chowdhury93@hotmail.com,2999 Lake View Rd,New York,British Columbia,Canada,M9A 1C1,40.723086,-74.008304,Individual,Bronze,77,31197.75,07-09-2023,26,390.72,Standard,19-07-2024
2794,Amit Petrov,amit.petrov94@icloud.com,8043 Park Avenue,Toronto,Sharjah,UAE,72404,43.678533,-79.344727,Individual,Silver,79,37322.56,13-09-2020,109,4531.01,Overnight,16-01-2024
2795,James Garcia,james.garcia95@gmail.com,4307 Market Street,London,British Columbia,Canada,K2B 9A9,51.496971,-0.169902,Individual,Bronze,82,47450.09,15-10-2023,119,5754.92,Standard,30-05-2024
2796,Arjun Dubois,arjun.dubois96@outlook.com,8716 Main St,Singapore,Victoria,Australia,6050,1.33563,103.85243,Individual,Gold,84,35257.13,11-11-2021,25,1935.04,Overnight,12-01-2024
2797,Anna Kim,anna.kim97@yahoo.com,6387 King Street,Berlin,New South Wales,Australia,2909,52.491914,13.38301,Corporate,Bronze,87,47576.09,12-05-2021,72,7495.16,Overnight,07-01-2024
2798,John Hassan,john.hassan98@hotmail.com,3190 Park Avenue,London,East Region,Singapore,309427,51.476703,-0.171373,Individual,Silver,41,11358.76,03-01-2019,35,80.5,Standard,17-03-2024
2799,Chen Ali,chen.ali99@icloud.com,6406 Oak Street,New York,Maharashtra,India,466660,40.740828,-74.045098,SME,Silver,100,7489.63,29-09-2019,36,1499.29,International Priority,28-09-2024
2800,Michael Patel,michael.patel0@gmail.com,1840 King Street,New York,Ontario,Canada,V9C 5B4,40.702049,-73.996703,SME,Gold,88,33611.99,31-10-2020,11,152.45,International Priority,01-10-2024
2801,Sophia Rossi,sophia.rossi1@outlook.com,8390 Oak Street,Singapore,Victoria,Australia,3225,1.329387,103.854784,Individual,Silver,59,13564.75,03-06-2019,5,1807.45,Overnight,01-09-2024
2802,Arjun Sharma,arjun.sharma2@yahoo.com,2897 Oak Street,Sydney,Wales,UK,NW3 1BA,-33.872814,151.237833,SME,Bronze,45,4982.65,23-12-2021,23,1907.89,Standard,03-02-2024
2803,Ivan Ali,ivan.ali3@hotmail.com,7614 Park Avenue,London,Scotland,UK,SE1 4BB,51.50582,-0.105543,Corporate,Bronze,56,31314.58,30-05-2024,102,1472.67,Overnight,04-10-2024
2804,Yuki Nair,yuki.nair4@icloud.com,7993 Hillcrest Ave,London,British Columbia,Canada,T6C 3B8,51.487801,-0.153986,Corporate,,57,45069.08,28-09-2019,51,590.89,Standard,11-05-2024
2805,Daniel Mehta,daniel.mehta5@gmail.com,8559 King Street,New York,Abu Dhabi,UAE,3373,40.695267,-74.024201,Individual,,63,20034.75,16-06-2021,33,1673.24,Express,13-08-2024
2806,Ahmed Ibrahim,ahmed.ibrahim6@outlook.com,6596 Hillcrest Ave,Berlin,New South Wales,Australia,6034,52.474411,13.415594,Individual,,90,41737.19,02-04-2024,19,814.96,Standard,24-07-2024
2807,Liam Johnson,liam.johnson7@yahoo.com,4375 Lake View Rd,Toronto,Central Region,Singapore,295937,43.61591,-79.4137,Individual,Bronze,59,35678.81,09-11-2020,21,1946.3,Express,25-09-2024
2808,Isabella Wang,isabella.wang8@hotmail.com,4141 Hillcrest Ave,Dubai,Maharashtra,India,612770,25.164745,55.260198,SME,Bronze,92,36573.6,14-07-2024,8,1438.46,Standard,19-03-2024
2809,Yuki Nair,yuki.nair9@icloud.com,4370 Market Street,Toronto,Gujarat,India,795914,43.684315,-79.421973,SME,Gold,41,16326.58,12-04-2020,5,413.47,Express,12-11-2024
2810,Maria Lee,maria.lee10@gmail.com,3158 Sunset Blvd,London,Dubai,UAE,97339,51.509824,-0.166633,Corporate,,78,3036.55,24-11-2019,60,3985.69,Overnight,08-08-2024
2811,James Martin,james.martin11@outlook.com,1426 Hillcrest Ave,Toronto,West Region,Singapore,703205,43.663043,-79.426118,SME,Bronze,51,27627.26,26-02-2024,83,5571,Overnight,21-03-2024
2812,Noah Sharma,noah.sharma12@yahoo.com,1448 Victoria Road,New York,Delhi,India,274765,40.704895,-73.991972,Corporate,Gold,62,17515.31,04-11-2022,35,2749.08,Express,09-03-2024
2813,Wei Martin,wei.martin13@hotmail.com,1976 Hillcrest Ave,New York,West Region,Singapore,730565,40.70881,-73.985251,SME,Bronze,55,38776.13,05-03-2023,10,1008.93,Standard,27-09-2024
2814,John Hassan,john.hassan14@icloud.com,5132 Oak Street,Singapore,Illinois,USA,10240,1.395577,103.859084,Corporate,Gold,60,43587.12,04-04-2024,110,6337.08,Standard,23-01-2024
2815,Arjun Johnson,arjun.johnson15@gmail.com,2138 Sunset Blvd,London,British Columbia,Canada,T7C 9A2,51.555946,-0.145244,Individual,,85,41643.54,23-11-2021,19,805.36,Overnight,09-01-2024
2816,Anna Wang,anna.wang16@outlook.com,2219 Park Avenue,Singapore,Maharashtra,India,568769,1.357981,103.852879,SME,,95,40760.09,16-09-2022,2,4090.2,International Priority,26-09-2024
2817,Mia Hassan,mia.hassan17@yahoo.com,1640 Victoria Road,London,Scotland,UK,SW2 4BB,51.523383,-0.079225,Corporate,,51,33621.47,30-08-2022,75,5030.57,Express,28-07-2024
2818,Wei Martin,wei.martin18@hotmail.com,7070 Oak Street,Dubai,Victoria,Australia,2419,25.206286,55.234927,SME,Bronze,54,17715.53,27-11-2024,48,2321.08,Standard,09-07-2024
2819,Sara Fernandez,sara.fernandez19@icloud.com,720 Hillcrest Ave,Dubai,East Region,Singapore,289866,25.246844,55.254699,Individual,Bronze,83,27432.74,29-09-2020,26,156.19,Standard,14-02-2024
2820,Michael Ali,michael.ali20@gmail.com,5222 Sunset Blvd,Sydney,East Region,Singapore,552067,-33.830204,151.211787,Corporate,Gold,98,39788.01,31-10-2024,60,5314.47,Overnight,30-10-2024
2821,Carlos Smith,carlos.smith21@outlook.com,3607 Victoria Road,London,Berlin,Germany,19349,51.474801,-0.089448,SME,Silver,73,28362.09,16-02-2022,94,5579.34,Express,16-07-2024
2822,Chen Mehta,chen.mehta22@yahoo.com,6557 Victoria Road,Berlin,Sharjah,UAE,50189,52.515227,13.431282,SME,Silver,91,49016.83,01-10-2021,24,1184.04,Overnight,21-07-2024
2823,John Fernandez,john.fernandez23@hotmail.com,7402 Maple Road,Toronto,Hesse,Germany,74115,43.657233,-79.38263,Individual,,53,36227.34,15-07-2021,92,839.03,Express,19-01-2024
2824,Michael Kim,michael.kim24@icloud.com,5981 Park Avenue,London,Tamil Nadu,India,206838,51.46914,-0.13558,Individual,Silver,95,9411.36,02-04-2019,33,1959.85,Standard,07-10-2024
2825,John Garcia,john.garcia25@gmail.com,4917 Oak Street,Mumbai,Bavaria,Germany,60624,19.042654,72.889826,Corporate,,73,39282,13-11-2023,28,893.15,International Priority,04-01-2024
2826,Amit Martin,amit.martin26@outlook.com,2172 Market Street,Sydney,Hesse,Germany,72264,-33.869449,151.185372,SME,Gold,78,4054.02,02-06-2024,16,1560.14,Standard,19-03-2024
2827,Emma Brown,emma.brown27@yahoo.com,135 Sunset Blvd,Mumbai,New York,USA,33709,19.082745,72.873186,SME,Silver,74,28010.19,19-01-2022,18,385.45,Express,20-08-2024
2828,Chen Tanaka,chen.tanaka28@hotmail.com,5753 Victoria Road,New York,Central Region,Singapore,621712,40.687418,-73.972234,Individual,Silver,79,18983.84,06-09-2022,36,475.46,Overnight,24-05-2024
2829,Mia Petrov,mia.petrov29@icloud.com,698 Park Avenue,Dubai,Scotland,UK,EC3 3BA,25.245419,55.277747,Individual,,47,5864.12,15-09-2024,14,1969.07,Overnight,18-03-2024
2830,Laura Petrov,laura.petrov30@gmail.com,8027 Victoria Road,Toronto,Sharjah,UAE,10388,43.644534,-79.363807,Corporate,Gold,94,6691.95,16-05-2022,63,1952.84,Standard,12-02-2024
2831,Mia Singh,mia.singh31@outlook.com,9215 King Street,London,Scotland,UK,EC3 7AB,51.552566,-0.087837,SME,Silver,70,25235.2,05-08-2024,35,1511.96,Standard,08-08-2024
2832,Elena Lee,elena.lee32@yahoo.com,8363 King Street,Mumbai,Illinois,USA,22782,19.074447,72.897734,SME,Silver,81,42383.19,16-07-2023,37,945.52,Overnight,23-05-2024
2833,Olivia Muller,olivia.muller33@hotmail.com,201 King Street,Toronto,Texas,USA,12169,43.69846,-79.403409,Corporate,Silver,54,10303.84,30-07-2019,111,3251.58,Standard,20-12-2024
2834,Amit Garcia,amit.garcia34@icloud.com,7263 Park Avenue,New York,Bavaria,Germany,80058,40.722556,-73.997792,Corporate,Gold,47,39610.38,15-05-2022,10,671.99,Express,25-02-2024
2835,Arjun Das,arjun.das35@gmail.com,9418 Hillcrest Ave,Dubai,Ontario,Canada,V1C 4A1,25.185872,55.282782,Individual,Gold,74,18794.19,21-11-2021,38,1688.8,Standard,03-07-2024
2836,Mia Anderson,mia.anderson36@outlook.com,4850 Market Street,Berlin,East Region,Singapore,706810,52.558742,13.359717,Individual,Silver,84,48602.22,12-03-2020,48,3943.3,Overnight,17-11-2024
2837,Mohammed Khan,mohammed.khan37@yahoo.com,8882 Oak Street,Sydney,Queensland,Australia,2709,-33.914573,151.170327,Corporate,,86,11077.47,29-08-2020,53,3351.45,Express,21-02-2024
2838,Maria Lopez,maria.lopez38@hotmail.com,5979 King Street,Toronto,East Region,Singapore,418596,43.645291,-79.384652,Corporate,,46,30558.46,04-07-2021,89,6953.16,Express,10-12-2024
2839,James Kim,james.kim39@icloud.com,8657 King Street,Toronto,Victoria,Australia,7811,43.649884,-79.416436,SME,Silver,68,44669.47,15-06-2021,9,1181.11,International Priority,31-07-2024
2840,Wei Lee,wei.lee40@gmail.com,2410 Maple Road,Berlin,Hesse,Germany,39670,52.529992,13.357283,Corporate,Gold,55,10270.03,15-10-2021,89,7627,Standard,18-09-2024
2841,Ivan Ibrahim,ivan.ibrahim41@outlook.com,6831 Maple Road,Toronto,Victoria,Australia,7220,43.624295,-79.414585,Corporate,Silver,88,23735.15,16-03-2024,78,4589.65,Standard,18-09-2024
2842,Raj Fernandez,raj.fernandez42@yahoo.com,2490 Oak Street,New York,California,USA,26004,40.665067,-74.006081,SME,Gold,97,47558.36,19-09-2020,45,7177.21,Standard,09-06-2024
2843,Mohammed Brown,mohammed.brown43@hotmail.com,2654 Victoria Road,New York,Scotland,UK,W4 9BA,40.680711,-73.997399,Corporate,Silver,96,26379.93,08-02-2020,56,4130.51,Overnight,10-06-2024
2844,Amit Smith,amit.smith44@icloud.com,2558 Sunset Blvd,Berlin,Victoria,Australia,2544,52.4704,13.380128,Individual,Gold,61,32699.8,02-09-2024,25,1111.06,Standard,15-01-2024
2845,Emma Johnson,emma.johnson45@gmail.com,349 Park Avenue,Sydney,East Region,Singapore,445530,-33.891725,151.211531,Individual,Bronze,50,43913.34,26-01-2023,40,188.79,Overnight,06-06-2024
2846,Raj Lee,raj.lee46@outlook.com,6139 Park Avenue,London,Abu Dhabi,UAE,32494,51.49471,-0.160276,SME,,86,9353.28,18-08-2023,12,1223.29,Standard,26-02-2024
2847,Wei Ali,wei.ali47@yahoo.com,4046 Park Avenue,Mumbai,Berlin,Germany,21847,19.064737,72.831817,Corporate,Bronze,96,43968.07,26-06-2023,100,747.65,International Priority,16-11-2024
2848,Priya Sharma,priya.sharma48@hotmail.com,9335 Lake View Rd,London,British Columbia,Canada,M9C 3A1,51.460261,-0.136659,Individual,,65,35137.32,14-09-2023,28,6721.16,Standard,04-09-2024
2849,Olivia Chowdhury,olivia.chowdhury49@icloud.com,8914 Market Street,Toronto,Berlin,Germany,73145,43.603917,-79.393899,Individual,Gold,88,3326.57,18-09-2022,48,1496.05,Overnight,16-06-2024
2850,Arjun Ali,arjun.ali50@gmail.com,7934 Hillcrest Ave,Mumbai,Delhi,India,352447,19.124662,72.885107,Individual,Bronze,58,4893.43,10-05-2022,40,1042.92,Overnight,07-09-2024
2851,Mohammed Hassan,mohammed.hassan51@outlook.com,6645 Hillcrest Ave,Singapore,Hamburg,Germany,20442,1.390097,103.816441,Individual,,75,18338.84,29-11-2019,16,766.95,Overnight,12-01-2024
2852,Elena Singh,elena.singh52@yahoo.com,1962 Victoria Road,Berlin,Florida,USA,40193,52.549384,13.402718,Corporate,Silver,96,49929.99,20-09-2021,48,5946.92,Standard,09-12-2024
2853,Wei Mehta,wei.mehta53@hotmail.com,4567 Sunset Blvd,Berlin,England,UK,W8 3BB,52.528648,13.434516,Corporate,Gold,88,24365.86,27-10-2020,48,7548.24,Express,20-03-2024
2854,Mia Patel,mia.patel54@icloud.com,8234 Oak Street,Sydney,Scotland,UK,SW9 8BB,-33.914449,151.251645,Corporate,Gold,68,15995.37,24-05-2024,32,4458.24,Standard,22-10-2024
2855,John Lopez,john.lopez55@gmail.com,9723 Park Avenue,Mumbai,Sharjah,UAE,9548,19.124445,72.884145,Corporate,Silver,50,30048.72,29-09-2019,22,5020.03,International Priority,14-11-2024
2856,Michael Patel,michael.patel56@outlook.com,7696 Market Street,New York,Victoria,Australia,3723,40.673881,-74.049521,Individual,Silver,50,36828.14,09-07-2022,2,1822.23,Express,21-07-2024
2857,Sophia Johnson,sophia.johnson57@yahoo.com,8573 Main St,Mumbai,California,USA,15353,19.09153,72.860904,SME,,61,28481.63,22-08-2019,27,904.53,Overnight,22-12-2024
2858,Isabella Garcia,isabella.garcia58@hotmail.com,9657 Hillcrest Ave,Toronto,Karnataka,India,427351,43.608127,-79.401287,SME,Gold,96,24829.52,20-11-2023,37,2960.37,International Priority,22-08-2024
2859,Noah Dubois,noah.dubois59@icloud.com,6172 Oak Street,New York,New York,USA,28442,40.755797,-73.99382,Individual,,48,33116.13,21-07-2023,22,534.34,Overnight,22-04-2024
2860,Isabella Singh,isabella.singh60@gmail.com,7144 Hillcrest Ave,Dubai,Hesse,Germany,40462,25.254142,55.29637,Individual,Silver,52,2565.39,06-11-2023,20,1554.61,Overnight,21-05-2024
2861,Liam Anderson,liam.anderson61@outlook.com,6051 Lake View Rd,Dubai,Texas,USA,76514,25.207691,55.248957,SME,Gold,52,23026.11,22-09-2020,37,1048.02,Express,15-04-2024
2862,Noah Das,noah.das62@yahoo.com,194 Lake View Rd,Singapore,Florida,USA,71476,1.33312,103.785789,SME,Silver,89,42015.07,24-08-2023,39,74.39,Overnight,21-04-2024
2863,Maria Khan,maria.khan63@hotmail.com,7471 Park Avenue,Dubai,Dubai,UAE,87894,25.157559,55.30841,Individual,,93,14567.58,22-04-2024,30,116.62,International Priority,01-10-2024
2864,Ahmed Tanaka,ahmed.tanaka64@icloud.com,9251 Maple Road,Berlin,Maharashtra,India,528506,52.51104,13.375681,Individual,,78,32338.28,06-05-2019,20,905.92,Express,08-04-2024
2865,Elena Sharma,elena.sharma65@gmail.com,2869 Main St,Mumbai,Bavaria,Germany,76103,19.103908,72.84306,Corporate,,73,35451.36,29-09-2022,47,2300.15,Standard,15-11-2024
2866,Wei Ibrahim,wei.ibrahim66@outlook.com,5244 Market Street,Dubai,Alberta,Canada,M1A 8C8,25.180494,55.293462,Corporate,Gold,90,22774.14,26-02-2023,40,7333.59,Overnight,15-09-2024
2867,Sophia Chowdhury,sophia.chowdhury67@yahoo.com,9193 Oak Street,London,Dubai,UAE,80821,51.469736,-0.08529,SME,Silver,72,49045.97,29-04-2020,39,1137.31,Overnight,03-05-2024
2868,Mia Kim,mia.kim68@hotmail.com,4496 Hillcrest Ave,Sydney,Ontario,Canada,K5A 8B1,-33.839567,151.2192,Individual,Silver,72,46298.69,15-06-2022,1,760.88,International Priority,16-05-2024
2869,Ahmed Das,ahmed.das69@icloud.com,5204 Victoria Road,London,Sharjah,UAE,79471,51.473108,-0.07782,SME,,66,47117.73,23-08-2021,25,633.12,Standard,22-12-2024
2870,Liam Rossi,liam.rossi70@gmail.com,5831 Market Street,Dubai,Scotland,UK,SE9 6AB,25.161891,55.245427,Corporate,,75,957.2,15-06-2024,119,5489.08,Express,18-10-2024
2871,Maria Anderson,maria.anderson71@outlook.com,6106 Market Street,Singapore,West Region,Singapore,491220,1.38175,103.825037,Corporate,,81,41408.59,07-07-2024,40,6856.85,Overnight,02-09-2024
2872,Arjun Anderson,arjun.anderson72@yahoo.com,4582 Hillcrest Ave,Sydney,Sharjah,UAE,32225,-33.88283,151.188114,SME,,77,42447.38,12-06-2023,62,3780.79,International Priority,28-08-2024
2873,David Kim,david.kim73@hotmail.com,8044 Lake View Rd,Toronto,New South Wales,Australia,6808,43.66774,-79.381699,Corporate,Bronze,59,45917.44,26-05-2021,41,5947.86,Standard,22-12-2024
2874,Mia Ibrahim,mia.ibrahim74@icloud.com,4559 Park Avenue,London,Texas,USA,90967,51.554886,-0.146666,Individual,Bronze,54,35774.27,19-07-2023,21,717.11,Overnight,26-03-2024
2875,Priya Clark,priya.clark75@gmail.com,8036 King Street,Singapore,England,UK,EC4 9BA,1.361521,103.861283,SME,Bronze,68,12652.42,28-10-2023,36,515.6,Overnight,28-09-2024
2876,Mohammed Das,mohammed.das76@outlook.com,3946 Oak Street,Mumbai,Tamil Nadu,India,433330,19.087554,72.879575,Individual,,84,16183.01,21-08-2021,37,588.96,International Priority,09-11-2024
2877,Michael Muller,michael.muller77@yahoo.com,3889 Sunset Blvd,Mumbai,Quebec,Canada,M4A 8C5,19.052314,72.886117,Individual,,69,38883.53,19-03-2022,31,1391.31,Overnight,04-03-2024
2878,Mohammed Lee,mohammed.lee78@hotmail.com,9395 Victoria Road,London,East Region,Singapore,362422,51.462211,-0.159084,Corporate,Silver,60,14327.27,23-09-2021,9,504.42,Standard,13-01-2024
2879,Wei Patel,wei.patel79@icloud.com,2911 King Street,Dubai,West Region,Singapore,663260,25.170409,55.315008,Individual,Gold,78,12867.57,06-11-2020,11,227.09,Express,18-09-2024
2880,Michael Nair,michael.nair80@gmail.com,6823 Main St,Singapore,Abu Dhabi,UAE,88162,1.376668,103.781046,SME,Silver,67,26263.47,08-10-2022,17,1357.33,Standard,04-03-2024
2881,Carlos Garcia,carlos.garcia81@outlook.com,4440 Main St,Mumbai,New York,USA,94427,19.034921,72.917167,Individual,Bronze,64,15896.59,14-10-2020,102,3956.87,Express,08-08-2024
2882,David Das,david.das82@yahoo.com,5490 Sunset Blvd,Toronto,Gujarat,India,461401,43.642057,-79.385642,Individual,Silver,76,46103.27,01-09-2022,108,2179.71,Overnight,10-08-2024
2883,Michael Nguyen,michael.nguyen83@hotmail.com,2892 Hillcrest Ave,New York,Victoria,Australia,7723,40.72276,-74.045046,Individual,,47,42526.59,24-03-2023,32,119.18,Overnight,10-11-2024
2884,Yuki Das,yuki.das84@icloud.com,9410 Oak Street,Dubai,Tamil Nadu,India,237347,25.214777,55.259459,Individual,Bronze,68,32901.8,06-12-2019,36,3652.17,International Priority,02-05-2024
2885,Elena Fernandez,elena.fernandez85@gmail.com,2650 Main St,Singapore,New York,USA,86338,1.387399,103.788761,Individual,Bronze,95,15220.33,17-02-2020,26,1557.54,Overnight,17-02-2024
2886,Fatima Sharma,fatima.sharma86@outlook.com,4673 Victoria Road,Toronto,Victoria,Australia,4937,43.693597,-79.403537,Corporate,Gold,91,37684.41,03-12-2019,105,453.62,Express,10-05-2024
2887,Ahmed Dubois,ahmed.dubois87@yahoo.com,6691 Lake View Rd,Singapore,Delhi,India,375028,1.364797,103.848046,SME,Gold,65,20945.07,04-12-2019,23,1968.87,Standard,18-02-2024
2888,John Johnson,john.johnson88@hotmail.com,6337 Lake View Rd,Sydney,Victoria,Australia,4303,-33.888543,151.253594,Corporate,Bronze,70,5152.73,04-02-2019,106,5552.84,Overnight,04-04-2024
2889,Emma Chowdhury,emma.chowdhury89@icloud.com,2906 Maple Road,Toronto,Dubai,UAE,22340,43.620618,-79.335345,SME,Bronze,62,7510.99,06-09-2020,10,359.04,Overnight,26-03-2024
2890,Emma Khan,emma.khan90@gmail.com,9445 Victoria Road,Dubai,Dubai,UAE,87962,25.223546,55.223291,SME,Silver,78,31138,22-10-2023,13,4886.59,Express,19-05-2024
2891,Maria Kim,maria.kim91@outlook.com,5349 Sunset Blvd,Sydney,California,USA,39218,-33.829212,151.184037,SME,Bronze,51,46338.79,10-07-2024,19,232.25,Overnight,06-06-2024
2892,Wei Ibrahim,wei.ibrahim92@yahoo.com,6534 Sunset Blvd,Dubai,Illinois,USA,36893,25.230467,55.273835,SME,,52,44138.51,14-01-2020,33,187.2,Express,02-08-2024
2893,Chen Brown,chen.brown93@hotmail.com,3673 Lake View Rd,Mumbai,Victoria,Australia,4131,19.094579,72.924198,SME,Silver,78,34580.28,14-09-2020,32,1650.18,Express,14-02-2024
2894,Ivan Mehta,ivan.mehta94@icloud.com,5806 Lake View Rd,New York,Hesse,Germany,43490,40.721296,-74.000105,Individual,,67,33908.18,30-07-2019,4,393.16,International Priority,12-03-2024
2895,Fatima Anderson,fatima.anderson95@gmail.com,2540 Park Avenue,Dubai,England,UK,EC3 6BA,25.156685,55.307874,Corporate,,87,8652.77,09-01-2019,10,6560.53,Standard,28-10-2024
2896,Sara Singh,sara.singh96@outlook.com,4291 Main St,Dubai,East Region,Singapore,447399,25.155289,55.296879,Corporate,,54,11005.37,14-04-2024,115,2879.92,Standard,22-12-2024
2897,Lucas Clark,lucas.clark97@yahoo.com,4698 Maple Road,Mumbai,Tamil Nadu,India,176653,19.111714,72.878685,Individual,Bronze,73,22843.02,28-12-2020,28,732.48,Express,21-09-2024
2898,Anna Clark,anna.clark98@hotmail.com,584 Victoria Road,Berlin,Karnataka,India,119750,52.548028,13.453785,SME,Gold,79,4690.07,14-05-2019,24,1302.93,International Priority,17-11-2024
2899,Yuki Wang,yuki.wang99@icloud.com,4972 Victoria Road,Mumbai,Hamburg,Germany,78880,19.061077,72.924987,Corporate,Gold,59,41706.63,30-06-2020,40,1718.96,Express,27-11-2024
2900,Wei Patel,wei.patel0@gmail.com,8721 Oak Street,Sydney,Bavaria,Germany,78810,-33.862488,151.163839,Individual,,82,34055.89,08-04-2022,33,1902.61,Overnight,23-03-2024
2901,Mia Patel,mia.patel1@outlook.com,5358 Main St,Mumbai,Bavaria,Germany,89471,19.091548,72.869542,Individual,Bronze,76,39422.76,11-02-2023,25,1219.09,International Priority,01-10-2024
2902,Mia Martin,mia.martin2@yahoo.com,4744 Oak Street,Mumbai,British Columbia,Canada,V2B 2A9,19.072831,72.878723,Corporate,Silver,53,28836.99,03-01-2023,4,424.55,Standard,22-09-2024
2903,Priya Singh,priya.singh3@hotmail.com,8537 Park Avenue,New York,Quebec,Canada,K5C 6A2,40.70822,-74.008505,Corporate,,61,30133.45,25-12-2019,69,7942.86,Express,16-07-2024
2904,David Dubois,david.dubois4@icloud.com,9714 King Street,Mumbai,Queensland,Australia,4781,19.103027,72.882243,SME,Silver,73,4954.55,15-06-2019,10,621.56,Standard,13-04-2024
2905,Laura Nair,laura.nair5@gmail.com,1602 Lake View Rd,Singapore,Ontario,Canada,H7B 7C1,1.318085,103.851841,SME,Silver,98,4554.1,07-11-2020,16,50.67,International Priority,01-12-2024
2906,James Chowdhury,james.chowdhury6@outlook.com,6535 Victoria Road,Dubai,Abu Dhabi,UAE,73284,25.230319,55.22594,Corporate,Bronze,61,22331.69,22-06-2022,11,3216.85,Standard,12-12-2024
2907,Carlos Fernandez,carlos.fernandez7@yahoo.com,2768 Maple Road,Singapore,Sharjah,UAE,97708,1.368341,103.79855,SME,Bronze,68,15251.36,14-09-2022,16,614.51,Express,02-07-2024
2908,Daniel Nguyen,daniel.nguyen8@hotmail.com,8780 Park Avenue,New York,Florida,USA,68794,40.742719,-73.964787,Individual,Gold,54,23470.8,14-02-2020,29,1034.79,Express,26-12-2024
2909,Yuki Kim,yuki.kim9@icloud.com,2889 Market Street,London,Central Region,Singapore,241274,51.48826,-0.125772,SME,Gold,74,25301.7,09-06-2019,14,1960.87,Express,25-07-2024
2910,Amit Kim,amit.kim10@gmail.com,2872 Market Street,Berlin,New South Wales,Australia,4774,52.549399,13.431995,SME,Bronze,96,9799.35,04-12-2019,36,597.5,Express,23-07-2024
2911,Fatima Khan,fatima.khan11@outlook.com,7556 Main St,Singapore,Central Region,Singapore,363079,1.339052,103.851097,Individual,,92,4705.06,11-06-2019,21,3686.63,Express,03-05-2024
2912,Daniel Das,daniel.das12@yahoo.com,4788 Lake View Rd,New York,Delhi,India,633679,40.699101,-73.969238,SME,Gold,87,8565.96,01-01-2019,9,1734.66,International Priority,12-11-2024
2913,Daniel Costa,daniel.costa13@hotmail.com,2240 Main St,Sydney,England,UK,SE8 6AB,-33.839251,151.177058,Individual,Silver,54,14087.1,26-02-2021,88,540.94,International Priority,02-02-2024
2914,Amit Clark,amit.clark14@icloud.com,993 Sunset Blvd,London,Illinois,USA,77033,51.475975,-0.153115,SME,,71,4620.11,27-11-2020,26,119.55,Standard,02-08-2024
2915,Amit Das,amit.das15@gmail.com,9285 Sunset Blvd,New York,Delhi,India,683575,40.746385,-74.044722,Corporate,Silver,100,29316.1,20-05-2023,111,2591.34,International Priority,14-04-2024
2916,Ahmed Sharma,ahmed.sharma16@outlook.com,788 Sunset Blvd,New York,Maharashtra,India,234077,40.702733,-73.973235,SME,Bronze,84,28408.37,01-07-2024,119,3248.14,International Priority,19-12-2024
2917,Yuki Lee,yuki.lee17@yahoo.com,3972 Victoria Road,Berlin,Victoria,Australia,5685,52.505504,13.40356,Corporate,Silver,78,47031.42,16-03-2020,25,2717.06,International Priority,05-10-2024
2918,Priya Rossi,priya.rossi18@hotmail.com,6724 Victoria Road,Dubai,Bavaria,Germany,66999,25.180971,55.311287,Corporate,,54,3403.48,30-12-2021,115,4704.61,Overnight,03-04-2024
2919,Michael Lopez,michael.lopez19@icloud.com,1932 King Street,Singapore,Hesse,Germany,80373,1.352568,103.848197,Corporate,Bronze,49,22732.16,08-04-2022,119,182.43,International Priority,26-01-2024
2920,Michael Kim,michael.kim20@gmail.com,6436 King Street,Sydney,East Region,Singapore,335620,-33.878626,151.170161,Corporate,,78,9313.45,24-11-2024,65,5952.67,Express,23-11-2024
2921,Noah Patel,noah.patel21@outlook.com,4032 Park Avenue,Toronto,Illinois,USA,58309,43.63838,-79.368723,Corporate,Silver,77,36270.84,21-10-2019,14,2082.88,Express,18-10-2024
2922,Raj Ali,raj.ali22@yahoo.com,6884 Hillcrest Ave,Singapore,Bavaria,Germany,34887,1.350408,103.821895,Individual,,85,8513.4,11-03-2022,10,1134.21,Overnight,20-06-2024
2923,Daniel Fernandez,daniel.fernandez23@hotmail.com,6998 Park Avenue,Toronto,Gujarat,India,245665,43.631246,-79.416688,Individual,Bronze,86,31582.56,21-07-2020,20,1761.14,Express,28-08-2024
2924,Mohammed Garcia,mohammed.garcia24@icloud.com,3319 Sunset Blvd,New York,Hesse,Germany,46093,40.681107,-74.038337,Individual,Silver,77,17302.33,24-09-2019,78,2414.53,International Priority,18-10-2024
2925,John Singh,john.singh25@gmail.com,7554 Hillcrest Ave,Mumbai,Ontario,Canada,K9A 2A2,19.070066,72.859389,Corporate,Silver,60,49235.99,08-03-2024,78,1259.4,Express,12-04-2024
2926,Arjun Khan,arjun.khan26@outlook.com,5794 King Street,Sydney,Hesse,Germany,65983,-33.828885,151.255638,SME,Gold,79,4960.24,30-11-2021,16,581.62,International Priority,01-09-2024
2927,Sara Fernandez,sara.fernandez27@yahoo.com,9634 Main St,London,Gujarat,India,268496,51.519781,-0.092573,Individual,Gold,50,41347.97,06-10-2020,3,1570.18,Express,22-08-2024
2928,Elena Tanaka,elena.tanaka28@hotmail.com,5442 Oak Street,Mumbai,Central Region,Singapore,219729,19.069719,72.918435,SME,,62,30489.91,09-10-2024,11,1424.61,International Priority,26-10-2024
2929,Arjun Garcia,arjun.garcia29@icloud.com,2691 Main St,Mumbai,Queensland,Australia,6977,19.093906,72.869488,SME,Gold,47,18314.06,29-01-2020,31,487.76,Express,26-06-2024
2930,Arjun Hassan,arjun.hassan30@gmail.com,6883 Park Avenue,Singapore,California,USA,78185,1.396959,103.833472,Corporate,Gold,93,45235.39,26-07-2024,105,4887.13,Standard,12-10-2024
2931,Michael Martin,michael.martin31@outlook.com,6888 King Street,Sydney,Scotland,UK,W8 5BA,-33.910738,151.232674,Corporate,Gold,55,19042.73,05-07-2021,44,5926.11,Overnight,31-05-2024
2932,Carlos Muller,carlos.muller32@yahoo.com,1996 Sunset Blvd,Dubai,Bavaria,Germany,65234,25.239333,55.317661,Corporate,Gold,41,21683.29,08-03-2022,79,4100.68,Standard,29-09-2024
2933,Maria Petrov,maria.petrov33@hotmail.com,3483 Oak Street,New York,Abu Dhabi,UAE,76106,40.746678,-74.028749,Individual,Bronze,74,15062.33,12-05-2019,14,786.07,International Priority,18-11-2024
2934,Mohammed Clark,mohammed.clark34@icloud.com,1589 Sunset Blvd,New York,Dubai,UAE,26415,40.705691,-73.984869,Corporate,Bronze,69,9910.76,31-05-2023,83,1561.07,Standard,26-04-2024
2935,Noah Hassan,noah.hassan35@gmail.com,9586 Lake View Rd,New York,West Region,Singapore,194386,40.70732,-73.984473,Individual,Gold,57,22760.9,19-10-2022,39,1824.23,Express,19-03-2024
2936,Sophia Smith,sophia.smith36@outlook.com,5201 Victoria Road,New York,Delhi,India,549381,40.686151,-74.002003,Individual,,53,44162.16,28-10-2020,44,806.73,Express,11-06-2024
2937,Lucas Anderson,lucas.anderson37@yahoo.com,2859 Park Avenue,Singapore,England,UK,W2 6AA,1.315604,103.860836,Individual,Bronze,65,8718.74,20-04-2024,32,1415.28,Express,08-10-2024
2938,Yuki Lee,yuki.lee38@hotmail.com,2424 Victoria Road,Toronto,England,UK,SE5 2AA,43.637822,-79.395252,Individual,Gold,53,20983.32,28-01-2024,100,4332.43,Standard,11-07-2024
2939,Olivia Singh,olivia.singh39@icloud.com,3156 Market Street,New York,British Columbia,Canada,K1C 5B6,40.756355,-73.999884,Corporate,Bronze,87,11158.24,09-01-2023,88,7359.98,Standard,25-02-2024
2940,Ivan Ali,ivan.ali40@gmail.com,1519 Park Avenue,Toronto,England,UK,EC7 5AB,43.610746,-79.398652,Individual,Silver,66,49457.27,15-09-2024,61,4363.69,Overnight,29-12-2024
2941,Priya Tanaka,priya.tanaka41@outlook.com,243 King Street,Toronto,Abu Dhabi,UAE,31292,43.69091,-79.356808,Corporate,Bronze,85,39979.64,09-06-2022,119,7770.14,Overnight,24-07-2024
2942,Elena Sharma,elena.sharma42@yahoo.com,7254 Market Street,Dubai,Queensland,Australia,2204,25.240837,55.306244,Corporate,Bronze,93,26878.73,17-04-2022,88,2042.45,Overnight,27-03-2024
2943,Priya Muller,priya.muller43@hotmail.com,2101 Main St,New York,Gujarat,India,508874,40.759604,-73.977577,Individual,,52,46327.33,01-07-2023,93,4877.06,Standard,22-05-2024
2944,Fatima Lee,fatima.lee44@icloud.com,6114 Hillcrest Ave,Berlin,Delhi,India,556452,52.491569,13.438632,Corporate,Bronze,73,36675.83,09-09-2023,56,2626.19,Standard,08-06-2024
2945,Anna Dubois,anna.dubois45@gmail.com,864 Main St,London,Hesse,Germany,18546,51.517492,-0.161775,SME,,74,45579.65,21-08-2021,37,633.64,Overnight,18-04-2024
2946,Ahmed Anderson,ahmed.anderson46@outlook.com,2889 Hillcrest Ave,Mumbai,Bavaria,Germany,90842,19.115153,72.83772,Corporate,Silver,74,38243.48,20-06-2022,49,4128.76,Standard,01-06-2024
2947,Lucas Singh,lucas.singh47@yahoo.com,6826 King Street,Toronto,Hamburg,Germany,11792,43.70035,-79.374942,Corporate,Gold,90,20985.06,30-08-2022,18,2646.91,Express,02-12-2024
2948,Anna Kim,anna.kim48@hotmail.com,993 Main St,Sydney,Abu Dhabi,UAE,15020,-33.897068,151.246562,Individual,,43,22754.29,12-05-2021,19,1675.51,International Priority,05-08-2024
2949,Sara Mehta,sara.mehta49@icloud.com,4654 Sunset Blvd,Sydney,Sharjah,UAE,62756,-33.895886,151.19336,Individual,Bronze,58,18629.32,12-09-2021,18,942.7,Standard,06-07-2024
2950,Wei Brown,wei.brown50@gmail.com,3969 Oak Street,London,East Region,Singapore,784954,51.525022,-0.097656,Corporate,Bronze,88,14547.85,04-03-2024,106,3964.36,Overnight,14-07-2024
2951,Isabella Brown,isabella.brown51@outlook.com,7389 King Street,Sydney,Dubai,UAE,35608,-33.821556,151.22711,Individual,,99,1065.53,01-09-2020,12,1354.87,International Priority,22-11-2024
2952,Laura Anderson,laura.anderson52@yahoo.com,3330 Market Street,Berlin,Sharjah,UAE,67842,52.516215,13.388561,SME,Silver,50,26155.36,27-09-2020,5,1873.33,International Priority,13-10-2024
2953,Chen Petrov,chen.petrov53@hotmail.com,1852 Oak Street,Sydney,Abu Dhabi,UAE,38454,-33.836302,151.252229,SME,Gold,87,48986.78,31-05-2019,30,140.25,Express,03-07-2024
2954,Mohammed Costa,mohammed.costa54@icloud.com,5300 Hillcrest Ave,Mumbai,Sharjah,UAE,21489,19.049712,72.916324,Individual,Bronze,96,14757.79,22-11-2019,4,1880.58,Express,06-10-2024
2955,David Nair,david.nair55@gmail.com,5581 Oak Street,Mumbai,Queensland,Australia,4622,19.122192,72.91709,Corporate,Silver,82,31915.24,29-08-2019,50,2776.76,International Priority,16-08-2024
2956,Sophia Anderson,sophia.anderson56@outlook.com,2155 Market Street,Toronto,Dubai,UAE,21156,43.611856,-79.386863,SME,Gold,52,16973.92,27-04-2020,17,1893.92,Standard,20-09-2024
2957,Maria Nguyen,maria.nguyen57@yahoo.com,8205 Maple Road,New York,Central Region,Singapore,381806,40.745442,-74.052574,SME,Gold,96,18045.2,27-08-2020,13,1806.57,Express,08-07-2024
2958,Yuki Johnson,yuki.johnson58@hotmail.com,7903 Oak Street,Dubai,Wales,UK,SE8 2AB,25.167935,55.257637,Corporate,Bronze,63,42815.42,17-03-2020,17,2954.08,Standard,15-12-2024
2959,Wei Lee,wei.lee59@icloud.com,1733 Lake View Rd,Berlin,England,UK,EC7 5BB,52.547149,13.448695,Individual,,97,14464.64,13-01-2024,19,721.99,Standard,23-07-2024
2960,Carlos Nguyen,carlos.nguyen60@gmail.com,960 King Street,Toronto,Alberta,Canada,V1C 8B4,43.664298,-79.336494,SME,Bronze,53,43421.8,31-05-2020,17,1387.82,Overnight,09-03-2024
2961,Arjun Khan,arjun.khan61@outlook.com,9232 Oak Street,Berlin,Queensland,Australia,4786,52.529532,13.386935,Corporate,Bronze,58,8659.35,03-09-2020,66,3730.59,Standard,14-03-2024
2962,Ahmed Nair,ahmed.nair62@yahoo.com,2299 Oak Street,New York,Hesse,Germany,79923,40.680545,-73.986601,Corporate,Bronze,98,46781.66,28-10-2019,9,5726.86,Express,25-03-2024
2963,David Hassan,david.hassan63@hotmail.com,9237 Main St,Singapore,Florida,USA,95711,1.311139,103.859368,SME,Silver,78,23852.98,03-03-2022,7,1569.28,Overnight,03-03-2024
2964,Daniel Smith,daniel.smith64@icloud.com,4088 Victoria Road,Sydney,Sharjah,UAE,73937,-33.904004,151.182093,Individual,,40,44586.38,24-09-2022,35,565.73,International Priority,16-06-2024
2965,John Brown,john.brown65@gmail.com,1027 Hillcrest Ave,Sydney,Ontario,Canada,H4A 5A6,-33.823558,151.167831,SME,Silver,64,804.77,03-08-2022,9,1225.2,International Priority,12-03-2024
2966,Michael Anderson,michael.anderson66@outlook.com,3127 Sunset Blvd,Dubai,California,USA,97408,25.17386,55.260319,Corporate,Bronze,73,5597.35,06-09-2021,119,2943.02,International Priority,06-12-2024
2967,Emma Anderson,emma.anderson67@yahoo.com,7571 Hillcrest Ave,New York,Central Region,Singapore,731732,40.730237,-73.957732,SME,,70,3855.41,26-05-2024,21,472.47,Express,28-12-2024
2968,Maria Muller,maria.muller68@hotmail.com,6050 King Street,Toronto,England,UK,NW2 4AB,43.662354,-79.373531,Individual,Gold,84,18134.36,19-11-2023,111,3790.38,Overnight,24-06-2024
2969,Maria Dubois,maria.dubois69@icloud.com,9024 Sunset Blvd,Dubai,British Columbia,Canada,V2C 7C6,25.235083,55.30862,Corporate,,61,38219.65,06-08-2023,41,5671.26,Express,08-09-2024
2970,Maria Clark,maria.clark70@gmail.com,8308 Hillcrest Ave,New York,West Region,Singapore,381442,40.683575,-73.959239,Individual,Bronze,56,42925.54,17-05-2020,29,1282.51,Express,26-02-2024
2971,Sophia Tanaka,sophia.tanaka71@outlook.com,2846 Oak Street,London,Ontario,Canada,V3A 3B7,51.459954,-0.0829,SME,,100,4449.68,24-05-2022,13,1369.97,Standard,21-03-2024
2972,Emma Singh,emma.singh72@yahoo.com,9928 Victoria Road,Mumbai,Karnataka,India,704500,19.096923,72.907573,SME,Gold,96,43558.02,09-05-2021,88,5464.8,Express,06-09-2024
2973,Sophia Anderson,sophia.anderson73@hotmail.com,596 Main St,Dubai,West Region,Singapore,330045,25.20347,55.278515,Individual,Gold,74,24739.01,22-04-2024,3,690.2,Express,19-05-2024
2974,Isabella Nguyen,isabella.nguyen74@icloud.com,1956 Lake View Rd,Dubai,England,UK,NW6 2BB,25.225873,55.266735,SME,,49,14469.6,19-05-2019,15,3218.69,Standard,05-11-2024
2975,Arjun Mehta,arjun.mehta75@gmail.com,4309 Hillcrest Ave,Toronto,Wales,UK,W8 9AB,43.614017,-79.392081,Individual,Gold,46,20991.93,31-01-2023,82,7090.39,International Priority,03-07-2024
2976,Laura Sharma,laura.sharma76@outlook.com,1241 Oak Street,Berlin,Queensland,Australia,7381,52.50333,13.385025,SME,Silver,53,37965.51,03-10-2020,40,982.36,Standard,04-06-2024
2977,Elena Smith,elena.smith77@yahoo.com,8588 Lake View Rd,London,Alberta,Canada,K8B 3A5,51.459909,-0.144365,Individual,,79,16697.35,20-05-2023,7,556.73,Express,22-03-2024
2978,Liam Lopez,liam.lopez78@hotmail.com,4490 Oak Street,Toronto,Dubai,UAE,30144,43.630593,-79.363263,Individual,Gold,81,37819.19,23-02-2021,34,1798.31,International Priority,13-02-2024
2979,Mohammed Fernandez,mohammed.fernandez79@icloud.com,8409 Main St,New York,Scotland,UK,W8 2BA,40.742006,-73.970975,Corporate,Gold,85,28199.35,14-11-2022,75,7618.39,Standard,19-02-2024
2980,Isabella Johnson,isabella.johnson80@gmail.com,7705 King Street,New York,Quebec,Canada,V8A 7C7,40.75596,-73.956333,Corporate,,62,14125.68,28-09-2019,76,751.78,Express,19-03-2024
2981,Priya Ali,priya.ali81@outlook.com,5904 Victoria Road,New York,Queensland,Australia,4591,40.742987,-74.054456,Individual,Silver,64,37366.83,20-07-2019,9,707.91,International Priority,16-03-2024
2982,Daniel Rossi,daniel.rossi82@yahoo.com,8337 Hillcrest Ave,Singapore,Abu Dhabi,UAE,54559,1.308869,103.850589,SME,,94,2102.82,09-05-2019,7,580.93,International Priority,28-05-2024
2983,Sophia Lopez,sophia.lopez83@hotmail.com,5607 King Street,New York,Central Region,Singapore,395550,40.7434,-74.052088,SME,Gold,100,45729.46,29-10-2021,38,4276.06,Express,06-02-2024
2984,John Anderson,john.anderson84@icloud.com,5953 Sunset Blvd,Berlin,Victoria,Australia,4910,52.541731,13.4475,SME,,46,29846.73,15-05-2023,40,2594.24,Overnight,12-11-2024
2985,Michael Singh,michael.singh85@gmail.com,480 Park Avenue,London,Gujarat,India,486833,51.520978,-0.104072,Individual,Gold,91,18726.48,03-02-2021,33,1703.72,International Priority,23-07-2024
2986,Anna Anderson,anna.anderson86@outlook.com,8252 Hillcrest Ave,Sydney,Sharjah,UAE,96180,-33.877794,151.247745,Individual,Bronze,42,39376.41,31-07-2024,17,1069.16,Standard,27-02-2024
2987,Carlos Wang,carlos.wang87@yahoo.com,8734 Park Avenue,Mumbai,Alberta,Canada,V3C 5A4,19.088549,72.920371,Individual,,55,13086.32,13-03-2024,35,489.77,International Priority,09-09-2024
2988,Olivia Smith,olivia.smith88@hotmail.com,5584 Park Avenue,Berlin,Scotland,UK,NW8 7BB,52.470078,13.361609,Individual,,48,9106.44,17-06-2023,27,1131.73,International Priority,24-11-2024
2989,Arjun Garcia,arjun.garcia89@icloud.com,5135 Lake View Rd,Berlin,Wales,UK,NW6 5BA,52.503352,13.376346,Corporate,Gold,60,13762.74,18-08-2022,77,2262.62,Express,29-03-2024
2990,John Nair,john.nair90@gmail.com,7355 Maple Road,Singapore,Quebec,Canada,M7B 9C5,1.32327,103.772699,Individual,Gold,87,26793.25,16-01-2024,34,76.61,Express,03-09-2024
2991,Daniel Costa,daniel.costa91@outlook.com,225 Lake View Rd,Sydney,Ontario,Canada,V6A 3C4,-33.883317,151.229322,SME,Gold,55,49239.92,28-06-2020,10,784.82,Express,06-08-2024
2992,Emma Nair,emma.nair92@yahoo.com,8413 Sunset Blvd,Sydney,Alberta,Canada,K4A 9A2,-33.821309,151.1994,Corporate,Gold,52,36033.55,01-09-2022,36,7296.47,Standard,08-02-2024
2993,Liam Mehta,liam.mehta93@hotmail.com,813 Maple Road,Mumbai,Hamburg,Germany,22850,19.093152,72.887647,SME,,68,49012.6,26-09-2023,36,1672.53,Standard,11-12-2024
2994,Liam Ibrahim,liam.ibrahim94@icloud.com,9068 Market Street,Mumbai,Abu Dhabi,UAE,84888,19.069309,72.9234,Individual,Gold,68,20515.91,13-07-2022,5,1481.15,Overnight,18-03-2024
2995,Emma Singh,emma.singh95@gmail.com,784 Maple Road,Sydney,Wales,UK,W8 3AA,-33.846048,151.195181,Corporate,,58,12794.38,23-01-2021,26,3377.44,Standard,13-04-2024
2996,Raj Kim,raj.kim96@outlook.com,2558 Hillcrest Ave,New York,Sharjah,UAE,85302,40.744651,-73.957716,Individual,Silver,85,9574.35,31-01-2019,17,4223.08,Standard,30-10-2024
2997,David Smith,david.smith97@yahoo.com,7474 Market Street,Berlin,Queensland,Australia,3554,52.536916,13.442246,Corporate,,71,40734.73,03-11-2020,78,5888.31,Overnight,03-09-2024
2998,Priya Costa,priya.costa98@hotmail.com,8131 Park Avenue,Toronto,Wales,UK,W9 4AA,43.621215,-79.388095,SME,Gold,42,39506.89,23-10-2021,12,1759.64,Express,29-11-2024
2999,Ahmed Ibrahim,ahmed.ibrahim99@icloud.com,8100 Victoria Road,Mumbai,Berlin,Germany,31551,19.028396,72.86536,Individual,Gold,47,691.51,31-08-2023,38,318.63,Standard,16-03-2024
3000,James Ali,james.ali0@gmail.com,9351 Market Street,Singapore,British Columbia,Canada,M1B 7C6,1.386412,103.807714,Individual,Silver,88,29083.34,17-01-2020,44,7988.26,Overnight,16-12-2024
3001,Laura Khan,laura.khan1@outlook.com,8970 Main St,Singapore,Maharashtra,India,579163,1.393567,103.776246,Corporate,,77,34904.77,17-06-2024,78,511.25,Overnight,24-08-2024
3002,Raj Johnson,raj.johnson2@yahoo.com,3266 Oak Street,Mumbai,Ontario,Canada,V4C 7C2,19.079242,72.892001,Corporate,Silver,51,4604.4,02-10-2022,62,3909.17,Express,01-09-2024
3003,Sara Chowdhury,sara.chowdhury3@hotmail.com,3996 Victoria Road,Sydney,East Region,Singapore,527813,-33.837685,151.203309,Individual,,87,39812.21,29-08-2020,114,2507.8,International Priority,24-04-2024
3004,James Muller,james.muller4@icloud.com,4874 Market Street,London,Alberta,Canada,M2C 7A2,51.499589,-0.109244,Corporate,Gold,68,37546.58,22-06-2019,34,3332.11,Express,29-01-2024
3005,Noah Fernandez,noah.fernandez5@gmail.com,6823 Oak Street,Toronto,Bavaria,Germany,41969,43.610347,-79.405039,Individual,,50,10655.21,28-07-2020,35,3543.93,Standard,25-01-2024
3006,Yuki Lee,yuki.lee6@outlook.com,1375 Maple Road,Toronto,Abu Dhabi,UAE,95460,43.628288,-79.387263,Corporate,Gold,57,4659.8,10-09-2021,105,4506.1,Express,22-11-2024
3007,Carlos Tanaka,carlos.tanaka7@yahoo.com,1282 Main St,Mumbai,England,UK,SE5 1BB,19.09474,72.843201,SME,Gold,86,39628.81,01-10-2024,20,356.89,Overnight,09-05-2024
3008,Raj Singh,raj.singh8@hotmail.com,83 Victoria Road,New York,Quebec,Canada,H6C 1B2,40.692538,-74.014793,Corporate,Bronze,87,45717.92,21-07-2024,76,2974.62,Express,16-11-2024
3009,Chen Hassan,chen.hassan9@icloud.com,6943 Victoria Road,London,England,UK,W5 1BA,51.477943,-0.100269,SME,Bronze,87,20463.65,12-02-2022,43,4529.46,Express,30-04-2024
3010,Arjun Nair,arjun.nair10@gmail.com,8391 Park Avenue,Toronto,New York,USA,94420,43.682621,-79.386408,Corporate,,65,16419.61,08-04-2021,72,5095.43,Express,01-06-2024
3011,Sophia Dubois,sophia.dubois11@outlook.com,1782 Park Avenue,Mumbai,Victoria,Australia,6046,19.054365,72.908907,Corporate,Gold,56,9455.79,09-01-2021,113,7864.14,Overnight,26-01-2024
3012,Noah Brown,noah.brown12@yahoo.com,7602 Victoria Road,Singapore,Sharjah,UAE,63937,1.383515,103.771544,Individual,Silver,52,20710.81,08-09-2023,19,1907.69,Standard,13-03-2024
3013,Isabella Lee,isabella.lee13@hotmail.com,484 Park Avenue,Toronto,Wales,UK,SW6 1AB,43.606902,-79.358949,Corporate,Gold,69,6597.75,07-06-2019,10,2926.83,Express,07-04-2024
3014,Elena Nguyen,elena.nguyen14@icloud.com,1683 Sunset Blvd,Dubai,Karnataka,India,236820,25.244789,55.289448,Corporate,Silver,51,7019.9,07-02-2019,15,6319.43,Overnight,19-04-2024
3015,Ivan Fernandez,ivan.fernandez15@gmail.com,3855 King Street,London,New South Wales,Australia,6199,51.516092,-0.167895,SME,,43,956.67,17-01-2023,38,4786.91,Overnight,08-12-2024
3016,Arjun Das,arjun.das16@outlook.com,5111 Victoria Road,London,West Region,Singapore,654606,51.48073,-0.161503,Corporate,,65,1927.97,05-11-2022,52,7302.61,Overnight,28-05-2024
3017,Amit Smith,amit.smith17@yahoo.com,1761 Victoria Road,Dubai,West Region,Singapore,416660,25.232236,55.271628,Individual,Silver,89,21676.32,08-03-2023,35,928.09,International Priority,09-12-2024
3018,David Ibrahim,david.ibrahim18@hotmail.com,2254 Hillcrest Ave,Berlin,Maharashtra,India,725713,52.554285,13.424466,SME,Silver,94,4116.4,13-10-2022,22,573.23,Overnight,08-07-2024
3019,Ivan Anderson,ivan.anderson19@icloud.com,6843 Oak Street,Singapore,Alberta,Canada,K5A 7A3,1.361109,103.776404,Individual,Gold,47,4727.22,12-01-2019,5,100.48,Standard,13-10-2024
3020,Sophia Rossi,sophia.rossi20@gmail.com,2593 Sunset Blvd,Dubai,Victoria,Australia,3351,25.247498,55.304893,Individual,,94,18014.8,04-03-2020,33,1748.61,Express,01-02-2024
3021,Raj Fernandez,raj.fernandez21@outlook.com,4457 King Street,Sydney,Wales,UK,W6 6BB,-33.832971,151.179216,Individual,Gold,63,20042.24,31-05-2024,38,422.86,Standard,27-10-2024
3022,Sara Lee,sara.lee22@yahoo.com,8852 King Street,Sydney,Victoria,Australia,3831,-33.871739,151.211335,Individual,Silver,70,29071.36,14-08-2024,12,388.41,International Priority,08-08-2024
3023,Olivia Ibrahim,olivia.ibrahim23@hotmail.com,8783 Maple Road,Mumbai,British Columbia,Canada,V7B 1A4,19.072929,72.848625,SME,Bronze,83,30516.1,06-04-2021,13,1393.34,International Priority,30-06-2024
3024,Amit Ali,amit.ali24@icloud.com,2194 Lake View Rd,London,Berlin,Germany,53988,51.490163,-0.158582,Corporate,Bronze,60,29582.79,14-05-2021,95,1812.95,Overnight,22-02-2024
3025,Wei Martin,wei.martin25@gmail.com,6232 Lake View Rd,Berlin,Abu Dhabi,UAE,19242,52.50532,13.42727,Individual,Bronze,74,44261.35,28-08-2020,67,4996.46,Express,02-04-2024
3026,Noah Mehta,noah.mehta26@outlook.com,6077 Oak Street,Berlin,Delhi,India,207254,52.472688,13.40128,SME,Silver,55,2681.22,23-09-2022,7,1840.96,Overnight,28-06-2024
3027,Lucas Nair,lucas.nair27@yahoo.com,5688 Victoria Road,Toronto,Ontario,Canada,K3A 2C3,43.699229,-79.417549,Individual,Gold,85,8434.93,30-08-2024,36,1351.81,Express,22-01-2024
3028,Noah Singh,noah.singh28@hotmail.com,5608 Lake View Rd,Toronto,Hesse,Germany,80067,43.656534,-79.351605,Corporate,,64,47682.56,25-01-2022,110,4482.85,Standard,04-12-2024
3029,Raj Tanaka,raj.tanaka29@icloud.com,1601 Park Avenue,Dubai,Queensland,Australia,6701,25.229328,55.313655,SME,Silver,54,42950.48,14-12-2024,21,473.31,International Priority,04-05-2024
3030,Michael Mehta,michael.mehta30@gmail.com,8555 Main St,Berlin,New South Wales,Australia,2568,52.521659,13.376196,SME,Bronze,40,26020.39,20-05-2023,16,234.78,Standard,25-10-2024
3031,Olivia Brown,olivia.brown31@outlook.com,4155 Sunset Blvd,Dubai,Alberta,Canada,V1C 6A1,25.21499,55.255923,Corporate,Gold,83,26241.04,05-12-2024,83,5843.2,Standard,05-08-2024
3032,Fatima Nguyen,fatima.nguyen32@yahoo.com,8306 Victoria Road,Singapore,Scotland,UK,SW8 2AA,1.331677,103.783175,SME,,58,36119.11,16-03-2021,36,898.24,Express,26-11-2024
3033,Ahmed Muller,ahmed.muller33@hotmail.com,2328 King Street,Dubai,New South Wales,Australia,4880,25.21835,55.311294,Corporate,,82,12350.66,17-11-2023,13,7669.42,Express,23-07-2024
3034,Michael Garcia,michael.garcia34@icloud.com,3854 Hillcrest Ave,Toronto,Wales,UK,W2 5BB,43.702159,-79.35536,SME,Silver,42,35822.3,11-06-2019,7,90.77,International Priority,20-11-2024
3035,Yuki Nair,yuki.nair35@gmail.com,7088 Maple Road,London,Wales,UK,W7 1BA,51.503495,-0.078354,SME,Silver,67,15716.47,07-02-2024,4,453.16,Express,17-11-2024
3036,Yuki Chowdhury,yuki.chowdhury36@outlook.com,8506 Sunset Blvd,Dubai,Abu Dhabi,UAE,49412,25.1857,55.281402,Corporate,,55,20341.96,03-04-2022,89,4192.35,Express,13-07-2024
3037,Sara Patel,sara.patel37@yahoo.com,6197 Market Street,New York,Scotland,UK,SW4 4AA,40.684108,-73.972086,Corporate,,83,9055.65,13-02-2024,3,5938.43,Express,11-02-2024
3038,Elena Martin,elena.martin38@hotmail.com,112 Market Street,London,Florida,USA,87430,51.530911,-0.104998,SME,Bronze,54,30318.27,02-07-2019,2,1454.03,International Priority,12-01-2024
3039,Elena Khan,elena.khan39@icloud.com,3358 Park Avenue,Berlin,Sharjah,UAE,33499,52.476751,13.414714,SME,,70,8582.39,11-03-2022,1,277.19,Express,13-09-2024
3040,Anna Smith,anna.smith40@gmail.com,6266 Market Street,Berlin,Hesse,Germany,70122,52.510888,13.390537,Corporate,Silver,54,46501.94,24-09-2022,109,5695,Standard,11-09-2024
3041,Raj Ali,raj.ali41@outlook.com,4354 Sunset Blvd,Dubai,Bavaria,Germany,85588,25.175363,55.277461,Corporate,Gold,86,39631.67,15-03-2019,106,991.24,Overnight,21-03-2024
3042,Olivia Singh,olivia.singh42@yahoo.com,1335 Victoria Road,London,Victoria,Australia,7798,51.464134,-0.120421,SME,Bronze,76,37262.03,27-07-2023,40,1954.35,Overnight,03-05-2024
3043,Laura Kim,laura.kim43@hotmail.com,2965 Victoria Road,Toronto,New South Wales,Australia,5689,43.683194,-79.399982,SME,Bronze,40,47540.03,15-09-2019,38,470.89,Overnight,23-12-2024
3044,Arjun Patel,arjun.patel44@icloud.com,5257 Maple Road,Toronto,England,UK,SE9 9BA,43.60514,-79.335182,SME,,59,5842.63,27-04-2024,22,1978.39,Overnight,30-09-2024
3045,Anna Garcia,anna.garcia45@gmail.com,3730 Maple Road,Sydney,Sharjah,UAE,95174,-33.827796,151.192911,Corporate,Gold,99,14803.22,06-09-2023,56,171.11,Overnight,27-04-2024
3046,Daniel Tanaka,daniel.tanaka46@outlook.com,9878 Sunset Blvd,Berlin,Abu Dhabi,UAE,34854,52.515978,13.453702,SME,Bronze,72,41862.57,13-03-2024,23,1670.66,Standard,11-08-2024
3047,Daniel Anderson,daniel.anderson47@yahoo.com,3817 Market Street,Mumbai,New York,USA,35883,19.103709,72.839771,Individual,Silver,41,25337.13,03-08-2021,14,1986.23,Overnight,09-03-2024
3048,Emma Martin,emma.martin48@hotmail.com,5850 Maple Road,Sydney,Wales,UK,NW7 5BA,-33.903422,151.200918,Corporate,,96,21777.84,14-07-2022,14,6165.52,Express,12-11-2024
3049,Anna Tanaka,anna.tanaka49@icloud.com,6814 Oak Street,Toronto,New York,USA,76322,43.606404,-79.392988,SME,Silver,43,22027.83,01-07-2021,34,6050.72,Express,10-09-2024
3050,Liam Ibrahim,liam.ibrahim50@gmail.com,499 Maple Road,London,East Region,Singapore,263145,51.529275,-0.170793,Corporate,,84,7227.56,15-01-2024,69,137.31,Overnight,01-05-2024
3051,Mia Mehta,mia.mehta51@outlook.com,4397 Main St,Singapore,England,UK,W6 5BB,1.395227,103.853195,Individual,Bronze,59,21175.38,20-12-2021,36,426.64,Overnight,23-07-2024
3052,Yuki Ali,yuki.ali52@yahoo.com,2752 Maple Road,Toronto,Gujarat,India,325807,43.650443,-79.432489,Corporate,,88,1609.32,14-05-2022,62,5071.1,International Priority,09-04-2024
3053,Laura Ibrahim,laura.ibrahim53@hotmail.com,1537 Oak Street,London,Karnataka,India,610013,51.478259,-0.078101,SME,Gold,46,16974.92,08-06-2019,104,4535.25,Express,03-07-2024
3054,Sophia Nguyen,sophia.nguyen54@icloud.com,7304 King Street,Sydney,Ontario,Canada,V4A 1A4,-33.878164,151.194248,Individual,Silver,90,32432.73,28-07-2021,3,754.77,International Priority,31-03-2024
3055,Olivia Nair,olivia.nair55@gmail.com,5068 Victoria Road,Berlin,Scotland,UK,EC5 8AA,52.553764,13.439198,Individual,Gold,72,49150.3,06-11-2021,9,967.13,International Priority,19-11-2024
3056,John Anderson,john.anderson56@outlook.com,5096 King Street,Toronto,Abu Dhabi,UAE,49957,43.668144,-79.367737,SME,Silver,49,14467.61,06-06-2023,35,1142.76,Overnight,05-04-2024
3057,Elena Hassan,elena.hassan57@yahoo.com,6679 Maple Road,Dubai,Queensland,Australia,7469,25.185677,55.285183,SME,Silver,83,37672.86,22-12-2021,44,1052.73,International Priority,15-11-2024
3058,Mia Johnson,mia.johnson58@hotmail.com,8510 Main St,London,Bavaria,Germany,63087,51.519339,-0.161892,SME,,47,49918.77,18-01-2019,9,1923.19,International Priority,04-04-2024
3059,Olivia Sharma,olivia.sharma59@icloud.com,803 Victoria Road,Berlin,British Columbia,Canada,V4B 3B4,52.49594,13.4217,Corporate,Bronze,92,11308.23,13-12-2024,104,4376.63,Express,27-08-2024
3060,Mohammed Khan,mohammed.khan60@gmail.com,1876 King Street,Singapore,Queensland,Australia,7287,1.352726,103.782657,Corporate,Bronze,72,45222.92,27-07-2021,28,4322.55,International Priority,27-02-2024
3061,Anna Singh,anna.singh61@outlook.com,6136 Victoria Road,Singapore,Gujarat,India,158987,1.371623,103.816257,Corporate,Gold,76,19735.23,16-06-2019,59,5408.1,International Priority,25-06-2024
3062,Anna Chowdhury,anna.chowdhury62@yahoo.com,7000 Oak Street,Mumbai,Scotland,UK,EC3 9AA,19.02682,72.861044,SME,,81,28382.93,27-06-2021,113,3581.06,Express,06-05-2024
3063,Mia Costa,mia.costa63@hotmail.com,7317 Hillcrest Ave,London,British Columbia,Canada,H5A 1A2,51.53428,-0.141224,SME,Bronze,77,18460.98,15-01-2024,40,1394.47,Overnight,28-09-2024
3064,Laura Johnson,laura.johnson64@icloud.com,3816 Hillcrest Ave,Sydney,Scotland,UK,SW6 3AA,-33.866493,151.245773,Corporate,Silver,98,32665.92,05-09-2021,32,5776.65,Standard,25-04-2024
3065,Elena Hassan,elena.hassan65@gmail.com,3219 Victoria Road,Mumbai,Karnataka,India,621813,19.08969,72.881147,Individual,Silver,50,36772.87,15-06-2023,22,1362.69,Overnight,04-04-2024
3066,Lucas Mehta,lucas.mehta66@outlook.com,5191 Maple Road,Mumbai,Quebec,Canada,H2C 8C5,19.066893,72.835619,Corporate,,98,4187.31,10-01-2019,57,791.27,Standard,28-07-2024
3067,Wei Muller,wei.muller67@yahoo.com,4396 Lake View Rd,New York,Gujarat,India,212468,40.682757,-74.044981,Individual,Gold,43,35768.53,28-10-2023,24,782.03,Standard,11-10-2024
3068,Sophia Muller,sophia.muller68@hotmail.com,7435 Park Avenue,Toronto,Illinois,USA,49761,43.611164,-79.394877,SME,,46,4905.83,15-07-2019,26,352.94,Overnight,03-06-2024
3069,Anna Nair,anna.nair69@icloud.com,3981 Oak Street,London,Tamil Nadu,India,515190,51.50556,-0.153554,SME,Gold,63,8249.13,08-11-2019,8,7513.28,International Priority,29-07-2024
3070,Olivia Kim,olivia.kim70@gmail.com,5602 Oak Street,Mumbai,Abu Dhabi,UAE,45605,19.11002,72.83033,Corporate,,85,39330.73,25-01-2022,86,3154.62,Overnight,22-05-2024
3071,Yuki Hassan,yuki.hassan71@outlook.com,1184 Hillcrest Ave,New York,Dubai,UAE,54539,40.759727,-73.970844,Corporate,Silver,97,31885.33,01-01-2025,120,4417.64,Standard,10-08-2024
3072,Lucas Lopez,lucas.lopez72@yahoo.com,3856 Market Street,Sydney,England,UK,SE4 8AA,-33.847486,151.242156,SME,,58,26714.56,04-09-2023,2,4782.53,Standard,03-08-2024
3073,Noah Das,noah.das73@hotmail.com,7370 Park Avenue,Berlin,Hesse,Germany,74696,52.53979,13.367131,Corporate,Bronze,92,35686.54,08-03-2019,115,2075.8,Standard,24-01-2024
3074,Olivia Dubois,olivia.dubois74@icloud.com,5409 Main St,Dubai,Maharashtra,India,149028,25.235774,55.255239,SME,Bronze,42,13878.28,17-08-2024,37,1339.41,Standard,09-11-2024
3075,Priya Sharma,priya.sharma75@gmail.com,6454 Market Street,Dubai,Queensland,Australia,7174,25.247066,55.295167,SME,,55,31312.24,08-06-2022,35,439.72,Standard,17-03-2024
3076,Mohammed Garcia,mohammed.garcia76@outlook.com,9886 Park Avenue,London,Dubai,UAE,34172,51.534986,-0.078466,Individual,Gold,77,2149.52,29-07-2019,39,1250.3,Overnight,23-08-2024
3077,Priya Mehta,priya.mehta77@yahoo.com,6645 Market Street,Mumbai,West Region,Singapore,347149,19.07644,72.869476,Corporate,Gold,45,32365.45,27-07-2024,3,4465.49,Overnight,07-04-2024
3078,Daniel Das,daniel.das78@hotmail.com,9787 Maple Road,Dubai,Hesse,Germany,93917,25.242115,55.264732,SME,Silver,69,2749.44,24-05-2021,51,5094.92,Express,23-07-2024
3079,Sara Wang,sara.wang79@icloud.com,1462 Main St,Toronto,Illinois,USA,96456,43.646677,-79.426985,Corporate,Silver,52,30515.03,27-12-2024,73,293.71,Standard,18-04-2024
3080,Mohammed Hassan,mohammed.hassan80@gmail.com,6926 Maple Road,Dubai,Ontario,Canada,K4B 6A5,25.162002,55.223608,Individual,Gold,88,1967.59,23-03-2022,3,461.55,International Priority,27-01-2024
3081,Emma Nguyen,emma.nguyen81@outlook.com,959 Hillcrest Ave,Dubai,Alberta,Canada,V6A 6B5,25.210104,55.2487,Individual,,85,2504.01,19-04-2020,32,1583.9,Standard,02-12-2024
3082,Amit Nair,amit.nair82@yahoo.com,2942 Hillcrest Ave,Dubai,Dubai,UAE,56100,25.178584,55.229257,Corporate,Silver,94,43153.56,19-08-2021,67,927.21,Express,20-07-2024
3083,Elena Patel,elena.patel83@hotmail.com,9757 Lake View Rd,Singapore,Hesse,Germany,31673,1.374979,103.792682,Corporate,Gold,80,17560.79,13-05-2023,43,462.08,International Priority,03-03-2024
3084,David Lee,david.lee84@icloud.com,6064 Main St,New York,Dubai,UAE,16517,40.724859,-74.007278,SME,Gold,77,34038.69,07-09-2022,33,1590.5,Express,25-04-2024
3085,Chen Garcia,chen.garcia85@gmail.com,631 Maple Road,Mumbai,Alberta,Canada,V9C 5B7,19.046051,72.899495,Individual,,61,25704.24,26-12-2020,29,1074.6,Overnight,13-04-2024
3086,Priya Nair,priya.nair86@outlook.com,291 Oak Street,Toronto,West Region,Singapore,505805,43.669445,-79.378662,Individual,Bronze,70,18574.35,31-03-2021,6,107.87,Overnight,17-06-2024
3087,Fatima Khan,fatima.khan87@yahoo.com,8368 Park Avenue,Mumbai,Delhi,India,147307,19.054379,72.901862,Individual,Gold,45,12906.09,28-02-2019,21,1068.55,Overnight,30-11-2024
3088,Emma Martin,emma.martin88@hotmail.com,5280 Maple Road,Singapore,Bavaria,Germany,17391,1.337891,103.778544,Corporate,Silver,45,11849.69,26-10-2023,10,2247.68,Overnight,26-12-2024
3089,Chen Das,chen.das89@icloud.com,5090 Market Street,London,Scotland,UK,W8 5AA,51.482941,-0.159611,SME,,82,43283.16,23-11-2019,21,1349.71,Overnight,08-01-2024
3090,Michael Clark,michael.clark90@gmail.com,1133 Lake View Rd,London,Tamil Nadu,India,713507,51.467711,-0.102067,Corporate,,72,34671.57,08-09-2022,84,2898.48,Standard,13-06-2024
3091,Isabella Khan,isabella.khan91@outlook.com,9859 Oak Street,London,Karnataka,India,205661,51.519182,-0.079901,Corporate,,42,19905.4,02-10-2021,54,5567.28,Overnight,31-01-2024
3092,Lucas Nair,lucas.nair92@yahoo.com,6845 Market Street,Sydney,Tamil Nadu,India,787838,-33.874889,151.213269,Corporate,Bronze,55,28498.91,19-05-2024,107,4499.42,Overnight,19-05-2024
3093,Carlos Johnson,carlos.johnson93@hotmail.com,6086 Maple Road,Dubai,Wales,UK,SW7 2AB,25.235271,55.248229,SME,Bronze,56,19186.58,26-03-2019,25,1501.74,Overnight,05-08-2024
3094,Ahmed Wang,ahmed.wang94@icloud.com,7767 Maple Road,Sydney,East Region,Singapore,491666,-33.905907,151.170626,Corporate,Silver,72,10610.18,12-02-2020,9,2613.51,Overnight,31-05-2024
3095,Mohammed Martin,mohammed.martin95@gmail.com,2114 Hillcrest Ave,New York,Texas,USA,82729,40.744236,-74.051694,Individual,Silver,62,30201.66,15-06-2020,25,1097.12,Overnight,03-08-2024
3096,Raj Johnson,raj.johnson96@outlook.com,566 Main St,London,Central Region,Singapore,202922,51.518263,-0.114557,Individual,,89,14549.32,23-11-2021,83,5579.43,International Priority,07-05-2024
3097,Lucas Mehta,lucas.mehta97@yahoo.com,4007 King Street,Singapore,West Region,Singapore,486706,1.304318,103.774374,Individual,Silver,68,35126.21,23-11-2020,15,982.14,International Priority,12-12-2024
3098,Maria Smith,maria.smith98@hotmail.com,9944 Main St,Toronto,Central Region,Singapore,206146,43.661977,-79.424125,SME,Gold,98,36826.6,12-04-2022,31,56.37,International Priority,14-02-2024
3099,Isabella Singh,isabella.singh99@icloud.com,9740 Hillcrest Ave,Mumbai,Queensland,Australia,4437,19.102006,72.899235,Corporate,Bronze,74,49321.52,19-11-2021,64,7310.6,Express,16-12-2024
3100,Emma Costa,emma.costa0@gmail.com,9959 Market Street,Dubai,Sharjah,UAE,12658,25.173724,55.307631,SME,,78,30170.78,30-08-2023,8,764.85,Overnight,14-04-2024
3101,Ahmed Johnson,ahmed.johnson1@outlook.com,4024 Victoria Road,Berlin,British Columbia,Canada,H6C 5A1,52.549167,13.366483,Corporate,,63,2432.31,24-10-2020,110,3974.03,Standard,25-07-2024
3102,Daniel Costa,daniel.costa2@yahoo.com,3379 King Street,Toronto,Abu Dhabi,UAE,40740,43.61622,-79.404669,Individual,Gold,58,30346.35,13-10-2023,37,559.96,Express,13-12-2024
3103,John Ali,john.ali3@hotmail.com,5711 Market Street,Dubai,Hamburg,Germany,76793,25.250341,55.238042,Corporate,Gold,80,24100.4,15-04-2021,27,2722.21,Express,18-02-2024
3104,Yuki Costa,yuki.costa4@icloud.com,3039 Victoria Road,Sydney,East Region,Singapore,734847,-33.894922,151.205496,Corporate,Gold,59,24616.73,02-11-2020,54,4057.14,Standard,18-08-2024
3105,Ahmed Wang,ahmed.wang5@gmail.com,1563 King Street,Sydney,California,USA,62640,-33.863227,151.239665,Corporate,Gold,98,14880.04,20-01-2023,78,1791.88,International Priority,12-03-2024
3106,Fatima Fernandez,fatima.fernandez6@outlook.com,2969 Sunset Blvd,Toronto,Bavaria,Germany,53929,43.626796,-79.411037,SME,,86,9902.31,04-02-2020,30,1826.53,Overnight,26-03-2024
3107,Chen Mehta,chen.mehta7@yahoo.com,8950 Park Avenue,Sydney,Sharjah,UAE,56981,-33.821551,151.245802,Corporate,Bronze,57,42116.28,28-03-2022,18,3240.84,Express,17-10-2024
3108,Chen Patel,chen.patel8@hotmail.com,3056 Maple Road,London,British Columbia,Canada,M9B 7C6,51.506538,-0.120387,Corporate,Bronze,85,3493.62,21-06-2022,89,2398.02,Express,23-07-2024
3109,Chen Ali,chen.ali9@icloud.com,1247 King Street,New York,Scotland,UK,NW5 6BB,40.67924,-73.956663,Corporate,Gold,95,26651.43,08-10-2019,14,3022.28,International Priority,24-11-2024
3110,Arjun Smith,arjun.smith10@gmail.com,4811 Hillcrest Ave,Mumbai,Sharjah,UAE,97559,19.041205,72.903865,SME,Silver,66,21665.11,09-11-2019,37,1650.37,Standard,06-12-2024
3111,Maria Rossi,maria.rossi11@outlook.com,2174 Hillcrest Ave,New York,Gujarat,India,703563,40.693267,-74.054455,SME,,69,23090.07,29-09-2020,20,1219.2,Express,23-11-2024
3112,Emma Petrov,emma.petrov12@yahoo.com,6793 Oak Street,Dubai,Sharjah,UAE,61187,25.190558,55.254543,SME,Bronze,50,49275.26,12-05-2020,24,151.68,International Priority,09-05-2024
3113,Sophia Smith,sophia.smith13@hotmail.com,7295 Maple Road,Mumbai,Gujarat,India,594845,19.035348,72.884943,Corporate,Gold,63,27824.78,14-01-2019,115,6671.93,International Priority,31-01-2024
3114,Michael Martin,michael.martin14@icloud.com,4999 Victoria Road,Singapore,England,UK,NW6 7AA,1.372968,103.831078,Individual,Silver,52,49072.11,08-09-2021,16,1528.62,International Priority,28-12-2024
3115,Ahmed Anderson,ahmed.anderson15@gmail.com,2167 Park Avenue,Mumbai,Sharjah,UAE,21029,19.052748,72.868533,Individual,Silver,86,35490.93,28-09-2019,9,1469.28,Overnight,11-07-2024
3116,David Brown,david.brown16@outlook.com,6064 Lake View Rd,New York,Illinois,USA,42232,40.68145,-73.973587,Individual,Gold,92,42295.3,11-01-2022,12,1875.51,Standard,24-07-2024
3117,James Ibrahim,james.ibrahim17@yahoo.com,4603 Maple Road,Toronto,California,USA,48237,43.617132,-79.33775,Corporate,,58,15665.88,03-01-2021,120,7531.91,Overnight,18-07-2024
3118,James Mehta,james.mehta18@hotmail.com,4797 Maple Road,Mumbai,Bavaria,Germany,12264,19.09076,72.895546,Individual,Bronze,50,2769.48,09-04-2020,30,1379.33,Express,14-01-2024
3119,Anna Muller,anna.muller19@icloud.com,1213 Maple Road,Singapore,Scotland,UK,EC2 6AB,1.333537,103.822862,Individual,Silver,58,31948.38,23-01-2024,115,6806.08,Standard,22-04-2024
3120,Liam Tanaka,liam.tanaka20@gmail.com,1299 Sunset Blvd,Singapore,West Region,Singapore,287426,1.387059,103.827377,Individual,Bronze,96,25466.5,14-10-2022,83,4539.92,Express,20-10-2024
3121,Michael Lopez,michael.lopez21@outlook.com,2777 Maple Road,Singapore,California,USA,90264,1.37203,103.782869,Corporate,Bronze,66,33884.62,12-05-2020,16,1027.96,International Priority,01-09-2024
3122,Olivia Khan,olivia.khan22@yahoo.com,6543 Victoria Road,New York,Abu Dhabi,UAE,3446,40.704774,-74.04602,Individual,Silver,96,16378.54,11-08-2024,10,110.03,Express,18-04-2024
3123,Amit Patel,amit.patel23@hotmail.com,2609 Maple Road,Mumbai,England,UK,NW1 2BA,19.10628,72.844693,Individual,Gold,88,43611.82,29-12-2024,16,1900.23,Overnight,16-08-2024
3124,David Das,david.das24@icloud.com,7096 Market Street,Berlin,British Columbia,Canada,M8B 3C5,52.509192,13.40267,Corporate,Silver,43,14634.21,20-03-2024,5,7939.42,Overnight,19-12-2024
3125,Olivia Johnson,olivia.johnson25@gmail.com,7322 Lake View Rd,Toronto,Maharashtra,India,288954,43.6556,-79.357973,SME,Silver,98,34590.86,23-09-2024,38,4463.43,Express,28-03-2024
3126,Wei Anderson,wei.anderson26@outlook.com,2204 Park Avenue,London,Sharjah,UAE,3046,51.528599,-0.096866,Individual,,75,44493.76,15-05-2020,40,1250.46,Standard,17-03-2024
3127,Maria Lee,maria.lee27@yahoo.com,8847 Market Street,Mumbai,Delhi,India,213016,19.070044,72.876594,SME,Bronze,59,34605.01,25-05-2024,12,6674.03,Overnight,13-03-2024
3128,Olivia Dubois,olivia.dubois28@hotmail.com,1494 Victoria Road,Singapore,Delhi,India,264971,1.344186,103.833266,Individual,Gold,93,20095,13-02-2022,7,408.21,Standard,15-08-2024
3129,Anna Nguyen,anna.nguyen29@icloud.com,292 Oak Street,Berlin,East Region,Singapore,214532,52.536223,13.398246,Corporate,Bronze,86,14492.84,08-12-2019,32,2081.49,Overnight,28-04-2024
3130,Sara Nguyen,sara.nguyen30@gmail.com,1565 King Street,London,England,UK,SE3 3AA,51.550863,-0.129119,SME,Silver,80,36894.83,30-12-2022,2,862.36,Express,04-06-2024
3131,Lucas Kim,lucas.kim31@outlook.com,81 Sunset Blvd,London,Wales,UK,W5 4BA,51.552115,-0.087628,SME,Gold,70,44744.1,12-01-2020,3,812.18,Standard,19-10-2024
3132,Michael Ibrahim,michael.ibrahim32@yahoo.com,7622 Oak Street,Dubai,Hamburg,Germany,32814,25.225302,55.228225,SME,Gold,95,10296.76,17-12-2022,97,2369.46,Overnight,04-05-2024
3133,Fatima Martin,fatima.martin33@hotmail.com,3545 King Street,Mumbai,Tamil Nadu,India,306535,19.028086,72.873111,SME,Gold,96,35739.95,23-12-2020,3,271.32,Overnight,26-02-2024
3134,Michael Ali,michael.ali34@icloud.com,7654 Victoria Road,New York,Hamburg,Germany,13204,40.679578,-74.021099,Individual,Gold,67,20706.68,08-05-2023,22,1059.17,Overnight,19-09-2024
3135,Sophia Costa,sophia.costa35@gmail.com,7118 Maple Road,Mumbai,Central Region,Singapore,642960,19.077596,72.872203,Individual,,41,42464.88,14-02-2021,26,1973.16,Express,29-03-2024
3136,Emma Johnson,emma.johnson36@outlook.com,4611 Park Avenue,Berlin,Delhi,India,254106,52.558496,13.390201,SME,Gold,97,8378.21,22-10-2021,7,1024.66,Overnight,01-10-2024
3137,Laura Clark,laura.clark37@yahoo.com,4414 Maple Road,London,Berlin,Germany,48943,51.533946,-0.136033,Individual,Silver,53,28063.78,16-03-2019,2,357.28,Standard,04-01-2024
3138,Yuki Patel,yuki.patel38@hotmail.com,8740 Oak Street,Mumbai,Bavaria,Germany,21092,19.071668,72.883078,SME,,62,3512.65,20-12-2019,16,950.25,Standard,05-03-2024
3139,James Muller,james.muller39@icloud.com,9738 Main St,New York,British Columbia,Canada,H9C 6B8,40.74035,-74.047918,SME,Silver,94,44323.94,17-09-2019,1,503.3,Express,10-11-2024
3140,Liam Petrov,liam.petrov40@gmail.com,533 Lake View Rd,Dubai,Berlin,Germany,77118,25.242479,55.293679,Corporate,Silver,52,23478.29,26-10-2020,55,4990.07,Overnight,27-05-2024
3141,Fatima Brown,fatima.brown41@outlook.com,6911 Park Avenue,Mumbai,Scotland,UK,SE4 5AA,19.03078,72.874494,SME,Bronze,88,45786.28,20-08-2020,44,4680.09,International Priority,03-01-2024
3142,Anna Smith,anna.smith42@yahoo.com,8139 Maple Road,Toronto,Berlin,Germany,97743,43.687869,-79.341609,Individual,Gold,71,39662.91,02-11-2022,15,215.38,International Priority,13-12-2024
3143,Daniel Nguyen,daniel.nguyen43@hotmail.com,6843 Park Avenue,Dubai,Karnataka,India,361082,25.178877,55.292161,SME,Gold,98,21716.1,18-10-2020,10,834.29,Standard,24-12-2024
3144,John Sharma,john.sharma44@icloud.com,1530 King Street,New York,Hesse,Germany,68445,40.735653,-73.993534,Corporate,Silver,40,7813.7,08-11-2024,84,226.6,Standard,14-06-2024
3145,Sophia Tanaka,sophia.tanaka45@gmail.com,6123 Park Avenue,Berlin,Texas,USA,29536,52.561369,13.397606,Individual,Gold,89,45081.34,30-12-2024,69,4341.35,International Priority,10-06-2024
3146,Raj Chowdhury,raj.chowdhury46@outlook.com,2020 Hillcrest Ave,London,Victoria,Australia,3703,51.523803,-0.113938,Corporate,,55,4909.31,06-03-2021,67,3075.73,Overnight,25-08-2024
3147,Maria Patel,maria.patel47@yahoo.com,8210 Maple Road,Mumbai,Maharashtra,India,151394,19.122107,72.839762,Corporate,Bronze,56,12456.43,14-05-2024,40,7348.77,Overnight,29-01-2024
3148,Michael Mehta,michael.mehta48@hotmail.com,6552 Sunset Blvd,New York,Florida,USA,69894,40.707108,-74.028949,SME,Gold,41,32161.08,10-12-2022,27,1533.85,Overnight,08-09-2024
3149,Noah Costa,noah.costa49@icloud.com,2440 Victoria Road,Dubai,West Region,Singapore,336868,25.21356,55.234549,Corporate,Gold,89,15410.02,03-05-2019,51,6140.19,Standard,07-01-2024
3150,Mia Fernandez,mia.fernandez50@gmail.com,3727 Main St,Toronto,Tamil Nadu,India,440703,43.683893,-79.344637,Corporate,,61,13988.24,25-10-2022,45,4646.54,International Priority,18-07-2024
3151,Maria Fernandez,maria.fernandez51@outlook.com,4759 Hillcrest Ave,New York,Wales,UK,SE2 4BB,40.675709,-73.972193,Individual,Bronze,42,37274.25,14-05-2023,34,1010.02,International Priority,13-12-2024
3152,Maria Ibrahim,maria.ibrahim52@yahoo.com,2242 Maple Road,Sydney,New South Wales,Australia,2562,-33.861503,151.254021,Corporate,,96,12814.26,07-11-2023,38,2193.28,Overnight,01-07-2024
3153,Amit Mehta,amit.mehta53@hotmail.com,969 Maple Road,Singapore,Victoria,Australia,6105,1.306166,103.848725,SME,Silver,75,20135.87,29-02-2020,79,3896.15,Express,28-11-2024
3154,Ivan Smith,ivan.smith54@icloud.com,4440 Lake View Rd,Toronto,England,UK,SE8 5BB,43.698199,-79.394433,SME,Silver,56,19274.84,29-09-2024,38,1310.68,Express,09-08-2024
3155,Maria Tanaka,maria.tanaka55@gmail.com,9466 Market Street,Dubai,New South Wales,Australia,6210,25.158448,55.236057,SME,Gold,50,40701.37,07-07-2023,23,1182.85,International Priority,17-10-2024
3156,Amit Kim,amit.kim56@outlook.com,7750 Maple Road,Berlin,England,UK,W6 4BA,52.544753,13.447306,Corporate,Bronze,51,31655.29,19-05-2021,79,175.5,Express,30-03-2024
3157,Isabella Patel,isabella.patel57@yahoo.com,8884 Oak Street,London,Florida,USA,31372,51.544956,-0.136151,Individual,Silver,72,44538.13,17-11-2020,120,3465.88,Overnight,30-09-2024
3158,Amit Rossi,amit.rossi58@hotmail.com,9299 Hillcrest Ave,Dubai,Central Region,Singapore,436527,25.218099,55.239645,SME,,45,30222.7,17-02-2021,1,839.99,International Priority,12-03-2024
3159,Noah Ali,noah.ali59@icloud.com,376 Victoria Road,Singapore,British Columbia,Canada,H6A 6B6,1.328762,103.827855,Corporate,Silver,58,33207.98,03-06-2024,110,2747.22,International Priority,21-07-2024
3160,Carlos Khan,carlos.khan60@gmail.com,8506 Lake View Rd,Berlin,Delhi,India,235749,52.543915,13.38118,SME,Silver,100,20180.34,02-10-2019,9,1364.75,Overnight,22-06-2024
3161,Emma Tanaka,emma.tanaka61@outlook.com,4775 Market Street,Mumbai,England,UK,NW5 2BA,19.094238,72.866767,SME,,48,23731.34,17-07-2021,25,482.26,Standard,14-10-2024
3162,Elena Mehta,elena.mehta62@yahoo.com,7408 Sunset Blvd,New York,Tamil Nadu,India,370199,40.685082,-73.986285,Individual,Gold,81,40357.49,17-07-2024,19,5899.96,Standard,30-04-2024
3163,James Lee,james.lee63@hotmail.com,8867 Market Street,Sydney,Central Region,Singapore,541454,-33.876625,151.249177,SME,Bronze,85,24406.88,19-02-2024,102,7633.57,Express,21-10-2024
3164,Chen Ibrahim,chen.ibrahim64@icloud.com,6289 Park Avenue,Toronto,Illinois,USA,17082,43.621136,-79.352335,Individual,Gold,87,34209.8,06-05-2023,33,587.49,Express,05-10-2024
3165,Amit Ibrahim,amit.ibrahim65@gmail.com,7027 King Street,Toronto,British Columbia,Canada,T4C 8A5,43.677473,-79.36671,Corporate,,95,28874.42,12-08-2022,67,4253.08,Standard,13-02-2024
3166,David Singh,david.singh66@outlook.com,6677 Sunset Blvd,New York,East Region,Singapore,346712,40.715649,-73.967343,SME,Silver,67,20329.83,19-02-2023,40,1475.02,Express,02-12-2024
3167,Sara Fernandez,sara.fernandez67@yahoo.com,9648 Main St,Sydney,New York,USA,10298,-33.84716,151.245834,Corporate,Bronze,83,47325.21,26-03-2021,37,4235.62,Overnight,02-11-2024
3168,Carlos Khan,carlos.khan68@hotmail.com,558 Market Street,New York,Victoria,Australia,6428,40.701153,-74.026262,Corporate,Gold,56,33942.49,21-06-2019,12,270.9,International Priority,15-04-2024
3169,Chen Anderson,chen.anderson69@icloud.com,5873 Sunset Blvd,Mumbai,Delhi,India,647567,19.029083,72.860664,Corporate,,81,28050.99,30-05-2019,116,1228.72,International Priority,07-03-2024
3170,Michael Sharma,michael.sharma70@gmail.com,7455 Park Avenue,Singapore,Abu Dhabi,UAE,38557,1.377014,103.7729,SME,Silver,87,31503.43,30-01-2024,11,703.46,Standard,24-05-2024
3171,David Petrov,david.petrov71@outlook.com,323 Market Street,Berlin,Quebec,Canada,H7C 1B5,52.513564,13.376871,Individual,Silver,68,23949.5,09-02-2021,45,6008.84,Overnight,14-12-2024
3172,Sara Sharma,sara.sharma72@yahoo.com,7500 Lake View Rd,Dubai,New South Wales,Australia,7327,25.182007,55.29409,SME,Gold,49,22235.05,16-01-2019,28,1968.13,International Priority,01-04-2024
3173,Olivia Sharma,olivia.sharma73@hotmail.com,5630 Lake View Rd,Toronto,East Region,Singapore,224608,43.659643,-79.344444,Corporate,,53,16297.22,26-12-2022,95,6210.32,International Priority,03-09-2024
3174,Yuki Sharma,yuki.sharma74@icloud.com,7907 Market Street,Mumbai,Alberta,Canada,T5C 3B1,19.111161,72.918433,Individual,Silver,85,25640.67,12-03-2019,1,880.9,Express,11-07-2024
3175,Mohammed Brown,mohammed.brown75@gmail.com,4375 Lake View Rd,Berlin,Victoria,Australia,6651,52.470033,13.454788,Corporate,Silver,58,13518.25,06-03-2023,26,3562.98,International Priority,02-12-2024
3176,Sara Brown,sara.brown76@outlook.com,4316 Victoria Road,Mumbai,New York,USA,98780,19.076294,72.873483,Individual,Bronze,47,43804.96,19-10-2022,34,391.4,Express,03-11-2024
3177,Ahmed Singh,ahmed.singh77@yahoo.com,4170 Main St,Sydney,Scotland,UK,SE4 4BB,-33.837225,151.228941,SME,Silver,93,15156.8,30-08-2023,92,3189.42,International Priority,18-02-2024
3178,Ivan Nguyen,ivan.nguyen78@hotmail.com,6165 Victoria Road,Toronto,Karnataka,India,458084,43.620509,-79.383433,Individual,Gold,75,3368.28,31-01-2019,33,722.55,Standard,17-10-2024
3179,Emma Lopez,emma.lopez79@icloud.com,5636 Lake View Rd,Dubai,Hamburg,Germany,73672,25.23227,55.241193,SME,,100,22476.25,14-07-2022,70,4261.51,Express,14-10-2024
3180,Carlos Kim,carlos.kim80@gmail.com,5786 Market Street,New York,Bavaria,Germany,85231,40.692046,-73.99629,Corporate,,43,3996.99,13-03-2024,101,4240.41,Standard,26-03-2024
3181,Olivia Johnson,olivia.johnson81@outlook.com,538 Park Avenue,New York,California,USA,99509,40.725208,-74.01867,Individual,Bronze,99,29607.66,16-12-2019,13,1727.01,Overnight,31-12-2024
3182,Maria Rossi,maria.rossi82@yahoo.com,1759 Victoria Road,Berlin,East Region,Singapore,151127,52.500982,13.423931,Corporate,,66,1992.79,03-07-2020,79,957.88,Standard,14-04-2024
3183,Mohammed Clark,mohammed.clark83@hotmail.com,6220 Hillcrest Ave,Dubai,Gujarat,India,215815,25.202822,55.243524,Individual,Gold,55,43142.24,29-01-2020,35,3067.38,International Priority,09-05-2024
3184,Emma Tanaka,emma.tanaka84@icloud.com,9213 Sunset Blvd,Singapore,Central Region,Singapore,442255,1.35095,103.852879,SME,Silver,73,28758.14,02-11-2024,101,5385.66,Express,15-12-2024
3185,Laura Ali,laura.ali85@gmail.com,4231 Sunset Blvd,London,Tamil Nadu,India,482748,51.45937,-0.134541,Individual,Bronze,67,27141.88,22-04-2020,4,1089.61,Overnight,05-12-2024
3186,Lucas Muller,lucas.muller86@outlook.com,3154 Lake View Rd,Sydney,Texas,USA,12192,-33.834269,151.233153,Individual,,44,34456.42,10-07-2020,6,522.62,Overnight,01-03-2024
3187,James Smith,james.smith87@yahoo.com,8159 Victoria Road,Berlin,Tamil Nadu,India,664887,52.533536,13.416006,SME,Bronze,65,43765.2,23-04-2024,14,195.24,Overnight,23-03-2024
3188,Elena Wang,elena.wang88@hotmail.com,2766 Park Avenue,London,Wales,UK,W1 7AB,51.474216,-0.127666,SME,Bronze,84,23343.2,17-07-2024,56,6614.58,Standard,13-08-2024
3189,Laura Sharma,laura.sharma89@icloud.com,71 Sunset Blvd,Mumbai,East Region,Singapore,700636,19.032214,72.902546,SME,,66,42226.77,27-10-2022,6,591.05,Overnight,19-10-2024
3190,Ivan Das,ivan.das90@gmail.com,6396 Main St,Sydney,Florida,USA,54532,-33.850999,151.181285,Individual,Bronze,72,46107.14,05-05-2020,22,1632.14,Express,04-06-2024
3191,Elena Ali,elena.ali91@outlook.com,3195 Main St,Mumbai,Scotland,UK,W5 6BA,19.032378,72.859363,Corporate,,66,42320.34,14-05-2019,4,7729.91,Express,22-04-2024
3192,Fatima Wang,fatima.wang92@yahoo.com,7052 Hillcrest Ave,Singapore,Maharashtra,India,474075,1.325685,103.820127,Individual,Gold,62,2184,22-07-2022,29,102.01,Overnight,10-03-2024
3193,Ahmed Nguyen,ahmed.nguyen93@hotmail.com,2296 Market Street,Dubai,New York,USA,10884,25.19034,55.234369,Individual,,61,47195.73,04-10-2021,38,831.34,Express,24-12-2024
3194,Wei Petrov,wei.petrov94@icloud.com,4802 Oak Street,Toronto,Delhi,India,767921,43.642214,-79.335838,Corporate,Silver,90,17902.01,02-07-2022,47,3423.37,Express,01-09-2024
3195,Anna Sharma,anna.sharma95@gmail.com,2227 Park Avenue,Sydney,West Region,Singapore,436196,-33.91004,151.257213,SME,,40,21498.82,08-01-2025,31,483.43,Standard,14-04-2024
3196,Michael Singh,michael.singh96@outlook.com,4064 Victoria Road,London,Illinois,USA,96550,51.508303,-0.177491,Individual,Silver,76,30638.38,10-10-2023,37,1329.17,Standard,16-05-2024
3197,Raj Muller,raj.muller97@yahoo.com,5366 Park Avenue,Singapore,Karnataka,India,786673,1.379053,103.834831,Corporate,Bronze,51,11782.38,16-04-2022,27,1989.08,Overnight,09-07-2024
3198,Isabella Lee,isabella.lee98@hotmail.com,4638 Victoria Road,Toronto,West Region,Singapore,289678,43.61175,-79.401486,SME,,64,23956.46,09-06-2019,18,6831.99,Express,17-06-2024
3199,Noah Dubois,noah.dubois99@icloud.com,3274 Hillcrest Ave,New York,Scotland,UK,W7 6AB,40.762633,-73.975831,SME,Silver,69,40256.77,12-03-2020,26,1838.16,Standard,23-03-2024
3200,Maria Sharma,maria.sharma0@gmail.com,3646 Main St,London,Dubai,UAE,63261,51.547072,-0.141956,Individual,,94,44240.22,13-08-2019,11,1108.31,Overnight,23-02-2024
3201,Ivan Johnson,ivan.johnson1@outlook.com,4191 King Street,Berlin,Wales,UK,EC5 8BB,52.504114,13.368548,SME,,59,22253.63,14-05-2022,11,86.64,Standard,18-02-2024
3202,Priya Garcia,priya.garcia2@yahoo.com,5505 Victoria Road,New York,Gujarat,India,636766,40.662902,-74.051,SME,,68,36980.81,14-07-2020,104,7387.95,Overnight,25-08-2024
3203,Priya Lee,priya.lee3@hotmail.com,644 Hillcrest Ave,Singapore,Florida,USA,18065,1.314597,103.822237,Corporate,Gold,59,6065.47,23-11-2021,93,2231.8,Overnight,31-12-2024
3204,Sophia Chowdhury,sophia.chowdhury4@icloud.com,2635 Lake View Rd,New York,Hamburg,Germany,89725,40.663871,-73.969249,Corporate,Silver,91,7468.93,04-04-2023,48,2849.67,Standard,25-08-2024
3205,Elena Martin,elena.martin5@gmail.com,6754 Maple Road,Berlin,Wales,UK,W6 7AB,52.530018,13.434919,SME,Gold,97,6909.36,18-09-2020,28,1161.47,Express,25-07-2024
3206,Chen Petrov,chen.petrov6@outlook.com,4261 Main St,Sydney,England,UK,NW1 6AA,-33.862826,151.250519,Corporate,Gold,71,45771.53,23-02-2022,5,1018.78,International Priority,18-02-2024
3207,Amit Sharma,amit.sharma7@yahoo.com,2494 Main St,New York,East Region,Singapore,651389,40.738655,-74.008107,SME,Silver,73,44209.03,24-10-2022,7,1033.65,Overnight,22-04-2024
3208,Priya Costa,priya.costa8@hotmail.com,6471 Market Street,Dubai,Victoria,Australia,3942,25.225959,55.23989,Individual,,99,15864.2,15-08-2023,10,1051.3,International Priority,29-12-2024
3209,Michael Garcia,michael.garcia9@icloud.com,9215 Sunset Blvd,London,Hamburg,Germany,46234,51.498707,-0.171761,Corporate,Gold,94,42809.22,01-11-2019,31,1893.06,International Priority,13-04-2024
3210,James Nair,james.nair10@gmail.com,9642 Park Avenue,Toronto,Gujarat,India,432935,43.607463,-79.417915,SME,Gold,68,39140.92,14-12-2024,14,3578.35,International Priority,16-05-2024
3211,Fatima Ibrahim,fatima.ibrahim11@outlook.com,432 Hillcrest Ave,New York,Dubai,UAE,3953,40.689148,-73.999319,SME,Gold,98,36313.63,30-01-2023,65,2404.5,Express,13-07-2024
3212,Raj Johnson,raj.johnson12@yahoo.com,1315 Market Street,London,Illinois,USA,33888,51.461555,-0.084008,Corporate,,53,47694.48,04-11-2019,30,1364.33,Standard,30-04-2024
3213,Lucas Lopez,lucas.lopez13@hotmail.com,3923 Park Avenue,Mumbai,Victoria,Australia,5750,19.099797,72.849347,Corporate,Gold,65,32940.03,02-08-2024,91,6533.99,International Priority,02-04-2024
3214,Michael Dubois,michael.dubois14@icloud.com,8783 King Street,London,Tamil Nadu,India,490001,51.516179,-0.153601,Individual,Bronze,75,6840.57,17-06-2022,20,1887,Standard,20-11-2024
3215,Sara Singh,sara.singh15@gmail.com,626 Main St,Toronto,Ontario,Canada,T5C 8C1,43.692557,-79.377513,SME,Silver,43,7790.42,13-05-2022,9,346.2,Standard,06-08-2024
3216,Michael Petrov,michael.petrov16@outlook.com,340 Park Avenue,London,Dubai,UAE,16315,51.507969,-0.149057,Individual,Bronze,86,1632.4,25-07-2023,9,126.25,Express,23-12-2024
3217,Wei Lopez,wei.lopez17@yahoo.com,4394 Hillcrest Ave,Berlin,Wales,UK,NW3 6AA,52.473524,13.355666,Individual,,75,13412,04-04-2019,9,401.84,Overnight,05-07-2024
3218,Ivan Martin,ivan.martin18@hotmail.com,2316 Victoria Road,Singapore,Quebec,Canada,V4B 4B9,1.365397,103.860956,Individual,Gold,94,33450.59,18-04-2019,1,220.58,International Priority,16-02-2024
3219,John Sharma,john.sharma19@icloud.com,6895 Main St,Toronto,Scotland,UK,SW5 1AB,43.618099,-79.345833,Corporate,Silver,73,33950.92,13-03-2022,39,2235.96,Standard,13-10-2024
3220,Arjun Patel,arjun.patel20@gmail.com,3438 Oak Street,Singapore,England,UK,EC2 1BA,1.316105,103.834744,Individual,Gold,90,18019.81,04-09-2022,7,626.9,Standard,11-04-2024
3221,Isabella Singh,isabella.singh21@outlook.com,5718 Hillcrest Ave,Sydney,Alberta,Canada,T5C 9A5,-33.906279,151.193278,Corporate,,50,23000.75,26-01-2021,100,607.88,Standard,13-03-2024
3222,Ivan Patel,ivan.patel22@yahoo.com,5340 Victoria Road,Singapore,Dubai,UAE,50981,1.335284,103.824367,Corporate,Silver,77,1710.01,17-01-2020,103,3758.2,Overnight,23-04-2024
3223,Carlos Nair,carlos.nair23@hotmail.com,8250 Main St,Mumbai,East Region,Singapore,127584,19.083373,72.900382,Individual,Bronze,54,36714.84,16-07-2020,10,1778.21,Overnight,01-08-2024
3224,Mohammed Chowdhury,mohammed.chowdhury24@icloud.com,5726 Main St,Berlin,Ontario,Canada,K6A 5C4,52.558556,13.406245,Individual,Silver,49,41004.63,20-11-2024,26,875.31,Overnight,29-05-2024
3225,Chen Mehta,chen.mehta25@gmail.com,5943 Park Avenue,Sydney,Gujarat,India,131596,-33.8618,151.241384,SME,Gold,100,2685.29,15-02-2020,34,1389.41,International Priority,24-12-2024
3226,Michael Chowdhury,michael.chowdhury26@outlook.com,5128 Victoria Road,London,Victoria,Australia,7080,51.508593,-0.136848,Individual,Silver,52,6447.22,24-01-2023,16,382.98,Standard,03-06-2024
3227,John Sharma,john.sharma27@yahoo.com,9300 Park Avenue,Toronto,New South Wales,Australia,5465,43.626422,-79.432578,SME,,97,31642.4,09-04-2020,38,543.28,Standard,26-08-2024
3228,Fatima Tanaka,fatima.tanaka28@hotmail.com,2388 Park Avenue,Mumbai,Quebec,Canada,K7A 5C2,19.049177,72.886377,Individual,,77,17471.91,25-01-2020,27,348.85,Overnight,30-04-2024
3229,Anna Garcia,anna.garcia29@icloud.com,58 Market Street,Berlin,Karnataka,India,545429,52.535482,13.398106,Individual,Silver,76,31056.64,18-12-2021,23,492.44,Express,06-02-2024
3230,Priya Johnson,priya.johnson30@gmail.com,2685 Park Avenue,Sydney,East Region,Singapore,494215,-33.879089,151.229581,Individual,,97,13933.51,29-09-2022,8,1302.52,Overnight,12-12-2024
3231,Amit Kim,amit.kim31@outlook.com,8625 Hillcrest Ave,Sydney,Queensland,Australia,2441,-33.870786,151.248498,Individual,,44,33933.09,27-07-2022,23,1196.11,Standard,06-12-2024
3232,Laura Das,laura.das32@yahoo.com,5698 Oak Street,Mumbai,Tamil Nadu,India,501947,19.048217,72.922952,SME,,45,35369.13,21-05-2020,40,226.07,Express,07-05-2024
3233,Mohammed Chowdhury,mohammed.chowdhury33@hotmail.com,3703 Hillcrest Ave,Dubai,Central Region,Singapore,438941,25.16474,55.259163,SME,Bronze,87,34427.14,18-01-2021,18,538.86,Overnight,01-06-2024
3234,Daniel Ibrahim,daniel.ibrahim34@icloud.com,7391 Main St,London,Gujarat,India,626923,51.499907,-0.160821,Individual,Gold,69,18322.6,19-05-2021,80,4638.79,International Priority,25-02-2024
3235,Isabella Johnson,isabella.johnson35@gmail.com,9768 Maple Road,Mumbai,Scotland,UK,SE4 1BA,19.032755,72.836082,Individual,,72,13581.84,19-11-2019,20,5264.87,Overnight,10-07-2024
3236,Sara Patel,sara.patel36@outlook.com,5195 Lake View Rd,Sydney,Victoria,Australia,4939,-33.833125,151.244256,SME,Silver,67,47552.49,06-08-2021,5,473.08,Express,07-10-2024
3237,Ahmed Lopez,ahmed.lopez37@yahoo.com,3924 Hillcrest Ave,New York,East Region,Singapore,452771,40.703817,-74.034599,Corporate,,53,48992.31,21-07-2019,39,1257.49,International Priority,06-09-2024
3238,Sara Smith,sara.smith38@hotmail.com,935 Main St,Berlin,Victoria,Australia,7223,52.507713,13.429041,Corporate,Bronze,74,36435.54,06-02-2022,23,2283.04,Overnight,03-08-2024
3239,Priya Ibrahim,priya.ibrahim39@icloud.com,5301 Market Street,Mumbai,Wales,UK,NW4 7AB,19.074402,72.871413,Corporate,Silver,88,4633.27,29-06-2022,115,2082.73,Standard,02-09-2024
3240,Michael Anderson,michael.anderson40@gmail.com,3806 Hillcrest Ave,Dubai,Quebec,Canada,V4A 4A3,25.23612,55.252322,SME,Gold,53,2901.46,23-11-2019,115,1506.27,Express,03-09-2024
3241,Anna Hassan,anna.hassan41@outlook.com,1384 Market Street,Sydney,England,UK,EC1 9AA,-33.913874,151.199077,SME,Silver,43,39596.73,02-05-2022,28,1963.67,Express,15-10-2024
3242,Fatima Ali,fatima.ali42@yahoo.com,5245 Sunset Blvd,London,New South Wales,Australia,2962,51.485657,-0.15599,Corporate,Silver,84,24231.28,03-05-2022,17,4390,International Priority,30-10-2024
3243,Laura Ali,laura.ali43@hotmail.com,4774 Park Avenue,Singapore,Victoria,Australia,7586,1.307926,103.769896,Corporate,Silver,77,39586.96,16-02-2020,66,4826.3,Express,10-01-2024
3244,Amit Hassan,amit.hassan44@icloud.com,9057 Hillcrest Ave,Sydney,Abu Dhabi,UAE,5333,-33.821807,151.181286,Individual,Silver,76,49807.66,12-07-2023,15,1397.45,Overnight,06-10-2024
3245,Chen Dubois,chen.dubois45@gmail.com,4546 Main St,London,Central Region,Singapore,327434,51.53188,-0.109304,SME,,53,29232.84,16-06-2019,21,225.89,International Priority,21-09-2024
3246,Maria Wang,maria.wang46@outlook.com,3643 Park Avenue,Mumbai,Quebec,Canada,H8B 4C9,19.036459,72.891922,SME,Gold,99,29345.44,01-07-2022,27,831.89,Standard,13-07-2024
3247,Noah Mehta,noah.mehta47@yahoo.com,5263 Oak Street,London,Scotland,UK,EC1 8BB,51.503328,-0.07909,Corporate,,89,31816.46,18-09-2023,35,659.7,Express,03-04-2024
3248,Lucas Smith,lucas.smith48@hotmail.com,5964 Market Street,Toronto,East Region,Singapore,686185,43.700172,-79.385549,Corporate,Bronze,52,45826.08,16-01-2020,49,872.56,Overnight,14-10-2024
3249,Carlos Nair,carlos.nair49@icloud.com,6535 Lake View Rd,Toronto,California,USA,88825,43.68472,-79.351021,SME,Bronze,91,19547.79,27-09-2022,32,1616.6,International Priority,08-03-2024
3250,Elena Nguyen,elena.nguyen50@gmail.com,567 Park Avenue,Toronto,East Region,Singapore,641610,43.669477,-79.3793,Individual,Silver,90,8108.48,07-01-2022,12,815.51,International Priority,01-10-2024
3251,Ahmed Petrov,ahmed.petrov51@outlook.com,1383 Victoria Road,Dubai,Illinois,USA,22329,25.229381,55.273016,Corporate,,54,33077.64,02-08-2019,20,5790.2,Express,02-02-2024
3252,Daniel Petrov,daniel.petrov52@yahoo.com,7298 King Street,Dubai,Ontario,Canada,H7C 8A7,25.181165,55.285437,SME,,58,44394.45,14-07-2020,39,1892.23,Express,06-07-2024
3253,Daniel Muller,daniel.muller53@hotmail.com,7107 Victoria Road,New York,England,UK,SE7 9BA,40.730686,-73.958873,SME,Gold,94,44235.02,09-10-2019,14,351.74,Express,17-11-2024
3254,Elena Nair,elena.nair54@icloud.com,1751 King Street,Dubai,Wales,UK,SW4 2BB,25.217664,55.282774,Individual,Gold,99,18837.94,22-01-2020,26,1077.06,International Priority,20-05-2024
3255,Lucas Nguyen,lucas.nguyen55@gmail.com,9632 Sunset Blvd,Singapore,Gujarat,India,446010,1.320543,103.787502,Individual,Gold,95,28184.13,17-01-2019,30,68.31,Standard,13-09-2024
3256,David Tanaka,david.tanaka56@outlook.com,6812 Maple Road,Mumbai,New South Wales,Australia,2266,19.047689,72.885305,Corporate,,46,42148.08,13-03-2020,44,5214.69,Express,16-09-2024
3257,Carlos Fernandez,carlos.fernandez57@yahoo.com,2183 Maple Road,Sydney,Bavaria,Germany,88303,-33.896428,151.179334,Corporate,Gold,59,26467.65,07-05-2024,78,6653.89,Overnight,23-02-2024
3258,Amit Kim,amit.kim58@hotmail.com,626 Maple Road,Sydney,Sharjah,UAE,71162,-33.842063,151.24381,Corporate,Gold,67,10055.74,24-06-2019,113,7351.88,International Priority,21-10-2024
3259,Elena Petrov,elena.petrov59@icloud.com,8810 Market Street,New York,West Region,Singapore,324189,40.687165,-73.964752,SME,Gold,68,28109.51,05-04-2024,27,485.67,Express,07-03-2024
3260,Liam Ali,liam.ali60@gmail.com,4912 Maple Road,Dubai,Alberta,Canada,V9A 3B3,25.180557,55.247836,Corporate,Silver,95,36217.65,19-01-2023,64,5602.44,International Priority,24-04-2024
3261,Sophia Ibrahim,sophia.ibrahim61@outlook.com,6745 Lake View Rd,Singapore,Bavaria,Germany,48457,1.331163,103.786363,SME,Bronze,57,7492.01,21-07-2023,12,1116.63,Overnight,27-07-2024
3262,Elena Mehta,elena.mehta62@yahoo.com,5374 Maple Road,London,East Region,Singapore,735818,51.503166,-0.163691,Corporate,Bronze,88,2944.1,13-03-2020,100,7517.37,Express,20-07-2024
3263,Arjun Khan,arjun.khan63@hotmail.com,491 Main St,New York,Hesse,Germany,15844,40.728764,-73.975372,Individual,,59,13116.32,18-12-2021,35,1757.07,International Priority,15-05-2024
3264,Ivan Anderson,ivan.anderson64@icloud.com,3076 Market Street,Singapore,Ontario,Canada,M5A 6B4,1.378207,103.791705,Individual,,50,18509.96,12-10-2020,6,55.83,International Priority,25-08-2024
3265,Mia Hassan,mia.hassan65@gmail.com,6374 Victoria Road,London,Scotland,UK,W4 5BB,51.538575,-0.096982,SME,Silver,85,38789.95,11-10-2021,33,1546.47,Overnight,01-10-2024
3266,Sara Garcia,sara.garcia66@outlook.com,5857 Maple Road,Singapore,Alberta,Canada,H9C 9B8,1.370208,103.831799,Individual,Bronze,69,12936.87,02-12-2019,55,7075.45,Express,23-02-2024
3267,James Mehta,james.mehta67@yahoo.com,4048 Market Street,London,Central Region,Singapore,788300,51.55174,-0.098677,SME,Gold,53,39267.93,30-09-2022,15,916.7,Standard,10-07-2024
3268,Laura Johnson,laura.johnson68@hotmail.com,7352 Lake View Rd,Berlin,Bavaria,Germany,42141,52.537913,13.399194,SME,Gold,66,22568.2,20-11-2020,100,5251.79,Overnight,07-08-2024
3269,David Nair,david.nair69@icloud.com,4030 Market Street,Singapore,Queensland,Australia,6220,1.322865,103.814565,Individual,,51,16953.62,28-01-2021,37,629.15,International Priority,23-06-2024
3270,Mohammed Nair,mohammed.nair70@gmail.com,3614 Hillcrest Ave,Sydney,Abu Dhabi,UAE,36946,-33.836047,151.239848,SME,Bronze,50,7821.17,01-03-2020,36,1963.53,Overnight,09-02-2024
3271,Mohammed Nair,mohammed.nair71@outlook.com,2376 Market Street,Toronto,Sharjah,UAE,32524,43.604274,-79.358989,Individual,,91,23057.56,10-03-2019,32,1941.63,Standard,09-05-2024
3272,John Wang,john.wang72@yahoo.com,5099 King Street,Dubai,Queensland,Australia,6854,25.163561,55.255614,Corporate,,42,21721.22,10-04-2024,101,7512.64,Express,17-12-2024
3273,Ahmed Ali,ahmed.ali73@hotmail.com,3653 Hillcrest Ave,London,Queensland,Australia,4593,51.488422,-0.152976,Corporate,Gold,60,42176.85,13-06-2021,102,2964.5,Express,23-04-2024
3274,Lucas Muller,lucas.muller74@icloud.com,3060 Main St,Berlin,Scotland,UK,SW8 3BA,52.47397,13.360854,Individual,Gold,95,29426.67,02-06-2020,34,1765.29,Overnight,30-10-2024
3275,Lucas Singh,lucas.singh75@gmail.com,5620 Hillcrest Ave,Singapore,Central Region,Singapore,642368,1.304923,103.858873,Individual,Bronze,69,11725.27,24-11-2020,2,1333.9,Express,04-05-2024
3276,Maria Nguyen,maria.nguyen76@outlook.com,332 Maple Road,Sydney,Illinois,USA,11663,-33.828805,151.198643,Individual,,49,11415.88,18-09-2024,32,1998.39,International Priority,01-09-2024
3277,Liam Rossi,liam.rossi77@yahoo.com,3479 Market Street,Toronto,Quebec,Canada,M6A 6C5,43.605677,-79.364513,Individual,Silver,87,6997.56,04-09-2021,10,1375.35,Express,23-03-2024
3278,Raj Patel,raj.patel78@hotmail.com,2962 King Street,London,Dubai,UAE,74849,51.503886,-0.130197,Corporate,Bronze,69,35843.19,29-07-2023,110,720.98,International Priority,04-03-2024
3279,Arjun Anderson,arjun.anderson79@icloud.com,8944 Main St,Singapore,New South Wales,Australia,5385,1.350458,103.816439,SME,,76,23177.73,22-01-2019,70,6879.93,Overnight,24-08-2024
3280,Liam Wang,liam.wang80@gmail.com,4056 Oak Street,Singapore,Ontario,Canada,V1A 4A4,1.356695,103.863622,SME,Bronze,42,48477.85,12-11-2024,3,861.95,Standard,22-08-2024
3281,Isabella Dubois,isabella.dubois81@outlook.com,4668 Park Avenue,London,Abu Dhabi,UAE,4626,51.510287,-0.095819,Corporate,Bronze,93,27255,24-01-2022,79,7368.81,Express,29-01-2024
3282,Yuki Das,yuki.das82@yahoo.com,6837 King Street,New York,Queensland,Australia,3330,40.678763,-74.03099,SME,Bronze,44,29422.87,07-02-2021,16,859.7,International Priority,01-06-2024
3283,Isabella Wang,isabella.wang83@hotmail.com,2595 Maple Road,New York,Central Region,Singapore,111441,40.749296,-73.99526,Corporate,Silver,47,41839.15,10-07-2024,44,117.03,International Priority,19-05-2024
3284,Priya Ali,priya.ali84@icloud.com,2068 Maple Road,Sydney,Abu Dhabi,UAE,14634,-33.854828,151.233699,SME,Silver,60,35192.96,01-09-2021,36,1079.02,International Priority,26-07-2024
3285,Isabella Martin,isabella.martin85@gmail.com,4717 Maple Road,Toronto,Scotland,UK,W3 7BB,43.654154,-79.426283,Individual,Gold,57,8321.86,01-09-2019,34,64.75,Express,23-07-2024
3286,Amit Ali,amit.ali86@outlook.com,6319 Park Avenue,London,Florida,USA,17935,51.538629,-0.152969,Individual,Gold,46,24168.02,27-10-2023,39,1713.46,International Priority,09-05-2024
3287,Anna Mehta,anna.mehta87@yahoo.com,7201 Victoria Road,Sydney,Florida,USA,24482,-33.871489,151.223894,Individual,,97,7478.97,14-05-2021,19,1823.32,Overnight,11-02-2024
3288,James Sharma,james.sharma88@hotmail.com,9721 Sunset Blvd,Sydney,Queensland,Australia,6023,-33.839732,151.202674,Corporate,Bronze,81,15022.76,11-05-2023,56,2458.72,Express,03-08-2024
3289,Arjun Kim,arjun.kim89@icloud.com,9552 Main St,Mumbai,Sharjah,UAE,30030,19.026539,72.883351,Corporate,,96,31272.9,27-02-2021,16,5021.91,International Priority,01-09-2024
3290,Maria Rossi,maria.rossi90@gmail.com,3982 Sunset Blvd,Singapore,England,UK,W6 6BA,1.375725,103.787476,SME,Gold,97,48621.29,01-12-2024,6,1413.78,Overnight,17-08-2024
3291,Mia Smith,mia.smith91@outlook.com,4132 Sunset Blvd,Dubai,Karnataka,India,491126,25.211206,55.25082,SME,Silver,90,24631.69,13-04-2022,118,5204.81,Overnight,09-04-2024
3292,Ivan Wang,ivan.wang92@yahoo.com,284 Market Street,Singapore,Alberta,Canada,T1B 2C9,1.391017,103.826765,SME,Gold,97,4563.16,11-11-2022,31,1862.74,Standard,11-06-2024
3293,Yuki Fernandez,yuki.fernandez93@hotmail.com,4226 Market Street,New York,Quebec,Canada,M8C 7A5,40.706743,-73.971959,Corporate,,95,8495.48,11-07-2020,62,835.78,International Priority,31-12-2024
3294,Sara Mehta,sara.mehta94@icloud.com,1340 Sunset Blvd,Toronto,Berlin,Germany,30869,43.622454,-79.395659,SME,Gold,65,22903.47,15-07-2023,13,750.87,Express,20-10-2024
3295,Olivia Hassan,olivia.hassan95@gmail.com,2186 Hillcrest Ave,Singapore,Scotland,UK,SE7 3BA,1.368701,103.829909,Individual,,97,28422.31,13-08-2023,1,608.76,Overnight,29-03-2024
3296,David Rossi,david.rossi96@outlook.com,9887 Park Avenue,London,Abu Dhabi,UAE,40065,51.546722,-0.093601,SME,,61,49522.84,24-03-2022,99,5702.61,Overnight,22-10-2024
3297,Emma Mehta,emma.mehta97@yahoo.com,1947 Main St,Sydney,Central Region,Singapore,337616,-33.855955,151.212909,Individual,,73,26681.45,08-01-2022,9,1147.77,Overnight,30-05-2024
3298,Elena Dubois,elena.dubois98@hotmail.com,5831 Maple Road,London,East Region,Singapore,531907,51.527941,-0.12677,Corporate,,68,35005.28,17-10-2021,97,5910.33,Express,22-01-2024
3299,Lucas Lopez,lucas.lopez99@icloud.com,3247 Oak Street,Mumbai,Berlin,Germany,74811,19.075824,72.839876,Individual,Gold,62,6230.74,25-05-2020,4,87.66,International Priority,18-09-2024
3300,Ivan Garcia,ivan.garcia0@gmail.com,4339 Hillcrest Ave,Toronto,New South Wales,Australia,5911,43.665808,-79.401356,Individual,,73,30163.6,18-09-2023,27,1135.69,International Priority,19-10-2024
3301,Ivan Muller,ivan.muller1@outlook.com,3400 Market Street,Sydney,Dubai,UAE,99900,-33.903146,151.192332,Individual,,91,40587.6,10-11-2021,9,1554.9,International Priority,14-03-2024
3302,Priya Dubois,priya.dubois2@yahoo.com,7358 Main St,London,Hamburg,Germany,10406,51.487909,-0.135459,Corporate,Bronze,61,27669.08,31-07-2024,72,671.87,Standard,01-04-2024
3303,Lucas Rossi,lucas.rossi3@hotmail.com,2547 Victoria Road,New York,Texas,USA,43709,40.741681,-73.986042,Corporate,,53,3164.88,06-01-2019,77,783.19,Standard,16-09-2024
3304,Ahmed Fernandez,ahmed.fernandez4@icloud.com,286 King Street,Dubai,Quebec,Canada,M2A 9A1,25.24175,55.260958,Corporate,Gold,91,22255.06,14-04-2020,30,3587.04,International Priority,10-02-2024
3305,Sara Ali,sara.ali5@gmail.com,7737 Victoria Road,Mumbai,Sharjah,UAE,82795,19.033816,72.880682,Corporate,,61,49913.16,20-07-2023,16,3602.33,International Priority,13-10-2024
3306,Carlos Ibrahim,carlos.ibrahim6@outlook.com,8432 Victoria Road,Toronto,Hesse,Germany,33419,43.635643,-79.346179,SME,Silver,71,4378.02,22-02-2021,117,2466.15,Overnight,10-10-2024
3307,Sophia Tanaka,sophia.tanaka7@yahoo.com,9621 Oak Street,Mumbai,Texas,USA,94441,19.077853,72.899009,Corporate,Silver,51,17882.72,02-11-2021,57,1382.57,International Priority,18-11-2024
3308,Isabella Sharma,isabella.sharma8@hotmail.com,8655 Lake View Rd,New York,England,UK,SE5 2AB,40.70984,-74.052219,Individual,,69,45534.4,09-06-2020,34,550.11,Overnight,13-10-2024
3309,Amit Costa,amit.costa9@icloud.com,8368 Main St,Toronto,Hamburg,Germany,52155,43.645356,-79.335075,Corporate,Silver,51,3856.33,25-01-2021,116,5048.79,Overnight,22-08-2024
3310,Elena Muller,elena.muller10@gmail.com,3391 Market Street,Mumbai,New South Wales,Australia,7377,19.123709,72.909632,SME,Silver,94,14520.47,06-05-2020,12,655.08,Express,24-11-2024
3311,James Martin,james.martin11@outlook.com,6892 Maple Road,Berlin,Queensland,Australia,6825,52.511385,13.413223,SME,Gold,78,11629.77,16-10-2021,35,1796.6,International Priority,06-04-2024
3312,Sophia Anderson,sophia.anderson12@yahoo.com,6088 Oak Street,New York,Victoria,Australia,5904,40.690142,-73.972428,SME,Bronze,51,1144.6,26-06-2020,105,5379.77,Overnight,11-07-2024
3313,Raj Chowdhury,raj.chowdhury13@hotmail.com,1658 Park Avenue,New York,Dubai,UAE,33902,40.740507,-73.964379,Individual,Silver,81,39985.35,14-06-2019,32,1985.5,International Priority,13-07-2024
3314,Olivia Rossi,olivia.rossi14@icloud.com,5410 Market Street,New York,East Region,Singapore,651627,40.75613,-74.052278,Corporate,Silver,54,13879.19,03-08-2021,91,6358.27,Express,04-05-2024
3315,David Lopez,david.lopez15@gmail.com,3241 Sunset Blvd,Berlin,Central Region,Singapore,721428,52.552839,13.448414,Corporate,Bronze,88,28868.45,20-10-2021,75,1566.48,Express,07-11-2024
3316,Carlos Sharma,carlos.sharma16@outlook.com,3352 Sunset Blvd,Berlin,British Columbia,Canada,T7B 3B3,52.545513,13.402702,Corporate,Bronze,67,45467.99,10-07-2019,80,7835.02,Standard,05-01-2024
3317,Maria Hassan,maria.hassan17@yahoo.com,5985 Sunset Blvd,London,Hesse,Germany,74442,51.53425,-0.161772,Individual,Silver,60,3370.46,23-10-2019,11,201.77,Express,25-10-2024
3318,John Ali,john.ali18@hotmail.com,5557 King Street,Sydney,Wales,UK,NW4 2BB,-33.916766,151.194002,Individual,,73,39713.71,05-06-2023,21,408.22,Standard,14-12-2024
3319,Fatima Anderson,fatima.anderson19@icloud.com,2579 Sunset Blvd,Dubai,Hesse,Germany,74007,25.247731,55.294535,SME,Silver,59,907.47,28-06-2020,37,1105.21,Standard,28-02-2024
3320,Carlos Petrov,carlos.petrov20@gmail.com,5141 King Street,Mumbai,British Columbia,Canada,H2A 6A8,19.081542,72.912162,SME,,94,24856.48,12-06-2021,6,1799.64,International Priority,09-05-2024
3321,Anna Kim,anna.kim21@outlook.com,6562 Main St,London,Illinois,USA,32925,51.462556,-0.140361,Corporate,,41,16264.46,06-02-2022,54,6774.42,International Priority,03-01-2024
3322,Amit Singh,amit.singh22@yahoo.com,1140 Lake View Rd,Mumbai,Ontario,Canada,T7B 7A4,19.045043,72.914678,Individual,,71,27900.11,06-04-2020,28,170.13,Express,23-12-2024
3323,Sara Brown,sara.brown23@hotmail.com,3223 Sunset Blvd,Dubai,New South Wales,Australia,6068,25.185587,55.281254,Individual,Bronze,54,39769.28,12-01-2019,17,968.11,Overnight,03-12-2024
3324,Emma Sharma,emma.sharma24@icloud.com,4042 Oak Street,Sydney,Dubai,UAE,25940,-33.820285,151.183687,Corporate,Silver,100,16664,10-05-2021,75,2665.17,International Priority,27-09-2024
3325,Laura Nair,laura.nair25@gmail.com,5674 Lake View Rd,Berlin,Texas,USA,43730,52.487422,13.405114,Corporate,Silver,55,27592,29-03-2020,59,6654.46,Express,17-05-2024
3326,Arjun Brown,arjun.brown26@outlook.com,3338 Lake View Rd,Sydney,Dubai,UAE,25099,-33.866375,151.222138,SME,Gold,87,43579.77,26-02-2019,26,536.21,Standard,21-04-2024
3327,Isabella Anderson,isabella.anderson27@yahoo.com,4684 Maple Road,Berlin,Queensland,Australia,4518,52.532106,13.375905,SME,Bronze,91,28133.49,21-08-2023,1,1683.07,International Priority,18-07-2024
3328,Yuki Brown,yuki.brown28@hotmail.com,3219 Lake View Rd,Dubai,Karnataka,India,683232,25.241183,55.29874,SME,Gold,65,15302.15,14-03-2020,114,5251.18,International Priority,06-04-2024
3329,Carlos Martin,carlos.martin29@icloud.com,462 King Street,Sydney,Ontario,Canada,H2C 1A1,-33.88891,151.185862,Corporate,Gold,49,26566.28,30-10-2022,8,4582.99,International Priority,20-10-2024
3330,Amit Costa,amit.costa30@gmail.com,4013 Lake View Rd,London,Ontario,Canada,M3B 3A2,51.484587,-0.155363,Corporate,,90,49499.05,25-04-2021,86,4204.6,Overnight,18-08-2024
3331,Chen Garcia,chen.garcia31@outlook.com,5885 Lake View Rd,Toronto,Wales,UK,SW8 8BB,43.618934,-79.429368,SME,Bronze,81,35007.14,06-01-2024,17,1624.5,International Priority,28-01-2024
3332,Laura Mehta,laura.mehta32@yahoo.com,9792 Lake View Rd,London,Berlin,Germany,13680,51.469439,-0.16256,SME,Gold,82,40986.58,14-08-2020,7,1535.39,Overnight,01-05-2024
3333,Ivan Ibrahim,ivan.ibrahim33@hotmail.com,3748 Oak Street,Mumbai,Illinois,USA,61002,19.122352,72.870938,Individual,Silver,75,19403.37,25-08-2020,2,1977.74,International Priority,20-06-2024
3334,Daniel Sharma,daniel.sharma34@icloud.com,5648 Maple Road,London,East Region,Singapore,517194,51.460453,-0.111182,Individual,Gold,48,1480.12,19-05-2020,3,679.05,Overnight,03-01-2024
3335,Ahmed Hassan,ahmed.hassan35@gmail.com,8167 Park Avenue,Dubai,Abu Dhabi,UAE,17412,25.178378,55.302127,SME,Bronze,72,23282,19-02-2023,28,1078.02,International Priority,18-11-2024
3336,Isabella Dubois,isabella.dubois36@outlook.com,1372 Park Avenue,New York,New York,USA,58921,40.72538,-73.992737,SME,Silver,97,16791.56,24-08-2022,4,1316.13,Overnight,30-12-2024
3337,Elena Das,elena.das37@yahoo.com,9586 Oak Street,Mumbai,Wales,UK,W6 8BB,19.076131,72.849832,Individual,Silver,94,6847.09,11-08-2023,17,1294.15,Standard,01-08-2024
3338,David Khan,david.khan38@hotmail.com,8520 Park Avenue,Sydney,England,UK,NW5 2AA,-33.838504,151.236101,SME,Silver,49,28889.87,01-04-2023,38,645.55,Overnight,31-10-2024
3339,Mohammed Smith,mohammed.smith39@icloud.com,8469 Market Street,Mumbai,Dubai,UAE,16951,19.066691,72.892641,Individual,,85,16495.49,26-10-2024,9,1285.41,Express,09-12-2024
3340,David Petrov,david.petrov40@gmail.com,701 Sunset Blvd,Toronto,West Region,Singapore,627368,43.651344,-79.37802,Individual,Silver,67,46051.78,31-01-2022,33,1727.29,Overnight,20-09-2024
3341,Maria Rossi,maria.rossi41@outlook.com,5563 Lake View Rd,Berlin,Hamburg,Germany,50716,52.5081,13.454692,Individual,,100,39965.09,22-12-2023,7,212.43,Overnight,26-08-2024
3342,Laura Kim,laura.kim42@yahoo.com,1598 Maple Road,Sydney,Abu Dhabi,UAE,65702,-33.829236,151.207048,Corporate,,87,44344.94,05-04-2021,72,1193.14,International Priority,18-08-2024
3343,Ivan Das,ivan.das43@hotmail.com,8901 Hillcrest Ave,Singapore,Dubai,UAE,37622,1.344362,103.821315,Corporate,Gold,40,21347.93,20-08-2020,100,6263.35,International Priority,26-11-2024
3344,Mohammed Clark,mohammed.clark44@icloud.com,4489 Hillcrest Ave,Mumbai,Victoria,Australia,3430,19.081669,72.906746,SME,Gold,41,2746.83,26-04-2021,11,1697.58,International Priority,03-07-2024
3345,David Costa,david.costa45@gmail.com,2226 Lake View Rd,Sydney,East Region,Singapore,198005,-33.88293,151.243454,Individual,Silver,46,32081.63,14-05-2023,19,1086.72,Standard,28-03-2024
3346,Laura Clark,laura.clark46@outlook.com,9040 Hillcrest Ave,Sydney,Berlin,Germany,73447,-33.896932,151.209263,Corporate,Bronze,59,4061.13,17-12-2022,45,4800.88,Overnight,27-11-2024
3347,John Tanaka,john.tanaka47@yahoo.com,7451 Oak Street,Sydney,British Columbia,Canada,V8B 3A5,-33.858013,151.241987,SME,Silver,54,42087.38,09-02-2021,22,253.89,International Priority,04-04-2024
3348,Daniel Johnson,daniel.johnson48@hotmail.com,3541 Park Avenue,Berlin,New South Wales,Australia,2450,52.528995,13.361584,SME,Gold,93,2712.29,21-09-2021,12,2375.53,Overnight,07-10-2024
3349,Anna Anderson,anna.anderson49@icloud.com,3955 Lake View Rd,Singapore,Karnataka,India,411195,1.312476,103.864524,SME,Silver,71,31519.42,29-06-2024,4,1171.02,International Priority,09-12-2024
3350,Fatima Sharma,fatima.sharma50@gmail.com,4632 Market Street,Dubai,East Region,Singapore,595819,25.254616,55.225601,SME,Gold,60,33945.59,25-06-2024,14,1821.58,Overnight,14-06-2024
3351,Arjun Ibrahim,arjun.ibrahim51@outlook.com,7535 Market Street,London,Berlin,Germany,83010,51.54486,-0.109862,SME,Silver,81,40075.05,26-01-2022,15,1478.02,Overnight,12-12-2024
3352,Sara Fernandez,sara.fernandez52@yahoo.com,7418 Hillcrest Ave,Sydney,Scotland,UK,W2 4BB,-33.84235,151.194057,Individual,Bronze,83,9071.86,27-11-2023,96,4118.06,International Priority,11-02-2024
3353,Michael Martin,michael.martin53@hotmail.com,1032 Victoria Road,New York,Queensland,Australia,5931,40.687236,-73.970526,SME,Silver,52,28877.36,20-07-2019,23,1195.91,Standard,24-07-2024
3354,David Hassan,david.hassan54@icloud.com,2255 Victoria Road,Dubai,Hamburg,Germany,24511,25.213226,55.306972,Individual,Bronze,65,7377.17,29-10-2021,6,149.06,Standard,13-12-2024
3355,Arjun Kim,arjun.kim55@gmail.com,7603 King Street,Toronto,Florida,USA,67234,43.627977,-79.348002,Corporate,Bronze,91,41586.21,13-01-2019,5,550.12,Standard,19-08-2024
3356,Sara Clark,sara.clark56@outlook.com,7714 Sunset Blvd,Berlin,Dubai,UAE,9187,52.534812,13.390628,SME,Silver,94,49983.45,10-11-2023,62,1205.25,International Priority,31-08-2024
3357,Carlos Costa,carlos.costa57@yahoo.com,4110 Main St,Mumbai,Delhi,India,771215,19.046304,72.877536,Corporate,Bronze,70,23229.74,13-03-2024,81,3795.33,Express,26-07-2024
3358,Liam Singh,liam.singh58@hotmail.com,7943 Lake View Rd,Berlin,Alberta,Canada,K9B 9C2,52.488999,13.449366,Individual,Bronze,89,15841.91,11-10-2020,17,299.08,Overnight,02-09-2024
3359,Arjun Martin,arjun.martin59@icloud.com,7982 Lake View Rd,Mumbai,Abu Dhabi,UAE,82946,19.111621,72.85969,Individual,Gold,72,25383.13,09-09-2019,38,530.13,Express,19-08-2024
3360,Olivia Dubois,olivia.dubois60@gmail.com,3709 Main St,Berlin,Texas,USA,30021,52.560561,13.374863,Corporate,Gold,53,41697.61,02-09-2019,49,4850.13,Standard,08-07-2024
3361,Yuki Khan,yuki.khan61@outlook.com,9958 Hillcrest Ave,Mumbai,California,USA,60309,19.090377,72.892573,SME,Bronze,40,24601.36,23-02-2024,4,267.78,International Priority,04-08-2024
3362,Fatima Kim,fatima.kim62@yahoo.com,2429 Victoria Road,Sydney,Tamil Nadu,India,356962,-33.898225,151.19818,SME,,60,29740.57,17-11-2024,10,338.92,Express,18-02-2024
3363,Sara Tanaka,sara.tanaka63@hotmail.com,6429 Oak Street,London,British Columbia,Canada,H3B 5A5,51.481552,-0.088617,Corporate,Silver,40,23990.71,30-03-2022,49,5677.49,Overnight,02-12-2024
3364,Michael Petrov,michael.petrov64@icloud.com,1708 Sunset Blvd,Mumbai,Scotland,UK,NW6 1BB,19.090378,72.88881,Corporate,Bronze,48,13054.32,14-04-2021,109,658.02,Standard,27-07-2024
3365,David Lee,david.lee65@gmail.com,7530 Oak Street,Singapore,Victoria,Australia,3959,1.362279,103.79072,Corporate,Silver,56,11192.84,21-08-2023,116,3688.89,Express,16-09-2024
3366,Ivan Tanaka,ivan.tanaka66@outlook.com,7151 Victoria Road,Mumbai,East Region,Singapore,321257,19.109436,72.849323,SME,Gold,85,34594.67,28-03-2020,64,7269.13,International Priority,17-08-2024
3367,Mia Nair,mia.nair67@yahoo.com,3378 King Street,New York,British Columbia,Canada,V1C 9B1,40.735118,-73.983764,SME,Silver,80,34091.55,22-03-2022,19,1467.25,Standard,23-06-2024
3368,Lucas Tanaka,lucas.tanaka68@hotmail.com,6726 Lake View Rd,Mumbai,East Region,Singapore,332567,19.04726,72.923414,SME,Bronze,49,42898.17,30-07-2020,12,5751.8,Express,07-12-2024
3369,Anna Clark,anna.clark69@icloud.com,9100 King Street,New York,Bavaria,Germany,77366,40.729897,-74.020267,Corporate,Bronze,55,48374.83,06-03-2022,35,5462.93,Overnight,10-10-2024
3370,Mia Mehta,mia.mehta70@gmail.com,1995 King Street,Toronto,New York,USA,31170,43.644405,-79.354536,SME,Bronze,74,24206.8,18-02-2022,1,1007.42,International Priority,30-06-2024
3371,Emma Brown,emma.brown71@outlook.com,4255 Park Avenue,Sydney,Berlin,Germany,45906,-33.853283,151.253088,Individual,Bronze,71,16408.74,26-12-2020,8,590.26,Standard,25-01-2024
3372,Emma Fernandez,emma.fernandez72@yahoo.com,4069 Market Street,New York,Scotland,UK,SW9 6AB,40.743777,-74.003616,Corporate,,57,46377.95,12-10-2023,117,2876.77,Standard,05-11-2024
3373,Carlos Lee,carlos.lee73@hotmail.com,7405 King Street,London,Hamburg,Germany,75040,51.525824,-0.110987,SME,,73,37982.86,26-02-2019,11,934.39,Express,05-05-2024
3374,Elena Lopez,elena.lopez74@icloud.com,7406 Hillcrest Ave,Dubai,Quebec,Canada,M5C 8C4,25.197237,55.233217,Corporate,,64,4843.47,22-04-2024,14,2005.03,International Priority,08-05-2024
3375,Laura Ibrahim,laura.ibrahim75@gmail.com,2489 Sunset Blvd,Sydney,Bavaria,Germany,46397,-33.891899,151.168753,Individual,Bronze,95,23396.02,09-12-2024,32,643.71,International Priority,23-08-2024
3376,Fatima Tanaka,fatima.tanaka76@outlook.com,765 King Street,New York,England,UK,NW5 7AB,40.679958,-74.010017,Individual,,75,10531.55,25-09-2019,29,1144.45,Standard,10-07-2024
3377,Raj Johnson,raj.johnson77@yahoo.com,8371 Victoria Road,Sydney,Wales,UK,NW7 5BB,-33.834403,151.174848,Corporate,Silver,82,19799.34,05-02-2024,58,455.68,Overnight,19-10-2024
3378,David Rossi,david.rossi78@hotmail.com,7270 Victoria Road,Singapore,Wales,UK,NW7 6AA,1.364449,103.786005,Corporate,Bronze,80,34797.31,25-11-2022,49,1911.56,Express,08-04-2024
3379,Carlos Mehta,carlos.mehta79@icloud.com,1103 King Street,Sydney,Ontario,Canada,V2A 1A6,-33.867336,151.194792,Individual,Gold,52,33225.19,26-05-2022,2,1778.29,Express,05-10-2024
3380,Lucas Tanaka,lucas.tanaka80@gmail.com,8389 Maple Road,Sydney,Scotland,UK,SW3 2AA,-33.858427,151.217304,Corporate,Bronze,98,2786.18,07-07-2021,6,6512.18,Standard,10-01-2024
3381,Amit Costa,amit.costa81@outlook.com,6281 Oak Street,Toronto,California,USA,56021,43.672105,-79.35308,Individual,Silver,84,47430.19,15-01-2024,9,1806.07,Standard,22-12-2024
3382,Sophia Rossi,sophia.rossi82@yahoo.com,3808 Victoria Road,London,Sharjah,UAE,99031,51.528009,-0.144651,Individual,,66,24851.19,02-04-2021,16,1125.12,Standard,28-05-2024
3383,Mohammed Das,mohammed.das83@hotmail.com,249 Oak Street,Berlin,England,UK,W6 9AA,52.563262,13.36873,SME,Bronze,41,49324.53,02-02-2022,28,1786.28,Standard,15-11-2024
3384,Daniel Ibrahim,daniel.ibrahim84@icloud.com,8707 Sunset Blvd,Berlin,Berlin,Germany,31489,52.529814,13.397379,Corporate,,62,20787.62,07-05-2024,90,3090.88,International Priority,11-12-2024
3385,Carlos Kim,carlos.kim85@gmail.com,7858 Oak Street,New York,New South Wales,Australia,3600,40.751672,-74.005782,Corporate,Bronze,65,28262.39,19-05-2023,62,6616.04,Express,21-09-2024
3386,Elena Petrov,elena.petrov86@outlook.com,965 Sunset Blvd,Sydney,Berlin,Germany,65789,-33.905854,151.187843,SME,Silver,81,7539.18,09-01-2022,98,589.83,Express,11-11-2024
3387,Michael Anderson,michael.anderson87@yahoo.com,4970 Oak Street,New York,New South Wales,Australia,7965,40.708853,-73.99079,Individual,Bronze,68,9478.23,19-10-2020,17,1077.92,International Priority,08-08-2024
3388,Mia Lee,mia.lee88@hotmail.com,5046 Market Street,Toronto,Hamburg,Germany,83517,43.692446,-79.396232,Corporate,,44,2617.85,21-05-2024,32,5828.21,International Priority,03-07-2024
3389,Michael Nair,michael.nair89@icloud.com,5059 King Street,Toronto,Alberta,Canada,H7B 1C9,43.678717,-79.395196,SME,,99,22774.3,22-06-2021,33,564.09,Standard,22-02-2024
3390,Chen Chowdhury,chen.chowdhury90@gmail.com,3740 Hillcrest Ave,Mumbai,Hamburg,Germany,32684,19.113751,72.855292,SME,Silver,48,8987.95,30-11-2023,7,487.54,Express,18-08-2024
3391,James Nguyen,james.nguyen91@outlook.com,3454 Market Street,Singapore,Ontario,Canada,V3A 6A2,1.329549,103.843075,Corporate,Bronze,69,42106.76,30-06-2020,85,7570.07,Express,18-10-2024
3392,Amit Smith,amit.smith92@yahoo.com,191 Maple Road,Toronto,Alberta,Canada,V6C 3A6,43.6438,-79.381589,SME,Gold,47,46244.3,12-03-2019,34,1105.6,International Priority,30-08-2024
3393,Arjun Khan,arjun.khan93@hotmail.com,5832 Maple Road,Mumbai,Scotland,UK,NW5 6BB,19.026353,72.835075,Individual,Bronze,92,8208.9,18-08-2021,119,7304.3,International Priority,12-11-2024
3394,Maria Ibrahim,maria.ibrahim94@icloud.com,9940 Main St,London,New York,USA,12525,51.536251,-0.137779,SME,Silver,96,26447.45,13-06-2024,7,1151.59,Express,13-08-2024
3395,Maria Brown,maria.brown95@gmail.com,2541 Oak Street,New York,Queensland,Australia,3712,40.756011,-73.985483,Individual,Gold,66,13637.68,25-04-2023,27,1924.33,International Priority,24-01-2024
3396,Noah Costa,noah.costa96@outlook.com,5524 Lake View Rd,Dubai,England,UK,EC8 7AA,25.16391,55.228077,Individual,Silver,40,20040.83,15-06-2021,3,877.21,International Priority,11-01-2024
3397,Yuki Johnson,yuki.johnson97@yahoo.com,2273 Main St,London,England,UK,EC2 4AB,51.512639,-0.090144,Corporate,Bronze,52,29758.57,18-09-2024,25,568.89,Overnight,01-11-2024
3398,Olivia Ibrahim,olivia.ibrahim98@hotmail.com,5172 King Street,Toronto,Dubai,UAE,36463,43.650987,-79.376763,SME,Gold,54,41657.02,15-08-2020,10,1870.19,Overnight,01-07-2024
3399,Noah Khan,noah.khan99@icloud.com,6471 Park Avenue,London,British Columbia,Canada,K1B 4A9,51.544754,-0.174319,Individual,Silver,87,31661.83,25-03-2020,4,684.29,Standard,09-03-2024
3400,Ivan Garcia,ivan.garcia0@gmail.com,4564 Market Street,London,Ontario,Canada,M5A 5A4,51.552897,-0.155107,Individual,,81,4557.33,01-01-2022,18,1407.88,Express,20-11-2024
3401,Carlos Chowdhury,carlos.chowdhury1@outlook.com,3009 Market Street,Singapore,New South Wales,Australia,5595,1.352754,103.828196,SME,Gold,70,19314.27,27-02-2023,85,1864.37,Express,17-01-2024
3402,Olivia Brown,olivia.brown2@yahoo.com,7415 Hillcrest Ave,Singapore,Hesse,Germany,56936,1.401774,103.807232,Individual,Gold,78,15918.6,08-11-2024,51,1011.64,Overnight,18-08-2024
3403,Ahmed Rossi,ahmed.rossi3@hotmail.com,9625 Oak Street,Singapore,Hamburg,Germany,67439,1.352978,103.841975,SME,Silver,88,32400.8,09-11-2021,17,971,Standard,02-08-2024
3404,Maria Lopez,maria.lopez4@icloud.com,2939 Lake View Rd,London,East Region,Singapore,389094,51.484179,-0.118508,Corporate,,54,34679.46,09-02-2020,25,2382.17,Express,13-09-2024
3405,Ivan Dubois,ivan.dubois5@gmail.com,6270 Victoria Road,Toronto,Wales,UK,NW5 6AA,43.616535,-79.414923,Individual,Gold,62,36846.78,18-01-2022,17,747.94,Overnight,18-03-2024
3406,Amit Fernandez,amit.fernandez6@outlook.com,3482 Lake View Rd,Dubai,Central Region,Singapore,563042,25.245725,55.236493,Individual,Silver,69,41058.51,16-10-2024,95,1897.6,Overnight,01-08-2024
3407,Priya Ibrahim,priya.ibrahim7@yahoo.com,6561 Maple Road,Sydney,Tamil Nadu,India,353064,-33.89866,151.213779,SME,Gold,40,41413.14,24-06-2022,27,465.24,International Priority,22-10-2024
3408,Anna Rossi,anna.rossi8@hotmail.com,2111 Oak Street,London,Tamil Nadu,India,782484,51.471312,-0.102403,SME,Gold,54,18431.55,12-07-2023,10,695.18,Standard,13-09-2024
3409,Priya Muller,priya.muller9@icloud.com,2743 Maple Road,Mumbai,East Region,Singapore,303195,19.037152,72.844916,SME,Gold,75,49853.45,25-03-2019,38,572.85,Overnight,18-11-2024
3410,Anna Mehta,anna.mehta10@gmail.com,1409 Maple Road,Toronto,Bavaria,Germany,10663,43.671738,-79.359832,SME,,67,37255.33,15-09-2019,37,1551.1,International Priority,19-04-2024
3411,Mia Patel,mia.patel11@outlook.com,701 Maple Road,London,Maharashtra,India,180447,51.519744,-0.107512,Individual,Bronze,72,26572.01,14-03-2020,6,357.1,Overnight,17-10-2024
3412,Liam Nguyen,liam.nguyen12@yahoo.com,4562 Victoria Road,Dubai,Sharjah,UAE,53277,25.251682,55.234421,Corporate,Bronze,53,48134.29,15-09-2021,78,2886.85,Express,04-09-2024
3413,Yuki Chowdhury,yuki.chowdhury13@hotmail.com,4928 Maple Road,Sydney,Hesse,Germany,54393,-33.887516,151.176841,Corporate,,47,30054.36,04-03-2022,12,412.53,Standard,04-09-2024
3414,Yuki Tanaka,yuki.tanaka14@icloud.com,4836 Oak Street,Singapore,British Columbia,Canada,T9B 7B8,1.402086,103.785026,Corporate,,77,49707.28,29-10-2021,91,7230.14,Standard,24-02-2024
3415,Olivia Tanaka,olivia.tanaka15@gmail.com,8909 Lake View Rd,Toronto,England,UK,W2 6AA,43.6357,-79.355084,Corporate,Silver,85,37022.88,27-09-2021,39,4042.17,International Priority,06-12-2024
3416,Elena Garcia,elena.garcia16@outlook.com,3425 Victoria Road,Berlin,Illinois,USA,65142,52.535436,13.423823,SME,Gold,87,14375.83,10-12-2024,14,1733.61,International Priority,18-09-2024
3417,Laura Patel,laura.patel17@yahoo.com,7046 Lake View Rd,Sydney,Scotland,UK,SE6 6AA,-33.903181,151.251459,Individual,,53,11526.58,19-01-2021,40,1240.88,Standard,26-09-2024
3418,Arjun Kim,arjun.kim18@hotmail.com,2418 Oak Street,Mumbai,Central Region,Singapore,559854,19.047118,72.849457,Individual,Silver,98,6692.08,28-07-2024,13,1554.66,International Priority,03-02-2024
3419,Yuki Ibrahim,yuki.ibrahim19@icloud.com,9179 Market Street,London,Berlin,Germany,29011,51.50485,-0.159475,Individual,Bronze,57,15925.22,04-12-2024,11,668.16,Express,20-12-2024
3420,Lucas Rossi,lucas.rossi20@gmail.com,7884 Main St,Dubai,Central Region,Singapore,684810,25.23076,55.310752,SME,Bronze,55,36890.01,14-01-2019,26,1646.9,Standard,27-07-2024
3421,Maria Smith,maria.smith21@outlook.com,3544 Hillcrest Ave,Berlin,Dubai,UAE,50710,52.54209,13.365924,Individual,Bronze,62,24021.64,02-09-2020,8,1499.83,International Priority,23-03-2024
3422,Anna Singh,anna.singh22@yahoo.com,1401 Market Street,Dubai,Berlin,Germany,42840,25.251067,55.270606,SME,Bronze,58,40827.98,22-03-2019,96,150.87,Standard,24-06-2024
3423,Emma Fernandez,emma.fernandez23@hotmail.com,5073 Maple Road,Berlin,Wales,UK,SW2 4BB,52.564115,13.441537,Individual,Silver,63,31132.58,02-09-2022,16,1389.64,Standard,30-07-2024
3424,Priya Costa,priya.costa24@icloud.com,1899 Park Avenue,Toronto,Abu Dhabi,UAE,6944,43.6834,-79.372995,Corporate,Gold,79,23202.29,16-09-2023,89,4121.48,International Priority,08-01-2024
3425,Priya Nair,priya.nair25@gmail.com,3671 Maple Road,Berlin,Dubai,UAE,14906,52.482652,13.365182,SME,Silver,52,18171.49,29-10-2022,5,870.5,International Priority,29-01-2024
3426,Isabella Anderson,isabella.anderson26@outlook.com,1128 Victoria Road,Mumbai,Sharjah,UAE,62936,19.038406,72.920207,Individual,Gold,70,19281.29,06-01-2019,18,1305.27,Overnight,18-11-2024
3427,Liam Clark,liam.clark27@yahoo.com,693 Oak Street,Mumbai,Queensland,Australia,2762,19.125404,72.911993,Corporate,Bronze,60,18352.95,24-05-2024,112,4825.11,Standard,27-11-2024
3428,Raj Tanaka,raj.tanaka28@hotmail.com,4296 Hillcrest Ave,New York,Hesse,Germany,49847,40.685066,-73.974358,Corporate,,42,8508.52,03-03-2021,23,3863.2,International Priority,03-10-2024
3429,Carlos Mehta,carlos.mehta29@icloud.com,6206 Main St,Mumbai,Maharashtra,India,617207,19.10307,72.854824,Corporate,,49,13154.83,06-02-2021,101,1620.45,International Priority,08-08-2024
3430,Sophia Costa,sophia.costa30@gmail.com,9193 Park Avenue,Sydney,Gujarat,India,277923,-33.819948,151.242208,SME,,58,17404.75,20-03-2020,10,340.81,Express,08-02-2024
3431,Daniel Rossi,daniel.rossi31@outlook.com,4645 Victoria Road,Berlin,Berlin,Germany,32747,52.560573,13.382133,SME,Gold,42,33300.91,08-06-2022,21,486.56,Overnight,21-09-2024
3432,Anna Fernandez,anna.fernandez32@yahoo.com,9073 Park Avenue,Mumbai,Bavaria,Germany,98508,19.081413,72.856782,Individual,Bronze,70,41638.32,07-10-2023,13,1614.54,Overnight,19-02-2024
3433,Emma Costa,emma.costa33@hotmail.com,6948 Victoria Road,Toronto,New South Wales,Australia,3028,43.667622,-79.342596,Corporate,Silver,88,20784.65,25-10-2021,13,3385.6,Standard,02-12-2024
3434,Anna Brown,anna.brown34@icloud.com,8255 Oak Street,Dubai,Karnataka,India,746831,25.250379,55.306917,Individual,,88,40424.69,18-01-2022,12,1803.82,Overnight,19-10-2024
3435,Olivia Dubois,olivia.dubois35@gmail.com,2688 Oak Street,Singapore,Hesse,Germany,47227,1.355214,103.851861,Individual,Gold,44,17009.16,28-03-2021,17,1377.36,Overnight,04-06-2024
3436,John Ibrahim,john.ibrahim36@outlook.com,885 Oak Street,Dubai,Berlin,Germany,53337,25.16036,55.305609,Corporate,,45,29793.11,05-07-2023,65,2671.6,International Priority,22-10-2024
3437,Wei Johnson,wei.johnson37@yahoo.com,1788 Park Avenue,New York,West Region,Singapore,310174,40.677782,-73.966961,Individual,Silver,62,7985.76,01-01-2023,21,1732.82,International Priority,06-10-2024
3438,John Petrov,john.petrov38@hotmail.com,5282 Sunset Blvd,Dubai,Victoria,Australia,2809,25.187344,55.252868,SME,Bronze,75,17942.72,29-01-2020,10,7864.85,International Priority,09-12-2024
3439,David Sharma,david.sharma39@icloud.com,4229 Market Street,Berlin,Queensland,Australia,6622,52.530209,13.41423,Individual,Silver,98,45577.85,06-04-2023,17,5892.1,Overnight,27-09-2024
3440,Arjun Garcia,arjun.garcia40@gmail.com,2428 Hillcrest Ave,New York,England,UK,SE6 2BB,40.734759,-74.021066,Corporate,Bronze,94,26972.73,16-04-2024,93,7487.66,International Priority,27-07-2024
3441,Chen Singh,chen.singh41@outlook.com,2175 King Street,Berlin,New South Wales,Australia,4310,52.537726,13.406867,SME,Bronze,64,38719.57,14-03-2021,39,385.93,Express,19-03-2024
3442,Mia Singh,mia.singh42@yahoo.com,9358 Lake View Rd,Toronto,Illinois,USA,48088,43.698011,-79.406872,SME,Bronze,66,31158.73,30-09-2021,8,1408.91,International Priority,22-05-2024
3443,Fatima Johnson,fatima.johnson43@hotmail.com,5333 Sunset Blvd,New York,Delhi,India,213268,40.714375,-73.960523,Individual,,53,38225.63,23-08-2022,112,4626.5,Standard,05-09-2024
3444,Daniel Nair,daniel.nair44@icloud.com,7037 Park Avenue,London,Scotland,UK,W1 6BA,51.515386,-0.12552,Individual,Silver,60,49563.66,07-07-2019,102,696.57,Standard,03-02-2024
3445,Noah Smith,noah.smith45@gmail.com,9326 Hillcrest Ave,Sydney,California,USA,11373,-33.858214,151.212882,SME,,97,16458.23,08-10-2022,27,180.82,International Priority,10-04-2024
3446,Lucas Dubois,lucas.dubois46@outlook.com,834 Victoria Road,Sydney,Hamburg,Germany,13656,-33.916732,151.172651,Individual,Silver,80,11840.41,01-01-2023,114,5665.76,Standard,14-04-2024
3447,Carlos Clark,carlos.clark47@yahoo.com,3360 Lake View Rd,Berlin,Central Region,Singapore,644233,52.473571,13.401226,Corporate,Gold,85,7454.93,14-04-2024,2,2966.49,Express,24-04-2024
3448,Fatima Garcia,fatima.garcia48@hotmail.com,2119 Main St,Dubai,East Region,Singapore,440945,25.248028,55.224548,Individual,Gold,52,44818.44,14-09-2021,28,2595.73,Overnight,22-12-2024
3449,Fatima Clark,fatima.clark49@icloud.com,7236 Sunset Blvd,Singapore,Bavaria,Germany,39457,1.389386,103.784845,Individual,Silver,73,47343.87,21-12-2024,14,1231.23,International Priority,31-10-2024
3450,Lucas Fernandez,lucas.fernandez50@gmail.com,1955 King Street,Singapore,England,UK,W1 5AB,1.311742,103.785227,SME,Silver,66,48449.47,27-09-2022,33,1530.55,International Priority,27-04-2024
3451,Maria Costa,maria.costa51@outlook.com,1571 Victoria Road,London,New South Wales,Australia,2155,51.484911,-0.155963,Individual,Silver,83,6799.41,12-07-2024,2,948.59,Express,05-07-2024
3452,Laura Mehta,laura.mehta52@yahoo.com,4394 Oak Street,New York,Abu Dhabi,UAE,61105,40.692367,-74.028964,Individual,Silver,73,42346.82,21-07-2021,11,1266.29,Overnight,02-08-2024
3453,Sara Anderson,sara.anderson53@hotmail.com,8567 Sunset Blvd,London,East Region,Singapore,745780,51.47249,-0.151378,Individual,Bronze,75,28716.44,31-10-2023,32,413.17,Overnight,10-06-2024
3454,Elena Lee,elena.lee54@icloud.com,7999 Lake View Rd,London,Dubai,UAE,52150,51.458521,-0.131949,Corporate,,98,3532.56,09-03-2019,117,1867.24,International Priority,14-04-2024
3455,Mohammed Chowdhury,mohammed.chowdhury55@gmail.com,1524 King Street,Dubai,Berlin,Germany,24026,25.236003,55.220937,Individual,Bronze,74,15090.6,09-11-2019,12,1393.92,Standard,30-11-2024
3456,Daniel Rossi,daniel.rossi56@outlook.com,9588 Sunset Blvd,Singapore,Sharjah,UAE,91233,1.352307,103.822582,Corporate,,62,33537.74,27-02-2020,26,7174.18,Standard,25-05-2024
3457,Sophia Wang,sophia.wang57@yahoo.com,7016 Market Street,New York,British Columbia,Canada,H1C 8C9,40.679606,-74.053441,Corporate,,65,22412.13,15-07-2020,56,2834.08,Express,29-05-2024
3458,Yuki Tanaka,yuki.tanaka58@hotmail.com,7803 Maple Road,Toronto,England,UK,W7 6AA,43.631313,-79.430196,Corporate,,78,20998.56,05-08-2021,51,4215.83,Express,03-03-2024
3459,Lucas Nguyen,lucas.nguyen59@icloud.com,9882 King Street,Dubai,Florida,USA,39643,25.212573,55.261509,Corporate,Bronze,63,4980.28,10-08-2023,20,5946.25,International Priority,06-12-2024
3460,Liam Johnson,liam.johnson60@gmail.com,6017 Lake View Rd,London,England,UK,EC2 9BB,51.524447,-0.123667,SME,Silver,56,4628,29-06-2019,17,816.13,Express,10-04-2024
3461,David Wang,david.wang61@outlook.com,8080 Hillcrest Ave,London,Gujarat,India,133108,51.524446,-0.138341,Corporate,Bronze,73,34008.66,19-04-2021,37,6551.72,Standard,04-02-2024
3462,Yuki Nguyen,yuki.nguyen62@yahoo.com,5952 Lake View Rd,Toronto,New South Wales,Australia,7435,43.669737,-79.423647,Individual,Bronze,49,24361.12,28-03-2024,94,7009.34,International Priority,01-10-2024
3463,John Kim,john.kim63@hotmail.com,8897 Lake View Rd,London,New South Wales,Australia,6287,51.495954,-0.156433,Corporate,,71,48338.22,17-08-2023,107,2093.92,Overnight,07-11-2024
3464,Mia Rossi,mia.rossi64@icloud.com,3284 Oak Street,London,England,UK,SE9 2BA,51.545738,-0.080306,Individual,Gold,51,44452.47,31-12-2024,13,589.1,Standard,26-12-2024
3465,Arjun Wang,arjun.wang65@gmail.com,8718 Sunset Blvd,London,Bavaria,Germany,68675,51.508397,-0.130771,Corporate,Gold,79,29377.14,25-10-2019,84,3447.38,Standard,25-06-2024
3466,Sophia Muller,sophia.muller66@outlook.com,7250 Park Avenue,Sydney,Hamburg,Germany,44199,-33.909768,151.245111,SME,Bronze,88,1377.45,25-02-2020,17,90.22,Standard,31-10-2024
3467,Michael Brown,michael.brown67@yahoo.com,7722 Market Street,Dubai,Ontario,Canada,H2B 8A7,25.16289,55.249119,Corporate,,74,11437.45,13-12-2023,81,1744.73,International Priority,07-07-2024
3468,Elena Martin,elena.martin68@hotmail.com,8074 Market Street,Mumbai,British Columbia,Canada,T7B 1C9,19.118942,72.910527,Corporate,Bronze,55,24507.31,09-07-2020,42,4905.03,Standard,02-05-2024
3469,Lucas Lopez,lucas.lopez69@icloud.com,9821 Lake View Rd,Dubai,New South Wales,Australia,5523,25.23977,55.228203,SME,Bronze,74,32110.96,23-06-2021,84,7317.73,Standard,10-04-2024
3470,Olivia Brown,olivia.brown70@gmail.com,1637 Victoria Road,Toronto,Ontario,Canada,K8C 9B2,43.699714,-79.419453,Corporate,Silver,84,41960.08,28-05-2021,115,2163.63,Express,22-05-2024
3471,Ahmed Fernandez,ahmed.fernandez71@outlook.com,6008 Maple Road,London,East Region,Singapore,546127,51.52167,-0.115915,Individual,,89,33292.01,13-06-2021,4,1507.7,Standard,27-01-2024
3472,David Ali,david.ali72@yahoo.com,4794 Market Street,Dubai,East Region,Singapore,677152,25.21502,55.248512,Corporate,Gold,89,17383.03,28-02-2023,28,3199.05,International Priority,24-03-2024
3473,Mia Anderson,mia.anderson73@hotmail.com,3228 Hillcrest Ave,Sydney,Florida,USA,33317,-33.906978,151.190336,Corporate,Gold,82,48660.49,01-02-2020,65,1218.8,Overnight,04-03-2024
3474,Ahmed Mehta,ahmed.mehta74@icloud.com,3364 Maple Road,Singapore,British Columbia,Canada,M4C 6A9,1.334346,103.778828,Corporate,Gold,51,6973.15,30-05-2019,33,7553.34,International Priority,16-10-2024
3475,James Sharma,james.sharma75@gmail.com,5119 Maple Road,Toronto,Illinois,USA,57960,43.64954,-79.426332,SME,Bronze,69,5598.94,16-11-2021,21,350.9,Standard,14-08-2024
3476,Elena Lopez,elena.lopez76@outlook.com,4112 Market Street,Berlin,British Columbia,Canada,K5A 2B5,52.533396,13.360435,Corporate,,100,26305.92,17-02-2019,32,2140.95,Overnight,05-06-2024
3477,Isabella Muller,isabella.muller77@yahoo.com,3001 Maple Road,Dubai,New South Wales,Australia,7730,25.221607,55.303732,Corporate,Silver,80,25263.96,03-08-2023,95,754.85,Overnight,30-10-2024
3478,Michael Mehta,michael.mehta78@hotmail.com,7376 Victoria Road,Berlin,Victoria,Australia,2683,52.509398,13.420139,Individual,Gold,86,46711.85,07-05-2020,3,970.91,Overnight,05-07-2024
3479,Sara Clark,sara.clark79@icloud.com,2616 Lake View Rd,London,California,USA,97356,51.492402,-0.122396,Corporate,,51,41437.87,22-02-2022,78,1608.67,Overnight,17-03-2024
3480,Sara Muller,sara.muller80@gmail.com,5595 Lake View Rd,Sydney,England,UK,NW1 7BA,-33.915882,151.166076,Corporate,Gold,58,12723.72,17-01-2024,57,4768.71,Overnight,21-04-2024
3481,Maria Ibrahim,maria.ibrahim81@outlook.com,5539 King Street,Sydney,New South Wales,Australia,2732,-33.898884,151.198144,Corporate,Silver,74,41241.89,06-05-2021,88,7559.05,Overnight,27-12-2024
3482,Michael Martin,michael.martin82@yahoo.com,5342 Market Street,Dubai,Wales,UK,EC9 9AA,25.173244,55.304701,Corporate,,57,22380.46,18-01-2020,64,3076.99,Express,01-09-2024
3483,Arjun Clark,arjun.clark83@hotmail.com,1669 Maple Road,Toronto,Bavaria,Germany,20548,43.689933,-79.353174,Individual,Bronze,94,19864.48,27-10-2022,9,6047.2,Express,10-10-2024
3484,Yuki Sharma,yuki.sharma84@icloud.com,8672 Victoria Road,Toronto,West Region,Singapore,499004,43.651625,-79.354128,Individual,Bronze,51,30714.82,27-08-2021,116,6406.63,Overnight,13-03-2024
3485,Arjun Singh,arjun.singh85@gmail.com,633 Sunset Blvd,Sydney,California,USA,98920,-33.879736,151.227776,SME,Gold,81,14466.74,01-05-2020,105,2179.16,International Priority,17-10-2024
3486,Mia Petrov,mia.petrov86@outlook.com,5965 Maple Road,Toronto,Sharjah,UAE,64248,43.681856,-79.338298,Corporate,Gold,53,26011.7,19-01-2020,63,2440.17,Express,03-12-2024
3487,Olivia Smith,olivia.smith87@yahoo.com,7031 Park Avenue,Sydney,Victoria,Australia,6383,-33.850061,151.166476,SME,,43,47742.59,22-10-2021,36,1494.45,Overnight,18-09-2024
3488,Laura Nguyen,laura.nguyen88@hotmail.com,3796 Maple Road,Dubai,Karnataka,India,623727,25.24835,55.276376,SME,Silver,40,45895.66,08-01-2025,33,836.44,International Priority,23-05-2024
3489,Ivan Costa,ivan.costa89@icloud.com,9129 King Street,Mumbai,Hesse,Germany,36175,19.0398,72.894431,Corporate,Gold,75,27614.56,14-09-2021,84,2364.25,Express,13-10-2024
3490,Sophia Nguyen,sophia.nguyen90@gmail.com,4006 Victoria Road,Sydney,Scotland,UK,NW9 1BA,-33.85215,151.234379,Individual,,74,24927.64,30-06-2019,48,7970.93,Standard,25-12-2024
3491,Yuki Nguyen,yuki.nguyen91@outlook.com,9502 Lake View Rd,Berlin,Victoria,Australia,2956,52.495271,13.451101,Individual,Silver,46,29951.75,03-05-2024,67,2822.59,Overnight,25-04-2024
3492,Isabella Ali,isabella.ali92@yahoo.com,1399 Maple Road,Toronto,California,USA,43080,43.682376,-79.39434,Corporate,Gold,79,42925.55,08-02-2022,22,5110.14,Standard,07-08-2024
3493,Maria Lee,maria.lee93@hotmail.com,8865 Lake View Rd,Sydney,Sharjah,UAE,80584,-33.826955,151.218674,Corporate,Gold,96,46817.17,15-11-2020,116,230.95,Overnight,11-03-2024
3494,Michael Mehta,michael.mehta94@icloud.com,6856 Maple Road,Sydney,Quebec,Canada,K7B 6B2,-33.853853,151.227905,Individual,,66,16191.39,27-01-2019,26,1113.31,Standard,30-06-2024
3495,Emma Martin,emma.martin95@gmail.com,9098 Sunset Blvd,Dubai,Abu Dhabi,UAE,91203,25.162551,55.246623,Corporate,Gold,89,14782.95,28-06-2024,88,5503.01,Express,17-03-2024
3496,David Wang,david.wang96@outlook.com,5512 Oak Street,Toronto,Maharashtra,India,509134,43.616766,-79.341047,Corporate,Bronze,81,34256.28,05-06-2021,39,2574.43,Express,27-08-2024
3497,Amit Johnson,amit.johnson97@yahoo.com,4262 Lake View Rd,Mumbai,Wales,UK,W6 5AA,19.060829,72.904621,Corporate,Silver,86,27806.14,14-08-2023,104,5632.12,Standard,30-08-2024
3498,Ahmed Rossi,ahmed.rossi98@hotmail.com,5714 Hillcrest Ave,Dubai,Hamburg,Germany,28428,25.249517,55.224225,Individual,Silver,57,36538.28,16-09-2022,9,751.81,Standard,14-09-2024
3499,Mia Smith,mia.smith99@icloud.com,1750 Sunset Blvd,Mumbai,Abu Dhabi,UAE,25167,19.076985,72.833912,SME,Bronze,69,15058.39,14-02-2020,5,441.11,Standard,11-11-2024
3500,Raj Wang,raj.wang0@gmail.com,9703 Hillcrest Ave,Singapore,Florida,USA,22302,1.364084,103.785041,SME,,52,37995.4,30-12-2019,84,2602.42,International Priority,28-01-2024
3501,Emma Ibrahim,emma.ibrahim1@outlook.com,3467 Sunset Blvd,Dubai,Tamil Nadu,India,320557,25.248671,55.294025,Corporate,Bronze,56,18653.11,25-08-2024,18,2852.8,International Priority,18-07-2024
3502,Raj Costa,raj.costa2@yahoo.com,2438 Oak Street,Toronto,New York,USA,47647,43.683423,-79.355088,Individual,Bronze,56,13265.5,28-07-2021,71,4352.01,Standard,28-05-2024
3503,Emma Nair,emma.nair3@hotmail.com,6057 King Street,New York,Victoria,Australia,3510,40.750367,-73.99003,Corporate,Silver,41,14012.02,11-02-2022,117,3777.1,Standard,21-03-2024
3504,Elena Kim,elena.kim4@icloud.com,7807 Maple Road,Toronto,Quebec,Canada,K9A 7C6,43.603309,-79.410454,Individual,,81,26787.77,01-01-2019,7,105.94,Overnight,03-04-2024
3505,Ivan Sharma,ivan.sharma5@gmail.com,6754 King Street,Toronto,Berlin,Germany,70541,43.618029,-79.349715,Corporate,Gold,51,32814.9,16-10-2023,67,7065.27,Overnight,24-03-2024
3506,Emma Rossi,emma.rossi6@outlook.com,6359 Market Street,Mumbai,California,USA,22463,19.038758,72.829373,Individual,Bronze,73,15505.76,30-11-2022,20,1128.7,Express,22-05-2024
3507,Ivan Tanaka,ivan.tanaka7@yahoo.com,4315 Lake View Rd,Mumbai,Scotland,UK,SW6 8AA,19.111605,72.869816,Individual,Bronze,53,9465.49,01-01-2023,37,3873.5,Express,03-09-2024
3508,Michael Petrov,michael.petrov8@hotmail.com,8916 Sunset Blvd,Toronto,Victoria,Australia,2372,43.634926,-79.396052,SME,,99,49081.24,27-01-2024,17,987.21,Overnight,21-01-2024
3509,Ahmed Kim,ahmed.kim9@icloud.com,4686 Hillcrest Ave,Toronto,Queensland,Australia,2871,43.657708,-79.342971,Corporate,Bronze,94,26651.36,03-11-2020,58,7334.02,Standard,10-03-2024
3510,Raj Anderson,raj.anderson10@gmail.com,2246 Oak Street,Toronto,Hesse,Germany,65368,43.647799,-79.355166,SME,,100,36020.59,21-04-2019,31,1914.29,Standard,05-09-2024
3511,Wei Petrov,wei.petrov11@outlook.com,8485 Maple Road,Mumbai,Queensland,Australia,6481,19.038113,72.857847,SME,Gold,40,31569.68,04-02-2020,32,344.4,International Priority,24-01-2024
3512,Elena Khan,elena.khan12@yahoo.com,9317 Victoria Road,Toronto,England,UK,NW6 2AB,43.645197,-79.415301,Individual,,59,45458.45,29-03-2019,105,6346.55,Express,04-07-2024
3513,James Dubois,james.dubois13@hotmail.com,2801 Hillcrest Ave,Toronto,Illinois,USA,32067,43.637701,-79.423564,Corporate,Gold,98,17716.4,01-02-2022,17,3969.32,International Priority,07-07-2024
3514,Carlos Martin,carlos.martin14@icloud.com,5319 Hillcrest Ave,Singapore,Bavaria,Germany,45508,1.310513,103.846475,Individual,,50,21254.51,27-02-2021,33,561.3,Standard,27-11-2024
3515,Maria Wang,maria.wang15@gmail.com,8779 Hillcrest Ave,London,East Region,Singapore,760744,51.507539,-0.169661,Individual,Bronze,78,23650.43,05-12-2020,98,6978.21,International Priority,09-08-2024
3516,Wei Garcia,wei.garcia16@outlook.com,256 Victoria Road,New York,Queensland,Australia,2508,40.680506,-74.046214,Individual,Gold,75,7635.42,04-10-2020,33,1403.19,Standard,15-10-2024
3517,John Chowdhury,john.chowdhury17@yahoo.com,6542 Oak Street,Berlin,New South Wales,Australia,3426,52.481241,13.386673,Corporate,Bronze,71,41027.64,17-08-2021,79,7548.08,Express,10-07-2024
3518,Noah Rossi,noah.rossi18@hotmail.com,946 Lake View Rd,New York,England,UK,SW9 8AB,40.759513,-74.046388,Corporate,Gold,49,22591.58,05-07-2019,99,3007.05,Express,24-07-2024
3519,Wei Das,wei.das19@icloud.com,7066 Park Avenue,London,Ontario,Canada,M4C 2B8,51.50553,-0.102014,Individual,,81,14619.4,04-01-2021,13,325.56,Express,20-07-2024
3520,Ivan Muller,ivan.muller20@gmail.com,6025 Sunset Blvd,Berlin,Quebec,Canada,K1B 1C7,52.47575,13.384312,Corporate,,78,42389.38,13-03-2021,60,1463.14,Express,06-05-2024
3521,Laura Singh,laura.singh21@outlook.com,4718 Oak Street,Dubai,Abu Dhabi,UAE,91635,25.20067,55.256039,Individual,,99,7890.97,06-05-2021,40,512.66,Overnight,19-11-2024
3522,Chen Patel,chen.patel22@yahoo.com,176 Maple Road,Toronto,Queensland,Australia,3507,43.657656,-79.427317,Corporate,Silver,85,19545.96,20-03-2021,80,3811.84,International Priority,23-04-2024
3523,Isabella Mehta,isabella.mehta23@hotmail.com,4824 Lake View Rd,London,East Region,Singapore,543018,51.490804,-0.131102,Corporate,Silver,54,40128.07,27-06-2020,111,6718.61,International Priority,20-04-2024
3524,Arjun Kim,arjun.kim24@icloud.com,9662 Oak Street,Singapore,Texas,USA,28902,1.377136,103.810183,SME,Gold,67,49802.28,23-04-2022,14,853.79,Standard,05-09-2024
3525,Lucas Smith,lucas.smith25@gmail.com,7590 Sunset Blvd,Dubai,Hesse,Germany,83826,25.202558,55.29729,Individual,Silver,71,9502.87,02-03-2024,14,1038.3,Standard,16-10-2024
3526,Arjun Ibrahim,arjun.ibrahim26@outlook.com,3754 Oak Street,Toronto,Victoria,Australia,3314,43.685004,-79.380258,SME,,85,11157.31,08-09-2019,37,1965.7,International Priority,22-09-2024
3527,Amit Rossi,amit.rossi27@yahoo.com,3036 Market Street,Mumbai,Maharashtra,India,267938,19.107823,72.852549,SME,Silver,91,26207.45,16-01-2024,26,825.72,International Priority,12-02-2024
3528,James Mehta,james.mehta28@hotmail.com,7920 Park Avenue,Sydney,Berlin,Germany,55815,-33.889938,151.168727,Individual,Silver,52,40013.37,13-07-2021,13,749.15,Express,14-12-2024
3529,Anna Fernandez,anna.fernandez29@icloud.com,8550 Oak Street,London,Dubai,UAE,74427,51.461508,-0.156576,Individual,Bronze,49,48837.83,04-07-2020,39,812.22,Standard,04-10-2024
3530,Wei Costa,wei.costa30@gmail.com,2271 King Street,Mumbai,Alberta,Canada,T4B 7A2,19.038717,72.906154,Corporate,Gold,42,7673.48,09-05-2019,86,5667.19,Overnight,26-01-2024
3531,Anna Das,anna.das31@outlook.com,2351 Sunset Blvd,London,East Region,Singapore,105812,51.465304,-0.162927,Individual,Gold,68,4073.83,27-04-2020,2,128.26,International Priority,07-07-2024
3532,Maria Tanaka,maria.tanaka32@yahoo.com,9568 Main St,Singapore,New South Wales,Australia,7933,1.347466,103.796153,SME,Gold,86,19131.55,16-04-2021,45,5857.97,Overnight,16-06-2024
3533,Priya Wang,priya.wang33@hotmail.com,2311 Maple Road,London,Scotland,UK,W9 6AB,51.500336,-0.107647,SME,Silver,58,36614.02,10-02-2023,16,890.13,International Priority,26-05-2024
3534,Sophia Clark,sophia.clark34@icloud.com,6267 Market Street,Mumbai,Maharashtra,India,300055,19.037375,72.912908,Individual,,91,42320.38,12-05-2022,11,883.12,Express,08-01-2024
3535,David Sharma,david.sharma35@gmail.com,1174 Lake View Rd,Singapore,New South Wales,Australia,7863,1.319679,103.815312,SME,Bronze,94,1468.89,04-11-2023,11,753.89,Overnight,05-05-2024
3536,Olivia Chowdhury,olivia.chowdhury36@outlook.com,9677 Victoria Road,Berlin,West Region,Singapore,566492,52.544322,13.394857,Corporate,Gold,56,11960.57,22-09-2020,56,4431.89,International Priority,07-02-2024
3537,Elena Lee,elena.lee37@yahoo.com,3079 Victoria Road,New York,Sharjah,UAE,16962,40.724827,-73.956926,SME,Silver,42,951.28,17-09-2019,38,814.37,International Priority,01-10-2024
3538,Sara Wang,sara.wang38@hotmail.com,2696 Oak Street,Toronto,Florida,USA,67593,43.644089,-79.363968,Corporate,,83,4773.63,13-10-2020,18,7301.32,International Priority,27-05-2024
3539,Olivia Costa,olivia.costa39@icloud.com,1103 Market Street,London,Delhi,India,252403,51.483438,-0.082717,SME,Bronze,67,27770.96,24-04-2024,6,424.03,Standard,28-06-2024
3540,Laura Dubois,laura.dubois40@gmail.com,9606 Park Avenue,Toronto,Sharjah,UAE,5266,43.678699,-79.368117,Corporate,Bronze,69,24406.89,29-03-2023,62,2884.28,Standard,18-05-2024
3541,Arjun Patel,arjun.patel41@outlook.com,6134 Hillcrest Ave,Sydney,New South Wales,Australia,5542,-33.891867,151.209616,Corporate,Gold,78,6210.8,01-02-2019,91,557.08,International Priority,12-08-2024
3542,Ivan Ibrahim,ivan.ibrahim42@yahoo.com,8389 Oak Street,Mumbai,California,USA,62022,19.05836,72.889668,Individual,Gold,42,15208.04,02-12-2020,35,1546.42,Standard,08-03-2024
3543,James Ali,james.ali43@hotmail.com,3690 Park Avenue,Toronto,Delhi,India,595493,43.682917,-79.428038,Corporate,,94,15838.91,15-03-2023,105,2406.4,Overnight,24-06-2024
3544,John Rossi,john.rossi44@icloud.com,8485 Main St,Mumbai,New York,USA,58313,19.046949,72.862174,Individual,Silver,43,9104.49,24-05-2019,1,1802.29,Express,04-10-2024
3545,Liam Khan,liam.khan45@gmail.com,7758 Victoria Road,Toronto,Illinois,USA,45938,43.664799,-79.363776,SME,,42,24974.62,23-12-2024,113,428.75,International Priority,16-05-2024
3546,Anna Patel,anna.patel46@outlook.com,3719 Oak Street,New York,Delhi,India,720188,40.685383,-74.050056,SME,Gold,50,49680.95,18-12-2020,38,1386.47,International Priority,10-07-2024
3547,Yuki Chowdhury,yuki.chowdhury47@yahoo.com,9261 Lake View Rd,New York,Gujarat,India,788953,40.717743,-74.043095,SME,,52,6099.58,18-09-2023,9,123.59,International Priority,06-10-2024
3548,Priya Rossi,priya.rossi48@hotmail.com,8068 King Street,Singapore,New York,USA,11953,1.310665,103.830867,Corporate,Silver,42,23451.3,20-03-2020,65,3327.58,International Priority,05-09-2024
3549,Olivia Mehta,olivia.mehta49@icloud.com,8915 Oak Street,New York,Abu Dhabi,UAE,47686,40.726622,-74.00608,SME,Bronze,90,41975.7,14-12-2019,11,1785.52,International Priority,28-12-2024
3550,Fatima Lee,fatima.lee50@gmail.com,9407 Hillcrest Ave,Singapore,East Region,Singapore,705415,1.38121,103.843624,SME,Bronze,60,1640.71,07-10-2020,29,109.51,Express,18-10-2024
3551,Elena Hassan,elena.hassan51@outlook.com,8220 Hillcrest Ave,New York,British Columbia,Canada,K4A 4B6,40.70716,-73.96694,Individual,Bronze,74,25538.38,17-05-2021,39,777.19,Overnight,04-07-2024
3552,Laura Chowdhury,laura.chowdhury52@yahoo.com,7653 King Street,New York,Delhi,India,363494,40.724275,-73.995882,Individual,Bronze,65,14874.52,27-10-2019,21,1310.59,International Priority,05-09-2024
3553,Priya Petrov,priya.petrov53@hotmail.com,2543 Victoria Road,New York,Queensland,Australia,5871,40.678693,-73.963186,SME,Gold,81,22033.68,21-09-2020,36,980.17,Standard,28-06-2024
3554,Raj Lopez,raj.lopez54@icloud.com,8304 Market Street,Mumbai,Bavaria,Germany,43478,19.116305,72.889537,SME,Gold,90,44168.47,28-08-2023,10,1998.56,Standard,29-08-2024
3555,James Rossi,james.rossi55@gmail.com,9125 Hillcrest Ave,London,Wales,UK,NW1 9AB,51.554457,-0.132121,Corporate,Silver,99,43589.98,20-03-2020,69,4921.55,International Priority,27-04-2024
3556,Priya Rossi,priya.rossi56@outlook.com,6517 Victoria Road,Singapore,New York,USA,10522,1.302332,103.834768,Corporate,Silver,40,33198.02,16-11-2023,16,5133.81,Express,24-12-2024
3557,Fatima Sharma,fatima.sharma57@yahoo.com,3516 Park Avenue,Toronto,Florida,USA,62516,43.614355,-79.378196,SME,Silver,89,3349.73,28-07-2021,12,666.83,International Priority,27-06-2024
3558,Maria Smith,maria.smith58@hotmail.com,4901 Park Avenue,New York,Wales,UK,W3 5AA,40.730902,-74.011916,Individual,Silver,91,47730.43,11-11-2020,14,1830.03,Overnight,14-03-2024
3559,Daniel Fernandez,daniel.fernandez59@icloud.com,1414 Maple Road,Mumbai,British Columbia,Canada,K1B 7B3,19.109209,72.828327,SME,,94,4413.73,26-12-2021,29,812.9,Overnight,21-12-2024
3560,Arjun Rossi,arjun.rossi60@gmail.com,8241 Hillcrest Ave,Mumbai,Scotland,UK,W5 3BB,19.075616,72.892786,Corporate,Silver,73,37817.59,31-10-2024,17,5776.31,Express,17-02-2024
3561,Mia Wang,mia.wang61@outlook.com,2236 Hillcrest Ave,Mumbai,Tamil Nadu,India,760228,19.028585,72.858314,Individual,Bronze,97,38713.03,14-12-2024,35,1443.79,Overnight,08-10-2024
3562,Olivia Brown,olivia.brown62@yahoo.com,8967 Hillcrest Ave,Singapore,Wales,UK,EC2 7AB,1.302406,103.776533,Individual,Bronze,70,3051.99,13-09-2022,35,1375.3,International Priority,16-04-2024
3563,Anna Petrov,anna.petrov63@hotmail.com,7621 Oak Street,London,Illinois,USA,69242,51.52656,-0.151924,Corporate,Bronze,81,3138.37,30-01-2024,74,7968.1,Overnight,27-06-2024
3564,Michael Petrov,michael.petrov64@icloud.com,7767 Victoria Road,Singapore,England,UK,W9 1AA,1.332505,103.785473,SME,,42,3119.7,06-10-2020,34,77.63,Overnight,23-07-2024
3565,Sophia Brown,sophia.brown65@gmail.com,7043 Market Street,Toronto,Bavaria,Germany,45310,43.621977,-79.407327,SME,Silver,87,15586.73,22-12-2024,29,652.34,International Priority,03-10-2024
3566,Chen Hassan,chen.hassan66@outlook.com,4023 Park Avenue,London,Victoria,Australia,5665,51.457768,-0.116505,SME,Bronze,56,46900.15,02-06-2021,68,540.4,Express,23-08-2024
3567,Raj Nair,raj.nair67@yahoo.com,5013 King Street,Berlin,Tamil Nadu,India,263263,52.51362,13.42526,Corporate,Bronze,90,49444.63,14-01-2024,48,5215.68,Standard,06-01-2024
3568,David Khan,david.khan68@hotmail.com,8016 King Street,Dubai,Wales,UK,EC3 9AB,25.206835,55.315677,Individual,Bronze,96,38349.19,07-10-2023,30,254.08,Standard,18-02-2024
3569,John Johnson,john.johnson69@icloud.com,1570 Park Avenue,Mumbai,New York,USA,37993,19.053943,72.875335,Corporate,Bronze,53,37868.3,06-12-2020,84,7321.08,Standard,01-08-2024
3570,Liam Fernandez,liam.fernandez70@gmail.com,936 Oak Street,Singapore,Abu Dhabi,UAE,75798,1.361726,103.785906,SME,Gold,71,34099.93,29-12-2023,6,467.87,Overnight,25-08-2024
3571,Ivan Singh,ivan.singh71@outlook.com,7370 Sunset Blvd,Berlin,New South Wales,Australia,5626,52.50993,13.41382,Corporate,Silver,84,49233.73,17-02-2022,60,2193.43,Standard,25-09-2024
3572,Emma Sharma,emma.sharma72@yahoo.com,9771 Hillcrest Ave,Sydney,Gujarat,India,699827,-33.825469,151.25395,Individual,Silver,51,5849.24,17-07-2022,71,995.58,Overnight,26-09-2024
3573,John Ibrahim,john.ibrahim73@hotmail.com,7221 Maple Road,Singapore,New York,USA,73990,1.366647,103.830051,Corporate,,85,7154.38,01-12-2021,36,5707.77,Standard,23-06-2024
3574,Yuki Das,yuki.das74@icloud.com,8546 Park Avenue,New York,Alberta,Canada,M9B 8A2,40.667748,-74.027506,SME,Gold,48,40756.43,27-05-2021,33,1687.74,International Priority,25-01-2024
3575,Priya Garcia,priya.garcia75@gmail.com,9053 Victoria Road,Dubai,Berlin,Germany,51419,25.213268,55.273783,Individual,,45,1783.29,24-03-2019,26,7866.57,International Priority,26-12-2024
3576,Priya Costa,priya.costa76@outlook.com,4600 Sunset Blvd,New York,East Region,Singapore,799990,40.695071,-73.982414,Corporate,Bronze,47,7700.54,14-03-2021,109,5989.43,Overnight,08-05-2024
3577,Laura Rossi,laura.rossi77@yahoo.com,8534 Oak Street,London,British Columbia,Canada,V5C 3B5,51.476963,-0.126493,Corporate,,75,12925.66,21-07-2023,120,841.15,Express,21-12-2024
3578,Isabella Mehta,isabella.mehta78@hotmail.com,6718 Main St,Dubai,Central Region,Singapore,360797,25.17571,55.232217,Individual,Bronze,97,37826.21,25-04-2022,29,738.15,International Priority,02-04-2024
3579,Mia Wang,mia.wang79@icloud.com,4211 Main St,Singapore,Berlin,Germany,21438,1.340739,103.809749,Individual,Bronze,72,44259.12,19-03-2023,64,7965.23,Overnight,16-04-2024
3580,Olivia Ibrahim,olivia.ibrahim80@gmail.com,9918 Park Avenue,Toronto,England,UK,EC3 4AB,43.680208,-79.408743,SME,Silver,93,33633.47,02-01-2025,10,630.9,International Priority,12-08-2024
3581,Wei Singh,wei.singh81@outlook.com,8560 Main St,Berlin,Tamil Nadu,India,209239,52.517414,13.439966,Individual,Silver,68,39856.23,19-03-2024,8,974.89,Overnight,20-09-2024
3582,Amit Brown,amit.brown82@yahoo.com,9240 Maple Road,Toronto,Scotland,UK,EC4 7BB,43.665253,-79.363732,SME,Silver,42,37766.06,08-01-2020,7,994.31,Standard,25-07-2024
3583,Anna Das,anna.das83@hotmail.com,2215 Victoria Road,Singapore,Berlin,Germany,95607,1.384688,103.867519,Corporate,Silver,40,8290.31,17-04-2020,105,908.15,International Priority,09-02-2024
3584,Mohammed Martin,mohammed.martin84@icloud.com,4440 Sunset Blvd,London,Hamburg,Germany,44605,51.545947,-0.120951,SME,Silver,100,23479.17,03-06-2020,2,1940.53,Standard,08-01-2024
3585,Sophia Khan,sophia.khan85@gmail.com,6060 Maple Road,New York,Bavaria,Germany,14616,40.739434,-73.977725,Corporate,Gold,69,24749.32,09-08-2019,48,982.49,Express,05-06-2024
3586,Elena Mehta,elena.mehta86@outlook.com,2030 Maple Road,Dubai,Central Region,Singapore,137262,25.198209,55.240609,Individual,Silver,53,21908.88,30-07-2021,66,1500.77,Standard,16-06-2024
3587,Liam Sharma,liam.sharma87@yahoo.com,2093 Hillcrest Ave,Toronto,Queensland,Australia,6822,43.674433,-79.401816,Corporate,,90,19897.99,25-12-2024,6,4418.05,International Priority,08-05-2024
3588,Olivia Fernandez,olivia.fernandez88@hotmail.com,9950 Sunset Blvd,Singapore,Florida,USA,34167,1.363564,103.819311,Individual,Bronze,84,34463.05,08-04-2020,8,1598.74,Express,25-06-2024
3589,Wei Hassan,wei.hassan89@icloud.com,1645 Hillcrest Ave,Toronto,Tamil Nadu,India,467225,43.670902,-79.412167,Corporate,Silver,68,40484.57,17-05-2024,98,4178.17,Express,31-07-2024
3590,Emma Martin,emma.martin90@gmail.com,4041 Sunset Blvd,Singapore,Wales,UK,NW3 8AA,1.391166,103.780488,Corporate,Gold,55,46608.01,05-06-2023,51,2237.09,International Priority,16-07-2024
3591,Mohammed Dubois,mohammed.dubois91@outlook.com,5050 King Street,New York,Wales,UK,W9 4AA,40.734513,-74.044956,Corporate,,91,30243.97,07-07-2020,65,6642.98,Express,20-11-2024
3592,Lucas Fernandez,lucas.fernandez92@yahoo.com,6938 King Street,Dubai,Ontario,Canada,H2C 1A5,25.167158,55.221453,Corporate,,69,32356.72,05-08-2019,27,5136.27,International Priority,20-11-2024
3593,Elena Lee,elena.lee93@hotmail.com,7112 Maple Road,Berlin,East Region,Singapore,297209,52.551143,13.422478,SME,Bronze,94,33065.04,22-10-2024,36,962.83,Standard,12-05-2024
3594,Carlos Das,carlos.das94@icloud.com,3882 Main St,New York,Hesse,Germany,13845,40.686742,-74.046922,Corporate,,40,30249.4,06-01-2021,86,7222.72,Express,09-03-2024
3595,Fatima Das,fatima.das95@gmail.com,1275 Sunset Blvd,Toronto,Abu Dhabi,UAE,59890,43.67742,-79.361924,SME,,64,21969.89,07-08-2021,5,1695.3,Overnight,01-08-2024
3596,Daniel Lopez,daniel.lopez96@outlook.com,5727 Lake View Rd,Berlin,Bavaria,Germany,23715,52.535976,13.421857,Individual,,48,17082.01,01-06-2020,13,1515.01,Overnight,25-06-2024
3597,Yuki Martin,yuki.martin97@yahoo.com,7459 Oak Street,Singapore,Berlin,Germany,49553,1.33395,103.855721,Individual,,65,29197.81,12-09-2021,24,196.47,International Priority,07-01-2024
3598,Chen Johnson,chen.johnson98@hotmail.com,5801 King Street,Berlin,Sharjah,UAE,70940,52.472357,13.442276,SME,Gold,57,25748.44,27-07-2019,29,291.94,Express,06-02-2024
3599,James Martin,james.martin99@icloud.com,3342 Maple Road,Singapore,Scotland,UK,W4 1BA,1.350683,103.86164,Individual,Bronze,43,26259.82,13-09-2024,62,4027.38,Standard,27-03-2024
3600,Liam Chowdhury,liam.chowdhury0@gmail.com,1290 Market Street,New York,British Columbia,Canada,T6A 9A8,40.753192,-73.970714,Individual,Silver,55,14025.41,31-10-2019,40,1962.04,Overnight,15-07-2024
3601,Liam Tanaka,liam.tanaka1@outlook.com,7355 Main St,Toronto,Florida,USA,93485,43.661199,-79.375395,Corporate,,56,32884.04,16-09-2021,27,4343.56,Standard,12-12-2024
3602,Anna Mehta,anna.mehta2@yahoo.com,8271 Lake View Rd,London,Sharjah,UAE,46940,51.550753,-0.108174,Corporate,Gold,83,19286.35,09-12-2019,50,454.02,Standard,20-12-2024
3603,Chen Singh,chen.singh3@hotmail.com,8601 Lake View Rd,Toronto,West Region,Singapore,728154,43.604326,-79.394735,Corporate,Bronze,98,9936.98,21-10-2022,42,728.57,International Priority,03-08-2024
3604,Ivan Lopez,ivan.lopez4@icloud.com,9818 Oak Street,Singapore,New South Wales,Australia,6461,1.382094,103.820447,SME,Silver,67,22017.46,20-11-2024,3,969.9,Overnight,09-05-2024
3605,Fatima Ibrahim,fatima.ibrahim5@gmail.com,9014 Oak Street,Mumbai,Karnataka,India,525856,19.098255,72.91375,SME,Bronze,69,38573.52,19-01-2020,53,2098.15,Standard,07-08-2024
3606,Anna Martin,anna.martin6@outlook.com,7596 Lake View Rd,Dubai,Central Region,Singapore,643628,25.16085,55.245762,Individual,Gold,88,41674.37,29-11-2021,18,613.5,Overnight,09-01-2024
3607,Michael Ali,michael.ali7@yahoo.com,3532 Oak Street,Sydney,Dubai,UAE,48335,-33.828421,151.180871,Corporate,Gold,52,9858.28,05-12-2021,27,476.07,International Priority,16-03-2024
3608,Isabella Dubois,isabella.dubois8@hotmail.com,2605 King Street,London,Texas,USA,82662,51.4961,-0.097249,SME,Gold,57,14913.02,22-09-2022,11,1067.12,International Priority,07-01-2024
3609,Sophia Costa,sophia.costa9@icloud.com,1120 Park Avenue,Berlin,Wales,UK,EC8 5BA,52.478977,13.377215,SME,,49,3974.11,11-07-2020,27,4822.72,Express,08-08-2024
3610,Olivia Ali,olivia.ali10@gmail.com,9472 Sunset Blvd,London,New South Wales,Australia,5410,51.557078,-0.110712,Corporate,Gold,73,18726.91,31-12-2020,107,4216.04,Standard,17-03-2024
3611,Mia Sharma,mia.sharma11@outlook.com,8104 Main St,Dubai,Victoria,Australia,7369,25.17789,55.319367,SME,Silver,83,7181.51,30-06-2019,17,1273.37,Overnight,25-03-2024
3612,John Mehta,john.mehta12@yahoo.com,6676 Oak Street,Berlin,Victoria,Australia,5599,52.485831,13.373562,Corporate,,56,26003.06,18-10-2023,23,588.98,Express,29-04-2024
3613,Sara Wang,sara.wang13@hotmail.com,1166 Lake View Rd,Dubai,Bavaria,Germany,43852,25.232676,55.229965,Individual,Bronze,52,23199.18,02-07-2024,20,830.86,International Priority,20-01-2024
3614,Ivan Singh,ivan.singh14@icloud.com,1664 Park Avenue,Berlin,Maharashtra,India,683320,52.506544,13.373396,Individual,Silver,84,29078.37,20-04-2021,115,515.72,Standard,01-11-2024
3615,Priya Anderson,priya.anderson15@gmail.com,8249 Victoria Road,London,Scotland,UK,SW3 4AB,51.477299,-0.077747,Individual,,76,42485.03,26-07-2020,64,1894.59,Express,23-05-2024
3616,Fatima Hassan,fatima.hassan16@outlook.com,2309 Park Avenue,Berlin,Wales,UK,W7 5AB,52.494948,13.378859,Corporate,Gold,71,12646.24,22-06-2021,73,7398.75,Express,17-07-2024
3617,Mia Brown,mia.brown17@yahoo.com,5720 Sunset Blvd,Berlin,New South Wales,Australia,4741,52.477061,13.420144,SME,Bronze,79,4176.63,02-01-2020,13,249.41,Standard,02-12-2024
3618,Noah Petrov,noah.petrov18@hotmail.com,2900 Maple Road,Mumbai,Wales,UK,EC5 7BA,19.045732,72.842735,Individual,Gold,82,21153.05,22-10-2024,19,1312.65,Standard,14-01-2024
3619,Michael Mehta,michael.mehta19@icloud.com,6244 Maple Road,Toronto,Maharashtra,India,594185,43.622801,-79.391379,Individual,Silver,89,45535.02,28-08-2020,13,1018.16,Overnight,12-03-2024
3620,Wei Petrov,wei.petrov20@gmail.com,3922 Sunset Blvd,Toronto,Gujarat,India,208137,43.695322,-79.424554,Individual,Silver,63,5509.26,17-12-2023,100,7150.45,Express,07-10-2024
3621,Wei Hassan,wei.hassan21@outlook.com,5715 King Street,Sydney,British Columbia,Canada,K5A 7B9,-33.896777,151.251574,SME,,71,49381.95,20-10-2019,24,866.83,International Priority,27-10-2024
3622,James Nair,james.nair22@yahoo.com,9115 Oak Street,Sydney,Sharjah,UAE,71414,-33.86112,151.221651,SME,Silver,82,26183.4,26-09-2023,31,1444.06,Overnight,04-07-2024
3623,David Mehta,david.mehta23@hotmail.com,7680 Lake View Rd,Singapore,Sharjah,UAE,39116,1.389504,103.775507,Corporate,Bronze,70,47786.32,25-11-2019,64,1404.87,Overnight,19-10-2024
3624,James Anderson,james.anderson24@icloud.com,6577 Maple Road,Singapore,Ontario,Canada,M7B 2A5,1.303528,103.804714,Individual,,74,37950.36,11-08-2022,7,170.56,Overnight,07-09-2024
3625,Daniel Das,daniel.das25@gmail.com,9666 Market Street,Singapore,California,USA,55214,1.316817,103.802474,SME,Bronze,84,11864.04,02-03-2024,20,1085.5,Standard,26-12-2024
3626,Arjun Costa,arjun.costa26@outlook.com,5482 Sunset Blvd,Mumbai,Abu Dhabi,UAE,3341,19.031999,72.896793,Corporate,Gold,66,34561.62,05-11-2020,75,7767.13,Express,24-04-2024
3627,Daniel Brown,daniel.brown27@yahoo.com,8248 Lake View Rd,Sydney,Delhi,India,197464,-33.827055,151.24218,Individual,Bronze,98,31311.96,05-02-2022,10,758.37,Overnight,26-09-2024
3628,Laura Garcia,laura.garcia28@hotmail.com,376 Maple Road,Dubai,Maharashtra,India,183597,25.171413,55.318319,SME,Bronze,51,31719.52,15-10-2022,33,578.64,Express,07-06-2024
3629,Mia Singh,mia.singh29@icloud.com,501 Hillcrest Ave,Singapore,Abu Dhabi,UAE,56749,1.312824,103.846031,SME,Silver,44,29538.8,03-05-2019,33,654.85,Standard,16-07-2024
3630,Mia Hassan,mia.hassan30@gmail.com,4419 Sunset Blvd,Singapore,Gujarat,India,149633,1.381554,103.822606,Corporate,Gold,74,5557.81,16-05-2019,41,1510.06,International Priority,22-07-2024
3631,Mia Ali,mia.ali31@outlook.com,3338 Hillcrest Ave,London,British Columbia,Canada,M3C 5C2,51.506503,-0.174978,Individual,Silver,69,41727.92,17-02-2019,17,387.55,International Priority,27-03-2024
3632,Raj Costa,raj.costa32@yahoo.com,1778 Victoria Road,New York,New South Wales,Australia,6542,40.732102,-74.00806,Individual,Gold,46,20048.07,22-04-2019,7,1830.65,Standard,12-02-2024
3633,Fatima Lopez,fatima.lopez33@hotmail.com,4908 Park Avenue,Dubai,Victoria,Australia,2860,25.183602,55.290124,SME,Gold,71,2566.81,10-04-2019,30,1732.19,Overnight,06-01-2024
3634,Arjun Muller,arjun.muller34@icloud.com,7650 Market Street,Singapore,Scotland,UK,EC7 1BB,1.327768,103.803123,Individual,Bronze,43,4856.99,05-05-2019,21,936.15,Express,18-10-2024
3635,Michael Costa,michael.costa35@gmail.com,5243 Park Avenue,Singapore,West Region,Singapore,516520,1.38812,103.848056,Corporate,Silver,66,18805.44,09-12-2019,82,3584.85,Overnight,23-01-2024
3636,Daniel Petrov,daniel.petrov36@outlook.com,1987 Lake View Rd,Singapore,West Region,Singapore,287275,1.333419,103.841137,SME,Bronze,88,48884.9,13-08-2022,116,6126.6,Standard,14-09-2024
3637,Priya Lee,priya.lee37@yahoo.com,8777 Sunset Blvd,New York,Queensland,Australia,2829,40.67289,-73.959272,SME,Bronze,67,35755.87,06-11-2020,20,346.89,International Priority,01-03-2024
3638,Fatima Dubois,fatima.dubois38@hotmail.com,7750 Sunset Blvd,New York,Bavaria,Germany,13011,40.692019,-73.976097,Corporate,Bronze,90,44098.16,29-11-2019,87,3735.13,Overnight,04-12-2024
3639,David Nguyen,david.nguyen39@icloud.com,9948 King Street,Mumbai,Alberta,Canada,H7C 3B3,19.100895,72.912367,SME,Gold,42,34413.64,05-12-2019,25,1230.51,International Priority,13-05-2024
3640,Wei Patel,wei.patel40@gmail.com,3939 Victoria Road,Dubai,Gujarat,India,206848,25.236354,55.305625,Individual,Silver,41,25455.79,18-02-2021,21,815.79,Overnight,11-09-2024
3641,Sophia Nguyen,sophia.nguyen41@outlook.com,36 Market Street,Mumbai,Dubai,UAE,49368,19.123544,72.828077,Individual,Silver,63,8423.5,23-05-2024,29,667.18,International Priority,26-06-2024
3642,James Ibrahim,james.ibrahim42@yahoo.com,2216 Main St,Berlin,Queensland,Australia,6595,52.470707,13.435059,SME,Bronze,52,29735,07-02-2020,95,2879.32,Standard,30-05-2024
3643,Liam Nair,liam.nair43@hotmail.com,4907 Lake View Rd,New York,Quebec,Canada,T8A 1A1,40.680006,-74.028944,Corporate,Gold,89,46082.6,04-12-2023,80,4795.09,Express,11-08-2024
3644,Yuki Fernandez,yuki.fernandez44@icloud.com,9231 Main St,London,Queensland,Australia,5110,51.487486,-0.14699,Corporate,Silver,92,39920.32,02-03-2023,108,7916.58,Overnight,02-10-2024
3645,Elena Johnson,elena.johnson45@gmail.com,2054 Main St,Sydney,Texas,USA,35548,-33.843238,151.211953,Individual,,40,18114.78,23-08-2019,45,6151.86,Overnight,09-10-2024
3646,Ahmed Nguyen,ahmed.nguyen46@outlook.com,7461 Victoria Road,London,Karnataka,India,182806,51.543995,-0.108002,Corporate,Silver,84,44600.26,16-04-2019,37,1454.67,International Priority,22-03-2024
3647,Fatima Dubois,fatima.dubois47@yahoo.com,2584 Lake View Rd,Sydney,New York,USA,50895,-33.83895,151.236439,SME,Bronze,79,14065.64,05-09-2020,25,1695.11,Overnight,25-09-2024
3648,John Johnson,john.johnson48@hotmail.com,4475 Oak Street,New York,Tamil Nadu,India,181056,40.753755,-73.983857,SME,,72,19823.22,18-12-2022,21,362.83,Express,18-12-2024
3649,Daniel Das,daniel.das49@icloud.com,61 Park Avenue,New York,Alberta,Canada,M3B 5A3,40.714354,-74.017245,Individual,Gold,90,13881.45,05-07-2022,93,2445.83,Overnight,12-06-2024
3650,Elena Nair,elena.nair50@gmail.com,8119 Sunset Blvd,New York,Wales,UK,W6 5AA,40.744657,-74.048809,Individual,,80,48239.55,02-04-2023,11,1467.93,Standard,21-01-2024
3651,Fatima Petrov,fatima.petrov51@outlook.com,4825 Victoria Road,Mumbai,New South Wales,Australia,7442,19.04287,72.865893,Individual,,98,30336.55,16-04-2020,102,4566.79,Overnight,26-09-2024
3652,Anna Ali,anna.ali52@yahoo.com,6634 King Street,Dubai,New South Wales,Australia,4818,25.158534,55.306956,Corporate,Bronze,87,44174.75,26-08-2024,101,2212.07,Standard,05-10-2024
3653,Sophia Garcia,sophia.garcia53@hotmail.com,8080 King Street,Sydney,Berlin,Germany,67090,-33.865609,151.217735,SME,Silver,48,10489.03,02-04-2022,33,1611.3,International Priority,22-02-2024
3654,Liam Costa,liam.costa54@icloud.com,4137 Market Street,Dubai,Dubai,UAE,69612,25.242306,55.221887,SME,Gold,58,33369.69,11-04-2022,17,276.66,Overnight,30-08-2024
3655,Mohammed Muller,mohammed.muller55@gmail.com,335 Main St,Mumbai,Illinois,USA,61192,19.125156,72.870625,SME,,85,21329.91,04-12-2021,24,1559.6,Express,19-07-2024
3656,Wei Singh,wei.singh56@outlook.com,2800 Market Street,Mumbai,New South Wales,Australia,4337,19.093539,72.921464,Individual,Bronze,75,14798.98,14-10-2020,21,1914.17,Express,14-11-2024
3657,Sophia Muller,sophia.muller57@yahoo.com,9331 Market Street,Toronto,Quebec,Canada,V7C 2C8,43.678936,-79.404564,SME,Silver,52,47968.08,15-12-2019,8,1119.26,Express,09-08-2024
3658,Maria Ibrahim,maria.ibrahim58@hotmail.com,2535 Market Street,London,England,UK,SW5 8AB,51.51419,-0.095465,Corporate,,67,1175.31,28-08-2020,2,1119.93,Express,05-02-2024
3659,Emma Nguyen,emma.nguyen59@icloud.com,4978 Hillcrest Ave,London,Dubai,UAE,64497,51.508645,-0.115526,Corporate,Bronze,73,24506.13,06-05-2024,104,424.14,Express,26-10-2024
3660,Laura Chowdhury,laura.chowdhury60@gmail.com,847 Sunset Blvd,Berlin,Alberta,Canada,V2C 9C8,52.499372,13.441052,SME,Bronze,59,3619.32,22-03-2022,21,1529.22,Overnight,29-01-2024
3661,Sophia Patel,sophia.patel61@outlook.com,4809 Main St,Singapore,California,USA,14860,1.343916,103.827158,Individual,Bronze,59,21424.77,04-07-2024,71,7044.14,Express,29-11-2024
3662,Mohammed Clark,mohammed.clark62@yahoo.com,3766 Sunset Blvd,Mumbai,Bavaria,Germany,66900,19.101831,72.83865,SME,Gold,43,14891.49,09-11-2024,63,1221.44,Express,18-07-2024
3663,Isabella Hassan,isabella.hassan63@hotmail.com,2081 Victoria Road,Sydney,New South Wales,Australia,2389,-33.917967,151.222229,Corporate,Silver,78,21298.38,10-11-2019,81,146.64,International Priority,18-09-2024
3664,Maria Garcia,maria.garcia64@icloud.com,405 Hillcrest Ave,Toronto,Ontario,Canada,T5B 3A4,43.618998,-79.387656,Corporate,,80,46068.07,08-09-2020,66,6781.39,Standard,07-02-2024
3665,Raj Martin,raj.martin65@gmail.com,8291 Victoria Road,Toronto,Abu Dhabi,UAE,58053,43.69807,-79.356297,Corporate,Silver,40,17077.32,20-12-2020,87,7440.72,Overnight,26-10-2024
3666,Amit Tanaka,amit.tanaka66@outlook.com,8846 Main St,Singapore,Tamil Nadu,India,405336,1.346628,103.796512,SME,Silver,65,17576.88,29-03-2022,17,634.67,Overnight,17-11-2024
3667,David Mehta,david.mehta67@yahoo.com,5497 King Street,Dubai,Wales,UK,NW6 8AA,25.229694,55.261412,Corporate,,49,41459.15,15-08-2024,25,905.51,Overnight,19-07-2024
3668,Ivan Singh,ivan.singh68@hotmail.com,2130 Victoria Road,Singapore,Dubai,UAE,75597,1.362368,103.785167,Individual,Silver,49,14678.82,23-06-2019,93,4508.56,Overnight,05-06-2024
3669,Ivan Petrov,ivan.petrov69@icloud.com,2481 Victoria Road,Singapore,Alberta,Canada,H2C 7C8,1.321677,103.851026,SME,Gold,93,36498.25,10-07-2022,29,7228.71,Standard,10-05-2024
3670,Noah Das,noah.das70@gmail.com,5481 King Street,Singapore,Wales,UK,SW5 3AA,1.373804,103.838083,SME,,51,40367.45,04-04-2023,23,713.59,International Priority,25-05-2024
3671,Mia Das,mia.das71@outlook.com,127 Victoria Road,London,Queensland,Australia,4082,51.495329,-0.169651,Corporate,,56,16707.99,04-04-2024,111,3289.94,Standard,15-04-2024
3672,John Patel,john.patel72@yahoo.com,4655 King Street,Mumbai,Delhi,India,261614,19.119629,72.83575,Corporate,Bronze,52,19464.11,15-06-2019,66,5126.4,Express,28-01-2024
3673,Raj Patel,raj.patel73@hotmail.com,2278 Victoria Road,Berlin,Hamburg,Germany,21994,52.563054,13.379694,Individual,Silver,94,9096.53,08-09-2024,2,211.84,International Priority,13-05-2024
3674,Sophia Das,sophia.das74@icloud.com,4380 Market Street,Mumbai,Abu Dhabi,UAE,13010,19.099188,72.864072,SME,,72,17750.99,16-11-2023,16,607.63,Overnight,08-12-2024
3675,Raj Hassan,raj.hassan75@gmail.com,2378 King Street,Dubai,Bavaria,Germany,46494,25.248066,55.244113,Corporate,,91,13155.98,29-03-2024,51,6486.33,Standard,06-10-2024
3676,Ivan Wang,ivan.wang76@outlook.com,1463 Maple Road,New York,Gujarat,India,135939,40.714299,-73.965053,Individual,Gold,80,4862.31,18-04-2019,8,124.98,Overnight,15-11-2024
3677,David Singh,david.singh77@yahoo.com,8469 Victoria Road,Singapore,Scotland,UK,SE9 2AB,1.34092,103.858202,Corporate,Bronze,56,7273.99,30-06-2019,89,2450.04,International Priority,13-03-2024
3678,Arjun Clark,arjun.clark78@hotmail.com,4741 Market Street,Mumbai,Queensland,Australia,5577,19.049161,72.837757,SME,,52,31906.22,20-07-2019,33,1319.32,Express,05-06-2024
3679,Liam Nguyen,liam.nguyen79@icloud.com,8930 Sunset Blvd,Dubai,Quebec,Canada,K5C 3C1,25.173902,55.238411,Corporate,Gold,59,30383.36,12-01-2019,118,4096.02,Express,17-09-2024
3680,Arjun Lopez,arjun.lopez80@gmail.com,1468 Park Avenue,New York,Karnataka,India,628642,40.699546,-73.98844,SME,,41,41980.11,06-12-2021,9,1599.52,International Priority,16-07-2024
3681,Ivan Nair,ivan.nair81@outlook.com,1855 Market Street,New York,Florida,USA,17511,40.669478,-74.0119,Corporate,,81,8785.68,03-10-2021,78,7370.74,Standard,30-09-2024
3682,Sophia Ali,sophia.ali82@yahoo.com,2642 Victoria Road,Singapore,Wales,UK,SW9 4BA,1.344035,103.791066,SME,,77,46405.73,28-03-2023,36,900.95,Overnight,05-06-2024
3683,Yuki Ali,yuki.ali83@hotmail.com,7870 Sunset Blvd,Berlin,Hamburg,Germany,32668,52.518002,13.387215,Individual,Gold,67,15757.52,15-11-2022,6,1775.27,Express,23-08-2024
3684,Michael Fernandez,michael.fernandez84@icloud.com,542 Market Street,Sydney,Sharjah,UAE,60593,-33.883456,151.250687,SME,Silver,48,14044.03,30-10-2022,27,1334.86,Standard,12-05-2024
3685,James Nguyen,james.nguyen85@gmail.com,5500 Market Street,London,Tamil Nadu,India,230093,51.492009,-0.148168,Individual,,61,10859.41,30-12-2019,18,142.88,Express,17-04-2024
3686,Michael Khan,michael.khan86@outlook.com,7549 Sunset Blvd,Mumbai,Berlin,Germany,38862,19.087952,72.894647,SME,,84,38908.41,20-01-2023,64,4790.56,Standard,11-02-2024
3687,Isabella Johnson,isabella.johnson87@yahoo.com,2340 King Street,New York,Scotland,UK,NW3 5BB,40.665349,-73.971496,Individual,Silver,94,22864.59,14-10-2024,7,103.68,Express,12-06-2024
3688,Liam Wang,liam.wang88@hotmail.com,2454 Victoria Road,Mumbai,Bavaria,Germany,17439,19.104063,72.880196,Corporate,,85,23109.9,31-01-2022,26,3554.44,Overnight,09-11-2024
3689,David Mehta,david.mehta89@icloud.com,5896 Oak Street,Sydney,Gujarat,India,546298,-33.885221,151.239097,SME,Bronze,70,22917.65,11-12-2024,102,7629.44,International Priority,16-07-2024
3690,Noah Brown,noah.brown90@gmail.com,1367 Oak Street,London,England,UK,NW3 3AB,51.485659,-0.132044,Corporate,,60,28507.17,06-09-2020,40,2861.88,International Priority,14-06-2024
3691,Fatima Johnson,fatima.johnson91@outlook.com,8279 Oak Street,Sydney,California,USA,51230,-33.883529,151.243307,Individual,Bronze,87,5373.39,18-07-2023,27,1323.89,Standard,22-09-2024
3692,John Lopez,john.lopez92@yahoo.com,3994 Market Street,London,Delhi,India,576718,51.507657,-0.082981,SME,Silver,81,4303.36,28-03-2023,9,1642.7,International Priority,09-02-2024
3693,Sara Tanaka,sara.tanaka93@hotmail.com,7786 Market Street,Toronto,Alberta,Canada,M7C 5A1,43.643921,-79.409261,SME,Gold,72,7829.07,18-05-2020,13,1298.22,International Priority,13-09-2024
3694,Ivan Sharma,ivan.sharma94@icloud.com,2218 Main St,London,Central Region,Singapore,393780,51.46782,-0.131444,Corporate,Silver,51,34935.87,23-08-2021,44,3860.27,Express,21-11-2024
3695,Elena Muller,elena.muller95@gmail.com,4484 Oak Street,Singapore,Victoria,Australia,6104,1.304071,103.842744,SME,,91,9090.24,19-08-2023,21,425.51,International Priority,03-08-2024
3696,Chen Chowdhury,chen.chowdhury96@outlook.com,90 Park Avenue,Berlin,Gujarat,India,709144,52.522645,13.417278,SME,Bronze,63,10272.3,03-09-2020,54,1910.11,Standard,31-05-2024
3697,Lucas Petrov,lucas.petrov97@yahoo.com,1058 Victoria Road,Sydney,Wales,UK,NW3 5AA,-33.901546,151.176717,Corporate,Gold,82,533.5,08-01-2022,100,5551.43,International Priority,19-05-2024
3698,Amit Ali,amit.ali98@hotmail.com,6136 Oak Street,New York,Abu Dhabi,UAE,34877,40.750662,-73.990982,SME,,65,24346.58,26-09-2024,85,1011.68,International Priority,21-07-2024
3699,Elena Ali,elena.ali99@icloud.com,8463 Main St,Singapore,New South Wales,Australia,3819,1.350229,103.823197,Corporate,Gold,93,16033.17,22-07-2021,114,6654.49,Standard,16-09-2024
3700,Mohammed Brown,mohammed.brown0@gmail.com,7138 Oak Street,Toronto,Gujarat,India,778120,43.694581,-79.414918,Corporate,Gold,75,40238.12,10-08-2022,41,2608.51,Express,31-03-2024
3701,Daniel Johnson,daniel.johnson1@outlook.com,5881 Lake View Rd,Berlin,Florida,USA,46810,52.520347,13.382342,Corporate,,48,4863.77,22-02-2023,84,1570.56,Standard,14-01-2024
3702,Raj Anderson,raj.anderson2@yahoo.com,223 Hillcrest Ave,Mumbai,Sharjah,UAE,92168,19.104165,72.920798,Corporate,Silver,83,40711.98,20-07-2019,22,4315.58,Express,16-01-2024
3703,Chen Smith,chen.smith3@hotmail.com,3627 Victoria Road,Singapore,Illinois,USA,57676,1.37651,103.804106,Corporate,,63,41781.21,08-02-2023,2,7770.24,Standard,25-05-2024
3704,Liam Garcia,liam.garcia4@icloud.com,4325 King Street,Sydney,Alberta,Canada,K5B 7A8,-33.867227,151.204491,Individual,,58,20640.56,24-06-2022,21,1602.26,Express,26-04-2024
3705,Fatima Das,fatima.das5@gmail.com,3398 Market Street,Dubai,Sharjah,UAE,10420,25.167631,55.287767,Individual,Silver,60,42383.13,28-11-2020,9,218.23,Standard,29-04-2024
3706,Daniel Johnson,daniel.johnson6@outlook.com,9576 Lake View Rd,Dubai,Hesse,Germany,75615,25.239718,55.305108,Corporate,Bronze,70,4457.84,18-03-2023,58,5461.47,Express,18-06-2024
3707,Fatima Mehta,fatima.mehta7@yahoo.com,2165 Maple Road,New York,West Region,Singapore,144071,40.667263,-73.989381,Individual,,58,13283.68,21-06-2019,8,330.37,Overnight,02-03-2024
3708,David Garcia,david.garcia8@hotmail.com,7931 Park Avenue,London,Sharjah,UAE,11796,51.485724,-0.138358,Individual,Gold,79,11569.99,11-06-2019,29,946.5,Express,25-07-2024
3709,Michael Das,michael.das9@icloud.com,8773 Oak Street,New York,New South Wales,Australia,3142,40.706368,-73.965941,SME,,94,20792.13,08-04-2024,22,1999.22,International Priority,05-02-2024
3710,Fatima Garcia,fatima.garcia10@gmail.com,6588 Maple Road,Dubai,Abu Dhabi,UAE,95958,25.173364,55.300491,Corporate,,92,23916.51,06-08-2019,74,587.29,Express,09-12-2024
3711,John Singh,john.singh11@outlook.com,5556 Hillcrest Ave,Mumbai,Scotland,UK,EC7 4AB,19.097143,72.851584,Individual,Gold,59,20176.14,24-07-2023,74,3245.35,Overnight,16-05-2024
3712,Laura Johnson,laura.johnson12@yahoo.com,9639 Market Street,Toronto,Central Region,Singapore,471057,43.626629,-79.424443,SME,Silver,70,25880.15,01-05-2021,31,205.83,Express,15-02-2024
3713,David Patel,david.patel13@hotmail.com,9314 Park Avenue,Toronto,Wales,UK,SE6 8BA,43.650552,-79.421077,SME,Bronze,60,18039.94,11-09-2021,111,1265.08,Standard,21-12-2024
3714,Sara Das,sara.das14@icloud.com,2536 Market Street,Sydney,Berlin,Germany,88330,-33.914602,151.237493,Corporate,Bronze,97,31019.02,08-08-2023,43,4912.93,Standard,14-01-2024
3715,Raj Smith,raj.smith15@gmail.com,3580 King Street,Toronto,Abu Dhabi,UAE,61286,43.661574,-79.38056,Corporate,Gold,55,2586.32,28-02-2024,114,138.33,International Priority,13-11-2024
3716,Michael Petrov,michael.petrov16@outlook.com,5174 Hillcrest Ave,Sydney,New York,USA,51346,-33.881828,151.223249,SME,Silver,53,24191.37,25-12-2022,32,878.68,International Priority,13-03-2024
3717,Anna Ibrahim,anna.ibrahim17@yahoo.com,1416 Victoria Road,Singapore,Florida,USA,63052,1.384047,103.862466,Corporate,,91,13305.52,11-03-2019,7,1432.22,Express,26-01-2024
3718,Ivan Lee,ivan.lee18@hotmail.com,3723 Hillcrest Ave,Sydney,Delhi,India,592956,-33.833385,151.210163,Corporate,,99,24058.45,23-11-2024,64,4824.3,Standard,23-05-2024
3719,Wei Brown,wei.brown19@icloud.com,2809 Sunset Blvd,Singapore,Quebec,Canada,T7B 7C7,1.347599,103.779111,SME,,85,49791.05,26-01-2021,5,748.51,Express,15-07-2024
3720,Isabella Fernandez,isabella.fernandez20@gmail.com,5910 Maple Road,Sydney,Queensland,Australia,6063,-33.892058,151.217295,SME,,65,1327.11,30-05-2020,22,834.93,Standard,17-06-2024
3721,Mohammed Nair,mohammed.nair21@outlook.com,8623 Market Street,Dubai,Central Region,Singapore,495450,25.171683,55.26101,Corporate,,68,37837.47,22-09-2019,115,3524.08,Standard,28-03-2024
3722,Mohammed Johnson,mohammed.johnson22@yahoo.com,1890 Market Street,Dubai,Ontario,Canada,K8B 2A5,25.223505,55.227798,Individual,Gold,42,31600.68,06-09-2019,35,1428.5,Overnight,13-06-2024
3723,Liam Anderson,liam.anderson23@hotmail.com,7899 Sunset Blvd,London,Sharjah,UAE,92093,51.462692,-0.078112,Corporate,,62,30806.7,01-01-2022,34,4858.89,Express,20-10-2024
3724,Chen Fernandez,chen.fernandez24@icloud.com,9947 Main St,Singapore,Ontario,Canada,H2B 5A4,1.38766,103.785855,Individual,,92,8100.37,12-07-2019,38,1635.18,Express,16-06-2024
3725,Fatima Chowdhury,fatima.chowdhury25@gmail.com,1252 Sunset Blvd,Berlin,Gujarat,India,284097,52.530312,13.361143,SME,Silver,43,19899.02,16-05-2020,35,755.58,Standard,04-09-2024
3726,Daniel Anderson,daniel.anderson26@outlook.com,934 King Street,Singapore,British Columbia,Canada,T3A 2B5,1.392909,103.789757,Individual,,70,24247.74,24-05-2023,26,468.81,Express,08-04-2024
3727,Ahmed Johnson,ahmed.johnson27@yahoo.com,1420 Hillcrest Ave,Sydney,Central Region,Singapore,470297,-33.909785,151.175549,SME,Bronze,58,45354.73,01-11-2021,31,430.48,Overnight,19-10-2024
3728,Sara Ibrahim,sara.ibrahim28@hotmail.com,5776 Lake View Rd,Sydney,Hesse,Germany,36162,-33.886386,151.192122,Corporate,Gold,73,45746.85,05-12-2024,92,1350.41,Standard,02-09-2024
3729,David Singh,david.singh29@icloud.com,7270 Main St,Berlin,Delhi,India,252396,52.509495,13.378641,Corporate,Gold,54,32275.44,23-05-2020,43,2524.72,Express,08-08-2024
3730,John Petrov,john.petrov30@gmail.com,9940 Park Avenue,New York,Berlin,Germany,99075,40.699587,-74.02027,SME,Gold,70,44612.94,07-12-2024,2,1402.69,Overnight,06-09-2024
3731,Elena Martin,elena.martin31@outlook.com,7734 Park Avenue,Sydney,Dubai,UAE,37184,-33.871862,151.234891,SME,Bronze,56,35592.21,21-01-2019,47,2499.53,Overnight,28-05-2024
3732,Laura Dubois,laura.dubois32@yahoo.com,1427 Maple Road,London,Tamil Nadu,India,410837,51.539296,-0.108176,SME,,51,35491.13,07-12-2021,17,820.25,Standard,11-04-2024
3733,Sara Das,sara.das33@hotmail.com,6070 Lake View Rd,Toronto,Dubai,UAE,90594,43.631686,-79.341247,Corporate,Gold,84,18175.57,25-11-2021,19,3152.98,Express,15-11-2024
3734,Wei Muller,wei.muller34@icloud.com,5893 Oak Street,Toronto,Dubai,UAE,83190,43.667544,-79.412767,Corporate,Bronze,58,22298.38,27-12-2020,23,7211.92,Express,23-12-2024
3735,Arjun Patel,arjun.patel35@gmail.com,5187 Maple Road,Mumbai,British Columbia,Canada,V2B 7A1,19.063798,72.847248,Individual,Silver,50,49547.43,24-04-2024,4,1327.62,International Priority,28-10-2024
3736,Fatima Sharma,fatima.sharma36@outlook.com,7383 Maple Road,Mumbai,Hamburg,Germany,12139,19.076255,72.866034,SME,,68,9060.54,03-08-2024,84,6831.59,Express,15-03-2024
3737,James Brown,james.brown37@yahoo.com,3051 Main St,Toronto,Abu Dhabi,UAE,37231,43.677747,-79.417245,Individual,Bronze,51,29756.71,16-10-2021,83,4488.23,Standard,21-12-2024
3738,David Nair,david.nair38@hotmail.com,6845 Market Street,Toronto,Hesse,Germany,84998,43.641641,-79.423275,Corporate,,40,41461.72,13-10-2024,44,400.94,Express,13-10-2024
3739,Laura Nguyen,laura.nguyen39@icloud.com,2770 King Street,Dubai,Berlin,Germany,77330,25.218483,55.302823,Individual,Silver,43,4579.14,05-03-2021,38,1248.36,International Priority,30-01-2024
3740,Elena Kim,elena.kim40@gmail.com,3567 Market Street,London,Maharashtra,India,310959,51.472901,-0.114992,Individual,Bronze,68,42587.67,29-03-2023,6,285.95,Standard,29-06-2024
3741,Ivan Khan,ivan.khan41@outlook.com,1548 Victoria Road,Berlin,England,UK,NW1 1BA,52.496074,13.375723,Corporate,,74,823.16,07-02-2021,111,7872.31,Express,02-10-2024
3742,Sara Sharma,sara.sharma42@yahoo.com,9665 Hillcrest Ave,Mumbai,Ontario,Canada,H2C 9A7,19.040155,72.873186,Corporate,Bronze,86,35579.87,04-12-2024,60,6217.41,International Priority,15-05-2024
3743,John Ali,john.ali43@hotmail.com,7543 King Street,Dubai,Abu Dhabi,UAE,47936,25.238058,55.229273,SME,Gold,74,11808.23,20-09-2019,21,2911.67,Overnight,12-11-2024
3744,Michael Fernandez,michael.fernandez44@icloud.com,6208 Market Street,Dubai,Bavaria,Germany,19902,25.201548,55.309792,Individual,,96,22259.08,26-06-2023,30,4168.79,Standard,15-04-2024
3745,Sara Garcia,sara.garcia45@gmail.com,9094 Hillcrest Ave,Berlin,Victoria,Australia,4398,52.476841,13.39057,Corporate,Bronze,80,35596.83,01-01-2022,30,6195.79,International Priority,14-10-2024
3746,Michael Chowdhury,michael.chowdhury46@outlook.com,5373 Sunset Blvd,Dubai,Wales,UK,SE1 6AA,25.242313,55.292291,Corporate,Gold,81,1240.65,19-09-2021,120,2185.75,International Priority,23-10-2024
3747,Mia Nguyen,mia.nguyen47@yahoo.com,1006 Hillcrest Ave,Singapore,Sharjah,UAE,70376,1.310236,103.852854,Individual,Silver,86,19755.65,26-09-2020,27,6048.18,Express,05-07-2024
3748,Ahmed Sharma,ahmed.sharma48@hotmail.com,6131 Market Street,London,Victoria,Australia,3858,51.483092,-0.093201,Corporate,,89,7809.25,26-09-2019,15,5005.35,Overnight,03-06-2024
3749,Wei Ali,wei.ali49@icloud.com,6673 Main St,Toronto,Alberta,Canada,K7B 4C8,43.653637,-79.373953,SME,,88,23363.97,02-08-2020,100,615.24,Standard,10-01-2024
3750,Elena Khan,elena.khan50@gmail.com,4525 Lake View Rd,Sydney,Ontario,Canada,H1A 6B9,-33.896469,151.24135,SME,Silver,63,27621.35,27-06-2023,28,757.91,Express,20-03-2024
3751,Michael Fernandez,michael.fernandez51@outlook.com,6132 Park Avenue,Berlin,Hamburg,Germany,38394,52.496258,13.378192,Individual,Gold,65,34154.06,23-04-2022,4,64.46,Express,28-09-2024
3752,Mia Anderson,mia.anderson52@yahoo.com,9024 Park Avenue,Toronto,Hamburg,Germany,43493,43.643825,-79.394356,SME,Silver,48,18054,30-11-2020,35,850.83,Express,18-11-2024
3753,James Hassan,james.hassan53@hotmail.com,8298 Victoria Road,Toronto,East Region,Singapore,195670,43.623184,-79.380734,Corporate,,60,3932.6,06-11-2024,22,3429.57,Standard,21-06-2024
3754,Ahmed Ibrahim,ahmed.ibrahim54@icloud.com,2522 Park Avenue,New York,West Region,Singapore,117853,40.677297,-74.027997,Corporate,Bronze,100,39075.2,13-06-2022,75,7035.86,Standard,14-04-2024
3755,Raj Kim,raj.kim55@gmail.com,3353 Oak Street,Singapore,Abu Dhabi,UAE,71162,1.351402,103.811349,Corporate,Gold,82,37200.07,28-07-2023,28,2633.33,Express,25-03-2024
3756,David Kim,david.kim56@outlook.com,876 King Street,Berlin,Karnataka,India,161841,52.5535,13.369536,Corporate,Gold,79,39610.57,03-05-2022,105,3506.47,Express,29-06-2024
3757,Sophia Nair,sophia.nair57@yahoo.com,5772 King Street,Dubai,Scotland,UK,SE6 1BA,25.191201,55.30685,Individual,Gold,83,34286.1,11-10-2020,17,1324.41,Overnight,18-07-2024
3758,Maria Tanaka,maria.tanaka58@hotmail.com,2908 Lake View Rd,Sydney,Sharjah,UAE,7722,-33.832274,151.21867,SME,Silver,85,7835.89,26-03-2019,91,1678.28,International Priority,20-01-2024
3759,David Kim,david.kim59@icloud.com,1514 Victoria Road,Berlin,Wales,UK,SW6 5BA,52.567173,13.433424,SME,Silver,78,45478.4,21-09-2021,32,3604.49,Overnight,29-05-2024
3760,Liam Chowdhury,liam.chowdhury60@gmail.com,626 Lake View Rd,Dubai,Hamburg,Germany,24714,25.20036,55.320319,Corporate,Bronze,45,30114.45,16-09-2023,70,4760.84,International Priority,01-02-2024
3761,Mohammed Chowdhury,mohammed.chowdhury61@outlook.com,3548 Sunset Blvd,Toronto,Alberta,Canada,V7B 1A5,43.652108,-79.428222,Individual,Bronze,41,26528.56,18-06-2020,99,5735.09,Overnight,30-07-2024
3762,Ahmed Patel,ahmed.patel62@yahoo.com,7803 Park Avenue,Sydney,Hamburg,Germany,32971,-33.898665,151.221775,Corporate,Gold,63,12804.02,17-02-2023,66,4883.09,Standard,07-07-2024
3763,Sophia Das,sophia.das63@hotmail.com,6711 Oak Street,Dubai,Ontario,Canada,V1C 9B6,25.186794,55.280403,Corporate,Bronze,60,19142.78,04-12-2024,89,7632.67,Standard,24-08-2024
3764,Yuki Petrov,yuki.petrov64@icloud.com,8630 King Street,London,East Region,Singapore,102704,51.490423,-0.155981,Individual,Silver,91,24132.63,31-10-2023,3,1610.69,Overnight,05-04-2024
3765,Laura Costa,laura.costa65@gmail.com,6680 Park Avenue,Dubai,Dubai,UAE,25061,25.254747,55.223876,Individual,Bronze,96,2080.32,26-05-2021,13,1579.86,Express,23-05-2024
3766,Ivan Tanaka,ivan.tanaka66@outlook.com,1683 Market Street,New York,Central Region,Singapore,204469,40.685301,-74.030563,Corporate,Silver,65,17964.33,02-03-2020,2,4196.89,International Priority,14-09-2024
3767,Daniel Sharma,daniel.sharma67@yahoo.com,9820 Hillcrest Ave,Singapore,British Columbia,Canada,V2B 6C6,1.375255,103.834471,SME,Bronze,88,15215.01,22-06-2022,31,1471.54,International Priority,29-09-2024
3768,Chen Khan,chen.khan68@hotmail.com,627 Oak Street,Toronto,Berlin,Germany,85324,43.619143,-79.386062,Corporate,,57,26608.25,28-10-2021,73,1478.08,Overnight,11-10-2024
3769,Noah Ali,noah.ali69@icloud.com,3447 Park Avenue,Dubai,Central Region,Singapore,744051,25.201699,55.22648,SME,Silver,80,27485.93,03-12-2019,39,1888.92,Overnight,21-10-2024
3770,Ahmed Muller,ahmed.muller70@gmail.com,5838 Victoria Road,Singapore,Texas,USA,58283,1.359721,103.849966,SME,,62,21528.9,07-03-2024,39,118.93,Overnight,29-01-2024
3771,Laura Nair,laura.nair71@outlook.com,330 Sunset Blvd,Mumbai,Scotland,UK,W3 5AA,19.084366,72.897506,Individual,Silver,86,6794.93,17-06-2019,29,684.24,International Priority,09-01-2024
3772,Wei Lee,wei.lee72@yahoo.com,9338 Sunset Blvd,Mumbai,Victoria,Australia,6977,19.071471,72.875836,Individual,Bronze,58,11679.14,18-05-2023,10,3978.5,Overnight,27-06-2024
3773,Sara Hassan,sara.hassan73@hotmail.com,1963 King Street,Singapore,British Columbia,Canada,K2B 7B6,1.302561,103.80299,Corporate,,51,25145.03,09-04-2022,81,481.49,Overnight,05-10-2024
3774,Mia Kim,mia.kim74@icloud.com,2772 Lake View Rd,Singapore,British Columbia,Canada,V7A 2C2,1.314078,103.834752,SME,Bronze,82,9213.06,16-05-2023,37,709.85,Standard,08-08-2024
3775,Noah Brown,noah.brown75@gmail.com,5689 Oak Street,New York,California,USA,24309,40.72566,-74.012336,SME,Silver,89,4102.57,03-10-2020,24,1096.05,Express,22-07-2024
3776,James Tanaka,james.tanaka76@outlook.com,3437 Lake View Rd,London,Sharjah,UAE,84658,51.503656,-0.144969,Corporate,,53,10550.36,23-12-2022,53,1308.12,International Priority,23-12-2024
3777,Anna Chowdhury,anna.chowdhury77@yahoo.com,3414 Lake View Rd,Toronto,Abu Dhabi,UAE,61655,43.627263,-79.346922,Corporate,Gold,82,24332.16,11-03-2023,111,2976.26,Express,16-01-2024
3778,James Das,james.das78@hotmail.com,2691 Lake View Rd,Berlin,Abu Dhabi,UAE,37,52.569524,13.38504,Corporate,Bronze,69,8623.97,05-04-2022,80,838.15,Overnight,26-12-2024
3779,David Sharma,david.sharma79@icloud.com,5204 Lake View Rd,New York,Victoria,Australia,3676,40.715137,-73.965951,Individual,Silver,63,26829.92,23-06-2019,15,1133.6,Overnight,21-01-2024
3780,David Smith,david.smith80@gmail.com,8209 Sunset Blvd,London,Maharashtra,India,246143,51.494578,-0.16803,Corporate,,92,27620.11,03-02-2021,33,4540.27,International Priority,06-09-2024
3781,Arjun Mehta,arjun.mehta81@outlook.com,3132 Sunset Blvd,Singapore,Illinois,USA,81818,1.322499,103.85994,Corporate,Bronze,58,5537.55,10-07-2023,116,3412.28,Overnight,12-11-2024
3782,Emma Tanaka,emma.tanaka82@yahoo.com,5983 Hillcrest Ave,Berlin,Victoria,Australia,2362,52.547198,13.387813,SME,,94,27772.84,27-07-2021,23,251.49,Standard,16-10-2024
3783,Yuki Martin,yuki.martin83@hotmail.com,9930 Park Avenue,Singapore,Central Region,Singapore,360959,1.378273,103.817196,Corporate,Bronze,86,4935.27,20-02-2023,40,7462.33,International Priority,17-05-2024
3784,Chen Lopez,chen.lopez84@icloud.com,2474 Park Avenue,Singapore,California,USA,29811,1.375686,103.825146,SME,Bronze,75,43527.77,24-10-2022,9,1736.96,International Priority,06-04-2024
3785,Amit Khan,amit.khan85@gmail.com,7603 Park Avenue,Mumbai,Alberta,Canada,T4C 4B2,19.091136,72.843467,SME,Bronze,62,35895.93,04-02-2021,34,1844.55,International Priority,27-09-2024
3786,Chen Mehta,chen.mehta86@outlook.com,3847 Maple Road,Mumbai,Scotland,UK,NW5 2BB,19.057526,72.922182,Individual,,76,36606.1,18-04-2022,87,4242.79,Overnight,09-05-2024
3787,Daniel Singh,daniel.singh87@yahoo.com,6877 Main St,Berlin,New York,USA,85962,52.494001,13.405232,Corporate,,98,2380.99,24-02-2021,100,740.1,Overnight,15-05-2024
3788,Noah Nair,noah.nair88@hotmail.com,1074 Oak Street,New York,Maharashtra,India,273642,40.692032,-74.015695,Corporate,Bronze,59,47342.23,06-04-2019,82,3138.84,International Priority,23-12-2024
3789,Mia Kim,mia.kim89@icloud.com,4825 Market Street,Mumbai,Berlin,Germany,19253,19.043389,72.899893,SME,Gold,43,40243.43,13-12-2019,5,1981.91,Express,18-11-2024
3790,Daniel Lopez,daniel.lopez90@gmail.com,2695 Lake View Rd,Toronto,Central Region,Singapore,786109,43.672143,-79.383417,Individual,Gold,85,34923.72,08-04-2024,22,1414.49,Overnight,14-10-2024
3791,Sara Singh,sara.singh91@outlook.com,1698 King Street,Singapore,Victoria,Australia,5427,1.390724,103.808306,Individual,Gold,68,3869.1,26-03-2023,35,1038.58,Standard,02-11-2024
3792,Elena Patel,elena.patel92@yahoo.com,6364 Market Street,Sydney,East Region,Singapore,454346,-33.880305,151.222559,Corporate,Silver,89,35657.46,14-06-2022,35,7250.78,Express,16-04-2024
3793,Ahmed Brown,ahmed.brown93@hotmail.com,5682 King Street,Dubai,East Region,Singapore,176817,25.203993,55.227474,SME,Gold,91,17569.64,12-08-2023,22,561.29,Standard,19-10-2024
3794,Chen Rossi,chen.rossi94@icloud.com,2355 Hillcrest Ave,Berlin,Florida,USA,50835,52.505585,13.443618,Corporate,,99,25814.69,20-02-2022,25,4708.12,International Priority,22-07-2024
3795,Yuki Rossi,yuki.rossi95@gmail.com,786 Lake View Rd,Berlin,Florida,USA,81489,52.530391,13.423421,Corporate,Gold,95,14254.67,05-04-2022,108,7304.31,Overnight,19-10-2024
3796,Mohammed Johnson,mohammed.johnson96@outlook.com,2685 Main St,Mumbai,Gujarat,India,236518,19.089517,72.856898,Corporate,,93,25216.65,02-10-2024,3,4206.02,International Priority,01-08-2024
3797,Sophia Rossi,sophia.rossi97@yahoo.com,471 Oak Street,New York,England,UK,EC2 5BB,40.749992,-73.972342,Corporate,Silver,81,22825.53,12-12-2024,27,2630.91,Standard,15-12-2024
3798,Mia Ali,mia.ali98@hotmail.com,8960 Market Street,Singapore,Illinois,USA,82487,1.311322,103.835982,SME,,52,9259.08,31-08-2024,19,1838.12,Standard,04-03-2024
3799,Noah Lee,noah.lee99@icloud.com,1616 Lake View Rd,Toronto,Illinois,USA,75358,43.627264,-79.350641,Individual,,48,34624.8,03-04-2019,23,244.9,Overnight,27-07-2024
3800,Daniel Lopez,daniel.lopez0@gmail.com,8527 Main St,New York,Scotland,UK,SW7 2AA,40.682562,-73.978903,Corporate,,45,1933.87,14-07-2021,71,1425.98,Overnight,02-05-2024
3801,Ahmed Tanaka,ahmed.tanaka1@outlook.com,8957 Hillcrest Ave,London,Maharashtra,India,627602,51.509591,-0.154523,Corporate,Gold,84,39732.28,22-03-2020,6,2118.76,Standard,23-11-2024
3802,Arjun Petrov,arjun.petrov2@yahoo.com,9835 King Street,London,New South Wales,Australia,3921,51.528064,-0.158123,Corporate,Bronze,97,5846.6,17-02-2023,101,712.16,Overnight,21-04-2024
3803,Fatima Nair,fatima.nair3@hotmail.com,4860 Market Street,Sydney,Central Region,Singapore,601443,-33.888791,151.187089,Corporate,,67,12853.56,15-09-2021,81,4255.8,Overnight,06-08-2024
3804,Priya Ibrahim,priya.ibrahim4@icloud.com,3221 Oak Street,Mumbai,New South Wales,Australia,2118,19.09347,72.840692,Individual,Gold,59,38356.87,13-08-2024,13,1223.5,Standard,30-04-2024
3805,Amit Petrov,amit.petrov5@gmail.com,6312 Oak Street,Mumbai,New York,USA,32676,19.067141,72.869173,Individual,Gold,56,6954.75,25-10-2024,1,1444.07,Express,09-10-2024
3806,Liam Dubois,liam.dubois6@outlook.com,4384 Hillcrest Ave,Mumbai,England,UK,EC6 4BA,19.029854,72.882913,Individual,Gold,91,23032.1,31-12-2020,18,1361.46,International Priority,24-12-2024
3807,Yuki Tanaka,yuki.tanaka7@yahoo.com,9902 Lake View Rd,Sydney,Illinois,USA,55887,-33.831627,151.169856,Individual,Bronze,51,18621.52,02-02-2022,30,1865.7,International Priority,23-02-2024
3808,John Sharma,john.sharma8@hotmail.com,1487 Main St,London,Dubai,UAE,5449,51.490726,-0.11875,Corporate,Bronze,94,20637.98,20-09-2022,92,4661.54,International Priority,30-11-2024
3809,Emma Nguyen,emma.nguyen9@icloud.com,7516 Victoria Road,New York,Hamburg,Germany,36752,40.756203,-74.015225,SME,Bronze,76,16863.1,03-07-2020,38,854.72,Standard,03-03-2024
3810,Arjun Chowdhury,arjun.chowdhury10@gmail.com,8386 Park Avenue,Sydney,Queensland,Australia,4969,-33.912674,151.203381,Individual,Bronze,66,3854.34,22-03-2024,38,1063.43,Standard,04-04-2024
3811,Lucas Chowdhury,lucas.chowdhury11@outlook.com,133 Park Avenue,Sydney,Abu Dhabi,UAE,42698,-33.864666,151.203689,Individual,Silver,94,17380.56,10-09-2019,28,1660.21,Standard,22-04-2024
3812,Mia Fernandez,mia.fernandez12@yahoo.com,3949 Park Avenue,New York,Alberta,Canada,H7B 4A4,40.674449,-74.039181,Corporate,Bronze,63,2267.77,24-10-2022,70,6800.24,Standard,21-02-2024
3813,Carlos Ibrahim,carlos.ibrahim13@hotmail.com,414 Hillcrest Ave,Mumbai,Hamburg,Germany,97056,19.036219,72.913503,Corporate,Bronze,72,13864.62,03-06-2019,16,6322.65,International Priority,14-02-2024
3814,Carlos Garcia,carlos.garcia14@icloud.com,4329 Victoria Road,Toronto,Florida,USA,24058,43.675873,-79.40214,Corporate,Bronze,57,24331.69,01-04-2022,108,3750.61,Overnight,23-08-2024
3815,John Patel,john.patel15@gmail.com,8774 Victoria Road,New York,Gujarat,India,269193,40.704295,-73.98694,Corporate,,75,35004.3,24-08-2019,118,1181.52,International Priority,31-03-2024
3816,Raj Smith,raj.smith16@outlook.com,6696 Victoria Road,London,New South Wales,Australia,2960,51.533177,-0.129739,SME,,53,37706.93,08-04-2022,21,1906.57,International Priority,21-09-2024
3817,Yuki Wang,yuki.wang17@yahoo.com,7345 Victoria Road,Berlin,Quebec,Canada,V2C 3B4,52.522179,13.379037,SME,Bronze,89,16260.85,05-09-2021,52,6240.52,Express,14-08-2024
3818,Ivan Khan,ivan.khan18@hotmail.com,4216 Sunset Blvd,Singapore,Bavaria,Germany,43442,1.344251,103.841314,Individual,Silver,62,39198.68,18-04-2021,27,320.18,International Priority,07-01-2024
3819,Mohammed Clark,mohammed.clark19@icloud.com,3196 King Street,Berlin,Queensland,Australia,7803,52.508108,13.42958,SME,,56,40964.94,04-06-2021,17,754.37,Overnight,27-04-2024
3820,Sara Kim,sara.kim20@gmail.com,8428 Oak Street,Dubai,Scotland,UK,SE7 7AB,25.181242,55.23868,Individual,Gold,58,49146.93,05-05-2021,38,1443.36,International Priority,09-10-2024
3821,Wei Wang,wei.wang21@outlook.com,2244 King Street,Dubai,Tamil Nadu,India,744020,25.183292,55.313418,Individual,,70,3708.33,25-12-2022,17,75.89,Standard,07-04-2024
3822,Noah Muller,noah.muller22@yahoo.com,1173 Main St,Sydney,Hamburg,Germany,24582,-33.896574,151.209017,SME,Gold,77,46714.32,06-03-2021,83,5900.87,International Priority,10-10-2024
3823,Sophia Wang,sophia.wang23@hotmail.com,8460 Maple Road,Singapore,England,UK,SW7 3AA,1.308907,103.772145,Individual,,72,43873.93,25-11-2024,37,707.57,Express,20-06-2024
3824,Sara Garcia,sara.garcia24@icloud.com,7357 Oak Street,Berlin,Abu Dhabi,UAE,43858,52.565166,13.415582,Corporate,Bronze,61,13981.66,21-11-2021,98,1431.83,Overnight,14-08-2024
3825,Anna Patel,anna.patel25@gmail.com,2699 Lake View Rd,Toronto,Texas,USA,39752,43.629807,-79.343305,Individual,,65,38089.31,14-07-2022,40,1407.15,Standard,14-04-2024
3826,Laura Patel,laura.patel26@outlook.com,537 Market Street,Mumbai,Scotland,UK,W5 5AA,19.072165,72.837251,Corporate,Bronze,60,3504.49,15-05-2020,16,7866.14,International Priority,28-04-2024
3827,Sara Mehta,sara.mehta27@yahoo.com,998 Victoria Road,London,Berlin,Germany,60334,51.485302,-0.120864,SME,Bronze,42,5956.1,05-06-2023,30,966.32,Standard,28-01-2024
3828,David Lee,david.lee28@hotmail.com,1632 Main St,Dubai,East Region,Singapore,102319,25.197246,55.239244,SME,,69,41982.46,27-06-2021,25,347.94,International Priority,23-11-2024
3829,Carlos Fernandez,carlos.fernandez29@icloud.com,9902 Victoria Road,Toronto,Hamburg,Germany,20076,43.695138,-79.423796,Individual,Gold,54,16805.16,02-08-2020,7,641.9,Overnight,19-03-2024
3830,Maria Costa,maria.costa30@gmail.com,2877 Hillcrest Ave,London,East Region,Singapore,405599,51.520508,-0.101727,Corporate,Gold,61,46864.51,23-02-2020,41,941.77,International Priority,22-04-2024
3831,Ivan Johnson,ivan.johnson31@outlook.com,4376 Market Street,London,Abu Dhabi,UAE,54931,51.48984,-0.125164,Individual,,88,41989.98,04-01-2020,15,1183.66,Express,14-06-2024
3832,Raj Ali,raj.ali32@yahoo.com,1804 King Street,Mumbai,New York,USA,24791,19.058313,72.922837,SME,Bronze,92,16429.9,23-01-2020,22,468.61,Standard,29-10-2024
3833,Isabella Smith,isabella.smith33@hotmail.com,3633 Lake View Rd,Singapore,Central Region,Singapore,237489,1.312022,103.77066,Individual,Gold,48,42163.64,06-02-2024,34,1491.03,Overnight,19-03-2024
3834,Emma Nair,emma.nair34@icloud.com,6401 Maple Road,Sydney,East Region,Singapore,109808,-33.846186,151.177147,Individual,Silver,76,1853.22,25-11-2024,47,2426.66,International Priority,30-04-2024
3835,Elena Clark,elena.clark35@gmail.com,3631 Lake View Rd,Berlin,England,UK,NW9 5BA,52.533126,13.377664,Corporate,Bronze,84,34611.92,25-03-2024,105,6338.6,Overnight,11-01-2024
3836,Yuki Nguyen,yuki.nguyen36@outlook.com,4975 Lake View Rd,Mumbai,England,UK,NW8 6AB,19.074979,72.925844,SME,,64,35286.52,21-05-2020,14,179.15,International Priority,14-08-2024
3837,Olivia Brown,olivia.brown37@yahoo.com,6445 King Street,Toronto,California,USA,91144,43.627549,-79.432765,Individual,Bronze,92,37109.28,17-07-2019,34,767.32,Express,22-01-2024
3838,Maria Chowdhury,maria.chowdhury38@hotmail.com,6839 Victoria Road,Sydney,Wales,UK,SW7 1AA,-33.881946,151.162227,Corporate,Silver,94,32128.93,24-03-2021,88,7051.3,Express,24-12-2024
3839,Sara Nguyen,sara.nguyen39@icloud.com,7990 King Street,Toronto,Victoria,Australia,5928,43.669724,-79.382269,Individual,Silver,54,27535.57,14-09-2021,26,158.44,Standard,14-03-2024
3840,David Tanaka,david.tanaka40@gmail.com,4883 King Street,Sydney,New York,USA,48827,-33.836525,151.196556,Corporate,Gold,100,42839.72,10-01-2020,37,2840.61,Express,20-08-2024
3841,Liam Fernandez,liam.fernandez41@outlook.com,8513 Oak Street,Singapore,Gujarat,India,650772,1.323663,103.793083,Corporate,Silver,47,35994.86,21-03-2021,46,7011.43,Overnight,28-01-2024
3842,John Ibrahim,john.ibrahim42@yahoo.com,9094 Market Street,Dubai,West Region,Singapore,214318,25.177162,55.269338,Individual,Bronze,85,33056.51,10-07-2024,64,3441.06,Overnight,02-07-2024
3843,Maria Lopez,maria.lopez43@hotmail.com,1962 Victoria Road,Toronto,Hesse,Germany,36486,43.621204,-79.41667,SME,Gold,41,6022.9,06-06-2021,101,2461.22,Standard,21-11-2024
3844,Liam Mehta,liam.mehta44@icloud.com,6526 Market Street,Mumbai,Tamil Nadu,India,308028,19.066441,72.920559,SME,Silver,97,45564.47,05-07-2020,18,1547.58,International Priority,25-11-2024
3845,James Johnson,james.johnson45@gmail.com,4185 Market Street,Sydney,Central Region,Singapore,487418,-33.884414,151.206855,Corporate,Gold,52,39317.01,17-07-2023,88,7341.48,Standard,24-07-2024
3846,Wei Singh,wei.singh46@outlook.com,923 King Street,Sydney,New South Wales,Australia,3929,-33.830881,151.228943,SME,Gold,78,9982.42,16-08-2022,120,3783.74,Express,15-01-2024
3847,Ahmed Patel,ahmed.patel47@yahoo.com,6045 Lake View Rd,London,East Region,Singapore,321368,51.469539,-0.124138,Corporate,,85,11052.69,13-07-2021,101,5721.16,Express,15-10-2024
3848,Sophia Ibrahim,sophia.ibrahim48@hotmail.com,1590 Maple Road,London,West Region,Singapore,356442,51.480007,-0.160524,SME,Gold,48,6114.49,10-06-2019,28,1217.71,Standard,05-04-2024
3849,Arjun Patel,arjun.patel49@icloud.com,745 Market Street,New York,Central Region,Singapore,549450,40.705789,-73.983815,Individual,Gold,63,14591.31,24-07-2023,53,7521.5,Express,16-12-2024
3850,Daniel Brown,daniel.brown50@gmail.com,7810 Victoria Road,Toronto,Sharjah,UAE,81512,43.684782,-79.399779,SME,Silver,76,42543,23-05-2019,8,1877.25,Standard,01-11-2024
3851,David Smith,david.smith51@outlook.com,4042 Oak Street,London,Queensland,Australia,4255,51.479612,-0.13837,Corporate,Bronze,40,40970.89,11-11-2019,90,3208.08,Standard,21-06-2024
3852,Anna Tanaka,anna.tanaka52@yahoo.com,7356 Victoria Road,New York,Ontario,Canada,M8B 2C1,40.747954,-74.052954,Corporate,Bronze,65,3851.09,10-12-2019,16,6444.76,Overnight,07-12-2024
3853,Wei Clark,wei.clark53@hotmail.com,4851 Oak Street,Dubai,Quebec,Canada,M8C 6B6,25.168353,55.281915,SME,Silver,51,7110.16,30-08-2024,24,1511.83,Standard,08-02-2024
3854,Wei Rossi,wei.rossi54@icloud.com,2673 Market Street,Dubai,Ontario,Canada,H3B 6B9,25.233063,55.310947,Individual,Bronze,54,33226.69,27-07-2024,27,1827.54,Express,04-11-2024
3855,Olivia Petrov,olivia.petrov55@gmail.com,1047 Maple Road,London,California,USA,41294,51.556746,-0.153187,Corporate,Gold,63,42884.89,03-09-2022,62,7284.92,International Priority,29-12-2024
3856,Ivan Rossi,ivan.rossi56@outlook.com,1392 Oak Street,Toronto,England,UK,W7 9BB,43.63731,-79.36347,Corporate,,88,43643.99,14-05-2023,77,4877.06,International Priority,12-06-2024
3857,Laura Das,laura.das57@yahoo.com,1576 Victoria Road,Sydney,New South Wales,Australia,2722,-33.826421,151.222085,Corporate,Gold,75,4818.12,26-01-2020,74,3785.1,International Priority,22-03-2024
3858,Sophia Lopez,sophia.lopez58@hotmail.com,9325 Maple Road,Berlin,Karnataka,India,257739,52.517579,13.369375,Corporate,Gold,87,665.62,06-03-2024,68,4557.26,Overnight,16-09-2024
3859,Ivan Singh,ivan.singh59@icloud.com,8172 Sunset Blvd,Singapore,Abu Dhabi,UAE,26047,1.335261,103.78392,Corporate,,97,18867.37,12-08-2024,79,6317.8,International Priority,11-12-2024
3860,Liam Fernandez,liam.fernandez60@gmail.com,6409 Oak Street,Toronto,Karnataka,India,466899,43.63734,-79.427264,Individual,Silver,84,17762.36,26-07-2023,17,75.66,Standard,28-06-2024
3861,Emma Dubois,emma.dubois61@outlook.com,84 Park Avenue,Singapore,Karnataka,India,656498,1.391177,103.826833,SME,Gold,64,9591.43,18-11-2024,9,890.06,Standard,23-05-2024
3862,Laura Patel,laura.patel62@yahoo.com,1834 Lake View Rd,Mumbai,Maharashtra,India,620116,19.116815,72.8302,Individual,Gold,45,35655.4,04-02-2019,31,1391.99,Standard,22-01-2024
3863,Daniel Smith,daniel.smith63@hotmail.com,132 Oak Street,Dubai,Dubai,UAE,79924,25.225978,55.265756,Individual,Silver,69,26268.33,13-02-2019,22,563.69,Express,14-06-2024
3864,Noah Johnson,noah.johnson64@icloud.com,4308 King Street,London,Alberta,Canada,M6A 8A1,51.472202,-0.113127,Corporate,Gold,75,47574.96,27-01-2021,113,4675.63,Express,05-06-2024
3865,Chen Nguyen,chen.nguyen65@gmail.com,6218 Sunset Blvd,London,Delhi,India,735358,51.518092,-0.08694,Individual,Gold,76,42958.53,04-05-2021,32,918.8,Standard,02-07-2024
3866,Amit Rossi,amit.rossi66@outlook.com,7755 Main St,Singapore,Abu Dhabi,UAE,8105,1.397456,103.77547,Corporate,Bronze,51,3761.48,19-04-2019,47,5736.94,International Priority,14-08-2024
3867,Wei Nguyen,wei.nguyen67@yahoo.com,6024 King Street,Sydney,Dubai,UAE,63076,-33.910886,151.192102,Individual,Silver,63,41661.91,01-05-2019,61,3073.25,Express,14-10-2024
3868,Olivia Martin,olivia.martin68@hotmail.com,1583 Maple Road,Singapore,Scotland,UK,SW5 9BA,1.344787,103.817934,Corporate,Gold,82,37276.65,13-03-2020,109,986.42,International Priority,13-12-2024
3869,Amit Chowdhury,amit.chowdhury69@icloud.com,7569 Main St,Mumbai,Abu Dhabi,UAE,50641,19.077033,72.872962,Corporate,Gold,52,3526.57,02-10-2022,61,6920.84,Overnight,09-08-2024
3870,David Singh,david.singh70@gmail.com,8205 Hillcrest Ave,Sydney,Quebec,Canada,V7B 7B4,-33.864623,151.215197,Individual,,76,8032.04,27-08-2023,23,1016.56,Overnight,10-07-2024
3871,Michael Rossi,michael.rossi71@outlook.com,9147 Lake View Rd,Mumbai,Gujarat,India,212575,19.104576,72.858887,Individual,,57,46092.03,03-04-2020,27,1544.46,Standard,21-04-2024
3872,Ivan Chowdhury,ivan.chowdhury72@yahoo.com,9401 Oak Street,Berlin,Dubai,UAE,28011,52.51635,13.363522,SME,,100,15829.56,07-06-2020,20,1780.02,Overnight,28-07-2024
3873,Daniel Singh,daniel.singh73@hotmail.com,9732 Maple Road,Dubai,California,USA,88885,25.229976,55.292909,SME,Gold,81,38215.8,15-11-2024,19,1089.65,Express,04-03-2024
3874,Carlos Dubois,carlos.dubois74@icloud.com,3633 Sunset Blvd,London,Abu Dhabi,UAE,97045,51.54533,-0.168058,SME,Gold,90,13983.7,23-02-2019,30,102.54,International Priority,22-07-2024
3875,Arjun Das,arjun.das75@gmail.com,1675 Lake View Rd,London,Hamburg,Germany,63004,51.466207,-0.096655,Individual,,71,48652.18,28-09-2021,33,7038.09,International Priority,15-05-2024
3876,Mohammed Costa,mohammed.costa76@outlook.com,670 King Street,Berlin,Hesse,Germany,33399,52.548028,13.424666,Individual,Bronze,53,38260.7,26-03-2023,31,1630.22,Overnight,19-05-2024
3877,Liam Costa,liam.costa77@yahoo.com,7770 Hillcrest Ave,New York,Hesse,Germany,78035,40.74399,-74.010137,Corporate,Bronze,44,31091.98,29-09-2022,85,4064.98,Standard,26-11-2024
3878,Lucas Costa,lucas.costa78@hotmail.com,7819 Main St,Dubai,Dubai,UAE,51973,25.242383,55.282726,SME,Bronze,99,22925.5,18-04-2024,29,816.25,Express,05-02-2024
3879,Isabella Ibrahim,isabella.ibrahim79@icloud.com,1755 Main St,Sydney,British Columbia,Canada,V4C 8B5,-33.839465,151.233616,Corporate,Bronze,47,17976.9,30-07-2024,109,7767.87,Express,04-08-2024
3880,Isabella Hassan,isabella.hassan80@gmail.com,5647 Oak Street,Berlin,Delhi,India,623160,52.545998,13.401717,Corporate,Silver,49,49877.42,16-12-2021,18,3303.48,International Priority,30-10-2024
3881,Daniel Nair,daniel.nair81@outlook.com,367 Lake View Rd,Sydney,New South Wales,Australia,2189,-33.870887,151.248121,Corporate,,81,39835.93,07-03-2022,27,422.35,Overnight,18-04-2024
3882,James Ali,james.ali82@yahoo.com,1450 Hillcrest Ave,Singapore,Queensland,Australia,2966,1.38079,103.856604,Corporate,Gold,96,33582.9,05-05-2020,21,4753.36,Express,26-10-2024
3883,Amit Singh,amit.singh83@hotmail.com,6186 Hillcrest Ave,Toronto,Victoria,Australia,7477,43.6891,-79.354628,SME,,100,29541.75,29-08-2023,104,5577.58,Express,10-07-2024
3884,Wei Patel,wei.patel84@icloud.com,4663 Hillcrest Ave,London,Quebec,Canada,M3A 5A6,51.476231,-0.110308,Corporate,Bronze,96,7002.61,13-01-2019,84,6731.39,Standard,09-10-2024
3885,Raj Chowdhury,raj.chowdhury85@gmail.com,2866 King Street,Sydney,Scotland,UK,W4 4BA,-33.917539,151.221688,Individual,Gold,53,7378.76,25-05-2021,28,366.19,Overnight,02-10-2024
3886,Liam Ibrahim,liam.ibrahim86@outlook.com,3985 Oak Street,Mumbai,West Region,Singapore,269013,19.033297,72.891427,Individual,Silver,63,30447.57,24-05-2023,40,633.45,Express,31-03-2024
3887,Carlos Muller,carlos.muller87@yahoo.com,8394 Maple Road,Sydney,Illinois,USA,68318,-33.850764,151.159817,Individual,,41,28983.41,15-02-2023,96,2687.92,International Priority,11-08-2024
3888,Yuki Martin,yuki.martin88@hotmail.com,9174 Victoria Road,Toronto,Illinois,USA,32306,43.665569,-79.406359,SME,Gold,52,17627.99,17-11-2022,14,1172.96,International Priority,28-09-2024
3889,Chen Lopez,chen.lopez89@icloud.com,5701 Lake View Rd,Dubai,Berlin,Germany,77074,25.249309,55.236172,Corporate,Gold,70,44119.98,02-07-2020,73,4705.79,Standard,07-10-2024
3890,David Rossi,david.rossi90@gmail.com,9229 Main St,London,Bavaria,Germany,29542,51.488618,-0.170251,SME,Bronze,91,4374.53,26-08-2019,82,5101.94,International Priority,09-05-2024
3891,James Tanaka,james.tanaka91@outlook.com,8306 Lake View Rd,Singapore,Abu Dhabi,UAE,69808,1.358832,103.793152,Corporate,Bronze,59,3028,09-11-2019,68,5721.18,Express,07-06-2024
3892,Ivan Singh,ivan.singh92@yahoo.com,5686 Maple Road,Berlin,Queensland,Australia,6187,52.50811,13.410499,SME,,47,8960.65,28-06-2022,11,1020.24,Express,21-12-2024
3893,Liam Lee,liam.lee93@hotmail.com,5857 Lake View Rd,Singapore,Sharjah,UAE,15781,1.314335,103.819245,SME,Silver,57,12959.93,18-10-2019,18,1732.04,Overnight,19-09-2024
3894,Wei Patel,wei.patel94@icloud.com,6857 Oak Street,Toronto,Central Region,Singapore,468279,43.67316,-79.371575,Corporate,Gold,61,30536.44,19-05-2020,20,1688.24,Overnight,02-05-2024
3895,Elena Petrov,elena.petrov95@gmail.com,6660 Maple Road,London,Queensland,Australia,5413,51.534537,-0.096581,SME,Bronze,78,11409.99,24-11-2024,113,1622.27,Overnight,19-02-2024
3896,Ivan Martin,ivan.martin96@outlook.com,9564 Main St,Sydney,Berlin,Germany,58228,-33.918596,151.177203,Corporate,,94,13138.98,20-03-2022,103,449.39,Overnight,05-04-2024
3897,Wei Rossi,wei.rossi97@yahoo.com,3357 Park Avenue,Dubai,Maharashtra,India,765278,25.233106,55.248145,Individual,Bronze,64,5627.6,21-03-2020,16,997.29,Overnight,21-01-2024
3898,Laura Johnson,laura.johnson98@hotmail.com,9637 Park Avenue,New York,Scotland,UK,SE1 5AA,40.748632,-74.022334,Individual,,71,3226.51,12-04-2022,117,2443.9,International Priority,29-03-2024
3899,Mohammed Martin,mohammed.martin99@icloud.com,1411 Main St,Dubai,Abu Dhabi,UAE,23023,25.182108,55.273931,Individual,Bronze,54,45316.57,14-07-2021,21,1171.54,Standard,06-08-2024
3900,Sophia Brown,sophia.brown0@gmail.com,5796 Victoria Road,New York,Scotland,UK,W8 5BA,40.721697,-73.974373,SME,Silver,88,16667.66,05-08-2021,9,531.38,Express,18-02-2024
3901,Michael Das,michael.das1@outlook.com,792 Market Street,Mumbai,England,UK,SE8 1BB,19.108521,72.878419,Individual,Gold,79,38439.07,15-06-2023,38,440.5,International Priority,18-08-2024
3902,Noah Johnson,noah.johnson2@yahoo.com,6481 Market Street,Dubai,England,UK,NW9 2AB,25.200456,55.266268,Corporate,Bronze,93,7132.41,10-12-2024,11,1388.12,Overnight,24-08-2024
3903,Anna Ibrahim,anna.ibrahim3@hotmail.com,5211 Lake View Rd,London,Berlin,Germany,41423,51.522693,-0.152633,Individual,Gold,55,23877.9,09-05-2024,67,5284.07,Overnight,22-03-2024
3904,Laura Clark,laura.clark4@icloud.com,3055 Victoria Road,New York,Illinois,USA,54199,40.676728,-73.970164,Individual,,60,20198.71,05-11-2022,7,219.87,Express,03-04-2024
3905,Emma Ali,emma.ali5@gmail.com,6119 Sunset Blvd,Berlin,Hamburg,Germany,75478,52.482804,13.397832,SME,Silver,56,9955.02,19-04-2019,83,5720.18,Standard,20-05-2024
3906,Anna Brown,anna.brown6@outlook.com,3460 Maple Road,London,Wales,UK,W3 3BA,51.54911,-0.133698,Corporate,Gold,47,48037.57,24-07-2020,109,2874.3,International Priority,23-08-2024
3907,Liam Petrov,liam.petrov7@yahoo.com,8671 Hillcrest Ave,Berlin,Berlin,Germany,47220,52.47031,13.449575,SME,Bronze,73,17548.5,27-07-2023,21,1048.77,Express,13-06-2024
3908,Liam Nair,liam.nair8@hotmail.com,4513 Lake View Rd,Dubai,Scotland,UK,SW4 6AA,25.200809,55.242062,SME,Gold,69,12712.68,08-03-2021,30,1588.63,Overnight,28-02-2024
3909,Noah Brown,noah.brown9@icloud.com,8154 Hillcrest Ave,Berlin,Alberta,Canada,K9C 5A4,52.521952,13.414624,Corporate,Gold,44,44610.22,29-11-2020,112,1927.98,International Priority,23-10-2024
3910,Liam Brown,liam.brown10@gmail.com,1661 Sunset Blvd,New York,New South Wales,Australia,6837,40.741208,-74.001147,SME,,49,16287.26,07-10-2020,32,873.22,Standard,23-09-2024
3911,Ivan Muller,ivan.muller11@outlook.com,2956 Market Street,London,California,USA,39217,51.504622,-0.148903,Corporate,Silver,96,43689.94,02-06-2021,20,7471.82,International Priority,26-11-2024
3912,Ivan Fernandez,ivan.fernandez12@yahoo.com,1910 Sunset Blvd,Sydney,British Columbia,Canada,H7A 7C3,-33.899093,151.203366,Individual,Silver,61,32489.34,02-09-2024,26,707.45,Standard,09-11-2024
3913,Sophia Khan,sophia.khan13@hotmail.com,6129 Oak Street,Toronto,Maharashtra,India,552789,43.618983,-79.350825,Corporate,Gold,100,32517.43,28-08-2020,91,3489.91,International Priority,26-08-2024
3914,Ahmed Sharma,ahmed.sharma14@icloud.com,3506 King Street,New York,Hamburg,Germany,35733,40.689377,-74.010794,Corporate,Gold,72,44527.96,29-10-2019,64,1317.94,Standard,30-03-2024
3915,Amit Clark,amit.clark15@gmail.com,8764 Lake View Rd,New York,Gujarat,India,679158,40.679027,-73.965412,Corporate,,75,31537.88,10-09-2021,3,1478.59,International Priority,30-10-2024
3916,Wei Ibrahim,wei.ibrahim16@outlook.com,9569 Victoria Road,Sydney,Dubai,UAE,92204,-33.847582,151.224375,SME,Gold,59,12027.13,23-01-2024,37,54.34,Overnight,28-02-2024
3917,Elena Ali,elena.ali17@yahoo.com,2671 Victoria Road,London,Hamburg,Germany,29348,51.470533,-0.114406,Corporate,,98,34586.42,31-01-2022,29,1235.66,Express,14-07-2024
3918,Sara Smith,sara.smith18@hotmail.com,6928 Park Avenue,London,East Region,Singapore,341291,51.537975,-0.077821,Corporate,Silver,56,29264.94,04-10-2022,100,7272.01,Standard,21-10-2024
3919,Ahmed Nair,ahmed.nair19@icloud.com,237 Sunset Blvd,Singapore,West Region,Singapore,750312,1.326148,103.835625,Corporate,Silver,89,4069.37,15-10-2022,45,5535.51,Express,11-04-2024
3920,Mia Garcia,mia.garcia20@gmail.com,6221 Oak Street,Dubai,New South Wales,Australia,2898,25.22624,55.31082,Individual,,70,10223.27,10-09-2023,9,793.48,Express,03-03-2024
3921,Priya Ali,priya.ali21@outlook.com,9856 Hillcrest Ave,Berlin,Alberta,Canada,H3C 5B9,52.545798,13.451502,Corporate,Gold,50,41371.97,11-11-2019,46,2094.22,Express,25-06-2024
3922,Sophia Fernandez,sophia.fernandez22@yahoo.com,2039 Market Street,Dubai,New South Wales,Australia,7631,25.232043,55.242984,SME,Silver,47,42703.58,13-01-2020,34,2895.42,Overnight,17-09-2024
3923,Lucas Ali,lucas.ali23@hotmail.com,1547 King Street,Sydney,Dubai,UAE,86145,-33.904337,151.169677,Corporate,Bronze,57,28832.47,11-11-2021,108,7398.65,Overnight,22-06-2024
3924,Michael Hassan,michael.hassan24@icloud.com,2581 Victoria Road,Dubai,England,UK,SE5 6BA,25.243978,55.2578,Corporate,,91,9786.41,30-05-2019,48,7408.43,International Priority,16-06-2024
3925,Michael Das,michael.das25@gmail.com,7264 Lake View Rd,Sydney,Queensland,Australia,4948,-33.86028,151.162516,Individual,Silver,76,23373.07,19-04-2022,36,1777.77,Standard,16-06-2024
3926,Priya Singh,priya.singh26@outlook.com,1356 Maple Road,London,Victoria,Australia,5437,51.539097,-0.13769,Corporate,Silver,99,22732.24,16-06-2020,48,3959.45,Overnight,01-08-2024
3927,Mohammed Johnson,mohammed.johnson27@yahoo.com,2562 Oak Street,Berlin,Central Region,Singapore,115578,52.484557,13.411312,SME,Silver,53,48405.36,29-10-2024,97,601.44,Express,12-05-2024
3928,Ahmed Clark,ahmed.clark28@hotmail.com,2974 Sunset Blvd,Dubai,England,UK,SW2 9BB,25.202889,55.306623,Corporate,Bronze,44,23448.94,04-01-2025,8,5892.9,Express,22-07-2024
3929,David Singh,david.singh29@icloud.com,295 Hillcrest Ave,New York,Central Region,Singapore,628891,40.747824,-74.010674,SME,Bronze,42,23520.34,27-07-2023,22,437.02,International Priority,25-02-2024
3930,Arjun Muller,arjun.muller30@gmail.com,2856 Hillcrest Ave,Mumbai,Bavaria,Germany,60533,19.116394,72.897624,Individual,Bronze,98,37933.31,25-06-2019,6,3875.8,Standard,23-02-2024
3931,Ahmed Das,ahmed.das31@outlook.com,1455 Victoria Road,Singapore,Scotland,UK,NW3 8BA,1.328673,103.84914,Corporate,Gold,87,15650.68,11-02-2023,112,1053.16,Overnight,21-11-2024
3932,Fatima Garcia,fatima.garcia32@yahoo.com,9772 Hillcrest Ave,Toronto,Alberta,Canada,H2C 3C7,43.640175,-79.369347,Individual,,58,19404.85,29-03-2019,39,1315.74,International Priority,30-08-2024
3933,David Chowdhury,david.chowdhury33@hotmail.com,3400 Park Avenue,New York,Queensland,Australia,4415,40.692325,-74.014967,Corporate,Gold,85,40535.84,14-10-2022,53,6206.76,Standard,08-08-2024
3934,Chen Ali,chen.ali34@icloud.com,4086 Sunset Blvd,London,West Region,Singapore,437799,51.492122,-0.101378,SME,Bronze,52,39773.44,31-08-2021,15,886.44,Overnight,05-12-2024
3935,Mia Garcia,mia.garcia35@gmail.com,5864 Victoria Road,Toronto,Wales,UK,NW9 3BB,43.632571,-79.421519,Individual,,54,45578.08,09-07-2024,22,899.24,International Priority,24-06-2024
3936,David Lopez,david.lopez36@outlook.com,9355 Sunset Blvd,Mumbai,Dubai,UAE,64942,19.076732,72.895134,Corporate,Gold,45,4329.55,08-06-2023,51,1810.25,Express,06-03-2024
3937,Arjun Nair,arjun.nair37@yahoo.com,853 Lake View Rd,Mumbai,Sharjah,UAE,16375,19.060604,72.866051,SME,Gold,47,2261.92,22-10-2023,35,1338.46,Express,11-06-2024
3938,Elena Costa,elena.costa38@hotmail.com,5838 Hillcrest Ave,Berlin,Victoria,Australia,6636,52.500832,13.398391,Individual,Gold,58,13681.91,19-11-2023,27,1396.19,Standard,20-03-2024
3939,John Dubois,john.dubois39@icloud.com,4469 Oak Street,Toronto,British Columbia,Canada,T2C 2C5,43.653135,-79.383278,Corporate,Bronze,55,13352.19,09-07-2019,23,2833.63,Standard,23-12-2024
3940,Amit Tanaka,amit.tanaka40@gmail.com,3993 Hillcrest Ave,Berlin,Tamil Nadu,India,226030,52.482409,13.439159,Individual,Silver,65,44040.42,28-10-2024,13,54.26,International Priority,18-08-2024
3941,David Dubois,david.dubois41@outlook.com,8170 Lake View Rd,New York,West Region,Singapore,338351,40.699786,-74.033097,Corporate,,81,30968.19,29-01-2020,86,2896.78,Overnight,20-01-2024
3942,Lucas Tanaka,lucas.tanaka42@yahoo.com,4470 Park Avenue,Sydney,British Columbia,Canada,K5B 8B3,-33.869095,151.162261,SME,Bronze,88,45205.37,22-04-2020,40,3157.27,Standard,23-04-2024
3943,James Smith,james.smith43@hotmail.com,6904 Market Street,Sydney,Illinois,USA,85818,-33.862157,151.164357,SME,,98,17039.28,11-06-2020,40,1187.34,Overnight,20-04-2024
3944,Elena Brown,elena.brown44@icloud.com,9249 Maple Road,Sydney,Texas,USA,22643,-33.916395,151.167131,Individual,Bronze,52,6602.4,14-10-2023,7,128.52,International Priority,04-04-2024
3945,Arjun Das,arjun.das45@gmail.com,7724 Main St,Toronto,Texas,USA,25645,43.679434,-79.428008,Individual,Gold,65,48689.1,15-03-2019,10,7794.2,Express,02-10-2024
3946,Amit Martin,amit.martin46@outlook.com,5432 Victoria Road,Sydney,Victoria,Australia,6443,-33.859864,151.251556,Corporate,Gold,40,34200.41,22-06-2019,115,7476.41,International Priority,16-02-2024
3947,Sophia Fernandez,sophia.fernandez47@yahoo.com,7563 King Street,New York,Sharjah,UAE,65860,40.681726,-73.960852,SME,Silver,57,23720.95,01-03-2021,36,774.52,International Priority,19-06-2024
3948,Priya Singh,priya.singh48@hotmail.com,8694 Lake View Rd,Berlin,Hesse,Germany,47140,52.533427,13.396918,Corporate,Silver,68,6035.68,15-08-2019,50,4414.93,International Priority,20-11-2024
3949,John Rossi,john.rossi49@icloud.com,3134 Hillcrest Ave,Toronto,East Region,Singapore,425580,43.669005,-79.396616,SME,,80,23459.79,31-10-2024,6,171.84,Express,12-01-2024
3950,Noah Muller,noah.muller50@gmail.com,6407 Oak Street,Berlin,Sharjah,UAE,5684,52.540073,13.363828,Individual,Silver,71,22450.13,12-04-2021,42,5107.27,Standard,25-11-2024
3951,Noah Ali,noah.ali51@outlook.com,8013 Park Avenue,Toronto,Hesse,Germany,25237,43.645606,-79.395818,Corporate,Silver,52,49974.64,19-01-2023,74,1938.45,Standard,17-05-2024
3952,Sara Martin,sara.martin52@yahoo.com,3024 Market Street,Berlin,Hamburg,Germany,43525,52.501425,13.416695,Corporate,,74,30617.29,19-05-2023,118,5182.24,Express,06-02-2024
3953,Sophia Johnson,sophia.johnson53@hotmail.com,8344 Maple Road,Mumbai,Abu Dhabi,UAE,58613,19.05291,72.842667,SME,Bronze,57,5677.19,18-06-2023,88,7365.03,International Priority,17-09-2024
3954,Mohammed Kim,mohammed.kim54@icloud.com,3816 King Street,Berlin,Central Region,Singapore,102023,52.555715,13.446937,SME,Silver,80,847.21,29-12-2019,30,1740.24,Express,12-12-2024
3955,Emma Kim,emma.kim55@gmail.com,145 Market Street,Sydney,New South Wales,Australia,6559,-33.918307,151.183457,SME,Bronze,64,27821.84,22-04-2019,33,558.38,Express,06-06-2024
3956,Carlos Costa,carlos.costa56@outlook.com,6901 Victoria Road,Mumbai,Ontario,Canada,V4A 7A8,19.04,72.917067,Individual,Gold,52,44854.81,02-05-2023,30,4739.96,Overnight,21-04-2024
3957,Sophia Lopez,sophia.lopez57@yahoo.com,923 Main St,Berlin,Bavaria,Germany,95092,52.567115,13.429889,Corporate,Silver,81,9684.49,22-09-2020,36,1191.39,Standard,15-02-2024
3958,Priya Patel,priya.patel58@hotmail.com,2887 Maple Road,Toronto,Maharashtra,India,260123,43.646085,-79.431543,SME,Gold,50,43390.2,10-02-2024,30,571.37,Standard,29-05-2024
3959,Noah Dubois,noah.dubois59@icloud.com,8219 Park Avenue,Toronto,Dubai,UAE,46252,43.674059,-79.379214,Individual,Gold,42,8079.32,25-10-2019,74,232.95,Standard,22-02-2024
3960,John Das,john.das60@gmail.com,9778 Market Street,Singapore,Dubai,UAE,67109,1.36306,103.836294,SME,Bronze,79,30007.22,05-08-2022,77,1742.14,Standard,26-09-2024
3961,Fatima Das,fatima.das61@outlook.com,4925 Oak Street,Toronto,Texas,USA,81569,43.675286,-79.333377,Corporate,,62,29942.79,21-05-2021,108,3196.73,International Priority,16-10-2024
3962,Elena Muller,elena.muller62@yahoo.com,2642 Hillcrest Ave,London,Alberta,Canada,V9B 5C3,51.478645,-0.109557,SME,Silver,74,30842.01,14-02-2020,30,1423.36,Overnight,04-12-2024
3963,Ivan Sharma,ivan.sharma63@hotmail.com,7029 King Street,New York,Florida,USA,67956,40.729675,-74.01202,Corporate,Bronze,58,15964.69,19-12-2020,113,6058.63,International Priority,11-01-2024
3964,Anna Singh,anna.singh64@icloud.com,4316 Market Street,Toronto,Abu Dhabi,UAE,15368,43.679477,-79.397887,Individual,,98,28666.26,14-06-2021,28,1754.96,Overnight,04-06-2024
3965,Yuki Muller,yuki.muller65@gmail.com,3104 King Street,Mumbai,Sharjah,UAE,83771,19.071137,72.849413,Individual,Gold,90,28571.75,06-11-2021,3,2980.85,International Priority,03-11-2024
3966,Mia Kim,mia.kim66@outlook.com,1908 Hillcrest Ave,Singapore,Hesse,Germany,76457,1.329222,103.862756,SME,Silver,93,26271.59,26-10-2022,40,1547.23,International Priority,27-08-2024
3967,Priya Patel,priya.patel67@yahoo.com,7942 Park Avenue,Toronto,Ontario,Canada,M5B 6C2,43.616579,-79.353838,Corporate,Gold,71,49475.07,28-12-2022,43,3338.76,International Priority,08-05-2024
3968,Emma Khan,emma.khan68@hotmail.com,5249 Maple Road,London,Scotland,UK,SW9 6AA,51.490598,-0.106251,Corporate,Gold,76,14175.21,02-08-2019,16,290.74,Standard,15-07-2024
3969,Yuki Petrov,yuki.petrov69@icloud.com,4980 Hillcrest Ave,Sydney,Delhi,India,279010,-33.828091,151.198264,Corporate,Silver,43,26252.23,27-10-2023,84,7597.59,Standard,04-02-2024
3970,Fatima Ali,fatima.ali70@gmail.com,2016 Sunset Blvd,Mumbai,West Region,Singapore,214497,19.07554,72.876652,SME,,64,26173.26,16-09-2024,2,1158.33,Overnight,08-08-2024
3971,Yuki Smith,yuki.smith71@outlook.com,2772 Sunset Blvd,London,Bavaria,Germany,93360,51.547178,-0.099887,Corporate,,90,22642.89,21-01-2021,100,6316.17,Express,15-10-2024
3972,John Kim,john.kim72@yahoo.com,876 Victoria Road,Sydney,Dubai,UAE,88381,-33.852311,151.25159,Corporate,Silver,53,8309.32,22-11-2023,7,4567.94,Standard,27-08-2024
3973,Mohammed Khan,mohammed.khan73@hotmail.com,4307 Park Avenue,Dubai,West Region,Singapore,600590,25.208597,55.26303,Corporate,Silver,57,23774.99,21-03-2020,51,337.08,International Priority,13-05-2024
3974,Michael Nair,michael.nair74@icloud.com,8583 Park Avenue,Dubai,Hamburg,Germany,50082,25.247356,55.27998,Corporate,Bronze,83,38992.46,11-06-2024,116,7915.92,International Priority,29-01-2024
3975,Raj Nguyen,raj.nguyen75@gmail.com,4226 Maple Road,Mumbai,Maharashtra,India,779428,19.039021,72.895004,SME,Bronze,46,10109.46,10-06-2024,10,293.38,International Priority,20-02-2024
3976,Mia Petrov,mia.petrov76@outlook.com,7214 Oak Street,Berlin,Sharjah,UAE,40411,52.47253,13.441114,SME,Gold,55,26968.73,05-10-2023,33,137.04,Overnight,25-04-2024
3977,Lucas Chowdhury,lucas.chowdhury77@yahoo.com,5628 Sunset Blvd,New York,Tamil Nadu,India,575114,40.75569,-73.988071,Corporate,Silver,84,29699.4,07-08-2020,118,1851.98,Express,18-04-2024
3978,Mohammed Lee,mohammed.lee78@hotmail.com,5666 Market Street,Singapore,East Region,Singapore,492401,1.383181,103.826899,Corporate,,76,13061.9,13-05-2021,34,305.18,Overnight,29-06-2024
3979,Noah Rossi,noah.rossi79@icloud.com,4387 King Street,New York,Scotland,UK,SE4 7BA,40.737091,-74.039344,Individual,Gold,74,49487.29,18-11-2024,37,1472.24,Standard,09-02-2024
3980,Priya Das,priya.das80@gmail.com,5064 Sunset Blvd,London,Hamburg,Germany,26270,51.4792,-0.093347,Individual,Gold,66,45139.3,16-12-2021,6,694.07,Overnight,24-02-2024
3981,Maria Patel,maria.patel81@outlook.com,9529 Oak Street,Sydney,Queensland,Australia,6126,-33.856538,151.244545,Corporate,Gold,60,12439.49,04-04-2022,77,4795.07,Express,07-04-2024
3982,Amit Tanaka,amit.tanaka82@yahoo.com,4284 Oak Street,New York,Hesse,Germany,38533,40.674927,-73.999318,Corporate,Gold,51,23835.56,15-06-2019,93,1928.04,Overnight,19-08-2024
3983,John Garcia,john.garcia83@hotmail.com,2502 Oak Street,Sydney,Illinois,USA,71511,-33.849764,151.254541,Individual,,53,11724.48,19-04-2020,3,1987.98,Standard,22-02-2024
3984,Emma Anderson,emma.anderson84@icloud.com,4277 Park Avenue,Sydney,British Columbia,Canada,M5B 1C3,-33.86834,151.219203,Individual,Gold,62,2419.1,18-09-2021,9,1568.69,Standard,22-01-2024
3985,Noah Ali,noah.ali85@gmail.com,1797 Market Street,London,Quebec,Canada,V8A 3B1,51.516372,-0.092977,Corporate,Silver,70,21629.36,30-05-2022,19,1042.11,Standard,03-04-2024
3986,Ivan Mehta,ivan.mehta86@outlook.com,8889 Victoria Road,London,Illinois,USA,59386,51.459976,-0.162249,SME,Bronze,74,32932.93,21-01-2019,23,1921.06,International Priority,22-06-2024
3987,Amit Dubois,amit.dubois87@yahoo.com,8054 Market Street,London,Sharjah,UAE,66788,51.469374,-0.107583,SME,,43,16999.66,01-12-2024,19,133.72,Standard,27-09-2024
3988,Anna Martin,anna.martin88@hotmail.com,4490 Lake View Rd,New York,Alberta,Canada,V2C 3A4,40.759963,-73.975969,Corporate,Silver,72,1542.4,07-01-2024,89,4345.11,Overnight,29-07-2024
3989,Noah Lopez,noah.lopez89@icloud.com,2040 Oak Street,Dubai,Gujarat,India,496012,25.197299,55.320704,Corporate,Silver,51,12926.31,05-03-2021,26,736.37,International Priority,15-03-2024
3990,Sophia Rossi,sophia.rossi90@gmail.com,1404 Market Street,London,West Region,Singapore,639368,51.545762,-0.085894,Individual,Silver,66,11106.96,04-11-2022,36,665.41,Standard,17-12-2024
3991,Mia Clark,mia.clark91@outlook.com,1751 Lake View Rd,Singapore,East Region,Singapore,225642,1.321626,103.781885,Individual,Bronze,86,45688.15,07-05-2022,33,56.18,Express,27-09-2024
3992,Yuki Singh,yuki.singh92@yahoo.com,2849 Victoria Road,New York,Alberta,Canada,V8C 6A7,40.725662,-74.032433,SME,Bronze,44,32892.02,30-08-2021,70,3430.19,International Priority,30-01-2024
3993,Sophia Smith,sophia.smith93@hotmail.com,1083 Oak Street,London,Ontario,Canada,V5B 3B1,51.527689,-0.093777,Corporate,Bronze,53,9847.5,07-05-2024,112,1649.38,Overnight,07-05-2024
3994,Chen Sharma,chen.sharma94@icloud.com,2701 Victoria Road,Toronto,New York,USA,57975,43.6286,-79.374155,Individual,Silver,56,14540.6,05-12-2024,17,1919.35,International Priority,06-12-2024
3995,Sophia Nair,sophia.nair95@gmail.com,9756 Oak Street,Sydney,Dubai,UAE,47471,-33.834712,151.204724,SME,Bronze,68,34461.91,13-07-2020,6,1027.42,Standard,28-04-2024
3996,Elena Fernandez,elena.fernandez96@outlook.com,655 King Street,Singapore,Scotland,UK,W8 3AB,1.393863,103.842956,SME,Gold,77,10724.83,27-07-2023,8,1170.65,Standard,22-01-2024
3997,Emma Das,emma.das97@yahoo.com,6103 Park Avenue,London,Ontario,Canada,T2C 9C6,51.523032,-0.105166,SME,Bronze,72,48079.19,08-07-2019,31,399.99,Standard,18-02-2024
3998,Daniel Mehta,daniel.mehta98@hotmail.com,2521 Maple Road,Mumbai,New South Wales,Australia,4933,19.106009,72.916855,Individual,,64,2975.09,18-05-2021,15,1294.75,International Priority,08-03-2024
3999,Raj Rossi,raj.rossi99@icloud.com,9067 Hillcrest Ave,Sydney,British Columbia,Canada,V3C 3C8,-33.832965,151.221018,Individual,Silver,47,17935.75,15-08-2021,12,56.37,International Priority,31-01-2024
4000,John Costa,john.costa0@gmail.com,1226 Market Street,Sydney,Scotland,UK,SE1 3BA,-33.835146,151.184222,Corporate,Silver,82,46458.19,14-03-2023,113,3902.32,Standard,19-06-2024
4001,Olivia Lopez,olivia.lopez1@outlook.com,454 Maple Road,London,Texas,USA,92666,51.539264,-0.089095,Corporate,Gold,86,42203.57,23-05-2020,57,3828.1,Standard,22-10-2024
4002,Lucas Ibrahim,lucas.ibrahim2@yahoo.com,3050 Victoria Road,Dubai,Scotland,UK,W9 5BA,25.197358,55.232,SME,Bronze,89,37793.78,07-08-2019,9,646.41,Overnight,21-04-2024
4003,David Ali,david.ali3@hotmail.com,4406 Sunset Blvd,Berlin,California,USA,83440,52.555168,13.374846,SME,Bronze,80,12851.34,24-02-2020,5,1595.96,Overnight,20-04-2024
4004,Ahmed Petrov,ahmed.petrov4@icloud.com,3103 Oak Street,Dubai,Tamil Nadu,India,445193,25.236073,55.252835,Individual,,46,22352.77,26-02-2023,9,5443.57,Express,18-05-2024
4005,Isabella Hassan,isabella.hassan5@gmail.com,7372 Park Avenue,London,Illinois,USA,51201,51.46614,-0.167688,Individual,Gold,64,31069.54,24-01-2024,14,882.13,International Priority,07-07-2024
4006,Wei Patel,wei.patel6@outlook.com,5876 Victoria Road,Sydney,Gujarat,India,408724,-33.819667,151.186459,Corporate,,89,36721.68,15-03-2019,23,4131.67,Standard,17-04-2024
4007,Sara Lee,sara.lee7@yahoo.com,6945 Hillcrest Ave,Singapore,Maharashtra,India,252662,1.373614,103.836277,Corporate,,80,29956.61,14-07-2019,27,2884.17,Express,15-08-2024
4008,Isabella Mehta,isabella.mehta8@hotmail.com,3904 Hillcrest Ave,Mumbai,New York,USA,30676,19.075337,72.912544,Corporate,Silver,88,18608.27,09-09-2024,97,2287.3,Overnight,16-03-2024
4009,Fatima Nair,fatima.nair9@icloud.com,6476 Lake View Rd,Singapore,Victoria,Australia,2311,1.32116,103.844219,Individual,Silver,79,7582.7,17-02-2023,19,1892.72,International Priority,20-03-2024
4010,John Mehta,john.mehta10@gmail.com,4338 Park Avenue,Singapore,Hesse,Germany,52126,1.36974,103.77392,SME,Bronze,91,22071.95,23-09-2019,29,319.64,Express,25-11-2024
4011,Yuki Clark,yuki.clark11@outlook.com,7581 Main St,Sydney,Florida,USA,48591,-33.893921,151.230907,Corporate,Bronze,64,15948.07,31-03-2022,73,1768.7,International Priority,26-01-2024
4012,Lucas Kim,lucas.kim12@yahoo.com,4049 King Street,Dubai,Alberta,Canada,H8A 2A9,25.205756,55.295782,Corporate,,65,25315.43,16-03-2022,88,7248.86,Overnight,25-05-2024
4013,Raj Fernandez,raj.fernandez13@hotmail.com,8892 Victoria Road,Mumbai,Victoria,Australia,7380,19.067947,72.838339,Individual,Bronze,97,11937.87,14-01-2021,118,3810.27,Express,17-03-2024
4014,Daniel Patel,daniel.patel14@icloud.com,2019 Main St,New York,New South Wales,Australia,7643,40.703522,-73.970286,Corporate,,45,6469.73,06-03-2019,43,3848.37,Standard,03-11-2024
4015,Priya Clark,priya.clark15@gmail.com,4604 Sunset Blvd,Toronto,Quebec,Canada,H7B 4A6,43.701463,-79.376099,SME,Bronze,94,5873.43,30-01-2024,4,134.23,Overnight,19-05-2024
4016,Wei Wang,wei.wang16@outlook.com,1478 Victoria Road,Sydney,Hamburg,Germany,98625,-33.867004,151.186881,Individual,Bronze,62,15135.72,11-11-2021,92,7296.13,Express,07-07-2024
4017,John Martin,john.martin17@yahoo.com,9699 Main St,London,Victoria,Australia,7626,51.536771,-0.153148,Corporate,Silver,70,35433.47,09-11-2020,29,3681.11,International Priority,10-01-2024
4018,Liam Martin,liam.martin18@hotmail.com,3388 Main St,New York,Tamil Nadu,India,357152,40.666021,-73.971965,Corporate,Silver,62,13314.18,09-07-2023,54,5485.52,Overnight,06-12-2024
4019,Lucas Mehta,lucas.mehta19@icloud.com,2409 Market Street,Toronto,Central Region,Singapore,578097,43.687811,-79.337081,Individual,Silver,44,13702.06,20-09-2023,23,1115.26,Standard,16-09-2024
4020,Olivia Tanaka,olivia.tanaka20@gmail.com,8758 Sunset Blvd,London,Hesse,Germany,13748,51.464403,-0.082006,Individual,Silver,50,3069.26,20-03-2023,55,1852.06,International Priority,28-05-2024
4021,Noah Fernandez,noah.fernandez21@outlook.com,1033 Main St,Singapore,Dubai,UAE,82821,1.328371,103.856675,Corporate,Gold,57,991.37,29-04-2022,69,7895.28,Express,14-04-2024
4022,Raj Patel,raj.patel22@yahoo.com,6233 Hillcrest Ave,Berlin,Ontario,Canada,K4A 4A1,52.5606,13.376963,SME,Silver,58,33913.69,12-02-2024,27,1184.05,Express,31-08-2024
4023,Noah Hassan,noah.hassan23@hotmail.com,4662 Lake View Rd,London,Bavaria,Germany,92105,51.499179,-0.143866,Individual,Gold,69,4035.93,03-01-2020,36,594.35,Express,23-03-2024
4024,Isabella Costa,isabella.costa24@icloud.com,8971 Main St,Mumbai,Florida,USA,19735,19.079341,72.905604,SME,Silver,56,17404.26,08-11-2024,36,645.44,Standard,28-12-2024
4025,Priya Lopez,priya.lopez25@gmail.com,3136 Park Avenue,Mumbai,East Region,Singapore,561829,19.109596,72.909337,Corporate,Bronze,57,36133.39,25-04-2022,70,626.14,Overnight,17-07-2024
4026,Anna Das,anna.das26@outlook.com,7024 Main St,Berlin,Berlin,Germany,21208,52.49004,13.428847,SME,,43,32675.85,17-08-2020,16,1914.79,International Priority,08-09-2024
4027,David Dubois,david.dubois27@yahoo.com,6740 Victoria Road,New York,Gujarat,India,747971,40.753328,-73.961904,Corporate,Bronze,56,26068.04,01-01-2025,88,7148.44,Standard,19-04-2024
4028,Chen Johnson,chen.johnson28@hotmail.com,3022 Hillcrest Ave,Toronto,Central Region,Singapore,471036,43.701189,-79.368261,Corporate,Bronze,100,27200.1,08-02-2023,5,2518.07,Express,25-12-2024
4029,John Nair,john.nair29@icloud.com,6741 King Street,London,Texas,USA,56669,51.51756,-0.17116,Corporate,Gold,97,14742.54,23-04-2023,101,1892.65,Express,27-12-2024
4030,James Khan,james.khan30@gmail.com,8986 Maple Road,Mumbai,England,UK,SE7 4AB,19.12444,72.844307,Corporate,Silver,53,38976.96,13-10-2021,23,6622.49,Standard,21-03-2024
4031,Anna Muller,anna.muller31@outlook.com,5749 Main St,New York,Ontario,Canada,H6C 2B7,40.702309,-73.999843,SME,,76,35111.38,24-08-2020,9,413.12,International Priority,02-02-2024
4032,Elena Singh,elena.singh32@yahoo.com,785 Hillcrest Ave,Berlin,Central Region,Singapore,232394,52.513615,13.44972,Corporate,,83,7863.66,15-09-2022,48,6290.3,Overnight,20-04-2024
4033,Anna Tanaka,anna.tanaka33@hotmail.com,8508 Lake View Rd,Dubai,Quebec,Canada,M6C 7C8,25.160058,55.320032,Corporate,Silver,67,2991.16,26-02-2020,40,4303.82,International Priority,11-08-2024
4034,Anna Wang,anna.wang34@icloud.com,7217 Main St,Sydney,Hamburg,Germany,45382,-33.901805,151.239269,SME,Gold,98,38139.4,20-04-2022,41,7912.54,Standard,06-05-2024
4035,Emma Johnson,emma.johnson35@gmail.com,9147 Oak Street,Dubai,Queensland,Australia,6567,25.254189,55.315071,Individual,Gold,57,47664.81,29-03-2019,6,786.54,Overnight,14-11-2024
4036,Arjun Sharma,arjun.sharma36@outlook.com,6826 Park Avenue,Dubai,Florida,USA,59340,25.226488,55.27508,SME,Gold,93,7512.04,11-08-2024,14,99.51,International Priority,06-05-2024
4037,Amit Wang,amit.wang37@yahoo.com,8270 Market Street,Mumbai,Wales,UK,SW8 5BB,19.03397,72.896126,SME,,87,46638.22,22-06-2022,9,961.86,International Priority,05-07-2024
4038,Laura Hassan,laura.hassan38@hotmail.com,2082 King Street,Singapore,Illinois,USA,16672,1.335781,103.814978,SME,Gold,66,18629,07-03-2021,36,1749,Standard,27-06-2024
4039,Mohammed Rossi,mohammed.rossi39@icloud.com,7023 Sunset Blvd,Singapore,British Columbia,Canada,V1A 7B4,1.384166,103.799466,Corporate,Gold,98,22682.87,18-12-2020,104,4812.59,Express,18-09-2024
4040,Maria Smith,maria.smith40@gmail.com,3297 Sunset Blvd,Berlin,Illinois,USA,77700,52.48965,13.438198,Corporate,,68,32585.34,18-02-2021,69,3873.44,Express,01-09-2024
4041,Ahmed Patel,ahmed.patel41@outlook.com,9249 Sunset Blvd,London,England,UK,SE1 3BB,51.523955,-0.174706,Corporate,,95,31436.23,19-03-2020,7,6941.7,Express,25-05-2024
4042,David Costa,david.costa42@yahoo.com,981 Market Street,Singapore,New South Wales,Australia,7131,1.386089,103.861138,Individual,Bronze,69,19639.66,27-01-2021,36,263.78,Overnight,04-12-2024
4043,Wei Sharma,wei.sharma43@hotmail.com,8267 Park Avenue,Dubai,Bavaria,Germany,77024,25.237566,55.236858,Corporate,,68,6783.73,02-07-2021,104,1500.82,Express,22-08-2024
4044,Noah Fernandez,noah.fernandez44@icloud.com,7927 Victoria Road,Singapore,Karnataka,India,587095,1.367123,103.794438,Individual,Silver,43,47362.37,20-04-2022,24,1323.36,Standard,21-03-2024
4045,Fatima Wang,fatima.wang45@gmail.com,5629 Oak Street,Dubai,Florida,USA,25278,25.235857,55.264241,Corporate,,73,12919.55,01-08-2020,97,5459.11,Overnight,30-07-2024
4046,Raj Clark,raj.clark46@outlook.com,6867 Lake View Rd,Toronto,East Region,Singapore,578548,43.624504,-79.402477,SME,,49,2912.52,27-10-2023,9,402.38,International Priority,29-01-2024
4047,Michael Patel,michael.patel47@yahoo.com,9278 Sunset Blvd,Mumbai,Tamil Nadu,India,459776,19.105577,72.852368,Corporate,Gold,75,47456.82,14-07-2023,6,2576.89,Standard,27-10-2024
4048,Olivia Muller,olivia.muller48@hotmail.com,729 Lake View Rd,Mumbai,Ontario,Canada,H5A 6A2,19.053627,72.840337,Individual,Bronze,47,9057.76,13-08-2019,118,3819.76,International Priority,20-12-2024
4049,Liam Petrov,liam.petrov49@icloud.com,8896 Park Avenue,London,Berlin,Germany,79655,51.474274,-0.11555,Individual,Gold,56,44596.41,29-07-2023,4,473.37,Standard,07-06-2024
4050,Olivia Dubois,olivia.dubois50@gmail.com,6656 Maple Road,Singapore,Abu Dhabi,UAE,82156,1.326906,103.783707,Corporate,Bronze,48,42297.9,05-04-2019,12,5646.96,Express,04-10-2024
4051,Raj Khan,raj.khan51@outlook.com,2487 King Street,Singapore,Berlin,Germany,82309,1.390095,103.81655,SME,Gold,84,2641.68,21-04-2024,24,1248.68,Standard,16-07-2024
4052,Fatima Nguyen,fatima.nguyen52@yahoo.com,9762 Victoria Road,Sydney,Illinois,USA,63288,-33.858728,151.214268,Corporate,Silver,79,19940.58,26-09-2020,14,666.81,Standard,18-09-2024
4053,Ivan Johnson,ivan.johnson53@hotmail.com,9849 Oak Street,New York,West Region,Singapore,448127,40.718996,-74.001237,Corporate,Gold,77,31573.19,19-06-2023,41,905.54,Express,12-01-2024
4054,James Garcia,james.garcia54@icloud.com,6213 Market Street,Toronto,Victoria,Australia,6474,43.675791,-79.345616,Corporate,Gold,41,47112.13,27-04-2020,21,625.61,International Priority,28-01-2024
4055,Elena Lopez,elena.lopez55@gmail.com,525 Main St,Mumbai,Bavaria,Germany,52698,19.096654,72.890239,SME,Silver,98,34896.84,16-02-2024,21,1961.16,International Priority,17-09-2024
4056,Priya Clark,priya.clark56@outlook.com,1128 Sunset Blvd,Toronto,Texas,USA,33919,43.680164,-79.347229,Individual,Silver,74,29804.17,07-09-2023,10,1353.86,Standard,16-10-2024
4057,Lucas Nair,lucas.nair57@yahoo.com,1118 Maple Road,Mumbai,Texas,USA,34430,19.031316,72.864175,SME,,61,44435.83,06-05-2019,13,1714.29,Overnight,08-02-2024
4058,Mohammed Dubois,mohammed.dubois58@hotmail.com,8354 Maple Road,Toronto,Maharashtra,India,641458,43.610951,-79.388608,Individual,Gold,63,40954.41,16-12-2023,25,335.13,Express,05-11-2024
4059,Priya Rossi,priya.rossi59@icloud.com,5810 King Street,Berlin,Bavaria,Germany,77402,52.472127,13.440979,Individual,Silver,70,20513.55,13-12-2020,7,543.14,Express,08-06-2024
4060,Laura Singh,laura.singh60@gmail.com,6906 Sunset Blvd,Dubai,Florida,USA,93716,25.205997,55.29514,Individual,Silver,77,45693.23,03-06-2021,21,343.8,Standard,21-08-2024
4061,Mia Dubois,mia.dubois61@outlook.com,6502 Main St,Mumbai,Delhi,India,601864,19.089321,72.921743,SME,,41,48995.23,21-06-2022,72,7756.48,Overnight,23-09-2024
4062,Fatima Tanaka,fatima.tanaka62@yahoo.com,4600 Lake View Rd,Toronto,Central Region,Singapore,509224,43.651216,-79.361894,Corporate,Bronze,80,37890.01,23-07-2021,119,5403.93,International Priority,10-10-2024
4063,Mia Johnson,mia.johnson63@hotmail.com,6968 Park Avenue,Singapore,Wales,UK,EC8 3BB,1.379751,103.787196,Corporate,Silver,73,32049.89,30-10-2024,10,5093.37,Overnight,08-11-2024
4064,Daniel Fernandez,daniel.fernandez64@icloud.com,2079 Oak Street,New York,Central Region,Singapore,385899,40.759162,-74.00161,Corporate,Silver,86,38216.2,21-06-2021,56,5511.42,Express,08-01-2024
4065,Isabella Mehta,isabella.mehta65@gmail.com,7303 Market Street,Berlin,Sharjah,UAE,54697,52.555966,13.428375,Corporate,Gold,64,14455.97,27-08-2022,26,7762.24,International Priority,19-03-2024
4066,Anna Mehta,anna.mehta66@outlook.com,4497 Maple Road,Berlin,Tamil Nadu,India,170766,52.495313,13.410527,Corporate,,43,46108.14,21-01-2023,88,1139.54,Express,27-06-2024
4067,Michael Das,michael.das67@yahoo.com,9740 Main St,New York,Delhi,India,120953,40.729154,-74.003811,SME,Gold,67,17224.59,26-09-2021,20,4501.49,Express,09-09-2024
4068,Chen Nguyen,chen.nguyen68@hotmail.com,6824 Sunset Blvd,Toronto,Florida,USA,42231,43.60388,-79.420593,SME,Bronze,82,47478.28,31-10-2024,108,2066.25,Standard,12-05-2024
4069,Raj Mehta,raj.mehta69@icloud.com,7592 Hillcrest Ave,Singapore,Alberta,Canada,T2A 6C9,1.346796,103.853098,SME,,74,27141.52,21-07-2020,13,1137.05,Express,02-06-2024
4070,Mia Lee,mia.lee70@gmail.com,1998 King Street,London,British Columbia,Canada,V9B 1A6,51.507458,-0.120188,SME,Gold,42,18581.39,13-03-2019,42,4861.32,Express,17-03-2024
4071,Laura Lopez,laura.lopez71@outlook.com,2902 Market Street,New York,Queensland,Australia,2726,40.708027,-74.038145,SME,Silver,98,32624.94,12-03-2022,20,618.75,Overnight,08-03-2024
4072,Mohammed Rossi,mohammed.rossi72@yahoo.com,5739 Maple Road,Toronto,Quebec,Canada,K2C 5C8,43.622705,-79.402044,SME,Silver,78,4955.67,13-01-2019,37,1322.86,International Priority,29-12-2024
4073,Liam Chowdhury,liam.chowdhury73@hotmail.com,8494 Oak Street,New York,Maharashtra,India,380533,40.7156,-73.971816,SME,,93,29284.09,12-11-2022,14,1064.77,Standard,28-10-2024
4074,Wei Dubois,wei.dubois74@icloud.com,8912 Main St,New York,Victoria,Australia,4774,40.7129,-73.992299,Corporate,Silver,40,41815.83,28-07-2023,119,5182.84,Express,21-10-2024
4075,Olivia Lopez,olivia.lopez75@gmail.com,6747 King Street,Mumbai,East Region,Singapore,115827,19.068547,72.905144,Individual,Gold,70,48704.07,27-04-2020,6,1165.89,Overnight,13-06-2024
4076,Chen Singh,chen.singh76@outlook.com,3602 Sunset Blvd,Toronto,Illinois,USA,12660,43.606978,-79.390598,SME,,53,42341.07,06-08-2020,8,1147.05,Express,30-07-2024
4077,Fatima Lee,fatima.lee77@yahoo.com,5217 Sunset Blvd,London,Central Region,Singapore,733155,51.553971,-0.147507,Individual,Silver,61,36179.03,14-11-2023,26,1363.61,International Priority,26-08-2024
4078,James Smith,james.smith78@hotmail.com,330 Oak Street,Dubai,Hesse,Germany,72487,25.185759,55.261783,SME,Silver,51,11610.71,30-10-2022,32,1915.22,Overnight,13-06-2024
4079,David Anderson,david.anderson79@icloud.com,3352 Hillcrest Ave,Mumbai,Sharjah,UAE,6518,19.036634,72.846375,SME,Bronze,76,15995.2,03-05-2019,34,340.13,Standard,09-05-2024
4080,Ahmed Nair,ahmed.nair80@gmail.com,9160 Park Avenue,New York,Dubai,UAE,55999,40.688316,-74.022111,Corporate,Bronze,66,40529.02,26-08-2020,93,1611.05,Overnight,19-04-2024
4081,Fatima Lopez,fatima.lopez81@outlook.com,5624 Market Street,Dubai,Gujarat,India,390337,25.204023,55.313136,Individual,,82,43786.44,22-07-2023,55,3225.56,Express,03-11-2024
4082,Olivia Ali,olivia.ali82@yahoo.com,5752 Park Avenue,Sydney,Tamil Nadu,India,380424,-33.90003,151.237841,Corporate,Bronze,75,10638.13,09-01-2023,96,5715.45,International Priority,17-07-2024
4083,Mia Smith,mia.smith83@hotmail.com,4030 Lake View Rd,Dubai,Victoria,Australia,2412,25.180884,55.245931,Corporate,Gold,60,23049.12,23-08-2020,79,2062.51,International Priority,30-12-2024
4084,Carlos Clark,carlos.clark84@icloud.com,3392 Sunset Blvd,New York,New York,USA,71963,40.673173,-73.99633,Individual,Silver,76,38814.58,14-11-2023,13,1253.39,International Priority,31-07-2024
4085,Mohammed Costa,mohammed.costa85@gmail.com,7505 Park Avenue,New York,Wales,UK,EC3 6AB,40.670901,-74.001863,Corporate,Silver,52,5854.44,25-12-2021,35,4164.89,Overnight,26-01-2024
4086,Mohammed Lee,mohammed.lee86@outlook.com,7837 King Street,Singapore,Gujarat,India,411868,1.342299,103.781672,SME,Silver,49,5850.5,18-01-2020,27,703.22,Standard,15-01-2024
4087,James Costa,james.costa87@yahoo.com,1567 Lake View Rd,Toronto,England,UK,SE2 2BA,43.612034,-79.337423,SME,,69,29048.7,16-04-2023,30,1703.14,International Priority,03-05-2024
4088,Chen Chowdhury,chen.chowdhury88@hotmail.com,4998 Hillcrest Ave,Toronto,West Region,Singapore,444572,43.681703,-79.380753,SME,,65,17737.06,30-03-2023,9,7160.93,Standard,14-07-2024
4089,Olivia Fernandez,olivia.fernandez89@icloud.com,5650 Victoria Road,Mumbai,England,UK,NW3 5AA,19.077158,72.916142,SME,Bronze,79,16471.82,12-11-2022,62,6328.76,Standard,27-01-2024
4090,Liam Chowdhury,liam.chowdhury90@gmail.com,7621 Lake View Rd,London,British Columbia,Canada,V8C 3A2,51.548108,-0.151346,SME,Silver,50,47668.82,25-07-2023,13,308.46,Overnight,04-03-2024
4091,James Rossi,james.rossi91@outlook.com,8662 Oak Street,Mumbai,Texas,USA,57435,19.054594,72.88878,Corporate,Silver,100,21154.6,26-10-2019,106,6501.65,Standard,19-01-2024
4092,Sophia Brown,sophia.brown92@yahoo.com,6224 Main St,Berlin,Sharjah,UAE,72412,52.536341,13.401292,Corporate,Silver,54,15393.77,06-06-2021,98,7706.02,International Priority,26-03-2024
4093,Chen Hassan,chen.hassan93@hotmail.com,1490 Maple Road,New York,Abu Dhabi,UAE,8367,40.749013,-74.024698,SME,Silver,74,47383.55,03-03-2019,22,1778.19,Express,12-06-2024
4094,Mia Kim,mia.kim94@icloud.com,6041 Victoria Road,Dubai,England,UK,EC4 1AB,25.170828,55.279372,SME,Silver,48,31791.87,27-05-2024,18,70.98,International Priority,06-01-2024
4095,Arjun Muller,arjun.muller95@gmail.com,2412 Main St,Sydney,Sharjah,UAE,77924,-33.885511,151.170906,Corporate,Gold,65,31565.95,11-10-2023,38,221.91,International Priority,05-05-2024
4096,John Tanaka,john.tanaka96@outlook.com,3931 Market Street,New York,West Region,Singapore,467787,40.734677,-74.020802,Individual,Silver,40,32049.7,07-02-2020,23,788.91,Overnight,19-03-2024
4097,Anna Mehta,anna.mehta97@yahoo.com,607 Hillcrest Ave,New York,New York,USA,34978,40.752505,-73.996062,Corporate,Gold,64,6988.9,19-08-2020,6,3856.5,International Priority,09-12-2024
4098,Arjun Anderson,arjun.anderson98@hotmail.com,4433 Victoria Road,Mumbai,Ontario,Canada,M2B 6C2,19.103725,72.910194,Corporate,Silver,47,3878.2,18-02-2021,26,7955.66,Express,04-08-2024
4099,Arjun Muller,arjun.muller99@icloud.com,7105 King Street,Sydney,Florida,USA,56185,-33.911534,151.226489,Corporate,,60,45530.26,04-12-2024,8,5063.85,Standard,15-09-2024
4100,Noah Wang,noah.wang0@gmail.com,5467 Main St,Sydney,Delhi,India,243606,-33.857372,151.239218,Corporate,,49,3542.77,08-07-2022,80,7086.32,Overnight,07-02-2024
4101,Chen Mehta,chen.mehta1@outlook.com,4487 Main St,Sydney,England,UK,SW4 5BA,-33.905495,151.164389,Corporate,Gold,91,13126.81,11-10-2022,96,2034.1,Overnight,03-06-2024
4102,Liam Nguyen,liam.nguyen2@yahoo.com,5855 Hillcrest Ave,Mumbai,Florida,USA,17179,19.033001,72.925252,Individual,Silver,63,35593.3,07-05-2020,37,619.88,Overnight,09-02-2024
4103,Ahmed Chowdhury,ahmed.chowdhury3@hotmail.com,6859 Lake View Rd,New York,Central Region,Singapore,677252,40.751724,-74.047729,SME,,92,6011.82,28-10-2021,39,1132.36,Standard,06-09-2024
4104,Laura Fernandez,laura.fernandez4@icloud.com,8303 Oak Street,Mumbai,Dubai,UAE,74022,19.115553,72.873172,SME,,97,35263.14,25-02-2021,25,664.37,Express,21-05-2024
4105,Yuki Tanaka,yuki.tanaka5@gmail.com,2862 Market Street,Toronto,Hamburg,Germany,65394,43.693986,-79.408795,Individual,Silver,64,41504.07,29-12-2021,80,1624.93,Overnight,01-09-2024
4106,Elena Singh,elena.singh6@outlook.com,9499 Park Avenue,Toronto,California,USA,13821,43.658054,-79.425207,SME,Silver,73,32555.49,21-06-2023,27,530.93,Standard,06-11-2024
4107,Olivia Mehta,olivia.mehta7@yahoo.com,4633 Lake View Rd,Mumbai,Wales,UK,SE2 4BB,19.059802,72.881337,SME,,42,44807.57,02-09-2020,39,1513.72,Standard,28-09-2024
4108,Anna Rossi,anna.rossi8@hotmail.com,9060 Lake View Rd,Sydney,Alberta,Canada,K7B 1C9,-33.918295,151.253413,SME,Silver,41,42484.09,12-09-2021,30,1488.65,Standard,18-05-2024
4109,Yuki Singh,yuki.singh9@icloud.com,8654 Market Street,Singapore,Dubai,UAE,8065,1.395801,103.866281,Individual,Bronze,94,35194.37,26-06-2022,11,1298.42,Standard,09-01-2024
4110,Chen Brown,chen.brown10@gmail.com,7688 Main St,New York,Quebec,Canada,K1B 1B1,40.731353,-73.968907,Individual,Silver,66,44227.59,15-09-2024,32,1992.85,Express,28-05-2024
4111,Priya Wang,priya.wang11@outlook.com,2164 Sunset Blvd,Mumbai,England,UK,SE5 1BA,19.06481,72.908522,SME,,41,12229.14,18-01-2022,105,362.39,Standard,24-05-2024
4112,John Khan,john.khan12@yahoo.com,6218 Victoria Road,Mumbai,Abu Dhabi,UAE,12516,19.110479,72.905047,SME,,41,7791.45,16-06-2019,5,1801.95,Express,29-07-2024
4113,Olivia Sharma,olivia.sharma13@hotmail.com,4252 Oak Street,Mumbai,Delhi,India,202390,19.106921,72.841747,SME,Gold,59,19742.91,01-05-2019,24,618.44,International Priority,04-12-2024
4114,Raj Dubois,raj.dubois14@icloud.com,7469 Park Avenue,Singapore,Abu Dhabi,UAE,70830,1.320453,103.813408,Corporate,Bronze,81,24803.35,03-11-2020,41,6131.17,Standard,14-05-2024
4115,Sara Dubois,sara.dubois15@gmail.com,187 Main St,Singapore,Gujarat,India,350242,1.397499,103.861311,Corporate,,54,22858.25,13-05-2024,25,3396.09,International Priority,29-11-2024
4116,Noah Tanaka,noah.tanaka16@outlook.com,9132 Main St,Berlin,Alberta,Canada,V9C 5A2,52.494462,13.391125,Corporate,Bronze,74,46323.78,05-07-2021,117,281.97,International Priority,10-08-2024
4117,Sara Ali,sara.ali17@yahoo.com,5793 Sunset Blvd,Toronto,Alberta,Canada,T5A 8C1,43.628122,-79.348871,Individual,Silver,74,6337.68,05-01-2019,17,152.18,Standard,13-12-2024
4118,Emma Martin,emma.martin18@hotmail.com,3289 Hillcrest Ave,Dubai,Scotland,UK,NW4 9AB,25.216661,55.300677,SME,,54,26756.87,27-01-2019,48,288.07,Express,01-06-2024
4119,James Khan,james.khan19@icloud.com,758 Main St,Sydney,Tamil Nadu,India,446884,-33.826813,151.170877,Individual,Gold,55,49582.58,05-10-2024,23,131.4,Overnight,16-09-2024
4120,Maria Rossi,maria.rossi20@gmail.com,1567 Oak Street,London,Quebec,Canada,V2B 4C3,51.537127,-0.089886,Individual,,78,43208.66,14-11-2023,10,914.34,Overnight,04-11-2024
4121,James Johnson,james.johnson21@outlook.com,5512 King Street,Singapore,Tamil Nadu,India,414899,1.341711,103.791122,Individual,Gold,67,48599.09,20-05-2023,9,176.23,Standard,12-02-2024
4122,Amit Lee,amit.lee22@yahoo.com,3697 Lake View Rd,Dubai,Quebec,Canada,K2B 6A3,25.218791,55.269615,SME,Bronze,78,22873.87,14-05-2023,9,315.02,Express,16-02-2024
4123,Noah Khan,noah.khan23@hotmail.com,397 Sunset Blvd,Singapore,Sharjah,UAE,38050,1.342046,103.83257,Corporate,Gold,83,32425.23,14-09-2019,48,5982.18,Overnight,29-03-2024
4124,Carlos Dubois,carlos.dubois24@icloud.com,2677 Hillcrest Ave,Sydney,California,USA,95336,-33.87754,151.213734,SME,Silver,57,1705.9,14-08-2019,83,2280.68,Express,20-09-2024
4125,Anna Smith,anna.smith25@gmail.com,3344 Hillcrest Ave,London,Central Region,Singapore,184148,51.540428,-0.108836,SME,Silver,66,42789.04,23-04-2020,32,1117.21,Overnight,29-07-2024
4126,Liam Wang,liam.wang26@outlook.com,2933 Victoria Road,Berlin,Hamburg,Germany,18745,52.495154,13.407994,Individual,Silver,85,3919.25,05-05-2023,37,1450.75,Standard,15-08-2024
4127,Fatima Smith,fatima.smith27@yahoo.com,8143 Oak Street,Mumbai,East Region,Singapore,360210,19.09314,72.910133,Individual,,69,17985.38,25-08-2024,29,1160.36,Standard,14-08-2024
4128,Mohammed Brown,mohammed.brown28@hotmail.com,9058 King Street,Berlin,Sharjah,UAE,34145,52.515022,13.435328,Individual,Silver,45,7799.55,07-04-2021,25,5220.88,Express,29-10-2024
4129,Lucas Kim,lucas.kim29@icloud.com,721 Victoria Road,Singapore,New South Wales,Australia,2646,1.33277,103.846619,Corporate,Silver,53,33607.66,04-11-2019,120,6474.62,Express,21-03-2024
4130,Olivia Chowdhury,olivia.chowdhury30@gmail.com,8318 Park Avenue,Berlin,East Region,Singapore,407795,52.494119,13.387398,Corporate,,44,30054.13,29-11-2019,64,507.65,International Priority,28-04-2024
4131,Yuki Ali,yuki.ali31@outlook.com,2956 Maple Road,Dubai,Texas,USA,82378,25.220327,55.296484,Corporate,Bronze,80,1465.76,02-03-2021,101,4583.91,Overnight,26-05-2024
4132,Sophia Dubois,sophia.dubois32@yahoo.com,4604 Victoria Road,New York,Victoria,Australia,2851,40.735185,-74.012239,SME,Silver,72,28398.44,03-10-2022,37,1167.97,Standard,05-11-2024
4133,Carlos Chowdhury,carlos.chowdhury33@hotmail.com,593 Oak Street,Singapore,Ontario,Canada,V7C 9C3,1.377155,103.78993,Individual,Silver,53,25095.04,15-04-2019,14,550.32,Standard,31-12-2024
4134,Maria Martin,maria.martin34@icloud.com,1231 Sunset Blvd,Singapore,Hamburg,Germany,60419,1.318594,103.796914,SME,,46,43737.07,16-07-2019,15,1718.94,International Priority,15-12-2024
4135,Wei Anderson,wei.anderson35@gmail.com,3449 Maple Road,Dubai,Berlin,Germany,58485,25.196502,55.291693,Corporate,Bronze,44,33971.73,29-09-2019,100,838.12,International Priority,07-11-2024
4136,Ahmed Khan,ahmed.khan36@outlook.com,6933 Sunset Blvd,Toronto,Alberta,Canada,H4B 3B4,43.69557,-79.370805,Individual,Bronze,86,28570.36,17-03-2023,26,379.89,Express,15-08-2024
4137,Maria Singh,maria.singh37@yahoo.com,3131 Victoria Road,London,Ontario,Canada,H4C 7C9,51.478994,-0.12849,Corporate,Bronze,42,48938.49,01-12-2024,27,7113.24,Overnight,14-11-2024
4138,Ahmed Patel,ahmed.patel38@hotmail.com,9867 Hillcrest Ave,Mumbai,Karnataka,India,449586,19.115461,72.906735,Individual,,91,1650.41,18-08-2019,22,526.12,International Priority,25-06-2024
4139,Wei Rossi,wei.rossi39@icloud.com,7344 Park Avenue,Dubai,Alberta,Canada,K1C 7C5,25.19395,55.235382,Individual,Gold,91,16413.05,17-02-2022,20,1914.87,International Priority,05-09-2024
4140,Mohammed Johnson,mohammed.johnson40@gmail.com,7686 Market Street,London,Scotland,UK,NW7 9BA,51.55159,-0.114326,SME,Gold,96,19465.85,25-11-2019,25,704.95,Overnight,20-05-2024
4141,Emma Hassan,emma.hassan41@outlook.com,3730 King Street,Sydney,East Region,Singapore,560404,-33.877163,151.161581,SME,Silver,69,17447.65,15-04-2022,8,1268.18,Standard,28-01-2024
4142,Ivan Singh,ivan.singh42@yahoo.com,8660 Oak Street,London,Ontario,Canada,M4A 6B7,51.541875,-0.127574,Corporate,Silver,99,29097.24,27-10-2019,10,5846.81,Standard,25-03-2024
4143,Ivan Patel,ivan.patel43@hotmail.com,7602 Market Street,Sydney,Scotland,UK,NW2 3AB,-33.899911,151.254797,SME,Silver,86,49007.64,09-08-2022,5,247.9,Express,31-03-2024
4144,Ivan Smith,ivan.smith44@icloud.com,7491 Main St,Dubai,Alberta,Canada,H5B 5C4,25.183849,55.287339,SME,Gold,81,40018.25,11-08-2019,21,7732.71,International Priority,26-07-2024
4145,Amit Costa,amit.costa45@gmail.com,9516 Hillcrest Ave,Singapore,Delhi,India,115190,1.376527,103.792989,SME,,59,11327.54,31-01-2024,20,1218.18,Express,10-02-2024
4146,Carlos Muller,carlos.muller46@outlook.com,4269 Hillcrest Ave,Singapore,England,UK,SE9 5BA,1.399542,103.817559,Individual,Silver,40,32547.73,29-07-2023,78,6103.04,Overnight,23-12-2024
4147,Arjun Costa,arjun.costa47@yahoo.com,8078 Lake View Rd,Toronto,East Region,Singapore,576652,43.627857,-79.420583,SME,,82,33841.48,26-12-2020,96,4599.41,Overnight,02-11-2024
4148,Isabella Muller,isabella.muller48@hotmail.com,2963 King Street,Dubai,Illinois,USA,75826,25.227375,55.315097,Corporate,Silver,70,41244.34,07-11-2024,107,4578.15,Overnight,24-02-2024
4149,Anna Garcia,anna.garcia49@icloud.com,2830 King Street,Sydney,England,UK,NW5 1AB,-33.904664,151.222019,Individual,,78,28122.16,13-03-2021,21,326.72,Standard,04-12-2024
4150,Emma Dubois,emma.dubois50@gmail.com,4907 Main St,London,Sharjah,UAE,98345,51.523192,-0.106134,Individual,,56,48048.95,21-12-2023,37,783.62,Express,08-02-2024
4151,Anna Costa,anna.costa51@outlook.com,193 King Street,London,Maharashtra,India,355222,51.521893,-0.153519,SME,Gold,48,34063.5,12-08-2023,34,1276.4,Express,01-02-2024
4152,Amit Nguyen,amit.nguyen52@yahoo.com,7724 King Street,Sydney,Victoria,Australia,2478,-33.82756,151.259033,Individual,,42,31126.12,11-08-2020,3,961.21,International Priority,12-12-2024
4153,Elena Brown,elena.brown53@hotmail.com,7196 Maple Road,Berlin,West Region,Singapore,603645,52.52349,13.392686,Corporate,Bronze,54,3272.57,26-07-2019,11,4385.93,Standard,31-03-2024
4154,Mohammed Patel,mohammed.patel54@icloud.com,6631 Victoria Road,Toronto,England,UK,SE2 5BB,43.654139,-79.363016,Corporate,Gold,54,913.79,17-02-2023,32,460.65,Overnight,13-08-2024
4155,Elena Lee,elena.lee55@gmail.com,7454 Victoria Road,New York,Dubai,UAE,43235,40.699135,-74.026437,Individual,Silver,51,26856.23,22-06-2021,29,6750.06,International Priority,18-12-2024
4156,Laura Martin,laura.martin56@outlook.com,4515 Market Street,Singapore,Sharjah,UAE,90103,1.377053,103.777921,SME,Gold,55,20525.74,20-02-2022,90,6496.61,Express,21-10-2024
4157,John Mehta,john.mehta57@yahoo.com,8868 Sunset Blvd,Mumbai,West Region,Singapore,133153,19.090299,72.898648,SME,Bronze,72,4822.52,11-01-2022,10,1162.78,International Priority,21-11-2024
4158,Anna Garcia,anna.garcia58@hotmail.com,5049 Lake View Rd,London,Central Region,Singapore,785349,51.528879,-0.095082,Individual,Bronze,75,20802.42,10-03-2019,7,729.2,International Priority,16-01-2024
4159,Anna Clark,anna.clark59@icloud.com,9585 Oak Street,Mumbai,Dubai,UAE,88488,19.107601,72.845194,Corporate,,78,21152.29,21-07-2024,67,7564.94,Overnight,12-11-2024
4160,Mia Nguyen,mia.nguyen60@gmail.com,9865 Main St,New York,British Columbia,Canada,V9B 1A2,40.66324,-74.029898,Individual,Bronze,68,24944.06,10-12-2023,33,1522.95,Overnight,14-04-2024
4161,Amit Singh,amit.singh61@outlook.com,8943 Oak Street,Dubai,Abu Dhabi,UAE,66539,25.248305,55.29327,SME,Bronze,44,2276.75,19-12-2023,15,1985.35,International Priority,03-09-2024
4162,Mohammed Mehta,mohammed.mehta62@yahoo.com,5639 Sunset Blvd,Mumbai,Ontario,Canada,V8B 2A9,19.075676,72.845289,SME,Bronze,84,39324.78,27-02-2022,39,686.65,International Priority,19-12-2024
4163,Olivia Brown,olivia.brown63@hotmail.com,7495 Park Avenue,New York,Victoria,Australia,2595,40.709476,-73.965207,Individual,Bronze,46,32347.01,20-05-2023,30,1178.38,Express,15-02-2024
4164,Sophia Hassan,sophia.hassan64@icloud.com,3229 Hillcrest Ave,Singapore,Gujarat,India,683394,1.336132,103.786752,Corporate,Silver,72,3722.77,26-10-2020,34,6648.25,Express,15-11-2024
4165,Maria Nair,maria.nair65@gmail.com,4786 King Street,Sydney,Hamburg,Germany,88707,-33.916157,151.220743,Individual,Silver,83,18429.65,27-08-2019,27,1409.48,International Priority,28-11-2024
4166,Elena Brown,elena.brown66@outlook.com,8687 Market Street,Berlin,Quebec,Canada,H2C 4B9,52.548919,13.433107,Corporate,Gold,77,32542.82,14-01-2024,92,5775.02,Standard,21-05-2024
4167,Amit Muller,amit.muller67@yahoo.com,3575 Sunset Blvd,Singapore,Abu Dhabi,UAE,7212,1.3662,103.854651,Corporate,,91,33720.83,26-07-2020,103,5482.32,International Priority,18-03-2024
4168,Raj Kim,raj.kim68@hotmail.com,3423 Maple Road,London,Dubai,UAE,14750,51.550493,-0.109732,Individual,Silver,91,27073.51,10-07-2023,31,1889.3,Standard,16-04-2024
4169,Lucas Smith,lucas.smith69@icloud.com,1797 Market Street,New York,New York,USA,24524,40.759245,-74.037389,Individual,Bronze,80,27955.69,14-08-2023,15,1286.9,Express,07-12-2024
4170,John Chowdhury,john.chowdhury70@gmail.com,9121 Main St,Mumbai,Sharjah,UAE,5760,19.058359,72.840101,Corporate,,40,16365.28,16-06-2020,93,1383.6,Express,05-07-2024
4171,Noah Das,noah.das71@outlook.com,206 Victoria Road,London,Delhi,India,408725,51.467545,-0.176446,Corporate,Silver,49,12391.33,15-07-2020,28,3420.88,Express,18-02-2024
4172,Amit Patel,amit.patel72@yahoo.com,8054 Market Street,Berlin,Scotland,UK,SE1 9BA,52.48431,13.424295,Corporate,Gold,82,49245.57,12-11-2022,104,2154.53,Standard,03-04-2024
4173,Yuki Muller,yuki.muller73@hotmail.com,7747 Main St,Sydney,England,UK,NW5 5BA,-33.898291,151.177945,Corporate,Bronze,47,35804.67,21-03-2019,57,1305.81,Overnight,02-09-2024
4174,James Garcia,james.garcia74@icloud.com,3870 Hillcrest Ave,Dubai,Dubai,UAE,30186,25.218263,55.320489,SME,,72,1036.95,13-01-2020,11,1295.45,Standard,07-06-2024
4175,Daniel Chowdhury,daniel.chowdhury75@gmail.com,3100 Hillcrest Ave,London,New York,USA,98308,51.477404,-0.084536,Individual,Silver,93,8792.58,08-07-2024,24,2124.07,Express,31-12-2024
4176,Carlos Ali,carlos.ali76@outlook.com,3821 Maple Road,Dubai,Quebec,Canada,V6B 8A2,25.199324,55.228957,Corporate,,42,5279.56,26-04-2024,13,2974.13,Overnight,05-01-2024
4177,Carlos Fernandez,carlos.fernandez77@yahoo.com,7582 Lake View Rd,New York,Karnataka,India,177424,40.711965,-73.989131,Individual,Silver,77,45459.44,24-04-2023,26,1504.02,Express,23-03-2024
4178,Fatima Lopez,fatima.lopez78@hotmail.com,9702 Victoria Road,Berlin,Illinois,USA,83773,52.500946,13.391359,Corporate,Gold,77,44887.62,15-07-2019,69,873.65,Express,02-10-2024
4179,Ahmed Wang,ahmed.wang79@icloud.com,9054 Main St,Mumbai,British Columbia,Canada,T2A 1C5,19.057366,72.828957,Individual,Bronze,69,49321.33,21-10-2020,28,1180.48,Express,17-04-2024
4180,Liam Johnson,liam.johnson80@gmail.com,7944 Hillcrest Ave,Berlin,Delhi,India,489863,52.506602,13.389,Individual,Gold,49,1001.23,01-10-2019,3,80.05,Standard,19-01-2024
4181,Mohammed Wang,mohammed.wang81@outlook.com,1796 Hillcrest Ave,Berlin,Dubai,UAE,95216,52.498596,13.453655,Corporate,Bronze,71,9638.07,15-12-2021,55,7444.35,Express,19-08-2024
4182,Elena Fernandez,elena.fernandez82@yahoo.com,4596 King Street,Toronto,England,UK,SW7 6AB,43.675463,-79.393391,Corporate,Bronze,69,45681.26,04-04-2019,68,1091.64,International Priority,16-04-2024
4183,Lucas Clark,lucas.clark83@hotmail.com,1804 Maple Road,Berlin,Tamil Nadu,India,184298,52.49413,13.420362,Individual,,43,37924.74,16-06-2023,8,172.11,Overnight,13-12-2024
4184,Ahmed Mehta,ahmed.mehta84@icloud.com,530 Victoria Road,Berlin,Sharjah,UAE,53293,52.546109,13.399535,Individual,Silver,68,42625.9,16-11-2024,15,1258.98,International Priority,30-05-2024
4185,Maria Garcia,maria.garcia85@gmail.com,8694 Oak Street,Singapore,Queensland,Australia,4797,1.331318,103.775677,Individual,Gold,91,11711.21,25-12-2024,96,4059.02,Express,31-08-2024
4186,Sophia Mehta,sophia.mehta86@outlook.com,6585 Lake View Rd,London,Bavaria,Germany,56753,51.467229,-0.105295,SME,Gold,58,19248.29,12-12-2021,3,1317.14,International Priority,12-04-2024
4187,Fatima Tanaka,fatima.tanaka87@yahoo.com,5569 Maple Road,Mumbai,Tamil Nadu,India,202808,19.034262,72.85448,Corporate,Gold,100,969.38,03-10-2019,81,330.28,Overnight,01-11-2024
4188,Mia Chowdhury,mia.chowdhury88@hotmail.com,568 Victoria Road,Singapore,Hamburg,Germany,49327,1.362343,103.774058,SME,,53,45013.34,10-03-2021,33,2373.73,Express,16-04-2024
4189,Amit Khan,amit.khan89@icloud.com,4219 Market Street,Singapore,Gujarat,India,564708,1.312503,103.783394,SME,,76,49897.94,23-03-2021,22,683.55,Standard,24-04-2024
4190,Mohammed Muller,mohammed.muller90@gmail.com,1010 Lake View Rd,London,Bavaria,Germany,32626,51.517174,-0.145231,Corporate,,74,38588.31,10-04-2021,48,6643.54,Overnight,17-11-2024
4191,Lucas Rossi,lucas.rossi91@outlook.com,6980 King Street,London,New South Wales,Australia,7574,51.495148,-0.116559,Corporate,Bronze,54,19211.63,03-02-2024,97,3237.19,Standard,28-02-2024
4192,Yuki Mehta,yuki.mehta92@yahoo.com,7623 Sunset Blvd,New York,Wales,UK,EC1 1BB,40.746369,-73.986382,SME,Gold,53,36190.93,08-08-2021,22,684.11,International Priority,21-07-2024
4193,Ahmed Lopez,ahmed.lopez93@hotmail.com,1220 Maple Road,London,Central Region,Singapore,773346,51.490128,-0.175809,Corporate,Bronze,62,24286.6,01-01-2020,32,4405.24,Express,02-11-2024
4194,Yuki Hassan,yuki.hassan94@icloud.com,4800 King Street,Toronto,British Columbia,Canada,K5C 2B4,43.654444,-79.423877,Individual,Gold,63,14488.29,27-06-2020,26,496.43,International Priority,16-07-2024
4195,Isabella Petrov,isabella.petrov95@gmail.com,3754 Main St,Toronto,Bavaria,Germany,70011,43.652078,-79.367425,Individual,Gold,100,7427.66,10-07-2022,37,1997.66,Overnight,31-05-2024
4196,Emma Smith,emma.smith96@outlook.com,7129 Lake View Rd,Singapore,Queensland,Australia,5647,1.349667,103.782809,SME,Silver,52,36764.99,05-01-2023,24,1029.91,International Priority,14-12-2024
4197,Carlos Patel,carlos.patel97@yahoo.com,4277 Lake View Rd,Dubai,Hesse,Germany,31700,25.176838,55.313108,SME,Gold,88,3935.73,02-12-2020,32,1559.42,Overnight,27-04-2024
4198,Sophia Petrov,sophia.petrov98@hotmail.com,4514 King Street,New York,England,UK,SW3 9BA,40.695048,-74.012514,Corporate,,93,3414.24,09-04-2021,55,6514.13,International Priority,11-11-2024
4199,Fatima Singh,fatima.singh99@icloud.com,7783 Market Street,Dubai,Berlin,Germany,52720,25.231814,55.269139,Corporate,,100,15673.97,13-11-2022,8,2438.59,Express,15-06-2024
4200,Michael Garcia,michael.garcia0@gmail.com,6106 Sunset Blvd,Dubai,New South Wales,Australia,5519,25.241231,55.261892,SME,,65,41372.55,02-07-2023,20,668.03,International Priority,01-10-2024
4201,Mohammed Tanaka,mohammed.tanaka1@outlook.com,6103 King Street,Singapore,Dubai,UAE,75950,1.351753,103.867097,SME,Silver,64,45327.23,21-03-2020,28,989.27,Express,23-07-2024
4202,Isabella Rossi,isabella.rossi2@yahoo.com,7394 Victoria Road,Sydney,New South Wales,Australia,7939,-33.888448,151.243612,Individual,Silver,45,31806.21,28-03-2024,6,1377.46,Standard,26-01-2024
4203,Olivia Rossi,olivia.rossi3@hotmail.com,2244 Lake View Rd,Singapore,East Region,Singapore,299131,1.368082,103.859962,Individual,Bronze,45,11368.13,21-11-2019,22,1695.3,International Priority,17-02-2024
4204,Carlos Ali,carlos.ali4@icloud.com,1476 Lake View Rd,Mumbai,West Region,Singapore,181980,19.12581,72.869934,Corporate,Gold,56,31805.74,16-03-2024,11,4644.78,International Priority,10-09-2024
4205,Emma Das,emma.das5@gmail.com,9648 Oak Street,Mumbai,Central Region,Singapore,392490,19.121604,72.9038,Individual,Gold,84,37865.29,13-02-2019,36,76.58,Standard,21-12-2024
4206,John Rossi,john.rossi6@outlook.com,6004 Lake View Rd,London,Texas,USA,83884,51.531988,-0.142061,Corporate,,94,30863.01,19-04-2021,22,349.66,Express,03-01-2024
4207,Sophia Martin,sophia.martin7@yahoo.com,425 King Street,London,Scotland,UK,SW6 5AA,51.5488,-0.149528,Corporate,,80,29703.27,03-11-2020,35,2798.91,Overnight,30-12-2024
4208,Anna Dubois,anna.dubois8@hotmail.com,9668 Victoria Road,Sydney,Sharjah,UAE,94664,-33.9037,151.252235,Corporate,,50,7331.16,21-02-2020,41,2802.77,International Priority,13-11-2024
4209,Noah Nair,noah.nair9@icloud.com,9417 Oak Street,London,Illinois,USA,15885,51.461198,-0.099318,Individual,,62,605.95,18-11-2019,32,1395.3,Express,21-06-2024
4210,Ivan Fernandez,ivan.fernandez10@gmail.com,5869 Lake View Rd,Mumbai,Scotland,UK,SE4 3BB,19.048839,72.894191,SME,,98,5491.36,31-10-2020,31,704.01,Overnight,05-07-2024
4211,Laura Nair,laura.nair11@outlook.com,1360 Park Avenue,Dubai,Abu Dhabi,UAE,54550,25.242846,55.228597,SME,,48,4832.81,02-01-2019,1,1678.24,Standard,12-06-2024
4212,Mia Johnson,mia.johnson12@yahoo.com,4067 Oak Street,Singapore,Hesse,Germany,19455,1.305397,103.808365,Individual,Gold,43,31622.28,05-04-2023,14,1641.65,Standard,08-07-2024
4213,Wei Nguyen,wei.nguyen13@hotmail.com,8355 Market Street,Berlin,Abu Dhabi,UAE,77445,52.510841,13.385311,SME,Silver,72,26225.29,06-04-2020,101,2992.24,Standard,15-04-2024
4214,Fatima Dubois,fatima.dubois14@icloud.com,1329 Market Street,Toronto,New South Wales,Australia,7531,43.662232,-79.411011,Corporate,,100,6553.63,15-06-2021,61,3063.34,Overnight,19-12-2024
4215,Olivia Anderson,olivia.anderson15@gmail.com,9504 Oak Street,Berlin,Texas,USA,89626,52.489924,13.391232,SME,Gold,64,21442.5,25-09-2023,23,1840.45,Express,25-07-2024
4216,Noah Rossi,noah.rossi16@outlook.com,2757 Hillcrest Ave,Berlin,Hesse,Germany,15344,52.480445,13.356498,Individual,,92,39142.36,01-09-2021,30,753.6,Overnight,11-05-2024
4217,Sophia Dubois,sophia.dubois17@yahoo.com,3984 Oak Street,Mumbai,New South Wales,Australia,3940,19.094664,72.910205,SME,Bronze,43,11411.33,03-10-2024,32,171.26,Overnight,12-07-2024
4218,James Costa,james.costa18@hotmail.com,6791 Park Avenue,Berlin,England,UK,SE8 8AB,52.499835,13.434208,Corporate,Bronze,79,43723.04,25-07-2022,44,4990.64,International Priority,15-08-2024
4219,Raj Nguyen,raj.nguyen19@icloud.com,9478 Lake View Rd,Singapore,Abu Dhabi,UAE,11587,1.303557,103.800108,Corporate,Gold,91,18600.79,26-06-2020,21,3180.97,Standard,26-06-2024
4220,Arjun Petrov,arjun.petrov20@gmail.com,8274 Park Avenue,Sydney,Victoria,Australia,2797,-33.912545,151.200585,Individual,Silver,60,12257,30-03-2024,10,610.31,Overnight,08-07-2024
4221,John Hassan,john.hassan21@outlook.com,6148 Victoria Road,New York,Hamburg,Germany,11225,40.728268,-73.970411,Individual,Bronze,60,28981.94,23-07-2024,3,3544.45,Overnight,29-06-2024
4222,James Fernandez,james.fernandez22@yahoo.com,4627 Market Street,London,Florida,USA,32282,51.546967,-0.173245,Individual,Bronze,54,44366.03,13-11-2022,38,610.39,International Priority,27-08-2024
4223,Priya Lopez,priya.lopez23@hotmail.com,2970 Hillcrest Ave,New York,Texas,USA,51815,40.689005,-73.998198,Corporate,Silver,87,23200.93,21-03-2023,54,7771.75,Standard,05-05-2024
4224,Ahmed Fernandez,ahmed.fernandez24@icloud.com,5488 Maple Road,Dubai,West Region,Singapore,302583,25.170066,55.262341,SME,Bronze,41,31683.73,11-05-2020,33,155.34,Express,31-01-2024
4225,Liam Martin,liam.martin25@gmail.com,7306 Hillcrest Ave,Singapore,Abu Dhabi,UAE,59584,1.369985,103.860065,SME,,59,18644.38,18-02-2021,11,1495.22,Express,12-09-2024
4226,Anna Wang,anna.wang26@outlook.com,2004 Hillcrest Ave,Singapore,New South Wales,Australia,7401,1.351087,103.847163,Individual,Silver,77,30540.08,12-06-2021,62,4661.55,Overnight,06-08-2024
4227,Elena Rossi,elena.rossi27@yahoo.com,7658 King Street,Toronto,East Region,Singapore,433869,43.695567,-79.432821,SME,Bronze,64,28170.99,07-01-2024,5,496.74,Overnight,05-06-2024
4228,Ivan Patel,ivan.patel28@hotmail.com,7514 Park Avenue,Singapore,Hesse,Germany,86091,1.364284,103.826593,SME,Silver,52,583.7,01-11-2019,10,750.83,Standard,21-11-2024
4229,Emma Nguyen,emma.nguyen29@icloud.com,8531 Hillcrest Ave,London,East Region,Singapore,329937,51.529545,-0.14232,Individual,,95,16375.51,30-04-2022,57,6197.68,Overnight,24-02-2024
4230,Elena Ali,elena.ali30@gmail.com,289 Victoria Road,Singapore,Delhi,India,328547,1.331126,103.850693,Individual,Bronze,88,32022.27,11-06-2022,83,4809.81,Standard,28-08-2024
4231,Ahmed Rossi,ahmed.rossi31@outlook.com,2572 Market Street,Berlin,England,UK,NW9 6AA,52.506037,13.37437,Corporate,Gold,59,35915.77,19-12-2021,3,483.16,Overnight,26-03-2024
4232,Fatima Fernandez,fatima.fernandez32@yahoo.com,646 Sunset Blvd,Toronto,East Region,Singapore,463804,43.613363,-79.382157,Corporate,Bronze,90,22746.54,21-07-2019,77,2553.21,Overnight,04-05-2024
4233,Olivia Martin,olivia.martin33@hotmail.com,4535 Sunset Blvd,London,Wales,UK,EC5 5AA,51.503902,-0.110315,Corporate,Bronze,55,46321.77,21-11-2020,15,769.26,Overnight,26-12-2024
4234,Chen Mehta,chen.mehta34@icloud.com,5695 Main St,Sydney,Hesse,Germany,97073,-33.818972,151.241965,Corporate,,73,42948.62,16-08-2022,18,4306.44,Express,09-05-2024
4235,Lucas Sharma,lucas.sharma35@gmail.com,6943 Oak Street,Sydney,Delhi,India,130976,-33.860506,151.245751,SME,Gold,61,3732.82,15-07-2019,31,526.86,Overnight,11-12-2024
4236,Amit Nguyen,amit.nguyen36@outlook.com,4350 Maple Road,Sydney,Texas,USA,74864,-33.820133,151.163384,SME,Gold,89,12691.49,30-07-2020,10,632.88,International Priority,25-06-2024
4237,Elena Wang,elena.wang37@yahoo.com,9820 Lake View Rd,Sydney,Sharjah,UAE,34708,-33.899235,151.200209,Corporate,Gold,59,5422.18,09-06-2023,24,5632.29,International Priority,04-12-2024
4238,Maria Anderson,maria.anderson38@hotmail.com,6342 King Street,Berlin,Ontario,Canada,K8A 4C8,52.511909,13.364056,Corporate,,60,8161.18,19-04-2022,54,1423.01,Standard,19-02-2024
4239,Fatima Johnson,fatima.johnson39@icloud.com,8246 Lake View Rd,Singapore,Quebec,Canada,H9C 2A9,1.396795,103.822041,Individual,,88,36851.04,21-09-2024,13,184.9,Standard,23-02-2024
4240,Priya Garcia,priya.garcia40@gmail.com,1966 Oak Street,New York,Dubai,UAE,66174,40.760924,-73.973287,SME,,44,951.78,26-06-2019,33,2784.82,Standard,24-01-2024
4241,Emma Sharma,emma.sharma41@outlook.com,9014 Main St,London,Berlin,Germany,28933,51.506616,-0.081023,SME,,91,18078.35,23-01-2020,33,1645.61,Standard,29-08-2024
4242,Mohammed Brown,mohammed.brown42@yahoo.com,8550 Main St,Berlin,Tamil Nadu,India,210934,52.474665,13.411981,Corporate,,42,25101.45,02-11-2023,18,3606.98,Express,27-08-2024
4243,Amit Garcia,amit.garcia43@hotmail.com,2392 Market Street,Sydney,Tamil Nadu,India,159253,-33.863593,151.203051,SME,Gold,76,9854.8,02-02-2022,64,5275.09,Standard,06-10-2024
4244,Daniel Mehta,daniel.mehta44@icloud.com,4358 Sunset Blvd,Dubai,Wales,UK,SE7 1BA,25.154914,55.300537,Individual,Silver,74,28849.74,12-03-2022,22,1941.11,Express,18-09-2024
4245,Ivan Patel,ivan.patel45@gmail.com,9919 Hillcrest Ave,Singapore,Florida,USA,97309,1.377867,103.780544,Individual,,98,48121.33,05-08-2019,35,688.26,International Priority,22-01-2024
4246,Elena Ali,elena.ali46@outlook.com,3387 Lake View Rd,New York,New South Wales,Australia,6734,40.7033,-73.993008,SME,Silver,81,26826.39,26-08-2021,11,5672.26,Express,10-03-2024
4247,David Fernandez,david.fernandez47@yahoo.com,1198 Victoria Road,Dubai,East Region,Singapore,481137,25.166064,55.224649,Corporate,Bronze,45,37290.11,25-01-2024,119,6132.59,Overnight,06-04-2024
4248,Carlos Das,carlos.das48@hotmail.com,4300 Maple Road,Toronto,Delhi,India,443580,43.66701,-79.361886,SME,Bronze,42,47750.91,19-04-2021,9,1519.6,Express,03-02-2024
4249,Noah Garcia,noah.garcia49@icloud.com,1936 Sunset Blvd,Dubai,Abu Dhabi,UAE,70175,25.170343,55.308907,Individual,,50,19557.34,21-10-2021,5,1350.78,Express,13-02-2024
4250,Sophia Muller,sophia.muller50@gmail.com,4985 King Street,Toronto,New South Wales,Australia,7392,43.60324,-79.386768,Corporate,Bronze,51,19943.85,21-02-2020,64,537.13,International Priority,04-07-2024
4251,Sara Tanaka,sara.tanaka51@outlook.com,4983 King Street,Toronto,British Columbia,Canada,K1B 3B4,43.618336,-79.408846,SME,Silver,66,34098.82,20-06-2023,54,7498.85,Standard,01-05-2024
4252,Wei Smith,wei.smith52@yahoo.com,3078 Market Street,Sydney,New South Wales,Australia,7671,-33.866158,151.211589,Corporate,Bronze,73,1649.79,10-04-2024,5,6370.36,International Priority,27-05-2024
4253,Laura Clark,laura.clark53@hotmail.com,8894 Sunset Blvd,Toronto,New York,USA,67408,43.697504,-79.415027,Corporate,Bronze,88,33751.29,28-12-2024,29,4283.09,Overnight,28-11-2024
4254,Emma Mehta,emma.mehta54@icloud.com,1688 Main St,Mumbai,Sharjah,UAE,61405,19.087389,72.878923,Individual,Silver,40,10405.84,19-03-2020,14,370.28,Express,19-09-2024
4255,Mohammed Clark,mohammed.clark55@gmail.com,2066 Park Avenue,London,Illinois,USA,63253,51.496581,-0.120539,Corporate,Bronze,95,32209.77,03-08-2020,73,1010.58,Overnight,11-11-2024
4256,Michael Anderson,michael.anderson56@outlook.com,4879 Victoria Road,London,Queensland,Australia,6859,51.505171,-0.121128,SME,,72,49040.17,12-03-2024,25,928.08,Standard,26-06-2024
4257,Wei Dubois,wei.dubois57@yahoo.com,4922 Oak Street,Sydney,Central Region,Singapore,526216,-33.893942,151.221866,Corporate,Silver,43,37562.47,08-08-2024,5,2842.24,Express,03-10-2024
4258,Yuki Mehta,yuki.mehta58@hotmail.com,8093 Maple Road,Mumbai,Hamburg,Germany,72719,19.038265,72.876809,Corporate,Silver,45,5160.31,03-10-2024,93,5717.31,Express,10-11-2024
4259,Maria Lopez,maria.lopez59@icloud.com,9596 Victoria Road,Dubai,Delhi,India,371699,25.171953,55.243898,SME,Gold,83,5739.79,28-11-2020,38,592.79,International Priority,30-03-2024
4260,Mia Petrov,mia.petrov60@gmail.com,3899 Oak Street,Berlin,Dubai,UAE,17167,52.557233,13.363133,Individual,Gold,98,35485.06,03-02-2021,17,1708.9,Overnight,10-03-2024
4261,Michael Kim,michael.kim61@outlook.com,9635 Maple Road,Dubai,Berlin,Germany,58921,25.210935,55.307942,Individual,Silver,40,42532.47,04-11-2019,76,7934.07,Overnight,09-06-2024
4262,Ivan Lopez,ivan.lopez62@yahoo.com,5013 Oak Street,Singapore,Victoria,Australia,4221,1.381482,103.845351,SME,Silver,49,39324.9,27-02-2019,21,110.54,Standard,16-12-2024
4263,Yuki Tanaka,yuki.tanaka63@hotmail.com,4496 Hillcrest Ave,Berlin,Karnataka,India,726112,52.474378,13.404344,SME,Gold,80,38213.79,23-10-2020,37,79.83,International Priority,10-02-2024
4264,Maria Anderson,maria.anderson64@icloud.com,4318 Main St,Toronto,England,UK,SE7 1BB,43.667408,-79.367645,Individual,,86,42849.81,13-01-2020,19,625.44,Express,15-01-2024
4265,Sara Singh,sara.singh65@gmail.com,9803 Lake View Rd,New York,Bavaria,Germany,10993,40.725186,-73.962258,Corporate,Bronze,58,8500.55,06-07-2024,43,5415.8,Standard,12-06-2024
4266,David Garcia,david.garcia66@outlook.com,210 Market Street,Berlin,Berlin,Germany,33070,52.539524,13.374559,SME,Bronze,97,5888.42,05-01-2025,31,362.95,Standard,17-10-2024
4267,Anna Wang,anna.wang67@yahoo.com,7027 Lake View Rd,New York,New South Wales,Australia,6487,40.757576,-73.960258,Corporate,Bronze,71,3221.74,17-01-2021,43,3894.52,Express,15-04-2024
4268,Ivan Lee,ivan.lee68@hotmail.com,1536 Maple Road,London,British Columbia,Canada,K4B 3A9,51.465086,-0.176656,SME,Silver,56,9747.95,24-02-2020,5,1070.13,Standard,29-04-2024
4269,Wei Brown,wei.brown69@icloud.com,822 Oak Street,New York,New South Wales,Australia,2233,40.667859,-74.022357,Individual,,51,12750.03,03-03-2021,16,1242.41,Express,27-10-2024
4270,David Sharma,david.sharma70@gmail.com,4286 Victoria Road,London,Bavaria,Germany,57286,51.480489,-0.098458,Corporate,Gold,84,2780.24,05-12-2021,56,2139.2,Overnight,04-09-2024
4271,Amit Petrov,amit.petrov71@outlook.com,1351 Market Street,Mumbai,Tamil Nadu,India,587866,19.117838,72.886135,Corporate,,62,21258.43,28-10-2024,59,2939.11,Overnight,07-08-2024
4272,Liam Rossi,liam.rossi72@yahoo.com,8382 Sunset Blvd,Mumbai,Central Region,Singapore,222446,19.072732,72.878513,SME,,90,45703.89,16-09-2023,51,6032.24,Express,06-06-2024
4273,Arjun Brown,arjun.brown73@hotmail.com,1985 Victoria Road,Sydney,Quebec,Canada,V2B 7A7,-33.88942,151.234961,Corporate,Bronze,45,43572.06,03-12-2020,114,5938.96,Overnight,05-02-2024
4274,Emma Nguyen,emma.nguyen74@icloud.com,9813 Lake View Rd,Sydney,Queensland,Australia,7505,-33.906451,151.212276,SME,Gold,94,14446.85,25-10-2022,8,77.88,International Priority,18-06-2024
4275,Elena Muller,elena.muller75@gmail.com,934 Hillcrest Ave,Toronto,Central Region,Singapore,504829,43.622985,-79.356645,Individual,,76,38688.96,05-07-2024,40,1358.38,International Priority,20-08-2024
4276,Daniel Mehta,daniel.mehta76@outlook.com,5481 Maple Road,Berlin,Dubai,UAE,68479,52.498955,13.409136,Corporate,Gold,41,16427.58,29-11-2023,21,432.49,International Priority,02-06-2024
4277,John Rossi,john.rossi77@yahoo.com,8830 Park Avenue,Toronto,New South Wales,Australia,7166,43.627837,-79.344403,SME,Silver,72,24900.19,15-08-2021,1,641.66,Standard,17-07-2024
4278,Anna Rossi,anna.rossi78@hotmail.com,154 Lake View Rd,London,Bavaria,Germany,33765,51.488137,-0.145297,Corporate,Bronze,93,14480.4,11-10-2023,45,6706.75,Overnight,19-11-2024
4279,Chen Petrov,chen.petrov79@icloud.com,5955 Maple Road,Toronto,Central Region,Singapore,600782,43.628532,-79.375737,SME,Gold,95,8615.68,06-08-2021,28,485.07,Standard,10-06-2024
4280,Amit Costa,amit.costa80@gmail.com,5089 Lake View Rd,New York,Berlin,Germany,39996,40.719172,-74.003847,SME,Silver,51,13486.99,22-09-2021,22,523.95,Standard,30-03-2024
4281,Raj Das,raj.das81@outlook.com,2489 Main St,London,England,UK,NW3 9AA,51.516473,-0.154304,SME,Silver,71,21988.91,15-04-2020,11,1513.32,International Priority,19-08-2024
4282,Sophia Ibrahim,sophia.ibrahim82@yahoo.com,5687 Lake View Rd,Sydney,East Region,Singapore,785479,-33.84727,151.205531,Individual,Silver,95,29331.19,11-10-2024,7,711.54,International Priority,03-03-2024
4283,Isabella Tanaka,isabella.tanaka83@hotmail.com,7078 Hillcrest Ave,Mumbai,Central Region,Singapore,378444,19.077451,72.883541,Corporate,,55,17707.93,26-12-2020,69,6827.67,International Priority,15-06-2024
4284,Elena Kim,elena.kim84@icloud.com,9928 Main St,Sydney,Queensland,Australia,3393,-33.883152,151.253441,Individual,,46,17537.43,28-07-2022,39,1805.38,Overnight,14-11-2024
4285,Michael Sharma,michael.sharma85@gmail.com,2995 Market Street,Berlin,Hesse,Germany,62037,52.521043,13.428246,SME,Bronze,62,22657.11,31-07-2023,40,905.78,Express,16-12-2024
4286,John Chowdhury,john.chowdhury86@outlook.com,8127 Victoria Road,London,Dubai,UAE,71062,51.5062,-0.118911,SME,Bronze,98,34223.16,30-04-2019,21,947.83,International Priority,27-08-2024
4287,John Rossi,john.rossi87@yahoo.com,5963 King Street,London,California,USA,52545,51.540234,-0.150409,Individual,Silver,82,27528.79,18-10-2022,10,1434.14,Standard,07-01-2024
4288,Arjun Nguyen,arjun.nguyen88@hotmail.com,4084 Hillcrest Ave,New York,Ontario,Canada,T5B 1C7,40.663403,-74.025834,Individual,Bronze,80,34911.36,26-07-2021,29,673.6,Express,10-10-2024
4289,Lucas Ibrahim,lucas.ibrahim89@icloud.com,7844 King Street,Berlin,California,USA,76347,52.538319,13.374898,Corporate,,98,34053.91,16-01-2024,91,4951.36,Overnight,18-11-2024
4290,John Rossi,john.rossi90@gmail.com,8820 Market Street,Mumbai,Quebec,Canada,H6C 4A2,19.036287,72.84558,SME,Bronze,85,8327.19,04-04-2019,98,399.74,Express,13-10-2024
4291,Sara Dubois,sara.dubois91@outlook.com,4733 Oak Street,Dubai,Dubai,UAE,81722,25.217851,55.281006,Individual,Gold,81,31495.26,11-07-2024,26,6582.12,Express,03-09-2024
4292,Laura Lopez,laura.lopez92@yahoo.com,3331 Oak Street,London,West Region,Singapore,180874,51.511055,-0.171368,SME,,86,3987.43,22-10-2023,17,119.17,Standard,04-07-2024
4293,Michael Martin,michael.martin93@hotmail.com,589 King Street,London,West Region,Singapore,340591,51.510169,-0.115545,SME,Silver,63,3717.52,08-07-2023,53,5812.46,Express,29-02-2024
4294,Mia Martin,mia.martin94@icloud.com,9983 Sunset Blvd,New York,Victoria,Australia,3545,40.663937,-74.014099,Corporate,Silver,54,36046.18,02-05-2020,109,5115.5,Express,16-05-2024
4295,Priya Lopez,priya.lopez95@gmail.com,5750 Lake View Rd,Toronto,Scotland,UK,EC5 5AB,43.700396,-79.407895,Corporate,Bronze,89,32798.18,01-02-2024,28,3304.76,Overnight,15-04-2024
4296,Chen Costa,chen.costa96@outlook.com,6253 Oak Street,Singapore,Hesse,Germany,22445,1.380937,103.784688,Corporate,,75,42738.14,13-05-2024,111,7237.85,International Priority,30-12-2024
4297,Raj Kim,raj.kim97@yahoo.com,551 Main St,Mumbai,Hesse,Germany,72700,19.089908,72.881175,Individual,Silver,94,4526.69,08-09-2019,27,1929.37,International Priority,22-05-2024
4298,Ivan Petrov,ivan.petrov98@hotmail.com,8948 King Street,Sydney,Hesse,Germany,89298,-33.867056,151.237871,SME,Silver,68,13321.81,08-07-2023,36,746.38,Express,04-08-2024
4299,Lucas Fernandez,lucas.fernandez99@icloud.com,2343 Oak Street,Berlin,New South Wales,Australia,4665,52.542882,13.412633,Individual,,47,44350.93,26-07-2024,17,1474.57,International Priority,18-03-2024
4300,Liam Das,liam.das0@gmail.com,5607 Maple Road,London,Alberta,Canada,V5C 9B7,51.549861,-0.166935,Individual,,47,37624.98,24-08-2021,34,83.97,International Priority,22-06-2024
4301,Mia Brown,mia.brown1@outlook.com,8965 Lake View Rd,London,West Region,Singapore,363989,51.531632,-0.128178,Corporate,Silver,97,18946.29,18-07-2023,36,4703.65,Standard,05-10-2024
4302,Arjun Costa,arjun.costa2@yahoo.com,9980 Maple Road,Sydney,Abu Dhabi,UAE,45882,-33.859379,151.22425,SME,Bronze,48,5732.49,23-10-2024,2,582.96,International Priority,31-05-2024
4303,Mia Clark,mia.clark3@hotmail.com,795 Sunset Blvd,Mumbai,Bavaria,Germany,11853,19.055723,72.911163,SME,Bronze,79,41118.21,23-08-2020,8,6655.46,Standard,03-02-2024
4304,Anna Singh,anna.singh4@icloud.com,1513 Main St,Singapore,Florida,USA,47121,1.303148,103.788593,Corporate,Bronze,95,42885.08,05-03-2019,76,6155.94,International Priority,11-01-2024
4305,Sophia Dubois,sophia.dubois5@gmail.com,5451 Oak Street,Toronto,Hamburg,Germany,50919,43.611831,-79.427552,SME,Gold,61,42397.47,04-02-2023,2,598.87,Standard,13-05-2024
4306,Isabella Patel,isabella.patel6@outlook.com,1955 Lake View Rd,London,East Region,Singapore,534837,51.47603,-0.103007,Corporate,,66,27350.5,10-01-2019,29,6827.04,Overnight,30-04-2024
4307,James Petrov,james.petrov7@yahoo.com,3657 Sunset Blvd,Singapore,New South Wales,Australia,3379,1.353228,103.791683,Individual,Silver,45,49889.87,21-03-2023,13,1230.62,Standard,17-11-2024
4308,Maria Lee,maria.lee8@hotmail.com,3945 Main St,Mumbai,Dubai,UAE,33843,19.063088,72.839259,Individual,Gold,89,27750.13,11-08-2020,107,5679.26,Standard,07-05-2024
4309,Sara Smith,sara.smith9@icloud.com,9742 Lake View Rd,Sydney,Wales,UK,EC5 5AA,-33.897362,151.196526,Corporate,Bronze,76,18329.02,12-12-2019,88,1106.18,Express,14-08-2024
4310,David Khan,david.khan10@gmail.com,4960 Lake View Rd,New York,Abu Dhabi,UAE,53048,40.672018,-73.970142,Individual,Gold,42,47447.5,01-12-2020,28,1618.15,Standard,16-09-2024
4311,Michael Lee,michael.lee11@outlook.com,790 Park Avenue,Toronto,California,USA,38275,43.680339,-79.419851,Individual,Silver,40,36958.25,09-01-2021,33,1432.5,Standard,10-11-2024
4312,James Lee,james.lee12@yahoo.com,8149 Sunset Blvd,Berlin,Hamburg,Germany,22023,52.474269,13.392519,Corporate,Silver,41,23972.24,06-07-2021,46,4549.25,Overnight,08-04-2024
4313,Liam Brown,liam.brown13@hotmail.com,4898 Park Avenue,London,Bavaria,Germany,65678,51.470572,-0.147983,Individual,,74,49621.71,01-12-2022,110,481.87,Standard,23-03-2024
4314,Priya Martin,priya.martin14@icloud.com,986 King Street,Mumbai,Maharashtra,India,515367,19.105719,72.914204,SME,Bronze,91,45313.32,05-09-2022,94,2973.23,Overnight,01-06-2024
4315,James Costa,james.costa15@gmail.com,2869 King Street,New York,British Columbia,Canada,T2B 1A1,40.758534,-74.035715,Individual,Bronze,87,21484.7,14-10-2020,98,885.51,Overnight,27-09-2024
4316,Ivan Tanaka,ivan.tanaka16@outlook.com,4520 Market Street,Berlin,California,USA,38934,52.471167,13.363097,Corporate,Gold,88,35097.87,20-12-2019,18,7842.95,Express,13-09-2024
4317,Ivan Singh,ivan.singh17@yahoo.com,7649 Lake View Rd,Dubai,Karnataka,India,339577,25.238091,55.250283,SME,Bronze,83,29512.75,31-05-2023,20,447.02,Express,20-10-2024
4318,Laura Rossi,laura.rossi18@hotmail.com,7253 Main St,Mumbai,Dubai,UAE,57754,19.054744,72.922783,SME,Gold,91,30231.98,08-02-2023,28,1731.59,Overnight,03-03-2024
4319,David Rossi,david.rossi19@icloud.com,6410 Lake View Rd,Mumbai,Wales,UK,W1 5BB,19.098644,72.835684,Individual,Silver,58,23054.86,02-03-2019,25,1827.32,Express,17-12-2024
4320,Daniel Clark,daniel.clark20@gmail.com,5642 Lake View Rd,Berlin,Alberta,Canada,T3A 3C1,52.533582,13.388297,SME,Silver,77,24510.99,04-10-2022,2,1107.93,International Priority,08-06-2024
4321,Daniel Khan,daniel.khan21@outlook.com,3526 Sunset Blvd,New York,Texas,USA,65795,40.666245,-74.04117,Corporate,Silver,60,4829,07-01-2024,9,5586.33,Express,17-10-2024
4322,Amit Garcia,amit.garcia22@yahoo.com,8384 Sunset Blvd,Dubai,Bavaria,Germany,98216,25.207433,55.263291,SME,Silver,67,45784.67,05-03-2020,18,1966.99,Express,25-01-2024
4323,Isabella Lopez,isabella.lopez23@hotmail.com,5933 Lake View Rd,Singapore,Sharjah,UAE,51728,1.325234,103.797785,Individual,Silver,56,32333.46,21-12-2021,25,883.63,Overnight,19-02-2024
4324,Fatima Khan,fatima.khan24@icloud.com,1542 Lake View Rd,Singapore,California,USA,12815,1.308164,103.841124,Individual,Gold,63,45420.9,17-07-2023,15,476.53,Standard,24-04-2024
4325,Noah Lopez,noah.lopez25@gmail.com,210 Main St,Sydney,Hesse,Germany,59139,-33.843234,151.251988,SME,Silver,41,19461.32,07-09-2020,20,4262.87,International Priority,14-04-2024
4326,Michael Das,michael.das26@outlook.com,6159 Oak Street,New York,West Region,Singapore,624932,40.673172,-73.957621,Corporate,Gold,72,4848.13,26-10-2019,47,4248.64,International Priority,13-02-2024
4327,Liam Muller,liam.muller27@yahoo.com,5651 Oak Street,Toronto,British Columbia,Canada,M9B 7C1,43.645522,-79.337951,Corporate,Silver,52,25795.81,11-11-2024,59,3645.61,Express,24-12-2024
4328,Noah Chowdhury,noah.chowdhury28@hotmail.com,3224 Victoria Road,London,East Region,Singapore,238169,51.55058,-0.164751,Individual,Gold,62,12041.33,14-12-2020,29,731.02,Express,11-02-2024
4329,Olivia Wang,olivia.wang29@icloud.com,8075 Main St,Berlin,East Region,Singapore,686326,52.487268,13.367851,Individual,Gold,58,10594.3,25-10-2019,32,1539.77,Standard,06-03-2024
4330,Daniel Patel,daniel.patel30@gmail.com,3443 Market Street,Sydney,Berlin,Germany,97379,-33.916359,151.171986,Corporate,Gold,64,8995.64,22-07-2020,55,6139.17,International Priority,09-01-2024
4331,Daniel Clark,daniel.clark31@outlook.com,522 Main St,Dubai,Wales,UK,W2 8AA,25.236253,55.297411,SME,Bronze,70,12029.83,02-09-2022,8,416.27,Standard,28-04-2024
4332,Emma Petrov,emma.petrov32@yahoo.com,8259 Maple Road,Berlin,Dubai,UAE,65640,52.539587,13.372489,SME,Gold,41,40028.68,18-06-2023,109,7050.07,International Priority,14-04-2024
4333,Wei Petrov,wei.petrov33@hotmail.com,5157 Victoria Road,Berlin,Victoria,Australia,6152,52.563061,13.401756,SME,Gold,73,31421.68,14-02-2024,19,596,Standard,19-02-2024
4334,Lucas Chowdhury,lucas.chowdhury34@icloud.com,3970 Park Avenue,New York,Berlin,Germany,75807,40.723691,-73.992655,SME,Silver,48,46837.06,11-06-2019,21,661.88,International Priority,18-06-2024
4335,Mohammed Johnson,mohammed.johnson35@gmail.com,1228 Victoria Road,London,England,UK,EC8 3BA,51.459154,-0.161747,Corporate,Gold,57,37169.54,28-12-2024,108,5928.08,Overnight,11-07-2024
4336,Mohammed Anderson,mohammed.anderson36@outlook.com,462 Lake View Rd,Toronto,Queensland,Australia,3231,43.699856,-79.426872,Individual,Gold,75,31807.19,04-01-2022,106,1833.03,International Priority,29-08-2024
4337,Michael Tanaka,michael.tanaka37@yahoo.com,2558 Lake View Rd,Singapore,Dubai,UAE,8129,1.349284,103.786037,Individual,,40,49150.46,21-08-2021,8,514.99,Overnight,29-05-2024
4338,Carlos Das,carlos.das38@hotmail.com,9179 Maple Road,Mumbai,Central Region,Singapore,600560,19.082828,72.842905,SME,Bronze,41,48922.99,28-10-2023,11,133.3,Overnight,17-05-2024
4339,Ivan Clark,ivan.clark39@icloud.com,1745 Main St,Mumbai,British Columbia,Canada,T4A 9C8,19.11444,72.884166,Corporate,,65,4161.19,28-03-2022,26,5590.22,Express,17-03-2024
4340,Amit Fernandez,amit.fernandez40@gmail.com,6555 Victoria Road,Berlin,British Columbia,Canada,K3A 7C7,52.545185,13.425723,Corporate,Silver,92,722.03,08-03-2019,36,2075.68,Express,09-05-2024
4341,Raj Lee,raj.lee41@outlook.com,328 Park Avenue,Singapore,Sharjah,UAE,51318,1.3477,103.769832,SME,Bronze,75,14621.6,10-10-2020,36,1285.71,Standard,26-11-2024
4342,Maria Petrov,maria.petrov42@yahoo.com,3336 Market Street,Singapore,Abu Dhabi,UAE,58326,1.350999,103.829108,SME,Bronze,100,31505.12,03-06-2020,20,1171.58,Standard,26-06-2024
4343,Yuki Das,yuki.das43@hotmail.com,1976 Market Street,London,California,USA,39582,51.46522,-0.129995,SME,,49,7851.19,04-06-2019,40,1727.14,Standard,04-11-2024
4344,Arjun Wang,arjun.wang44@icloud.com,9274 Market Street,Dubai,Wales,UK,NW6 9BB,25.239281,55.276728,Individual,Bronze,42,21453.69,17-09-2022,3,408.5,Standard,31-10-2024
4345,Ahmed Garcia,ahmed.garcia45@gmail.com,4759 Sunset Blvd,Dubai,West Region,Singapore,165057,25.184272,55.289494,SME,,98,40485.82,19-05-2019,32,848.58,Express,26-06-2024
4346,Laura Costa,laura.costa46@outlook.com,3509 Oak Street,Sydney,England,UK,EC6 1AA,-33.825948,151.240371,Individual,Gold,66,37542.78,30-07-2021,29,119.79,Express,12-01-2024
4347,Lucas Lopez,lucas.lopez47@yahoo.com,8935 Lake View Rd,New York,Abu Dhabi,UAE,69365,40.704808,-74.033598,Corporate,,99,31244.08,10-11-2023,5,715.69,Overnight,07-11-2024
4348,Michael Anderson,michael.anderson48@hotmail.com,4225 Maple Road,London,Maharashtra,India,499645,51.543978,-0.162872,Corporate,Bronze,82,11665.07,24-10-2021,105,4790.73,Standard,21-01-2024
4349,Chen Kim,chen.kim49@icloud.com,7726 Main St,London,Karnataka,India,692427,51.51948,-0.090398,Individual,Bronze,78,42000.67,09-09-2024,2,1827.98,Overnight,09-04-2024
4350,Laura Nair,laura.nair50@gmail.com,3838 Hillcrest Ave,New York,New South Wales,Australia,4642,40.686358,-73.980134,Individual,Silver,93,22188.67,10-04-2022,33,1019.29,Standard,26-05-2024
4351,Amit Nair,amit.nair51@outlook.com,3781 Oak Street,Singapore,Victoria,Australia,4220,1.331734,103.801734,Individual,Silver,86,11415.15,16-06-2020,10,1272.35,Standard,27-03-2024
4352,Ahmed Muller,ahmed.muller52@yahoo.com,5694 Sunset Blvd,Dubai,Karnataka,India,713270,25.206276,55.239222,Individual,Silver,97,28151.27,06-05-2022,55,3829.35,Overnight,22-05-2024
4353,Anna Mehta,anna.mehta53@hotmail.com,581 Lake View Rd,Dubai,Dubai,UAE,8835,25.189293,55.30241,SME,Silver,83,3611.56,15-10-2022,2,755.03,Overnight,26-09-2024
4354,Priya Fernandez,priya.fernandez54@icloud.com,643 Hillcrest Ave,Singapore,Dubai,UAE,93310,1.324555,103.817617,Corporate,Bronze,53,23894.23,28-09-2024,77,4690.51,International Priority,29-04-2024
4355,Laura Smith,laura.smith55@gmail.com,8529 Park Avenue,Dubai,New South Wales,Australia,4385,25.156273,55.265408,SME,Silver,45,44819.37,28-09-2019,15,1160.21,Overnight,22-05-2024
4356,Raj Costa,raj.costa56@outlook.com,5826 Oak Street,Berlin,Berlin,Germany,60971,52.482524,13.422707,Individual,,43,20627.26,11-12-2019,35,727.35,International Priority,19-04-2024
4357,Raj Patel,raj.patel57@yahoo.com,8005 Hillcrest Ave,London,Dubai,UAE,45894,51.511361,-0.135344,SME,Gold,89,30689.91,07-03-2022,7,4130.47,Overnight,16-04-2024
4358,Maria Lee,maria.lee58@hotmail.com,2383 Oak Street,Mumbai,Karnataka,India,180808,19.067557,72.894126,SME,Bronze,46,21332.59,21-11-2022,8,1363.2,Overnight,11-10-2024
4359,David Garcia,david.garcia59@icloud.com,4611 King Street,New York,Wales,UK,SE8 3AA,40.719218,-74.023509,Corporate,Silver,73,16472.48,25-01-2024,60,710.04,Express,07-04-2024
4360,Lucas Rossi,lucas.rossi60@gmail.com,8672 Maple Road,Dubai,Abu Dhabi,UAE,18740,25.177264,55.256169,SME,Bronze,69,39812.96,09-09-2024,3,1372.53,Overnight,03-01-2024
4361,Daniel Khan,daniel.khan61@outlook.com,3161 Lake View Rd,Sydney,Central Region,Singapore,562571,-33.867285,151.230271,Corporate,Silver,66,49118.37,19-02-2024,107,5969.43,Express,10-12-2024
4362,Lucas Nguyen,lucas.nguyen62@yahoo.com,2602 Park Avenue,Dubai,Dubai,UAE,8540,25.194459,55.287902,Individual,Bronze,94,15959.06,27-05-2019,31,690.23,International Priority,30-01-2024
4363,Carlos Muller,carlos.muller63@hotmail.com,4646 Hillcrest Ave,Dubai,Hesse,Germany,89013,25.203697,55.272839,SME,Silver,49,47543.76,13-12-2023,27,998.78,International Priority,18-04-2024
4364,Fatima Garcia,fatima.garcia64@icloud.com,348 Market Street,Toronto,New South Wales,Australia,4622,43.675291,-79.350601,Individual,Gold,94,14892.06,11-01-2020,21,729.92,Standard,08-07-2024
4365,Elena Petrov,elena.petrov65@gmail.com,720 Maple Road,Berlin,Abu Dhabi,UAE,18581,52.536395,13.437843,Corporate,Silver,55,27785.2,02-01-2023,66,3012.41,Express,22-11-2024
4366,Arjun Dubois,arjun.dubois66@outlook.com,5022 Victoria Road,New York,Alberta,Canada,K2B 2C7,40.703659,-73.98706,Individual,,76,37888.34,03-01-2021,79,2571.6,Standard,13-08-2024
4367,Ahmed Fernandez,ahmed.fernandez67@yahoo.com,3227 Market Street,Toronto,New York,USA,71647,43.675502,-79.393713,Individual,Bronze,93,36624.02,21-08-2021,25,905.85,Standard,29-10-2024
4368,Daniel Nguyen,daniel.nguyen68@hotmail.com,7757 Market Street,Toronto,Delhi,India,173048,43.645177,-79.392262,Corporate,Bronze,90,37663.57,04-07-2023,57,7531.93,Overnight,16-06-2024
4369,Wei Muller,wei.muller69@icloud.com,5515 Park Avenue,Sydney,Central Region,Singapore,798248,-33.877272,151.162932,Individual,,69,47080.12,08-01-2024,17,912.82,International Priority,09-04-2024
4370,Chen Lee,chen.lee70@gmail.com,1521 Lake View Rd,London,West Region,Singapore,713456,51.470536,-0.143537,Individual,,83,7386.91,19-05-2023,37,949.84,International Priority,24-09-2024
4371,Yuki Patel,yuki.patel71@outlook.com,4669 Oak Street,Sydney,East Region,Singapore,551209,-33.854134,151.190646,Individual,Gold,46,25494.93,10-05-2024,75,1948.49,Express,11-08-2024
4372,Fatima Khan,fatima.khan72@yahoo.com,3784 Maple Road,London,British Columbia,Canada,H4C 8A1,51.488479,-0.123938,SME,Bronze,55,25571.55,13-03-2021,15,539.49,Overnight,14-02-2024
4373,Lucas Wang,lucas.wang73@hotmail.com,7097 Hillcrest Ave,London,Central Region,Singapore,170986,51.495065,-0.114426,Individual,Gold,66,17051.47,03-02-2021,31,1127.76,Overnight,23-02-2024
4374,Mohammed Das,mohammed.das74@icloud.com,5164 Main St,New York,West Region,Singapore,558257,40.734721,-73.97485,Corporate,Bronze,71,40039.08,18-04-2019,11,3397.8,Express,22-07-2024
4375,Anna Garcia,anna.garcia75@gmail.com,6271 Maple Road,Dubai,New South Wales,Australia,4091,25.165268,55.267086,SME,Bronze,56,45631.64,26-01-2024,12,1848.5,International Priority,13-02-2024
4376,Mia Patel,mia.patel76@outlook.com,1894 Hillcrest Ave,New York,Scotland,UK,W6 5BB,40.740799,-73.962272,SME,Gold,56,42077.42,30-01-2022,18,358.43,International Priority,30-10-2024
4377,Noah Wang,noah.wang77@yahoo.com,3227 Lake View Rd,Berlin,California,USA,20253,52.49024,13.449182,Corporate,Bronze,94,7978.58,08-04-2023,81,6408.43,Express,05-07-2024
4378,Arjun Nguyen,arjun.nguyen78@hotmail.com,5665 Market Street,London,British Columbia,Canada,V4A 6C2,51.4932,-0.154925,Individual,Bronze,79,26353.27,16-11-2019,16,1830.07,Overnight,09-12-2024
4379,Chen Costa,chen.costa79@icloud.com,1599 Main St,Toronto,Florida,USA,86680,43.667772,-79.368133,SME,Gold,82,44654.38,18-09-2019,25,224.79,Standard,12-12-2024
4380,Carlos Khan,carlos.khan80@gmail.com,1292 Main St,Dubai,Delhi,India,537865,25.155261,55.230279,SME,Silver,79,22092.85,04-03-2024,1,1253.24,Express,03-10-2024
4381,Ahmed Khan,ahmed.khan81@outlook.com,8830 Main St,Mumbai,Victoria,Australia,3710,19.084826,72.898688,SME,Gold,66,28011.02,20-07-2024,15,1744.73,Express,14-07-2024
4382,Mohammed Rossi,mohammed.rossi82@yahoo.com,9885 Oak Street,Berlin,Sharjah,UAE,33247,52.569656,13.447286,Individual,Bronze,64,34753.62,19-12-2024,113,7447.36,Express,25-03-2024
4383,Emma Ali,emma.ali83@hotmail.com,1685 Victoria Road,New York,Wales,UK,W2 4AA,40.718195,-74.031375,SME,,73,3876.44,10-07-2024,120,3341.15,Standard,04-10-2024
4384,Arjun Mehta,arjun.mehta84@icloud.com,1970 Main St,Sydney,New South Wales,Australia,2290,-33.886665,151.2521,Corporate,Silver,74,3216.59,24-04-2023,103,4734.01,Express,11-02-2024
4385,Daniel Brown,daniel.brown85@gmail.com,5189 Market Street,Berlin,California,USA,49806,52.512826,13.384436,Individual,,65,32757.4,06-09-2020,32,1651.43,International Priority,10-10-2024
4386,Mia Fernandez,mia.fernandez86@outlook.com,7527 Oak Street,Berlin,British Columbia,Canada,V7A 6C7,52.491644,13.435669,Corporate,Silver,83,49219.69,23-11-2023,11,354.99,Express,01-07-2024
4387,Anna Nguyen,anna.nguyen87@yahoo.com,200 Market Street,Dubai,Tamil Nadu,India,704657,25.21424,55.252026,Corporate,,94,24927.12,02-09-2024,57,1294.34,International Priority,06-10-2024
4388,Liam Muller,liam.muller88@hotmail.com,2235 Park Avenue,Berlin,Tamil Nadu,India,230665,52.566045,13.396165,SME,Silver,85,7736.1,29-07-2024,20,1687.9,Overnight,21-05-2024
4389,Wei Singh,wei.singh89@icloud.com,8554 Sunset Blvd,Berlin,New South Wales,Australia,7473,52.525135,13.407626,SME,Gold,47,26422.4,22-09-2020,1,1956.66,Overnight,13-01-2024
4390,Ahmed Kim,ahmed.kim90@gmail.com,2420 Park Avenue,Mumbai,Dubai,UAE,43660,19.043048,72.92445,SME,Silver,47,26526.99,14-06-2020,1,977.51,Standard,26-06-2024
4391,Lucas Ibrahim,lucas.ibrahim91@outlook.com,4310 Park Avenue,Singapore,Ontario,Canada,V4A 6C2,1.375823,103.806059,Corporate,Silver,57,32841.93,04-08-2022,96,5314.07,Standard,21-01-2024
4392,Laura Das,laura.das92@yahoo.com,5716 Sunset Blvd,Sydney,Dubai,UAE,70650,-33.821776,151.174955,Individual,Silver,83,32576.6,15-10-2024,28,3704.13,Overnight,11-05-2024
4393,Wei Sharma,wei.sharma93@hotmail.com,4181 Market Street,Sydney,Abu Dhabi,UAE,65488,-33.855174,151.178079,SME,Bronze,82,14356.17,14-03-2021,23,1809.82,International Priority,31-01-2024
4394,Elena Kim,elena.kim94@icloud.com,3260 Park Avenue,Sydney,Central Region,Singapore,498341,-33.890452,151.22796,SME,,65,49854.85,16-07-2024,19,1450.28,Overnight,04-03-2024
4395,Chen Lopez,chen.lopez95@gmail.com,4343 Main St,London,Ontario,Canada,V5A 5B7,51.520525,-0.16055,Corporate,Gold,74,21815.41,06-06-2019,42,6638.75,Overnight,24-09-2024
4396,Sophia Brown,sophia.brown96@outlook.com,7052 Park Avenue,Toronto,Illinois,USA,22104,43.622661,-79.428212,Individual,,75,16738.5,19-12-2024,30,465.39,International Priority,18-03-2024
4397,Lucas Lopez,lucas.lopez97@yahoo.com,5602 Lake View Rd,Singapore,Queensland,Australia,2227,1.338844,103.807448,Corporate,,97,13597.53,27-07-2022,100,1103.45,Express,28-03-2024
4398,Sara Mehta,sara.mehta98@hotmail.com,2073 Victoria Road,Sydney,Queensland,Australia,2520,-33.915196,151.240245,SME,Gold,42,18255.84,17-11-2024,1,613.4,Express,20-12-2024
4399,James Costa,james.costa99@icloud.com,1456 Main St,Berlin,West Region,Singapore,136621,52.542104,13.388011,Corporate,Bronze,49,9742.04,03-01-2019,53,4702.24,Express,11-08-2024
4400,Olivia Johnson,olivia.johnson0@gmail.com,5287 Market Street,Berlin,Hamburg,Germany,66984,52.484972,13.450212,SME,Silver,91,44007.4,21-06-2023,7,3403.64,Express,22-03-2024
4401,Sophia Fernandez,sophia.fernandez1@outlook.com,9217 Maple Road,Sydney,Queensland,Australia,7623,-33.904082,151.240588,Individual,Bronze,75,40003.39,01-02-2021,19,1177.59,International Priority,03-07-2024
4402,Ivan Chowdhury,ivan.chowdhury2@yahoo.com,5692 Oak Street,Dubai,Delhi,India,178244,25.165103,55.298724,Corporate,Bronze,66,4043.67,30-08-2021,16,7361.32,International Priority,06-08-2024
4403,Isabella Fernandez,isabella.fernandez3@hotmail.com,3462 Sunset Blvd,Sydney,California,USA,85063,-33.854403,151.162114,SME,Silver,60,28144.72,19-02-2023,86,2197.82,International Priority,23-10-2024
4404,Fatima Dubois,fatima.dubois4@icloud.com,5139 Lake View Rd,Berlin,Ontario,Canada,T9A 7A9,52.565324,13.435459,SME,,78,48012.46,01-08-2019,15,510.41,Standard,31-10-2024
4405,Maria Clark,maria.clark5@gmail.com,4827 Park Avenue,London,Victoria,Australia,7016,51.534525,-0.092043,SME,Silver,53,38232.25,08-01-2022,8,206.59,Standard,07-08-2024
4406,Ivan Muller,ivan.muller6@outlook.com,4379 Sunset Blvd,New York,Florida,USA,36568,40.738302,-74.010155,SME,Gold,61,22787.14,03-05-2019,2,1925.39,International Priority,14-07-2024
4407,Emma Ibrahim,emma.ibrahim7@yahoo.com,8134 Park Avenue,New York,West Region,Singapore,255729,40.682285,-74.005769,Corporate,Silver,45,22089.29,16-01-2023,82,3172.61,Overnight,28-07-2024
4408,Sophia Khan,sophia.khan8@hotmail.com,9483 Main St,Singapore,New South Wales,Australia,6701,1.390902,103.818535,SME,,88,645.27,18-05-2023,28,1777.98,Overnight,03-05-2024
4409,Ahmed Petrov,ahmed.petrov9@icloud.com,9648 Victoria Road,Singapore,Quebec,Canada,H7B 4B7,1.309433,103.785706,Corporate,Bronze,89,31257.48,10-04-2023,103,3810.06,International Priority,11-06-2024
4410,Priya Wang,priya.wang10@gmail.com,9166 Maple Road,Sydney,Scotland,UK,EC5 6AA,-33.90659,151.191661,SME,Bronze,95,7544.5,21-09-2022,38,1952.28,Standard,25-10-2024
4411,Amit Petrov,amit.petrov11@outlook.com,7909 Market Street,Mumbai,Quebec,Canada,M9A 9B9,19.074484,72.850994,Corporate,Silver,81,43474.28,14-02-2024,8,437.24,International Priority,06-02-2024
4412,Maria Muller,maria.muller12@yahoo.com,2332 Lake View Rd,Sydney,Alberta,Canada,T1A 8B4,-33.906205,151.239495,Corporate,Gold,86,32028.31,06-06-2019,7,5565.73,Overnight,18-05-2024
4413,Sara Clark,sara.clark13@hotmail.com,1847 Hillcrest Ave,Dubai,Quebec,Canada,K2A 6A5,25.154913,55.275437,SME,,88,37041.69,06-05-2019,29,1353.08,Overnight,29-10-2024
4414,Fatima Nair,fatima.nair14@icloud.com,8127 Maple Road,Sydney,New South Wales,Australia,3360,-33.898679,151.193064,SME,Bronze,44,10343.77,26-05-2020,111,3188.78,Overnight,04-01-2024
4415,Ivan Anderson,ivan.anderson15@gmail.com,314 Hillcrest Ave,Singapore,Hesse,Germany,96590,1.31606,103.787193,SME,Silver,55,23371.66,18-11-2020,74,1561.85,Standard,15-03-2024
4416,Olivia Smith,olivia.smith16@outlook.com,4085 Park Avenue,New York,British Columbia,Canada,K2C 2A5,40.730003,-73.995139,SME,Gold,59,17058.26,19-02-2022,24,2584.18,Overnight,08-03-2024
4417,Lucas Tanaka,lucas.tanaka17@yahoo.com,938 Park Avenue,Berlin,West Region,Singapore,166454,52.543543,13.4013,Individual,Gold,59,7501.51,21-12-2020,117,3866.88,Standard,11-08-2024
4418,Yuki Sharma,yuki.sharma18@hotmail.com,4692 Sunset Blvd,Sydney,Delhi,India,453798,-33.864381,151.231727,SME,Bronze,50,9578.9,04-11-2022,32,5369.83,International Priority,15-06-2024
4419,Olivia Dubois,olivia.dubois19@icloud.com,9998 Lake View Rd,Berlin,Tamil Nadu,India,277701,52.520401,13.430035,SME,Bronze,67,25268.62,15-03-2023,34,1290.4,Overnight,28-09-2024
4420,Mohammed Smith,mohammed.smith20@gmail.com,8726 Oak Street,Berlin,East Region,Singapore,170006,52.539426,13.394144,SME,,71,12243.8,04-01-2022,11,1693.2,International Priority,30-10-2024
4421,Lucas Brown,lucas.brown21@outlook.com,9868 Lake View Rd,Mumbai,Texas,USA,30389,19.082646,72.836078,Corporate,Gold,77,46991.59,25-10-2021,69,5665.04,Express,22-07-2024
4422,Anna Rossi,anna.rossi22@yahoo.com,6073 Hillcrest Ave,Berlin,Bavaria,Germany,20580,52.51203,13.434838,SME,,63,47206.48,17-01-2021,21,87.27,Express,14-01-2024
4423,Emma Brown,emma.brown23@hotmail.com,8198 King Street,New York,Illinois,USA,95519,40.757265,-74.032024,Corporate,Gold,93,15325.45,14-11-2024,51,5214.8,Overnight,30-04-2024
4424,Mia Nguyen,mia.nguyen24@icloud.com,9337 Park Avenue,London,East Region,Singapore,755439,51.54184,-0.093232,Corporate,Gold,42,46777.7,30-05-2023,87,6075.96,Overnight,31-03-2024
4425,Ahmed Singh,ahmed.singh25@gmail.com,2700 Main St,London,Tamil Nadu,India,764936,51.517752,-0.129364,Corporate,Silver,54,38786.17,01-03-2024,103,1885.88,Standard,24-03-2024
4426,Mia Ali,mia.ali26@outlook.com,4958 King Street,Toronto,Sharjah,UAE,31474,43.626854,-79.359729,Corporate,Bronze,94,41049.52,03-06-2023,14,2353.51,Express,12-03-2024
4427,Sara Petrov,sara.petrov27@yahoo.com,7997 Main St,Dubai,Delhi,India,332645,25.248281,55.229097,Individual,Gold,75,10872,14-03-2021,35,1462.98,International Priority,30-10-2024
4428,Fatima Tanaka,fatima.tanaka28@hotmail.com,6385 Lake View Rd,Sydney,Wales,UK,W8 4AA,-33.821506,151.241185,SME,,47,13649.86,28-07-2020,57,7703.46,Overnight,26-07-2024
4429,Carlos Ibrahim,carlos.ibrahim29@icloud.com,9832 Park Avenue,Dubai,Quebec,Canada,M7A 4C3,25.251299,55.308971,Corporate,Bronze,99,4000.25,16-12-2022,32,4563.81,International Priority,02-11-2024
4430,James Patel,james.patel30@gmail.com,7035 Sunset Blvd,New York,Abu Dhabi,UAE,66273,40.750537,-74.031548,SME,,58,10845.07,19-04-2022,38,796.49,Overnight,22-02-2024
4431,Daniel Hassan,daniel.hassan31@outlook.com,5537 Hillcrest Ave,Berlin,Gujarat,India,728014,52.512329,13.427196,Corporate,Bronze,62,18921.72,30-01-2021,46,4105.77,Standard,08-02-2024
4432,Elena Nguyen,elena.nguyen32@yahoo.com,69 Maple Road,London,Victoria,Australia,5636,51.505302,-0.098629,Individual,Bronze,50,21384.35,07-10-2021,20,921.53,Standard,01-12-2024
4433,Maria Singh,maria.singh33@hotmail.com,2883 Market Street,Dubai,New South Wales,Australia,6932,25.159471,55.283572,Corporate,Gold,61,30764.1,29-06-2020,113,1713.17,Standard,29-08-2024
4434,John Garcia,john.garcia34@icloud.com,1846 Victoria Road,New York,Illinois,USA,57012,40.744558,-73.96652,SME,Silver,76,44908.96,21-12-2024,7,1323.56,Overnight,17-09-2024
4435,Olivia Brown,olivia.brown35@gmail.com,1672 Park Avenue,London,Abu Dhabi,UAE,60433,51.542734,-0.117307,SME,Gold,40,7793.58,07-01-2022,16,1579.53,International Priority,12-08-2024
4436,Yuki Tanaka,yuki.tanaka36@outlook.com,4084 Hillcrest Ave,Berlin,California,USA,39777,52.540059,13.379512,Individual,Bronze,90,47370.14,23-05-2023,31,708.71,International Priority,05-10-2024
4437,Sara Singh,sara.singh37@yahoo.com,8685 Oak Street,Dubai,British Columbia,Canada,K8B 7C5,25.232722,55.302619,SME,Gold,46,40906.19,29-06-2021,112,2226.52,Express,06-08-2024
4438,Maria Dubois,maria.dubois38@hotmail.com,1374 Market Street,London,British Columbia,Canada,M1C 5B3,51.484982,-0.125969,SME,Gold,71,45417.77,07-03-2021,28,325.15,Overnight,04-07-2024
4439,Raj Smith,raj.smith39@icloud.com,6776 Victoria Road,Sydney,Scotland,UK,EC8 3BA,-33.907168,151.218967,Corporate,Bronze,90,17318.7,27-02-2020,66,5222.91,Express,02-06-2024
4440,Wei Patel,wei.patel40@gmail.com,9508 Sunset Blvd,Singapore,East Region,Singapore,738608,1.3339,103.836299,SME,Bronze,90,32559.23,25-10-2022,115,5780.37,Standard,28-06-2024
4441,Elena Singh,elena.singh41@outlook.com,40 Sunset Blvd,Sydney,Central Region,Singapore,385719,-33.916767,151.221872,Corporate,Gold,71,36755.42,17-07-2023,110,1599.2,International Priority,21-05-2024
4442,Elena Nair,elena.nair42@yahoo.com,4807 Maple Road,Toronto,Bavaria,Germany,10815,43.690397,-79.416916,Individual,Gold,81,25135.3,04-11-2020,20,1337.37,Standard,28-08-2024
4443,Laura Ibrahim,laura.ibrahim43@hotmail.com,1993 Sunset Blvd,Toronto,New York,USA,35301,43.648374,-79.383706,SME,Gold,50,48999.46,03-12-2021,39,1277.05,Express,04-02-2024
4444,Sophia Nair,sophia.nair44@icloud.com,9942 Park Avenue,London,Ontario,Canada,K7B 5C2,51.50813,-0.124523,Corporate,,69,3211.21,23-11-2019,102,5987.85,Overnight,30-01-2024
4445,Amit Smith,amit.smith45@gmail.com,1727 Market Street,Singapore,East Region,Singapore,302716,1.377217,103.780456,SME,Gold,63,1501.57,04-09-2022,21,1241.32,Overnight,28-11-2024
4446,Olivia Nair,olivia.nair46@outlook.com,3745 Maple Road,New York,New York,USA,41016,40.715337,-74.004976,Corporate,,82,46385.71,03-02-2021,17,5980.58,Express,29-03-2024
4447,Michael Mehta,michael.mehta47@yahoo.com,9011 Maple Road,Sydney,Alberta,Canada,M9B 6B3,-33.83631,151.218014,Individual,Silver,62,11529.82,23-12-2024,38,1149.76,International Priority,07-12-2024
4448,Arjun Muller,arjun.muller48@hotmail.com,8694 Park Avenue,New York,Delhi,India,251700,40.681948,-74.032156,Corporate,,91,15844.79,15-10-2022,95,4061.26,Overnight,23-09-2024
4449,Arjun Nguyen,arjun.nguyen49@icloud.com,7446 Park Avenue,Singapore,California,USA,59083,1.384955,103.81566,SME,Gold,97,32514.37,02-06-2024,7,388.29,Express,01-08-2024
4450,Carlos Sharma,carlos.sharma50@gmail.com,3381 Oak Street,New York,Tamil Nadu,India,449458,40.720198,-73.959255,Corporate,Silver,45,40611.16,29-12-2020,27,6587.78,International Priority,08-05-2024
4451,Michael Martin,michael.martin51@outlook.com,808 Lake View Rd,Singapore,California,USA,48057,1.312273,103.799529,SME,,87,33996.06,07-11-2022,1,980.5,International Priority,20-12-2024
4452,Mohammed Nair,mohammed.nair52@yahoo.com,5884 Market Street,London,Bavaria,Germany,91481,51.540772,-0.17556,Individual,,71,42401.78,13-05-2023,39,580.57,Standard,12-02-2024
4453,Sara Rossi,sara.rossi53@hotmail.com,7595 Main St,New York,Wales,UK,NW3 3BA,40.682576,-73.977276,Corporate,Bronze,61,47190.41,17-11-2020,5,5209.3,Express,10-03-2024
4454,Wei Johnson,wei.johnson54@icloud.com,3800 Oak Street,Sydney,Queensland,Australia,2582,-33.833111,151.237647,SME,Silver,98,7134.21,04-12-2020,74,5209.28,Overnight,13-01-2024
4455,Emma Nguyen,emma.nguyen55@gmail.com,666 Maple Road,Berlin,East Region,Singapore,371849,52.487381,13.435527,SME,Bronze,93,27319.25,12-07-2023,22,1806.03,Standard,08-04-2024
4456,Isabella Rossi,isabella.rossi56@outlook.com,9713 Lake View Rd,Toronto,Queensland,Australia,2746,43.694007,-79.368123,SME,Silver,50,34791.46,26-06-2021,36,1244.66,International Priority,26-01-2024
4457,Laura Tanaka,laura.tanaka57@yahoo.com,9300 King Street,Berlin,Victoria,Australia,3925,52.504785,13.409468,Corporate,,63,26561.47,29-06-2021,74,5804.25,Overnight,31-10-2024
4458,James Garcia,james.garcia58@hotmail.com,4682 Victoria Road,New York,Delhi,India,521083,40.720194,-73.984865,Corporate,Bronze,49,21292.45,07-11-2022,93,4210.52,Overnight,04-04-2024
4459,Liam Clark,liam.clark59@icloud.com,2094 Maple Road,Berlin,Sharjah,UAE,96523,52.497032,13.362852,Corporate,Gold,73,37433.15,09-12-2024,27,7124.74,Overnight,31-05-2024
4460,David Lee,david.lee60@gmail.com,2657 Sunset Blvd,Sydney,British Columbia,Canada,V3B 6C7,-33.823917,151.253105,Individual,,58,16925.37,24-02-2023,41,4115.92,Standard,12-11-2024
4461,Lucas Ali,lucas.ali61@outlook.com,9020 Maple Road,Sydney,Queensland,Australia,2889,-33.910803,151.231933,SME,Silver,67,43053.25,23-02-2020,35,1625.52,Overnight,22-05-2024
4462,Arjun Petrov,arjun.petrov62@yahoo.com,160 Sunset Blvd,New York,Bavaria,Germany,40827,40.696756,-74.043087,SME,Silver,74,30186.46,04-07-2021,14,510.44,Standard,17-11-2024
4463,John Smith,john.smith63@hotmail.com,1570 Lake View Rd,London,Victoria,Australia,3729,51.545947,-0.129132,Individual,Bronze,60,9418.79,28-08-2024,23,1468.05,International Priority,05-04-2024
4464,Sophia Ibrahim,sophia.ibrahim64@icloud.com,9606 Main St,Berlin,California,USA,34874,52.492307,13.423446,Individual,Bronze,51,47451.1,11-03-2020,119,7178.91,Standard,05-08-2024
4465,Sophia Lopez,sophia.lopez65@gmail.com,3004 Hillcrest Ave,London,Maharashtra,India,794117,51.488545,-0.176857,Corporate,Silver,100,34139.45,22-05-2023,100,5872.2,Express,17-09-2024
4466,Raj Lee,raj.lee66@outlook.com,9327 Main St,London,Dubai,UAE,27991,51.53373,-0.121571,Corporate,,80,10898.34,21-02-2023,107,1929.78,Standard,07-08-2024
4467,Liam Nguyen,liam.nguyen67@yahoo.com,4475 Park Avenue,Singapore,Texas,USA,11414,1.39675,103.827792,Corporate,Bronze,88,25689.2,07-02-2023,73,1717.21,Standard,04-07-2024
4468,Noah Chowdhury,noah.chowdhury68@hotmail.com,5477 Sunset Blvd,Mumbai,Dubai,UAE,45585,19.06578,72.862241,Corporate,Gold,46,34553.71,16-04-2019,15,5181.42,Standard,09-04-2024
4469,Maria Mehta,maria.mehta69@icloud.com,8969 Victoria Road,New York,Illinois,USA,66041,40.752558,-73.989728,Corporate,Silver,48,23354.01,28-06-2024,33,4841.85,Standard,08-06-2024
4470,Noah Hassan,noah.hassan70@gmail.com,666 Park Avenue,Toronto,Texas,USA,23046,43.677941,-79.409007,Corporate,Gold,86,35565.95,26-10-2024,42,2513.4,Express,08-05-2024
4471,Arjun Hassan,arjun.hassan71@outlook.com,6218 Victoria Road,Sydney,East Region,Singapore,759168,-33.881712,151.189186,Individual,Silver,83,11548.18,12-12-2021,87,750.12,Express,06-06-2024
4472,Ivan Smith,ivan.smith72@yahoo.com,5426 King Street,Sydney,England,UK,SW2 2AA,-33.869473,151.25262,Individual,Gold,47,30272.8,02-05-2023,9,1870.01,International Priority,26-07-2024
4473,Mia Singh,mia.singh73@hotmail.com,389 Oak Street,New York,Wales,UK,SW8 3AB,40.708495,-74.0061,Individual,,82,48823.69,21-08-2022,96,7025.34,International Priority,17-03-2024
4474,Liam Khan,liam.khan74@icloud.com,8767 Lake View Rd,Singapore,Alberta,Canada,K8C 1C3,1.391118,103.818359,SME,Silver,79,36228.39,06-03-2019,21,1314.81,Standard,02-08-2024
4475,Lucas Hassan,lucas.hassan75@gmail.com,9566 Lake View Rd,Dubai,Maharashtra,India,240764,25.17003,55.261815,SME,,52,4744.89,05-08-2022,20,1054.63,Express,09-01-2024
4476,Arjun Ibrahim,arjun.ibrahim76@outlook.com,43 Sunset Blvd,Dubai,Hesse,Germany,37695,25.169167,55.310094,Corporate,Bronze,53,8486.17,20-06-2024,42,4813.72,Standard,15-01-2024
4477,Fatima Wang,fatima.wang77@yahoo.com,1544 Main St,Dubai,Bavaria,Germany,58553,25.194736,55.296089,Individual,Silver,44,33935.59,22-03-2022,32,1820.03,Overnight,14-04-2024
4478,Anna Patel,anna.patel78@hotmail.com,6649 King Street,Singapore,Bavaria,Germany,92848,1.396084,103.815582,SME,,49,30304.23,07-12-2021,22,947.25,Express,19-11-2024
4479,David Ibrahim,david.ibrahim79@icloud.com,6817 Lake View Rd,Toronto,East Region,Singapore,284466,43.668849,-79.341095,SME,Gold,44,20237.91,07-07-2021,22,841.34,Standard,16-09-2024
4480,Sara Nair,sara.nair80@gmail.com,9788 Market Street,Sydney,Texas,USA,29901,-33.897741,151.249826,Individual,,83,3174.71,01-02-2019,28,844.18,Standard,17-07-2024
4481,Raj Ibrahim,raj.ibrahim81@outlook.com,7170 Park Avenue,New York,Wales,UK,EC2 2AA,40.708136,-73.998952,SME,Silver,92,5529.02,06-03-2021,74,2905.78,International Priority,23-10-2024
4482,Liam Kim,liam.kim82@yahoo.com,6925 Lake View Rd,Singapore,Gujarat,India,651652,1.312312,103.79083,SME,,57,35515.46,09-06-2022,71,5090.06,Overnight,24-01-2024
4483,Liam Das,liam.das83@hotmail.com,2919 Park Avenue,Sydney,Texas,USA,86783,-33.883392,151.160895,Individual,Gold,66,1339.48,06-05-2020,24,1953.29,Standard,05-04-2024
4484,Fatima Kim,fatima.kim84@icloud.com,211 Park Avenue,London,Dubai,UAE,3927,51.515857,-0.126428,SME,Gold,58,33556.01,29-09-2024,12,1296.34,Overnight,17-07-2024
4485,Olivia Clark,olivia.clark85@gmail.com,5436 Oak Street,Berlin,Scotland,UK,W9 4AA,52.484371,13.414099,Individual,Gold,56,44218.63,02-11-2019,74,968.07,International Priority,24-07-2024
4486,Sara Martin,sara.martin86@outlook.com,5626 Lake View Rd,Berlin,Wales,UK,W8 4AB,52.534675,13.451672,SME,Bronze,51,21830.73,08-04-2020,105,5384.42,Express,11-07-2024
4487,Isabella Rossi,isabella.rossi87@yahoo.com,3008 Park Avenue,Singapore,New South Wales,Australia,3692,1.338956,103.805207,Individual,Silver,58,46885.18,25-05-2024,27,177.57,Express,09-04-2024
4488,Fatima Brown,fatima.brown88@hotmail.com,1665 Lake View Rd,Sydney,New South Wales,Australia,2382,-33.826664,151.160006,SME,Gold,88,29899,06-06-2024,49,2741.32,International Priority,21-11-2024
4489,Raj Khan,raj.khan89@icloud.com,3175 Main St,Mumbai,Central Region,Singapore,730279,19.039589,72.852111,SME,Bronze,100,10167.54,06-11-2020,30,242.14,Standard,28-12-2024
4490,Daniel Rossi,daniel.rossi90@gmail.com,678 Maple Road,Toronto,Maharashtra,India,794281,43.659186,-79.39003,Individual,Gold,43,4208.25,12-07-2019,20,1559.74,Overnight,18-12-2024
4491,Elena Chowdhury,elena.chowdhury91@outlook.com,2504 Lake View Rd,Dubai,Dubai,UAE,8286,25.175592,55.250462,SME,,90,34095.9,26-03-2021,27,1262.5,International Priority,03-10-2024
4492,Emma Nair,emma.nair92@yahoo.com,5217 Victoria Road,Toronto,Delhi,India,307388,43.643527,-79.402072,Individual,Silver,62,31476.48,06-11-2024,81,249.28,Express,08-04-2024
4493,Fatima Lee,fatima.lee93@hotmail.com,9642 Park Avenue,Toronto,Tamil Nadu,India,651352,43.619733,-79.367879,Individual,,52,34078.75,28-09-2022,101,7345.62,International Priority,05-06-2024
4494,Carlos Tanaka,carlos.tanaka94@icloud.com,5445 Lake View Rd,Singapore,West Region,Singapore,780701,1.379302,103.807751,SME,Bronze,82,10553.88,24-08-2021,5,202.6,International Priority,14-05-2024
4495,Michael Nguyen,michael.nguyen95@gmail.com,132 Lake View Rd,London,West Region,Singapore,734094,51.547543,-0.148798,Corporate,,58,15532.64,07-01-2022,69,4406.06,Standard,24-11-2024
4496,Laura Khan,laura.khan96@outlook.com,139 Victoria Road,Toronto,New York,USA,20807,43.681414,-79.388631,SME,,98,47134.7,04-06-2019,3,460.15,Standard,21-11-2024
4497,Chen Clark,chen.clark97@yahoo.com,8870 Victoria Road,Berlin,British Columbia,Canada,H9B 1A1,52.494372,13.371495,Corporate,Gold,42,12564.26,19-12-2019,14,1630.73,Standard,30-04-2024
4498,Ahmed Khan,ahmed.khan98@hotmail.com,3298 Hillcrest Ave,London,East Region,Singapore,634942,51.513591,-0.122889,Corporate,,41,13565.07,31-01-2023,87,465.45,International Priority,28-05-2024
4499,Raj Clark,raj.clark99@icloud.com,9197 Sunset Blvd,New York,Gujarat,India,270696,40.696155,-74.03724,SME,Gold,75,29325.74,10-05-2021,19,728.34,International Priority,14-04-2024
4500,Daniel Clark,daniel.clark0@gmail.com,6815 Maple Road,Toronto,Queensland,Australia,6602,43.617107,-79.420725,Corporate,Gold,55,4139.59,04-06-2023,11,2596.25,Overnight,08-04-2024
4501,John Martin,john.martin1@outlook.com,4480 Market Street,Toronto,British Columbia,Canada,H7C 9C2,43.642845,-79.389697,Individual,Silver,72,41595.27,13-06-2022,33,753.92,Standard,19-04-2024
4502,Wei Rossi,wei.rossi2@yahoo.com,3637 Maple Road,New York,Florida,USA,81512,40.718318,-73.982174,Individual,Bronze,84,13677.5,28-12-2019,32,1314.59,Express,02-07-2024
4503,Mia Petrov,mia.petrov3@hotmail.com,6099 Sunset Blvd,Toronto,British Columbia,Canada,M5A 4B9,43.651646,-79.375589,Corporate,Bronze,41,15087.13,25-08-2022,76,7467.36,International Priority,02-05-2024
4504,Amit Johnson,amit.johnson4@icloud.com,8732 Market Street,New York,Hesse,Germany,65267,40.667105,-74.013617,Individual,Bronze,52,35719.26,17-04-2022,31,416.55,Standard,22-04-2024
4505,Lucas Anderson,lucas.anderson5@gmail.com,7934 King Street,London,Sharjah,UAE,23492,51.544048,-0.106516,SME,Gold,82,16816.9,02-02-2024,6,363.35,Overnight,15-11-2024
4506,Michael Khan,michael.khan6@outlook.com,7099 Main St,Berlin,British Columbia,Canada,H4B 9C9,52.514589,13.367544,Individual,Bronze,87,27609.39,16-03-2020,7,1573.39,International Priority,01-02-2024
4507,Anna Smith,anna.smith7@yahoo.com,6943 Market Street,New York,Tamil Nadu,India,118776,40.759209,-74.046271,Corporate,Gold,68,25825.07,31-08-2022,62,6527.9,International Priority,15-08-2024
4508,Ahmed Martin,ahmed.martin8@hotmail.com,6453 Park Avenue,Mumbai,Illinois,USA,57492,19.061281,72.893351,SME,Silver,66,8933.14,04-09-2022,2,1158.47,Standard,04-12-2024
4509,Michael Kim,michael.kim9@icloud.com,9985 Oak Street,Singapore,Dubai,UAE,71139,1.380933,103.784436,Individual,Bronze,87,32981.22,08-04-2021,37,1884.36,Overnight,11-03-2024
4510,Chen Lee,chen.lee10@gmail.com,3882 Market Street,Singapore,Karnataka,India,660145,1.389403,103.838562,SME,Gold,44,13679.92,15-03-2020,11,409.34,Express,22-05-2024
4511,Isabella Petrov,isabella.petrov11@outlook.com,1430 Victoria Road,New York,Abu Dhabi,UAE,59232,40.743174,-73.972102,Corporate,Bronze,73,18712.97,06-06-2021,69,7250.95,Overnight,01-11-2024
4512,Laura Anderson,laura.anderson12@yahoo.com,2674 Hillcrest Ave,Singapore,Victoria,Australia,5981,1.307283,103.849248,Individual,Bronze,99,8518.57,11-12-2020,27,998.76,Standard,14-01-2024
4513,Michael Mehta,michael.mehta13@hotmail.com,1492 Sunset Blvd,Toronto,Bavaria,Germany,96375,43.681077,-79.373814,SME,Silver,45,9179.15,08-02-2023,24,388.85,Express,05-01-2024
4514,Laura Petrov,laura.petrov14@icloud.com,9223 Lake View Rd,Dubai,Queensland,Australia,6857,25.174265,55.243766,SME,,71,30886.06,28-05-2021,31,1942.83,Standard,12-02-2024
4515,Noah Khan,noah.khan15@gmail.com,7241 Sunset Blvd,Dubai,Maharashtra,India,566799,25.213219,55.30148,Individual,Bronze,59,5733.79,15-09-2023,18,2559.75,Standard,19-11-2024
4516,Ahmed Brown,ahmed.brown16@outlook.com,5375 Hillcrest Ave,Singapore,Karnataka,India,634546,1.327114,103.785619,SME,Silver,47,25563.27,03-05-2024,20,1759.31,Overnight,27-06-2024
4517,Amit Khan,amit.khan17@yahoo.com,5416 Park Avenue,London,Delhi,India,147960,51.513836,-0.10222,SME,Bronze,98,3793.71,18-11-2024,2,1385.37,International Priority,06-10-2024
4518,John Smith,john.smith18@hotmail.com,8881 Maple Road,Sydney,England,UK,SE7 9BB,-33.864376,151.20995,Corporate,Bronze,46,10787.35,03-02-2020,16,7800.18,Overnight,26-10-2024
4519,Ahmed Fernandez,ahmed.fernandez19@icloud.com,8448 Hillcrest Ave,London,Hesse,Germany,84562,51.476824,-0.152888,Corporate,Bronze,44,24017.2,02-09-2021,19,353.75,Overnight,29-01-2024
4520,Sara Singh,sara.singh20@gmail.com,6904 Market Street,Sydney,Abu Dhabi,UAE,6747,-33.888396,151.247408,Corporate,Bronze,93,40993.56,12-10-2023,51,237.31,International Priority,16-12-2024
4521,Sara Das,sara.das21@outlook.com,5047 Maple Road,Dubai,East Region,Singapore,287055,25.207777,55.315643,Corporate,,61,26763.31,07-01-2024,113,5781.9,International Priority,31-07-2024
4522,Sara Muller,sara.muller22@yahoo.com,9926 Market Street,Dubai,Karnataka,India,403051,25.179156,55.226288,Corporate,,79,47507.98,23-07-2022,76,7246.86,Overnight,11-03-2024
4523,Sara Muller,sara.muller23@hotmail.com,7454 Victoria Road,New York,Gujarat,India,407489,40.731149,-74.046608,Corporate,Bronze,51,1179.96,07-07-2019,118,3747.56,International Priority,26-05-2024
4524,Liam Ibrahim,liam.ibrahim24@icloud.com,3563 Oak Street,Berlin,Sharjah,UAE,54883,52.52904,13.425993,Individual,Bronze,99,7436.29,07-03-2019,5,1648.83,International Priority,11-01-2024
4525,James Lopez,james.lopez25@gmail.com,108 Main St,Mumbai,Central Region,Singapore,373958,19.072754,72.866494,Corporate,Silver,63,28847.08,24-12-2021,60,6957.31,Standard,11-09-2024
4526,Wei Tanaka,wei.tanaka26@outlook.com,5273 Lake View Rd,London,Queensland,Australia,4239,51.534371,-0.169791,SME,Silver,99,11941.43,05-09-2020,32,1512.85,Overnight,06-10-2024
4527,Ahmed Ali,ahmed.ali27@yahoo.com,353 Hillcrest Ave,Toronto,New South Wales,Australia,3298,43.653846,-79.34757,Individual,Gold,43,20003.28,22-03-2020,16,1639.73,Standard,23-11-2024
4528,Fatima Nguyen,fatima.nguyen28@hotmail.com,9014 Hillcrest Ave,Sydney,Karnataka,India,319332,-33.898583,151.166737,SME,,83,4204.57,07-03-2022,80,206.14,Standard,10-07-2024
4529,Priya Fernandez,priya.fernandez29@icloud.com,4144 Hillcrest Ave,Singapore,California,USA,95994,1.310196,103.773906,Corporate,Bronze,58,36552.66,23-12-2019,73,5757.88,Overnight,26-07-2024
4530,Mohammed Tanaka,mohammed.tanaka30@gmail.com,4991 Sunset Blvd,Toronto,England,UK,NW9 7BA,43.697581,-79.346236,Corporate,,91,17360.1,25-05-2019,60,7454.48,Standard,05-05-2024
4531,Raj Lopez,raj.lopez31@outlook.com,2868 Lake View Rd,Berlin,Queensland,Australia,6212,52.500465,13.427083,SME,Silver,84,30257.09,20-12-2022,23,425.99,Overnight,18-01-2024
4532,John Nair,john.nair32@yahoo.com,3318 Hillcrest Ave,Sydney,Illinois,USA,45827,-33.853738,151.20996,SME,,53,37569.88,27-12-2020,4,207.13,Standard,24-05-2024
4533,Arjun Ali,arjun.ali33@hotmail.com,8281 Main St,London,England,UK,EC3 8AA,51.463527,-0.098549,SME,,64,27511.26,14-02-2024,14,1165.76,Overnight,10-12-2024
4534,Mohammed Khan,mohammed.khan34@icloud.com,3338 King Street,New York,Gujarat,India,262290,40.706135,-74.022968,Individual,Bronze,57,2412.74,18-04-2023,18,593.25,Standard,26-08-2024
4535,John Brown,john.brown35@gmail.com,8727 Market Street,Toronto,Hamburg,Germany,85603,43.698308,-79.35133,Corporate,Bronze,45,43570.36,07-12-2024,94,3637.72,Standard,13-03-2024
4536,Liam Garcia,liam.garcia36@outlook.com,8560 Oak Street,Berlin,British Columbia,Canada,M8B 5A3,52.52366,13.421692,SME,Silver,48,14767.3,14-05-2020,31,713.79,Overnight,04-07-2024
4537,Chen Costa,chen.costa37@yahoo.com,8542 King Street,London,Alberta,Canada,T9C 9A2,51.549852,-0.081694,Corporate,Bronze,45,38566.91,15-11-2024,94,7185.64,International Priority,05-04-2024
4538,James Clark,james.clark38@hotmail.com,744 Market Street,Dubai,Delhi,India,425804,25.170934,55.319475,SME,Silver,99,19554.8,20-04-2024,27,1970.37,Overnight,11-02-2024
4539,Noah Kim,noah.kim39@icloud.com,8975 Lake View Rd,Dubai,Victoria,Australia,5798,25.219175,55.318317,Corporate,Silver,50,3442.51,04-09-2019,105,5299.68,Standard,29-04-2024
4540,Liam Petrov,liam.petrov40@gmail.com,4690 Victoria Road,London,Illinois,USA,60707,51.549224,-0.101264,Individual,Gold,74,43662.49,23-06-2020,28,1418.06,Standard,10-09-2024
4541,Elena Brown,elena.brown41@outlook.com,4125 Victoria Road,London,Hesse,Germany,80894,51.52652,-0.13517,Corporate,Gold,77,40134.87,11-05-2024,91,7292.01,Express,10-03-2024
4542,Ahmed Brown,ahmed.brown42@yahoo.com,4471 Victoria Road,London,Sharjah,UAE,75572,51.531255,-0.1423,SME,Gold,73,2992.92,28-01-2019,22,1857.4,Overnight,17-06-2024
4543,Wei Johnson,wei.johnson43@hotmail.com,2494 Sunset Blvd,Sydney,Scotland,UK,W4 7AB,-33.849638,151.168122,Corporate,,59,42950.68,17-01-2022,97,2425.24,Overnight,04-08-2024
4544,Laura Dubois,laura.dubois44@icloud.com,7325 Oak Street,London,Maharashtra,India,788898,51.539581,-0.163756,Individual,Gold,79,46156.06,18-01-2023,66,106.22,Overnight,23-01-2024
4545,Priya Fernandez,priya.fernandez45@gmail.com,1491 Lake View Rd,Toronto,Hesse,Germany,98228,43.64776,-79.353418,Individual,Bronze,89,48158.41,15-06-2020,40,2034.29,International Priority,12-01-2024
4546,Mohammed Tanaka,mohammed.tanaka46@outlook.com,3043 Oak Street,Berlin,Central Region,Singapore,736275,52.536362,13.367797,Corporate,Bronze,57,32776.51,20-08-2021,30,604.21,International Priority,08-08-2024
4547,Lucas Nair,lucas.nair47@yahoo.com,7564 Maple Road,Sydney,Bavaria,Germany,24124,-33.875732,151.200237,SME,Gold,97,31192.83,07-10-2024,26,620.29,Overnight,11-02-2024
4548,Isabella Hassan,isabella.hassan48@hotmail.com,7052 Park Avenue,London,Victoria,Australia,4751,51.481769,-0.086236,Individual,,71,34072.07,27-11-2024,98,6136.19,Standard,18-11-2024
4549,Liam Kim,liam.kim49@icloud.com,7423 Oak Street,Mumbai,East Region,Singapore,753085,19.06664,72.923516,Individual,Silver,51,10308.89,27-11-2022,27,606.8,Standard,20-03-2024
4550,Arjun Costa,arjun.costa50@gmail.com,6771 Maple Road,Singapore,Wales,UK,SE6 9BB,1.304418,103.864398,Corporate,,56,14978.53,06-07-2023,43,3727.73,Standard,22-08-2024
4551,Maria Fernandez,maria.fernandez51@outlook.com,7929 Main St,Mumbai,East Region,Singapore,536815,19.026523,72.878798,Individual,,52,2055.05,28-10-2020,75,593.39,Express,10-12-2024
4552,Anna Anderson,anna.anderson52@yahoo.com,8059 Main St,Berlin,Hamburg,Germany,98753,52.483575,13.391657,Individual,Silver,92,9286.24,14-07-2020,94,1428.82,Standard,01-06-2024
4553,Arjun Petrov,arjun.petrov53@hotmail.com,6784 Main St,Dubai,Victoria,Australia,6299,25.194184,55.265989,SME,Silver,71,33525,17-09-2022,37,1478.34,Overnight,09-12-2024
4554,Lucas Patel,lucas.patel54@icloud.com,7288 Maple Road,New York,West Region,Singapore,211862,40.668593,-74.022461,SME,Silver,77,15061.38,20-10-2023,29,642.99,Overnight,09-07-2024
4555,Sara Petrov,sara.petrov55@gmail.com,1126 Main St,New York,Illinois,USA,45802,40.683285,-74.012711,SME,Bronze,50,9595.12,01-09-2023,23,322.51,Standard,02-01-2024
4556,Daniel Fernandez,daniel.fernandez56@outlook.com,6222 King Street,Singapore,Queensland,Australia,2442,1.335742,103.866955,Corporate,Silver,77,2680.11,28-08-2019,89,4094.77,Overnight,06-10-2024
4557,Mia Nguyen,mia.nguyen57@yahoo.com,2260 Sunset Blvd,Dubai,Texas,USA,42305,25.165527,55.22201,Individual,Silver,57,15324.84,21-08-2022,1,1179.52,Overnight,16-11-2024
4558,Raj Hassan,raj.hassan58@hotmail.com,5918 King Street,Sydney,Illinois,USA,45543,-33.890687,151.249792,Corporate,,58,44692.83,05-09-2024,49,7910.33,International Priority,13-08-2024
4559,Carlos Chowdhury,carlos.chowdhury59@icloud.com,4749 Main St,Sydney,Central Region,Singapore,664946,-33.88664,151.22182,Individual,,73,1365.51,29-08-2023,37,1019.23,Standard,19-02-2024
4560,Maria Nguyen,maria.nguyen60@gmail.com,6794 Market Street,Sydney,West Region,Singapore,364395,-33.884941,151.186487,Individual,Gold,55,13960,17-01-2024,16,7367.86,Express,29-10-2024
4561,Amit Dubois,amit.dubois61@outlook.com,142 Lake View Rd,New York,Abu Dhabi,UAE,44614,40.736686,-73.966816,Individual,,80,27093.44,17-12-2023,11,1903.24,International Priority,09-03-2024
4562,Isabella Anderson,isabella.anderson62@yahoo.com,4050 Park Avenue,Mumbai,Abu Dhabi,UAE,36335,19.105974,72.855551,SME,Silver,99,39371.28,18-02-2022,14,1235.33,Overnight,19-09-2024
4563,Michael Garcia,michael.garcia63@hotmail.com,5570 Hillcrest Ave,New York,Bavaria,Germany,52514,40.684571,-73.998731,Corporate,Bronze,62,15125.74,08-05-2022,106,358.71,International Priority,22-03-2024
4564,Michael Muller,michael.muller64@icloud.com,8403 Oak Street,Toronto,New South Wales,Australia,3979,43.632736,-79.421307,Corporate,,47,874.6,17-11-2020,7,7222.99,Express,30-01-2024
4565,David Rossi,david.rossi65@gmail.com,3255 Victoria Road,London,Abu Dhabi,UAE,55231,51.551336,-0.07841,Individual,,40,7391.19,20-07-2020,19,329.24,International Priority,16-07-2024
4566,Arjun Petrov,arjun.petrov66@outlook.com,3836 Oak Street,Sydney,New York,USA,69595,-33.909675,151.232113,Corporate,Silver,100,41935.55,11-07-2024,82,4384.99,International Priority,27-07-2024
4567,Maria Rossi,maria.rossi67@yahoo.com,9383 Main St,Mumbai,Dubai,UAE,74276,19.101777,72.902474,SME,,47,46657.19,15-10-2022,31,1905.97,International Priority,23-05-2024
4568,Arjun Nguyen,arjun.nguyen68@hotmail.com,3146 Hillcrest Ave,Berlin,Scotland,UK,SW3 7AB,52.553413,13.38973,Corporate,,93,47925.98,20-09-2024,26,3090.47,Overnight,14-11-2024
4569,Ahmed Mehta,ahmed.mehta69@icloud.com,4685 King Street,Singapore,Bavaria,Germany,38552,1.345249,103.815908,Individual,Silver,62,23491.28,13-10-2022,27,1829.43,International Priority,21-02-2024
4570,Maria Brown,maria.brown70@gmail.com,3773 King Street,Berlin,New South Wales,Australia,4134,52.494307,13.389458,SME,,59,24262.25,19-02-2022,27,475.53,Overnight,03-08-2024
4571,Olivia Dubois,olivia.dubois71@outlook.com,1715 Main St,London,Victoria,Australia,4822,51.510472,-0.161791,SME,Bronze,96,14139.6,22-10-2022,26,974.23,International Priority,17-02-2024
4572,Arjun Hassan,arjun.hassan72@yahoo.com,3082 Maple Road,Mumbai,Ontario,Canada,K1C 2A8,19.026128,72.838106,Individual,Gold,54,37799.23,25-09-2023,25,595.77,International Priority,11-10-2024
4573,Olivia Costa,olivia.costa73@hotmail.com,6158 Sunset Blvd,New York,Queensland,Australia,4943,40.723693,-74.001429,Corporate,,91,47404.71,29-01-2023,51,1813.18,Overnight,19-11-2024
4574,Ivan Lee,ivan.lee74@icloud.com,9372 Maple Road,New York,Hesse,Germany,87743,40.66378,-74.054212,Individual,Bronze,64,39712.25,23-07-2022,39,1876.09,Overnight,06-09-2024
4575,Isabella Johnson,isabella.johnson75@gmail.com,4897 Lake View Rd,Toronto,England,UK,SE7 2BA,43.642249,-79.373373,Corporate,,90,9725.2,25-03-2022,52,2494.5,Express,26-08-2024
4576,Chen Lee,chen.lee76@outlook.com,1068 Lake View Rd,Toronto,New South Wales,Australia,4505,43.642397,-79.365081,Corporate,Gold,91,49632.13,29-12-2020,102,5973.55,Standard,23-09-2024
4577,Sara Clark,sara.clark77@yahoo.com,4184 Park Avenue,New York,Quebec,Canada,K7B 9C5,40.716139,-74.020733,SME,Silver,46,30540.33,18-08-2024,13,1526.51,International Priority,18-04-2024
4578,Maria Tanaka,maria.tanaka78@hotmail.com,1238 Oak Street,Berlin,Bavaria,Germany,86717,52.548128,13.357852,Individual,Gold,53,17017.45,11-06-2020,11,652.84,Overnight,24-06-2024
4579,David Hassan,david.hassan79@icloud.com,159 Maple Road,Singapore,Texas,USA,17687,1.396464,103.857594,SME,,76,2644.81,01-06-2022,31,1690.84,Overnight,04-10-2024
4580,Fatima Dubois,fatima.dubois80@gmail.com,1178 Oak Street,Sydney,Gujarat,India,660102,-33.844609,151.191,Individual,Gold,59,44545.91,01-05-2020,14,1544.91,International Priority,17-10-2024
4581,Ivan Mehta,ivan.mehta81@outlook.com,5341 Market Street,Berlin,Tamil Nadu,India,746067,52.489284,13.368103,Individual,Gold,64,7004.14,06-12-2019,74,737.57,Standard,08-02-2024
4582,Isabella Wang,isabella.wang82@yahoo.com,3691 Park Avenue,Singapore,Florida,USA,55924,1.367879,103.781913,SME,Silver,59,29775.43,20-10-2023,47,5697.64,Standard,03-09-2024
4583,Anna Nguyen,anna.nguyen83@hotmail.com,5252 King Street,Toronto,Abu Dhabi,UAE,61681,43.638068,-79.425601,Individual,,100,19283.74,23-09-2022,94,4932.27,Overnight,19-08-2024
4584,Amit Johnson,amit.johnson84@icloud.com,9169 Hillcrest Ave,London,Victoria,Australia,3006,51.476666,-0.145995,Individual,Gold,79,48675.17,15-04-2019,18,640.1,Standard,04-06-2024
4585,Ahmed Das,ahmed.das85@gmail.com,503 King Street,Singapore,East Region,Singapore,151523,1.351375,103.855013,Corporate,Gold,55,24134.59,11-07-2020,73,1288.95,Overnight,11-02-2024
4586,Michael Tanaka,michael.tanaka86@outlook.com,4188 Park Avenue,New York,Delhi,India,616876,40.710998,-73.957274,Individual,Silver,78,41964.06,26-01-2019,117,4787.7,International Priority,05-03-2024
4587,Mia Khan,mia.khan87@yahoo.com,9266 Sunset Blvd,Toronto,Abu Dhabi,UAE,5669,43.666201,-79.36443,Individual,Bronze,96,22619.28,11-06-2019,11,197.59,Overnight,11-12-2024
4588,Arjun Kim,arjun.kim88@hotmail.com,9301 Park Avenue,Toronto,Delhi,India,512808,43.648548,-79.338711,SME,,68,33238.65,25-06-2019,56,3179.8,Overnight,17-09-2024
4589,Lucas Dubois,lucas.dubois89@icloud.com,6412 Hillcrest Ave,Sydney,New York,USA,25251,-33.827625,151.198128,SME,Bronze,55,26339.64,30-09-2020,5,867.74,International Priority,21-08-2024
4590,James Johnson,james.johnson90@gmail.com,9434 Sunset Blvd,New York,Victoria,Australia,2785,40.720509,-74.042093,Individual,Bronze,71,28088.89,10-06-2022,18,1127.48,International Priority,03-12-2024
4591,Isabella Das,isabella.das91@outlook.com,4421 Maple Road,Sydney,Queensland,Australia,4103,-33.849711,151.198115,Corporate,Silver,47,37442.92,06-03-2023,111,3414.06,Overnight,08-01-2024
4592,Michael Tanaka,michael.tanaka92@yahoo.com,8141 King Street,New York,Abu Dhabi,UAE,1858,40.719128,-73.998486,Corporate,Silver,81,1539.63,29-07-2021,66,6343.95,International Priority,23-07-2024
4593,Michael Brown,michael.brown93@hotmail.com,3881 Oak Street,Sydney,Florida,USA,33055,-33.914812,151.211392,SME,,97,43824.73,08-08-2021,6,1923.37,International Priority,15-11-2024
4594,Michael Dubois,michael.dubois94@icloud.com,9260 Victoria Road,Singapore,Sharjah,UAE,21856,1.343779,103.856894,Individual,Bronze,83,33573.09,25-10-2019,83,4352.07,International Priority,26-01-2024
4595,Wei Singh,wei.singh95@gmail.com,8248 Lake View Rd,Berlin,Victoria,Australia,7396,52.479859,13.439535,Individual,Gold,94,14166.88,26-08-2021,2,1796.89,Standard,21-03-2024
4596,Lucas Tanaka,lucas.tanaka96@outlook.com,5539 Victoria Road,London,West Region,Singapore,324467,51.5032,-0.106312,Corporate,Bronze,62,38614.42,21-06-2020,9,4516.45,Overnight,05-08-2024
4597,Raj Clark,raj.clark97@yahoo.com,6023 Hillcrest Ave,London,Queensland,Australia,7246,51.519013,-0.083669,Corporate,Silver,80,36949.79,19-04-2020,33,1607.35,Standard,16-07-2024
4598,Carlos Chowdhury,carlos.chowdhury98@hotmail.com,2658 Sunset Blvd,New York,Hamburg,Germany,54485,40.711148,-74.010566,Corporate,Gold,91,21290.13,28-08-2022,102,6434.35,Express,04-03-2024
4599,John Tanaka,john.tanaka99@icloud.com,1442 Maple Road,Mumbai,West Region,Singapore,717929,19.105625,72.924113,SME,Gold,72,49490.02,23-07-2022,34,910.26,Standard,01-06-2024
4600,Anna Sharma,anna.sharma0@gmail.com,5374 Hillcrest Ave,Dubai,Dubai,UAE,54761,25.251785,55.281025,Individual,Silver,71,31499.04,11-10-2019,11,1550.38,Express,27-07-2024
4601,Wei Sharma,wei.sharma1@outlook.com,5326 Main St,Toronto,Bavaria,Germany,11507,43.678739,-79.358466,SME,Gold,89,39242.81,03-05-2021,32,1503.93,International Priority,15-09-2024
4602,Carlos Dubois,carlos.dubois2@yahoo.com,4830 Hillcrest Ave,Toronto,Texas,USA,59415,43.648115,-79.376232,Individual,Bronze,67,19212.62,23-01-2019,27,1497.5,Overnight,09-01-2024
4603,Raj Lopez,raj.lopez3@hotmail.com,1239 Market Street,New York,Wales,UK,NW9 6BA,40.689759,-73.988491,SME,Silver,91,9350.96,20-08-2022,38,1241.87,International Priority,21-04-2024
4604,Wei Nguyen,wei.nguyen4@icloud.com,6438 Victoria Road,Singapore,Maharashtra,India,292058,1.313349,103.868683,Individual,,51,34544.27,24-10-2022,22,1298.26,International Priority,20-02-2024
4605,Carlos Patel,carlos.patel5@gmail.com,5812 Victoria Road,Sydney,Bavaria,Germany,33298,-33.858045,151.19593,Corporate,Silver,40,45814.45,22-05-2024,19,3227.48,Express,10-06-2024
4606,Anna Chowdhury,anna.chowdhury6@outlook.com,4425 Sunset Blvd,Mumbai,Tamil Nadu,India,725791,19.06626,72.874989,Corporate,,59,31728.04,19-05-2019,51,6957.08,International Priority,24-10-2024
4607,David Fernandez,david.fernandez7@yahoo.com,2994 Lake View Rd,Berlin,British Columbia,Canada,T1C 5B4,52.490972,13.371975,Corporate,,59,14552.3,07-11-2024,105,1965.94,Express,28-11-2024
4608,John Patel,john.patel8@hotmail.com,8445 Sunset Blvd,Sydney,Florida,USA,67004,-33.90224,151.232014,SME,Silver,80,44910.14,15-04-2021,5,168.68,Standard,22-02-2024
4609,Mia Patel,mia.patel9@icloud.com,6500 Oak Street,Sydney,Scotland,UK,EC5 9BA,-33.902348,151.161796,Corporate,Silver,66,43192.83,10-10-2023,107,5606.88,Express,27-02-2024
4610,Maria Costa,maria.costa10@gmail.com,6897 Maple Road,New York,Quebec,Canada,H7C 2C2,40.676174,-73.9813,Individual,,94,26378.68,16-01-2021,38,76.32,Standard,15-10-2024
4611,John Clark,john.clark11@outlook.com,5230 Park Avenue,New York,Quebec,Canada,K5B 8C6,40.69238,-74.028493,SME,,85,26666.78,16-02-2020,39,1820.78,Standard,29-07-2024
4612,Lucas Das,lucas.das12@yahoo.com,5638 Lake View Rd,Singapore,Queensland,Australia,5614,1.365845,103.865143,Individual,Gold,68,44024.75,08-03-2022,30,110.65,Express,14-12-2024
4613,Priya Ibrahim,priya.ibrahim13@hotmail.com,8733 Park Avenue,Toronto,Alberta,Canada,K9A 7C4,43.621676,-79.423818,SME,Silver,89,3092.65,27-05-2022,112,4562.53,Express,02-09-2024
4614,Priya Khan,priya.khan14@icloud.com,7570 King Street,New York,New York,USA,66836,40.679869,-73.956562,Individual,Silver,78,7959.13,10-03-2022,9,582.19,Overnight,10-01-2024
4615,John Nair,john.nair15@gmail.com,7039 Main St,New York,Hesse,Germany,88434,40.708899,-74.0112,Individual,Gold,46,11693.47,30-10-2024,4,4015.9,International Priority,15-06-2024
4616,Fatima Johnson,fatima.johnson16@outlook.com,3194 Victoria Road,New York,New York,USA,99031,40.70343,-74.029555,SME,Silver,81,27060.36,19-11-2024,24,909.36,Overnight,02-12-2024
4617,Ahmed Tanaka,ahmed.tanaka17@yahoo.com,611 Hillcrest Ave,Singapore,Hesse,Germany,11557,1.339377,103.830726,SME,Gold,68,6093.67,19-04-2023,18,209.44,Express,15-07-2024
4618,Maria Kim,maria.kim18@hotmail.com,853 Lake View Rd,Toronto,Quebec,Canada,M9C 8A1,43.609831,-79.376591,Corporate,Gold,71,23800.56,30-04-2023,64,1805.15,Overnight,02-07-2024
4619,Olivia Lee,olivia.lee19@icloud.com,6930 Market Street,Berlin,British Columbia,Canada,V7B 1B8,52.550651,13.404657,Corporate,Silver,93,28629.27,02-07-2024,118,3544.31,Standard,29-09-2024
4620,Anna Costa,anna.costa20@gmail.com,2267 Lake View Rd,Berlin,Central Region,Singapore,388326,52.523977,13.395872,Individual,Bronze,60,16563.93,13-08-2020,28,1924.77,Overnight,17-12-2024
4621,Isabella Lee,isabella.lee21@outlook.com,6337 Market Street,Dubai,England,UK,SE8 5AB,25.20871,55.291466,Individual,,95,5809.47,08-08-2024,33,1707.48,Standard,01-08-2024
4622,Raj Johnson,raj.johnson22@yahoo.com,8397 Lake View Rd,Dubai,Bavaria,Germany,35581,25.213366,55.265192,Individual,Silver,86,45932.29,28-06-2021,39,948.96,Overnight,06-02-2024
4623,Amit Hassan,amit.hassan23@hotmail.com,3126 King Street,New York,British Columbia,Canada,T1C 8A6,40.728058,-74.035441,SME,Bronze,49,47564.33,29-09-2023,82,5669.92,International Priority,24-12-2024
4624,Fatima Brown,fatima.brown24@icloud.com,1670 Main St,Dubai,Victoria,Australia,4768,25.209931,55.27557,SME,Gold,74,1531.19,14-01-2024,9,237.02,Overnight,23-05-2024
4625,James Fernandez,james.fernandez25@gmail.com,8621 Victoria Road,Toronto,East Region,Singapore,453620,43.621348,-79.413876,Corporate,Bronze,47,46129.75,12-12-2023,83,2747.65,International Priority,18-01-2024
4626,Ahmed Singh,ahmed.singh26@outlook.com,6982 Hillcrest Ave,Singapore,Karnataka,India,141167,1.355834,103.848104,Individual,Silver,92,29312.3,13-04-2022,26,989.4,Express,15-03-2024
4627,James Dubois,james.dubois27@yahoo.com,5459 Hillcrest Ave,Berlin,Central Region,Singapore,215553,52.484947,13.392775,Corporate,Silver,48,32304.1,20-08-2023,26,5889.83,Express,08-01-2024
4628,Mohammed Nair,mohammed.nair28@hotmail.com,2391 Oak Street,Sydney,Scotland,UK,SW4 4BA,-33.86198,151.236513,SME,Bronze,81,1245.11,05-09-2020,32,1541.56,Express,10-01-2024
4629,Mohammed Rossi,mohammed.rossi29@icloud.com,7864 Oak Street,Berlin,California,USA,39798,52.550194,13.405498,SME,Silver,53,33942.51,27-01-2019,4,451.74,Overnight,06-10-2024
4630,Yuki Smith,yuki.smith30@gmail.com,6668 Main St,Berlin,England,UK,EC8 3BB,52.535276,13.413944,SME,,53,45620.5,15-06-2020,83,5565.36,International Priority,09-11-2024
4631,Sara Hassan,sara.hassan31@outlook.com,6762 Maple Road,Toronto,Tamil Nadu,India,412751,43.633243,-79.430075,Corporate,Bronze,42,48706.26,09-02-2023,87,2704.12,Overnight,04-07-2024
4632,Mohammed Muller,mohammed.muller32@yahoo.com,1099 Sunset Blvd,Dubai,East Region,Singapore,752629,25.216951,55.259952,SME,Gold,64,21873.67,11-10-2024,61,2247.17,Overnight,21-05-2024
4633,Emma Das,emma.das33@hotmail.com,7654 Victoria Road,Sydney,Bavaria,Germany,65360,-33.874653,151.219497,Individual,Bronze,74,3829.07,17-11-2020,19,1090.26,Overnight,18-01-2024
4634,Elena Ali,elena.ali34@icloud.com,4878 King Street,Toronto,Texas,USA,39369,43.667444,-79.420304,Corporate,Bronze,98,36886,19-02-2023,88,531.06,Express,06-06-2024
4635,Isabella Kim,isabella.kim35@gmail.com,3194 Sunset Blvd,New York,Illinois,USA,22661,40.742775,-73.960637,SME,Bronze,80,6101.88,25-03-2022,36,764.08,Express,19-11-2024
4636,Isabella Wang,isabella.wang36@outlook.com,5624 Market Street,Singapore,Hamburg,Germany,75665,1.383135,103.844191,Corporate,Bronze,100,24943.57,06-05-2021,36,4856.37,Express,15-10-2024
4637,Sara Fernandez,sara.fernandez37@yahoo.com,6622 Oak Street,London,Dubai,UAE,66397,51.461289,-0.151174,Corporate,Gold,77,27396.37,13-10-2019,108,3965.4,Overnight,07-09-2024
4638,James Muller,james.muller38@hotmail.com,5398 Market Street,Berlin,Sharjah,UAE,46685,52.527639,13.45484,SME,Gold,76,31031.86,23-11-2024,8,894.76,Overnight,17-10-2024
4639,Michael Rossi,michael.rossi39@icloud.com,2021 Hillcrest Ave,London,Wales,UK,SW5 1AB,51.505035,-0.098443,SME,Gold,48,6963.01,13-06-2021,47,3125.34,Standard,08-08-2024
4640,Noah Fernandez,noah.fernandez40@gmail.com,2519 Park Avenue,Singapore,Alberta,Canada,K2C 1A6,1.338471,103.78817,Corporate,Bronze,58,39949.34,09-12-2020,118,1147.35,Overnight,19-08-2024
4641,Raj Rossi,raj.rossi41@outlook.com,130 Main St,Singapore,Sharjah,UAE,97690,1.327134,103.817385,Corporate,,94,35358.63,09-03-2020,48,5907.71,Standard,28-06-2024
4642,Ivan Anderson,ivan.anderson42@yahoo.com,8037 Sunset Blvd,Toronto,Scotland,UK,W6 3BB,43.607211,-79.343364,SME,,65,36948.22,01-07-2020,9,1458.12,International Priority,02-12-2024
4643,Emma Garcia,emma.garcia43@hotmail.com,2876 Sunset Blvd,Toronto,Sharjah,UAE,27207,43.685418,-79.421339,Individual,Gold,70,39503.74,18-02-2021,6,1770.09,Express,25-01-2024
4644,John Khan,john.khan44@icloud.com,740 Park Avenue,Toronto,Maharashtra,India,287444,43.671096,-79.383584,Corporate,,41,3857.58,15-09-2019,58,7819.16,Standard,06-04-2024
4645,Maria Mehta,maria.mehta45@gmail.com,6512 King Street,London,Victoria,Australia,3704,51.547866,-0.130453,Corporate,,93,878.65,01-06-2020,8,5397.1,Standard,29-10-2024
4646,Sophia Garcia,sophia.garcia46@outlook.com,5261 Market Street,Toronto,Quebec,Canada,M1B 9C6,43.647939,-79.432343,Individual,,41,15219.91,30-03-2021,14,1137.6,Express,23-07-2024
4647,Fatima Nair,fatima.nair47@yahoo.com,7040 Market Street,Singapore,Scotland,UK,SE8 9BA,1.322314,103.785607,SME,,64,34161.23,09-08-2020,21,1366.97,Overnight,05-12-2024
4648,Maria Ibrahim,maria.ibrahim48@hotmail.com,4143 Sunset Blvd,New York,Queensland,Australia,5430,40.68509,-74.047894,SME,,98,26886.33,30-01-2019,26,1375.78,International Priority,15-08-2024
4649,Daniel Anderson,daniel.anderson49@icloud.com,2706 Market Street,Toronto,New South Wales,Australia,3155,43.632382,-79.408511,Individual,Silver,57,30911.65,02-06-2022,16,1536.96,Standard,13-05-2024
4650,Sara Lee,sara.lee50@gmail.com,9792 Oak Street,Mumbai,West Region,Singapore,133542,19.085724,72.896209,SME,Gold,70,32742.21,15-01-2020,25,1529.84,Standard,26-03-2024
4651,Lucas Clark,lucas.clark51@outlook.com,1658 Oak Street,Dubai,Sharjah,UAE,48729,25.242699,55.314406,SME,Bronze,80,29776.52,30-08-2019,27,7948.25,Standard,30-05-2024
4652,Wei Garcia,wei.garcia52@yahoo.com,1825 Oak Street,London,East Region,Singapore,404485,51.524799,-0.139124,Corporate,,49,11510.16,25-03-2023,41,7383.98,International Priority,30-08-2024
4653,Amit Kim,amit.kim53@hotmail.com,2294 Hillcrest Ave,Mumbai,Berlin,Germany,27622,19.066069,72.900562,Corporate,Silver,98,40502.82,03-02-2019,120,5886.98,International Priority,26-11-2024
4654,John Johnson,john.johnson54@icloud.com,2989 Park Avenue,Toronto,Karnataka,India,129409,43.696062,-79.362649,Corporate,Bronze,57,6281.4,04-01-2020,75,7931.72,Standard,03-04-2024
4655,Elena Lee,elena.lee55@gmail.com,4603 Maple Road,Singapore,Tamil Nadu,India,201966,1.319209,103.778757,Individual,Silver,52,6756.91,29-10-2024,4,1554.45,Express,02-03-2024
4656,Sara Ibrahim,sara.ibrahim56@outlook.com,2718 Market Street,New York,Maharashtra,India,204680,40.731432,-73.973705,SME,,80,33977.1,29-09-2021,99,5904.47,Express,14-09-2024
4657,Carlos Tanaka,carlos.tanaka57@yahoo.com,6929 Hillcrest Ave,Berlin,Alberta,Canada,H7B 9A8,52.547596,13.360142,SME,,88,27320.01,29-08-2023,25,287.12,Express,19-11-2024
4658,Sara Das,sara.das58@hotmail.com,9755 Park Avenue,Sydney,California,USA,31588,-33.868184,151.222681,Corporate,,60,20126.17,10-12-2021,120,7957.71,Standard,04-02-2024
4659,Yuki Rossi,yuki.rossi59@icloud.com,619 Maple Road,Dubai,British Columbia,Canada,K4C 5A2,25.157947,55.262748,Corporate,,85,18573.76,28-06-2024,84,4535.97,Express,27-02-2024
4660,John Dubois,john.dubois60@gmail.com,1244 Sunset Blvd,Sydney,England,UK,W9 2BA,-33.902615,151.247612,Individual,Bronze,83,14945.73,17-10-2020,30,275.83,International Priority,24-09-2024
4661,Anna Das,anna.das61@outlook.com,7953 King Street,Toronto,Queensland,Australia,6630,43.622465,-79.405599,SME,Bronze,58,16724.64,15-04-2021,24,1529.58,International Priority,26-01-2024
4662,Sophia Clark,sophia.clark62@yahoo.com,7696 King Street,Dubai,New South Wales,Australia,5591,25.246119,55.292696,Individual,Silver,46,30975.07,12-03-2024,25,6419.26,Standard,24-02-2024
4663,Maria Wang,maria.wang63@hotmail.com,2075 Oak Street,Dubai,West Region,Singapore,561186,25.234179,55.273843,SME,Gold,46,31891.33,14-11-2022,22,266.71,Express,04-11-2024
4664,Ahmed Lee,ahmed.lee64@icloud.com,6173 Main St,New York,New York,USA,43571,40.663332,-73.977928,Individual,,73,20404.16,10-04-2019,34,1740.8,Standard,25-11-2024
4665,Lucas Lopez,lucas.lopez65@gmail.com,980 Park Avenue,Dubai,Wales,UK,EC9 2AB,25.160746,55.224632,Corporate,Silver,67,39209.91,21-12-2024,47,5572.23,Overnight,04-06-2024
4666,Michael Patel,michael.patel66@outlook.com,5487 Hillcrest Ave,London,New York,USA,70708,51.537913,-0.082545,Individual,Silver,77,37137.44,07-11-2020,2,1354.24,International Priority,17-02-2024
4667,Ivan Wang,ivan.wang67@yahoo.com,9049 Maple Road,Mumbai,New South Wales,Australia,2651,19.106087,72.86001,Individual,Silver,67,26643.27,15-04-2024,32,801.93,Standard,22-06-2024
4668,Ahmed Kim,ahmed.kim68@hotmail.com,6730 Main St,Mumbai,Abu Dhabi,UAE,84768,19.121617,72.837176,Corporate,,66,3047.38,13-07-2023,13,1089.17,Overnight,05-01-2024
4669,Ivan Rossi,ivan.rossi69@icloud.com,719 Main St,Mumbai,Ontario,Canada,T2A 2C5,19.032926,72.838078,SME,,62,15469.28,25-10-2024,38,426.22,Overnight,14-09-2024
4670,Wei Lee,wei.lee70@gmail.com,5836 Sunset Blvd,London,Karnataka,India,661251,51.513078,-0.094037,SME,Silver,95,47219.63,23-12-2019,46,2197.65,Standard,13-01-2024
4671,Mohammed Khan,mohammed.khan71@outlook.com,9633 Hillcrest Ave,Sydney,New South Wales,Australia,3388,-33.897074,151.194628,Corporate,,83,25095.97,11-02-2024,13,1881.05,Standard,24-08-2024
4672,Amit Tanaka,amit.tanaka72@yahoo.com,3546 Maple Road,New York,Hamburg,Germany,80561,40.698225,-74.012688,Individual,Silver,79,22947.22,25-12-2020,23,942.19,Overnight,10-01-2024
4673,Priya Singh,priya.singh73@hotmail.com,6025 Park Avenue,Dubai,Maharashtra,India,697575,25.207865,55.23898,Individual,Bronze,58,48304.48,10-01-2021,35,817.84,Overnight,03-12-2024
4674,Lucas Nguyen,lucas.nguyen74@icloud.com,3247 Victoria Road,London,New South Wales,Australia,3148,51.532348,-0.137983,Individual,,53,883.24,04-12-2022,39,5336.71,Overnight,22-10-2024
4675,Chen Nguyen,chen.nguyen75@gmail.com,8475 Main St,Mumbai,Ontario,Canada,K7C 4B4,19.109467,72.917096,SME,Bronze,44,36808.23,20-05-2024,7,1515.35,Express,08-01-2024
4676,Emma Tanaka,emma.tanaka76@outlook.com,1862 Sunset Blvd,Toronto,New York,USA,88143,43.681151,-79.420054,Individual,Gold,78,12798.62,16-03-2024,67,5983.68,Standard,23-02-2024
4677,Emma Fernandez,emma.fernandez77@yahoo.com,3438 Lake View Rd,Berlin,Sharjah,UAE,34490,52.49049,13.395629,SME,,54,47696.99,07-08-2022,11,1059.92,Standard,26-06-2024
4678,Maria Sharma,maria.sharma78@hotmail.com,4348 Main St,Dubai,Abu Dhabi,UAE,56644,25.20689,55.283144,Individual,Gold,77,2154.76,02-12-2021,89,2088.09,Overnight,27-05-2024
4679,Daniel Petrov,daniel.petrov79@icloud.com,9669 King Street,London,Maharashtra,India,354334,51.533004,-0.17267,Corporate,Silver,96,1212.29,27-01-2023,35,4321.04,Standard,23-01-2024
4680,Raj Nguyen,raj.nguyen80@gmail.com,8781 Park Avenue,Singapore,Ontario,Canada,T8C 2C9,1.337687,103.785182,Corporate,,95,15910.83,24-12-2021,20,686.14,Overnight,17-11-2024
4681,Wei Ali,wei.ali81@outlook.com,6927 King Street,London,Abu Dhabi,UAE,52677,51.476278,-0.080722,SME,,56,18431.36,04-06-2024,12,1993.88,Express,24-06-2024
4682,Anna Tanaka,anna.tanaka82@yahoo.com,3714 Oak Street,New York,Dubai,UAE,83465,40.70712,-73.971087,SME,,96,38710.81,09-07-2020,33,51.97,Standard,18-06-2024
4683,Sara Clark,sara.clark83@hotmail.com,8810 Sunset Blvd,New York,Wales,UK,W4 6BA,40.700504,-73.996385,Corporate,Gold,89,9021.34,02-04-2023,30,3262.17,International Priority,26-08-2024
4684,Yuki Tanaka,yuki.tanaka84@icloud.com,2473 King Street,London,Bavaria,Germany,71933,51.533345,-0.128639,Corporate,Gold,75,49493.52,25-09-2020,82,3534.58,Express,23-12-2024
4685,Olivia Kim,olivia.kim85@gmail.com,1324 Main St,Mumbai,Maharashtra,India,352106,19.04694,72.865845,Individual,Silver,74,30626.91,14-05-2019,31,1679.51,International Priority,04-04-2024
4686,Sara Nair,sara.nair86@outlook.com,3780 Sunset Blvd,Berlin,New York,USA,71163,52.510521,13.388884,Corporate,Bronze,98,44130.65,25-08-2022,60,7119.35,International Priority,19-02-2024
4687,Lucas Singh,lucas.singh87@yahoo.com,9131 Market Street,Dubai,Abu Dhabi,UAE,37428,25.196863,55.271942,SME,Bronze,93,16708.92,06-08-2020,28,1825.18,Standard,29-02-2024
4688,David Das,david.das88@hotmail.com,9233 King Street,New York,Wales,UK,NW8 2BA,40.70649,-74.0335,Corporate,Gold,51,36168.6,05-01-2020,72,7509.81,Express,31-05-2024
4689,Sara Lopez,sara.lopez89@icloud.com,3722 Lake View Rd,Dubai,Quebec,Canada,K3B 5C8,25.246004,55.256853,SME,,52,41710.85,23-09-2024,15,577.11,Standard,23-12-2024
4690,Laura Khan,laura.khan90@gmail.com,2790 Maple Road,Mumbai,Abu Dhabi,UAE,78048,19.124819,72.920858,SME,Bronze,70,36422.23,01-02-2024,35,431.6,Overnight,22-04-2024
4691,Sara Das,sara.das91@outlook.com,4383 Market Street,Dubai,West Region,Singapore,311910,25.202694,55.264229,Individual,Bronze,47,27036.77,16-04-2023,5,909.39,Overnight,16-01-2024
4692,Mohammed Nguyen,mohammed.nguyen92@yahoo.com,6568 Main St,Toronto,Berlin,Germany,26243,43.663393,-79.380862,Individual,Gold,40,10634.32,14-09-2021,38,1006.16,Standard,06-04-2024
4693,Anna Mehta,anna.mehta93@hotmail.com,9886 Main St,New York,California,USA,95267,40.682027,-73.993858,Individual,Silver,94,46342.11,23-02-2020,22,1500.35,Express,13-04-2024
4694,Mohammed Ali,mohammed.ali94@icloud.com,7705 Oak Street,Mumbai,Ontario,Canada,H9A 8A3,19.110015,72.860264,Individual,Gold,52,46405.24,27-05-2023,38,405.69,Overnight,07-12-2024
4695,Yuki Johnson,yuki.johnson95@gmail.com,5567 Hillcrest Ave,Mumbai,Ontario,Canada,V4B 8C2,19.073955,72.856418,Corporate,Gold,58,34859.23,06-08-2019,86,4647.4,Standard,27-08-2024
4696,Michael Fernandez,michael.fernandez96@outlook.com,4427 Oak Street,Berlin,Gujarat,India,262064,52.553466,13.442556,Individual,,40,10868.05,14-01-2021,113,1042.68,Overnight,25-05-2024
4697,Liam Tanaka,liam.tanaka97@yahoo.com,8936 Main St,Berlin,Dubai,UAE,94899,52.537287,13.39262,Corporate,Gold,45,18155.83,06-12-2023,114,7858.34,Express,25-09-2024
4698,Olivia Brown,olivia.brown98@hotmail.com,3568 Market Street,Toronto,Tamil Nadu,India,222685,43.66785,-79.338766,Individual,,65,37891.36,10-05-2020,32,1083.8,Express,20-08-2024
4699,James Sharma,james.sharma99@icloud.com,7508 Park Avenue,Mumbai,Texas,USA,53457,19.037866,72.840893,Individual,Silver,98,17579.42,04-04-2024,28,1479.49,Express,05-11-2024
4700,James Dubois,james.dubois0@gmail.com,7667 Market Street,Sydney,East Region,Singapore,471815,-33.897972,151.194497,SME,,52,7274.38,20-12-2020,22,1402.55,Express,17-12-2024
4701,Raj Chowdhury,raj.chowdhury1@outlook.com,3174 Sunset Blvd,Mumbai,Sharjah,UAE,35435,19.036188,72.844289,Corporate,Silver,88,43569.45,17-09-2019,28,6967.12,Overnight,27-08-2024
4702,Amit Petrov,amit.petrov2@yahoo.com,1951 King Street,Berlin,New South Wales,Australia,3308,52.545323,13.44054,SME,Silver,84,36451.43,16-02-2024,11,229.68,Express,20-09-2024
4703,Priya Brown,priya.brown3@hotmail.com,4084 Sunset Blvd,Sydney,Sharjah,UAE,28760,-33.914274,151.231753,Individual,Silver,62,6205.4,30-05-2021,27,1763.85,Overnight,15-11-2024
4704,Yuki Fernandez,yuki.fernandez4@icloud.com,9442 Victoria Road,New York,East Region,Singapore,560256,40.694352,-73.95994,Corporate,Gold,58,35828.86,23-03-2021,106,3958.85,Overnight,02-08-2024
4705,Chen Kim,chen.kim5@gmail.com,1504 Oak Street,New York,New South Wales,Australia,4008,40.677847,-74.006583,Individual,,87,37774.23,20-12-2023,21,1399.81,Standard,02-02-2024
4706,Maria Martin,maria.martin6@outlook.com,4196 Main St,Dubai,British Columbia,Canada,H8B 1B2,25.165723,55.244597,SME,Bronze,79,28417.45,08-06-2021,26,528.09,Overnight,24-03-2024
4707,Sophia Rossi,sophia.rossi7@yahoo.com,4184 Market Street,London,Tamil Nadu,India,372653,51.475307,-0.164433,Corporate,Gold,51,25276.24,01-02-2021,81,2178.61,Standard,26-08-2024
4708,Yuki Mehta,yuki.mehta8@hotmail.com,2270 Sunset Blvd,Berlin,Hamburg,Germany,54069,52.47551,13.372137,SME,Silver,56,29397.28,30-04-2019,25,6014.15,Express,29-03-2024
4709,Emma Smith,emma.smith9@icloud.com,8522 Maple Road,London,Abu Dhabi,UAE,70846,51.500946,-0.125836,Individual,Bronze,41,2614.18,27-08-2022,59,140.68,International Priority,23-02-2024
4710,Raj Brown,raj.brown10@gmail.com,2827 Hillcrest Ave,Sydney,Berlin,Germany,79909,-33.83601,151.215974,Individual,Gold,61,28624.59,14-01-2021,35,311.33,International Priority,02-06-2024
4711,Carlos Lee,carlos.lee11@outlook.com,4513 King Street,Berlin,Sharjah,UAE,54220,52.568976,13.418059,Individual,Bronze,45,40895.75,07-12-2020,6,1455.2,Overnight,16-07-2024
4712,Noah Chowdhury,noah.chowdhury12@yahoo.com,5636 Sunset Blvd,Toronto,Quebec,Canada,M4B 5A3,43.651363,-79.405722,Corporate,Silver,68,26799.66,27-09-2020,11,6809.79,International Priority,08-09-2024
4713,Wei Lee,wei.lee13@hotmail.com,8747 Sunset Blvd,Mumbai,Maharashtra,India,365378,19.106148,72.889764,SME,Bronze,55,48603.84,26-05-2021,28,6288.99,Express,31-07-2024
4714,Olivia Nguyen,olivia.nguyen14@icloud.com,3559 Hillcrest Ave,Toronto,New York,USA,58218,43.611495,-79.379619,SME,Bronze,62,16798.7,15-08-2023,66,1050.33,Standard,17-04-2024
4715,Mia Martin,mia.martin15@gmail.com,1250 Main St,Sydney,Texas,USA,83856,-33.870282,151.205785,Individual,Silver,65,46627.52,02-12-2020,34,1097,Standard,29-10-2024
4716,Ahmed Smith,ahmed.smith16@outlook.com,1764 King Street,Berlin,Illinois,USA,14286,52.542286,13.373532,SME,Bronze,100,43564.74,17-02-2020,9,1922.5,Overnight,16-10-2024
4717,Amit Ibrahim,amit.ibrahim17@yahoo.com,4552 Victoria Road,Singapore,Dubai,UAE,52230,1.31105,103.812742,Corporate,Gold,77,10860.85,16-10-2023,5,6528.87,International Priority,03-05-2024
4718,Lucas Martin,lucas.martin18@hotmail.com,1092 Oak Street,Sydney,Abu Dhabi,UAE,31760,-33.822213,151.232438,Individual,Bronze,69,9637.67,01-09-2022,14,1145.35,Express,14-08-2024
4719,Arjun Petrov,arjun.petrov19@icloud.com,8554 Main St,Singapore,Hesse,Germany,26724,1.333765,103.830433,Individual,,86,18407.89,05-11-2019,25,699.45,Express,19-05-2024
4720,Daniel Fernandez,daniel.fernandez20@gmail.com,2097 Market Street,Mumbai,Tamil Nadu,India,640308,19.060088,72.926203,Individual,Gold,82,17226.95,26-05-2022,28,435.9,Overnight,06-07-2024
4721,James Anderson,james.anderson21@outlook.com,9142 Main St,New York,Central Region,Singapore,579885,40.713038,-73.997962,Corporate,Bronze,67,43087.74,25-08-2021,33,7477,Standard,19-04-2024
4722,John Brown,john.brown22@yahoo.com,5476 Market Street,New York,Sharjah,UAE,59212,40.702095,-74.031566,Individual,,98,39317.43,12-08-2020,22,789.96,International Priority,04-03-2024
4723,Lucas Anderson,lucas.anderson23@hotmail.com,5001 Park Avenue,Sydney,Maharashtra,India,446234,-33.84074,151.181554,Individual,,70,8663.72,26-08-2021,37,140.42,International Priority,13-03-2024
4724,Lucas Clark,lucas.clark24@icloud.com,1979 Oak Street,London,Hamburg,Germany,54471,51.48009,-0.144879,Individual,,86,40655.97,13-11-2020,26,223.55,Overnight,22-12-2024
4725,Elena Ali,elena.ali25@gmail.com,6615 Maple Road,Berlin,Dubai,UAE,34083,52.53249,13.358953,Individual,Bronze,70,16242.11,24-08-2022,26,1942.55,Overnight,19-06-2024
4726,Laura Ali,laura.ali26@outlook.com,4167 Oak Street,Berlin,New York,USA,75666,52.547244,13.412141,SME,Silver,57,4891.66,29-01-2023,1,1920.96,Standard,29-11-2024
4727,Yuki Garcia,yuki.garcia27@yahoo.com,9992 Lake View Rd,New York,Texas,USA,47486,40.689529,-73.986102,Individual,,67,18649.8,28-09-2021,3,1866.52,Standard,06-08-2024
4728,Raj Khan,raj.khan28@hotmail.com,6472 Market Street,Dubai,Alberta,Canada,M1B 3A1,25.169923,55.315817,Corporate,Silver,41,35332.64,12-04-2021,26,2708.48,Express,02-10-2024
4729,Mohammed Khan,mohammed.khan29@icloud.com,9834 Lake View Rd,Toronto,Victoria,Australia,7612,43.700758,-79.411311,Individual,Gold,60,34625.18,04-08-2022,31,897.99,International Priority,11-04-2024
4730,Raj Dubois,raj.dubois30@gmail.com,5050 Sunset Blvd,Dubai,Scotland,UK,W8 9BA,25.225325,55.246868,Individual,Silver,71,31596.67,15-06-2022,39,1168.82,Express,06-05-2024
4731,Michael Nair,michael.nair31@outlook.com,4586 Sunset Blvd,Mumbai,East Region,Singapore,581412,19.097786,72.889151,SME,Silver,74,30896.07,28-12-2021,15,117.33,Express,24-12-2024
4732,Mia Hassan,mia.hassan32@yahoo.com,6199 Maple Road,Toronto,New South Wales,Australia,5337,43.628769,-79.345203,Individual,Silver,92,22869.53,08-09-2023,13,1015.03,Express,21-11-2024
4733,Lucas Dubois,lucas.dubois33@hotmail.com,419 King Street,Toronto,Dubai,UAE,93058,43.657231,-79.362056,SME,Silver,50,4720.81,15-05-2020,2,7518.16,Overnight,07-08-2024
4734,Yuki Anderson,yuki.anderson34@icloud.com,1877 Oak Street,Sydney,Tamil Nadu,India,114787,-33.901892,151.177255,Corporate,Silver,53,9050.55,26-06-2024,72,2574.5,Standard,16-07-2024
4735,Chen Clark,chen.clark35@gmail.com,8422 Oak Street,New York,Sharjah,UAE,9054,40.73832,-73.960385,SME,Gold,56,14010.32,11-03-2024,10,1721.04,Express,09-03-2024
4736,Anna Garcia,anna.garcia36@outlook.com,5247 Lake View Rd,Dubai,Gujarat,India,709073,25.225619,55.249599,Individual,Gold,65,23750.72,12-07-2024,19,1807.38,International Priority,25-08-2024
4737,Ivan Nguyen,ivan.nguyen37@yahoo.com,3714 Market Street,Dubai,Maharashtra,India,535709,25.217679,55.231684,Corporate,Silver,83,21189.92,15-06-2021,111,7452.42,Overnight,07-12-2024
4738,Olivia Das,olivia.das38@hotmail.com,5196 Maple Road,New York,Victoria,Australia,7869,40.747828,-73.959054,Individual,Silver,92,41581.74,23-10-2020,36,301.44,Express,11-09-2024
4739,Anna Ibrahim,anna.ibrahim39@icloud.com,5355 Main St,Dubai,Wales,UK,SE7 8AB,25.250976,55.260949,SME,,66,46016.89,30-05-2023,33,1886.57,Express,21-06-2024
4740,Lucas Rossi,lucas.rossi40@gmail.com,5749 Hillcrest Ave,Singapore,Quebec,Canada,H3B 9C4,1.3123,103.799738,Corporate,Gold,77,15126.5,02-04-2022,85,7645.57,International Priority,03-06-2024
4741,Mia Smith,mia.smith41@outlook.com,2085 Market Street,New York,Victoria,Australia,5183,40.741852,-74.022004,Corporate,Bronze,43,33622.78,09-10-2021,31,6879.94,Overnight,27-09-2024
4742,Emma Das,emma.das42@yahoo.com,8818 Main St,Sydney,Wales,UK,EC8 9AA,-33.823689,151.183748,SME,Gold,84,31982.26,22-03-2019,8,1763.06,Express,28-11-2024
4743,Elena Martin,elena.martin43@hotmail.com,4761 Main St,London,Texas,USA,84319,51.513489,-0.138423,SME,Bronze,88,2345.41,24-09-2022,26,958.89,Standard,09-04-2024
4744,Yuki Clark,yuki.clark44@icloud.com,1691 Park Avenue,Toronto,California,USA,73818,43.66586,-79.409153,Corporate,,50,20429.53,05-12-2021,50,2423.88,Overnight,11-09-2024
4745,Michael Chowdhury,michael.chowdhury45@gmail.com,5239 Victoria Road,Sydney,Maharashtra,India,669455,-33.835153,151.18946,Corporate,Silver,52,36455.78,05-11-2021,113,3641.89,Overnight,11-05-2024
4746,Sophia Wang,sophia.wang46@outlook.com,5343 King Street,Berlin,Hesse,Germany,88539,52.541741,13.399981,SME,,70,3923.8,02-08-2024,3,742.22,International Priority,03-05-2024
4747,Fatima Singh,fatima.singh47@yahoo.com,8024 Park Avenue,Mumbai,Sharjah,UAE,82432,19.053296,72.880797,Individual,Silver,89,48549.18,22-04-2020,14,300.37,International Priority,26-02-2024
4748,Ivan Smith,ivan.smith48@hotmail.com,9165 Oak Street,London,Abu Dhabi,UAE,23978,51.518437,-0.168054,Corporate,Gold,45,6618.22,09-01-2021,13,5154.82,Overnight,30-06-2024
4749,Lucas Patel,lucas.patel49@icloud.com,4028 Park Avenue,Berlin,Tamil Nadu,India,127174,52.532754,13.374582,SME,Silver,74,17884.37,05-01-2024,26,554.04,Overnight,22-02-2024
4750,Raj Rossi,raj.rossi50@gmail.com,6931 Market Street,Toronto,Bavaria,Germany,75519,43.694695,-79.407011,Individual,Bronze,84,19839.92,03-12-2023,7,1051.58,Express,12-12-2024
4751,Ivan Johnson,ivan.johnson51@outlook.com,7742 Maple Road,Dubai,East Region,Singapore,790915,25.220905,55.228977,Corporate,Bronze,45,19212.86,12-01-2019,44,6151.22,Express,12-05-2024
4752,Daniel Fernandez,daniel.fernandez52@yahoo.com,3723 Oak Street,New York,England,UK,W9 4AB,40.712759,-74.015791,Corporate,,49,3226.31,04-02-2021,41,3608.05,Overnight,04-09-2024
4753,Arjun Johnson,arjun.johnson53@hotmail.com,1174 Hillcrest Ave,Toronto,Central Region,Singapore,645606,43.677152,-79.350464,SME,Gold,84,48055.71,15-12-2020,38,1097.24,International Priority,24-03-2024
4754,Sara Sharma,sara.sharma54@icloud.com,6727 Market Street,Sydney,Central Region,Singapore,173748,-33.894095,151.256952,Individual,Bronze,47,42727.55,08-12-2023,17,1955.44,Overnight,14-07-2024
4755,Priya Chowdhury,priya.chowdhury55@gmail.com,7683 Main St,Mumbai,New York,USA,11726,19.100921,72.913404,Corporate,,49,12881.97,14-10-2019,71,6873.71,Overnight,03-08-2024
4756,Ahmed Lee,ahmed.lee56@outlook.com,6000 Hillcrest Ave,Sydney,Central Region,Singapore,213378,-33.825377,151.238657,Individual,Gold,84,6875.59,25-10-2020,19,726.36,Standard,10-01-2024
4757,Carlos Nair,carlos.nair57@yahoo.com,4553 Sunset Blvd,London,Sharjah,UAE,99239,51.556941,-0.157026,Individual,Gold,46,19608.61,16-08-2019,33,543.3,Standard,05-02-2024
4758,Lucas Tanaka,lucas.tanaka58@hotmail.com,2254 Oak Street,London,Queensland,Australia,3550,51.486031,-0.161061,Corporate,,56,45073.03,18-09-2022,101,4891.32,International Priority,18-07-2024
4759,Maria Singh,maria.singh59@icloud.com,9958 King Street,Mumbai,Berlin,Germany,62928,19.125168,72.844127,Individual,Bronze,75,9069.48,06-10-2021,3,602.71,Overnight,11-12-2024
4760,Chen Wang,chen.wang60@gmail.com,3892 Sunset Blvd,Singapore,Scotland,UK,SW5 1AB,1.326541,103.847582,Corporate,Bronze,74,20856.63,03-04-2024,114,5423.24,Express,10-01-2024
4761,Mohammed Hassan,mohammed.hassan61@outlook.com,125 Sunset Blvd,Berlin,Texas,USA,20713,52.509785,13.408267,Individual,,71,2363.88,28-11-2024,32,1708.62,International Priority,26-11-2024
4762,Liam Lopez,liam.lopez62@yahoo.com,9139 Main St,Berlin,Central Region,Singapore,739155,52.554772,13.360934,Corporate,Bronze,74,47157.88,31-07-2024,116,7808.83,Overnight,27-09-2024
4763,Isabella Anderson,isabella.anderson63@hotmail.com,4464 Park Avenue,London,Victoria,Australia,4738,51.501315,-0.132191,SME,,70,32049.23,05-04-2020,87,4885.23,International Priority,24-12-2024
4764,Olivia Brown,olivia.brown64@icloud.com,8547 Main St,London,Berlin,Germany,99115,51.535836,-0.144656,Corporate,Bronze,77,33324.11,27-05-2021,87,2680.11,Standard,27-03-2024
4765,David Lee,david.lee65@gmail.com,2280 Main St,Dubai,Tamil Nadu,India,267177,25.157853,55.284606,Corporate,Bronze,61,19696.13,01-07-2024,24,5575.82,International Priority,31-05-2024
4766,John Sharma,john.sharma66@outlook.com,6276 Park Avenue,New York,Gujarat,India,506877,40.702622,-73.966298,Corporate,,79,14179.09,31-08-2022,109,5550.6,Overnight,29-01-2024
4767,Sophia Chowdhury,sophia.chowdhury67@yahoo.com,468 Victoria Road,Dubai,Maharashtra,India,383417,25.225243,55.282191,Individual,,71,32435.48,20-07-2020,22,1993.99,International Priority,09-07-2024
4768,Maria Costa,maria.costa68@hotmail.com,7648 Park Avenue,Dubai,Abu Dhabi,UAE,51807,25.210979,55.290066,SME,Bronze,74,6570.46,26-10-2024,22,699.07,Express,04-09-2024
4769,Emma Clark,emma.clark69@icloud.com,7486 Hillcrest Ave,Singapore,Scotland,UK,SE5 5BA,1.373747,103.819685,Individual,,69,6220.91,22-09-2021,31,1736.48,Express,28-03-2024
4770,Wei Dubois,wei.dubois70@gmail.com,7041 Maple Road,Berlin,Delhi,India,541141,52.568018,13.40603,Individual,Bronze,57,4297.88,19-06-2020,9,605.82,International Priority,04-11-2024
4771,David Smith,david.smith71@outlook.com,2178 Main St,Singapore,Dubai,UAE,90583,1.344972,103.795551,Corporate,Silver,65,31024.29,03-09-2020,114,6101.54,International Priority,05-05-2024
4772,Yuki Ali,yuki.ali72@yahoo.com,3110 Sunset Blvd,Singapore,Quebec,Canada,V3A 6A6,1.372649,103.813513,Individual,Gold,51,35635.45,26-04-2019,14,277.11,Overnight,09-04-2024
4773,Michael Nguyen,michael.nguyen73@hotmail.com,9528 Main St,Mumbai,Dubai,UAE,39994,19.07034,72.903087,Corporate,Gold,44,22943.3,08-02-2020,21,7148.9,Express,02-09-2024
4774,Fatima Brown,fatima.brown74@icloud.com,7903 Victoria Road,Berlin,Florida,USA,95023,52.535718,13.363453,SME,Bronze,48,1020.83,05-07-2020,16,957.38,Standard,19-09-2024
4775,Lucas Clark,lucas.clark75@gmail.com,5935 Oak Street,New York,Sharjah,UAE,50063,40.707464,-73.984351,Individual,Gold,91,9353.75,01-02-2023,85,6569.28,International Priority,04-06-2024
4776,Mohammed Petrov,mohammed.petrov76@outlook.com,9504 Lake View Rd,Sydney,Scotland,UK,SE9 9BA,-33.846553,151.24945,Individual,Bronze,80,49835.01,15-06-2023,16,1605.73,International Priority,25-01-2024
4777,Priya Nguyen,priya.nguyen77@yahoo.com,6781 Main St,London,New South Wales,Australia,6102,51.486233,-0.090294,Individual,,41,31320.35,11-08-2019,39,1107.83,Standard,04-09-2024
4778,Olivia Costa,olivia.costa78@hotmail.com,672 Lake View Rd,London,East Region,Singapore,682779,51.537686,-0.08313,Corporate,Silver,80,5868.91,10-02-2021,64,7884.05,Express,12-03-2024
4779,Lucas Khan,lucas.khan79@icloud.com,4266 King Street,New York,Dubai,UAE,1508,40.741224,-74.026815,Corporate,Gold,88,47113.44,10-12-2020,15,7667.75,Overnight,07-01-2024
4780,Ahmed Nair,ahmed.nair80@gmail.com,8556 Market Street,Singapore,Delhi,India,502514,1.335097,103.85504,Individual,Gold,75,43646.31,04-06-2019,23,1204.95,Express,23-08-2024
4781,Amit Anderson,amit.anderson81@outlook.com,4934 Oak Street,Dubai,New York,USA,85775,25.1902,55.220982,Individual,,68,24176.59,02-07-2019,108,3179.27,International Priority,25-09-2024
4782,David Ibrahim,david.ibrahim82@yahoo.com,9631 Sunset Blvd,Mumbai,Hesse,Germany,53415,19.110554,72.832096,SME,Silver,91,11255.75,22-12-2021,38,868.32,Express,23-07-2024
4783,Fatima Brown,fatima.brown83@hotmail.com,4426 Victoria Road,Singapore,Tamil Nadu,India,384800,1.390551,103.793521,SME,Silver,70,39193.65,25-06-2024,17,1185.87,International Priority,28-12-2024
4784,Anna Garcia,anna.garcia84@icloud.com,1764 Market Street,London,Florida,USA,72803,51.552542,-0.153775,SME,Silver,98,41431.84,22-03-2024,101,1313.84,Standard,20-02-2024
4785,Isabella Patel,isabella.patel85@gmail.com,2246 Market Street,Toronto,Alberta,Canada,T3A 1A9,43.664158,-79.339986,SME,,74,20971.65,25-10-2024,119,3018.96,International Priority,28-11-2024
4786,Carlos Nair,carlos.nair86@outlook.com,7293 Main St,Dubai,West Region,Singapore,697975,25.192653,55.258612,SME,Gold,40,43635.81,24-08-2024,5,898.13,Express,19-12-2024
4787,David Sharma,david.sharma87@yahoo.com,6041 Maple Road,London,Bavaria,Germany,29557,51.554035,-0.095383,Corporate,Gold,52,47601.39,03-09-2024,82,7279.7,International Priority,08-01-2024
4788,James Lee,james.lee88@hotmail.com,5338 Market Street,Toronto,British Columbia,Canada,V5A 8A5,43.632804,-79.36261,SME,Silver,97,34129.72,01-12-2023,35,1635.26,Overnight,13-09-2024
4789,Laura Garcia,laura.garcia89@icloud.com,2892 Oak Street,Singapore,New South Wales,Australia,3438,1.315277,103.865789,SME,,57,20154.09,01-12-2022,1,1672.03,Overnight,29-06-2024
4790,Elena Nair,elena.nair90@gmail.com,3475 Main St,New York,New York,USA,47260,40.74527,-73.978013,Individual,,75,20177.27,12-05-2021,55,6547.65,International Priority,14-11-2024
4791,Sara Nair,sara.nair91@outlook.com,34 Park Avenue,New York,Alberta,Canada,V9C 9A2,40.671906,-74.02352,Corporate,,65,21615.56,05-03-2023,25,2234.53,Standard,08-05-2024
4792,Wei Martin,wei.martin92@yahoo.com,1186 Sunset Blvd,Dubai,Central Region,Singapore,357861,25.202916,55.275021,SME,Silver,44,19355.3,07-10-2024,21,1029.45,Overnight,02-04-2024
4793,Isabella Hassan,isabella.hassan93@hotmail.com,5815 Oak Street,London,East Region,Singapore,583676,51.47368,-0.117944,SME,,82,40298.86,03-01-2023,8,402.53,Express,11-05-2024
4794,Maria Sharma,maria.sharma94@icloud.com,5981 Oak Street,Berlin,New South Wales,Australia,3459,52.516431,13.454829,SME,Silver,95,34888.28,26-01-2021,13,754.73,Overnight,08-11-2024
4795,David Costa,david.costa95@gmail.com,3156 Main St,Toronto,East Region,Singapore,792062,43.695878,-79.427338,Individual,Silver,83,8750.57,27-08-2021,16,768.68,Express,10-12-2024
4796,Elena Petrov,elena.petrov96@outlook.com,8212 Sunset Blvd,Mumbai,New York,USA,45723,19.119325,72.840567,Individual,Silver,97,46090.78,31-12-2024,120,2629.07,Express,23-01-2024
4797,Olivia Smith,olivia.smith97@yahoo.com,5186 Hillcrest Ave,London,Florida,USA,89631,51.535448,-0.105829,Individual,Bronze,87,35731.86,04-06-2023,14,1569.67,International Priority,26-06-2024
4798,Daniel Costa,daniel.costa98@hotmail.com,3668 Hillcrest Ave,Mumbai,Central Region,Singapore,264534,19.089022,72.854598,SME,Silver,69,48089.57,07-09-2019,19,324.43,International Priority,09-04-2024
4799,Olivia Mehta,olivia.mehta99@icloud.com,6066 Market Street,London,Quebec,Canada,H9B 1C7,51.487908,-0.14109,Individual,,79,29585.73,15-06-2019,31,1765.02,Standard,08-05-2024
4800,Michael Brown,michael.brown0@gmail.com,1183 Oak Street,Berlin,Florida,USA,89550,52.49882,13.437434,SME,Bronze,70,22124.93,07-04-2021,8,326.61,Standard,06-03-2024
4801,Lucas Brown,lucas.brown1@outlook.com,3697 Market Street,Berlin,Maharashtra,India,549639,52.532173,13.37827,Corporate,Gold,45,34472.44,13-03-2019,99,2794.37,International Priority,02-06-2024
4802,Emma Lee,emma.lee2@yahoo.com,3025 Market Street,Dubai,Central Region,Singapore,431891,25.165939,55.297933,SME,Gold,88,13522.57,13-02-2022,37,1680.37,Express,25-04-2024
4803,Noah Rossi,noah.rossi3@hotmail.com,2534 Hillcrest Ave,Dubai,Illinois,USA,74447,25.196961,55.240702,Individual,,44,2674.65,22-05-2022,6,914.59,Express,13-06-2024
4804,Lucas Costa,lucas.costa4@icloud.com,9183 Hillcrest Ave,Berlin,Scotland,UK,SW9 6AB,52.540023,13.432344,Corporate,,74,586.73,25-08-2021,103,7806.87,International Priority,04-03-2024
4805,Isabella Ibrahim,isabella.ibrahim5@gmail.com,1637 King Street,Sydney,Victoria,Australia,7139,-33.869797,151.241094,SME,,72,19320.95,08-05-2023,24,942.27,Express,07-02-2024
4806,Amit Singh,amit.singh6@outlook.com,4924 Park Avenue,Berlin,East Region,Singapore,588018,52.526419,13.420899,Corporate,,84,18502.71,02-12-2019,103,767.4,Standard,01-08-2024
4807,Fatima Johnson,fatima.johnson7@yahoo.com,1935 Hillcrest Ave,New York,Illinois,USA,51266,40.696415,-73.959186,Corporate,Bronze,58,7931.19,06-08-2022,52,6597.03,Standard,10-07-2024
4808,Noah Sharma,noah.sharma8@hotmail.com,5989 Oak Street,New York,Wales,UK,EC3 3AA,40.739235,-73.978792,Corporate,,86,21652.64,24-03-2020,92,5640.05,Express,26-10-2024
4809,James Fernandez,james.fernandez9@icloud.com,9332 Park Avenue,Sydney,Texas,USA,73540,-33.863097,151.244971,SME,Silver,53,21431.25,29-02-2024,24,271.12,International Priority,24-04-2024
4810,Mia Nguyen,mia.nguyen10@gmail.com,3055 Maple Road,Singapore,Florida,USA,27975,1.390822,103.812546,Individual,Gold,71,28138.96,30-09-2019,109,2383.22,Standard,07-02-2024
4811,Amit Brown,amit.brown11@outlook.com,4694 Oak Street,Toronto,Alberta,Canada,M6C 9C1,43.63532,-79.365123,SME,,65,25101.94,21-11-2022,33,1063.2,International Priority,13-02-2024
4812,Mia Lopez,mia.lopez12@yahoo.com,961 Market Street,Singapore,Tamil Nadu,India,455992,1.30878,103.855138,Individual,Silver,65,37053.55,29-10-2020,1,323.54,Standard,14-09-2024
4813,Mia Martin,mia.martin13@hotmail.com,6976 Maple Road,Mumbai,West Region,Singapore,502882,19.092371,72.85973,SME,,51,1584.15,10-05-2021,35,1565.13,Express,01-11-2024
4814,Noah Khan,noah.khan14@icloud.com,8739 Maple Road,Singapore,New South Wales,Australia,2045,1.351719,103.825814,SME,Silver,61,4702.58,19-01-2020,18,849.43,Overnight,28-02-2024
4815,Carlos Chowdhury,carlos.chowdhury15@gmail.com,7503 Hillcrest Ave,London,Central Region,Singapore,285930,51.517053,-0.135686,SME,Bronze,89,45482.05,04-04-2019,5,1114.16,Express,16-08-2024
4816,Olivia Das,olivia.das16@outlook.com,685 Victoria Road,Singapore,Delhi,India,302825,1.354335,103.847354,Individual,Gold,86,36234.67,03-09-2020,119,2161.63,International Priority,20-10-2024
4817,Liam Johnson,liam.johnson17@yahoo.com,8490 Market Street,London,Hesse,Germany,29678,51.515442,-0.117188,SME,Gold,84,48994.26,16-11-2020,33,1448.32,Standard,28-06-2024
4818,Wei Lee,wei.lee18@hotmail.com,9775 Victoria Road,Sydney,Quebec,Canada,T8C 1A3,-33.852184,151.255079,Corporate,Bronze,53,13076.82,27-11-2022,6,6792.42,Overnight,30-07-2024
4819,Sara Hassan,sara.hassan19@icloud.com,7441 Maple Road,New York,Alberta,Canada,M4C 4B9,40.675719,-74.00625,SME,Silver,81,2151.63,09-04-2019,36,1028.92,Express,08-02-2024
4820,Lucas Rossi,lucas.rossi20@gmail.com,8800 Maple Road,Dubai,Karnataka,India,127677,25.165521,55.29865,Corporate,,93,47958.48,14-01-2020,98,6905.11,Overnight,05-06-2024
4821,Isabella Garcia,isabella.garcia21@outlook.com,5250 Market Street,London,Sharjah,UAE,7807,51.538108,-0.108923,Individual,Silver,90,17541.53,25-05-2022,92,4494.78,Express,08-08-2024
4822,Fatima Smith,fatima.smith22@yahoo.com,3204 Victoria Road,New York,Quebec,Canada,K9B 1C7,40.678769,-74.028155,Individual,Gold,69,16197.25,25-03-2021,16,668.88,Overnight,20-07-2024
4823,Mohammed Hassan,mohammed.hassan23@hotmail.com,7450 Park Avenue,Toronto,West Region,Singapore,391251,43.657968,-79.409163,SME,Bronze,84,6851.2,11-05-2024,30,1259.01,International Priority,14-07-2024
4824,Elena Garcia,elena.garcia24@icloud.com,3711 Oak Street,Mumbai,Gujarat,India,265630,19.074203,72.863659,SME,Bronze,75,16751.57,09-02-2022,9,821.32,Overnight,10-09-2024
4825,Amit Patel,amit.patel25@gmail.com,4123 Lake View Rd,Toronto,Quebec,Canada,H4C 6B6,43.644848,-79.428667,SME,Silver,84,6276.24,25-09-2024,18,1956.7,Overnight,28-11-2024
4826,Maria Wang,maria.wang26@outlook.com,7222 King Street,Sydney,Florida,USA,15152,-33.887009,151.221773,Corporate,Silver,52,26328.91,28-02-2021,60,4610.62,Overnight,22-07-2024
4827,Chen Patel,chen.patel27@yahoo.com,3266 Park Avenue,Singapore,Tamil Nadu,India,570131,1.331744,103.802455,Individual,Bronze,70,11999.01,21-08-2019,21,1285.83,Express,12-01-2024
4828,John Tanaka,john.tanaka28@hotmail.com,8853 Oak Street,Singapore,Delhi,India,767776,1.330269,103.779699,Corporate,Gold,68,40725.09,15-03-2021,78,3486.76,International Priority,12-05-2024
4829,Sara Hassan,sara.hassan29@icloud.com,8119 Sunset Blvd,Berlin,East Region,Singapore,715233,52.547651,13.41979,Corporate,,64,38721.11,21-01-2019,100,7357.69,Overnight,06-03-2024
4830,Daniel Mehta,daniel.mehta30@gmail.com,7640 Market Street,Berlin,Wales,UK,SW3 1AA,52.522641,13.385085,SME,,75,38994.99,30-08-2023,39,102.77,Overnight,04-10-2024
4831,Ivan Tanaka,ivan.tanaka31@outlook.com,5634 Maple Road,Berlin,Alberta,Canada,H3C 3B5,52.502638,13.406618,SME,Silver,88,5118.18,09-04-2024,12,258.93,International Priority,26-02-2024
4832,Carlos Dubois,carlos.dubois32@yahoo.com,8154 Sunset Blvd,Toronto,Alberta,Canada,H2A 1C7,43.702142,-79.369334,Corporate,Bronze,91,34498.38,05-12-2019,35,1763.89,Overnight,11-07-2024
4833,Sara Lopez,sara.lopez33@hotmail.com,2539 Market Street,London,Delhi,India,215922,51.531871,-0.106474,Corporate,Bronze,60,2360.4,11-05-2021,16,1858.19,International Priority,25-07-2024
4834,Olivia Martin,olivia.martin34@icloud.com,1036 Lake View Rd,Mumbai,New York,USA,10019,19.051616,72.88165,SME,Bronze,83,29834.03,09-08-2024,14,2448.45,Standard,19-03-2024
4835,Ivan Brown,ivan.brown35@gmail.com,4292 Maple Road,Berlin,New York,USA,77078,52.53532,13.356838,SME,Gold,96,13526.81,16-01-2020,26,1577.81,Express,22-04-2024
4836,Carlos Costa,carlos.costa36@outlook.com,1836 Park Avenue,Sydney,New South Wales,Australia,5039,-33.915751,151.236206,Corporate,Silver,41,8222.84,16-04-2020,46,6601.84,International Priority,11-12-2024
4837,Elena Chowdhury,elena.chowdhury37@yahoo.com,3615 Hillcrest Ave,Sydney,Texas,USA,51648,-33.826997,151.228069,SME,Silver,65,25586.06,17-08-2020,5,798.8,Express,21-01-2024
4838,Mia Wang,mia.wang38@hotmail.com,1830 Oak Street,Berlin,Ontario,Canada,K1B 2C4,52.551408,13.425768,SME,Silver,45,18618.53,18-06-2023,39,1035.05,Express,14-09-2024
4839,Laura Costa,laura.costa39@icloud.com,1395 Park Avenue,Singapore,Sharjah,UAE,53418,1.335814,103.793179,Corporate,Gold,86,26596.3,18-07-2019,2,7927.81,Standard,07-02-2024
4840,Ahmed Dubois,ahmed.dubois40@gmail.com,185 Maple Road,Berlin,Scotland,UK,NW1 7BA,52.567452,13.379497,Corporate,Silver,82,37593.81,10-09-2020,118,5746.04,International Priority,23-03-2024
4841,Daniel Khan,daniel.khan41@outlook.com,9153 Hillcrest Ave,Mumbai,Tamil Nadu,India,213384,19.067025,72.869586,Individual,,92,35760.2,13-09-2020,22,703.76,International Priority,11-12-2024
4842,Wei Anderson,wei.anderson42@yahoo.com,6677 Oak Street,Berlin,Bavaria,Germany,59103,52.556688,13.357498,Corporate,Silver,88,33378.05,18-04-2020,32,7448.21,Standard,27-08-2024
4843,Yuki Clark,yuki.clark43@hotmail.com,9017 Main St,Mumbai,England,UK,EC2 9AB,19.043084,72.884659,SME,Silver,44,2872.44,28-04-2021,31,419.63,Express,07-06-2024
4844,Carlos Dubois,carlos.dubois44@icloud.com,3329 King Street,Sydney,West Region,Singapore,290485,-33.83421,151.257916,Corporate,Silver,63,29470.95,06-10-2020,87,883.91,Standard,10-04-2024
4845,Amit Dubois,amit.dubois45@gmail.com,9238 Oak Street,Berlin,East Region,Singapore,278414,52.56082,13.426304,Corporate,Gold,62,28441.61,28-04-2020,9,4651.78,Express,28-06-2024
4846,Olivia Ibrahim,olivia.ibrahim46@outlook.com,8553 Maple Road,Toronto,Dubai,UAE,37680,43.689658,-79.371963,Corporate,,81,46199.18,29-02-2024,26,6707.27,Standard,27-01-2024
4847,Raj Tanaka,raj.tanaka47@yahoo.com,2013 Park Avenue,Dubai,Bavaria,Germany,24770,25.165176,55.247848,Individual,,50,29585.96,07-08-2023,28,358.69,Overnight,12-10-2024
4848,Ahmed Dubois,ahmed.dubois48@hotmail.com,1388 Victoria Road,Toronto,Wales,UK,SW3 6AA,43.662165,-79.394522,Individual,Bronze,63,7606.53,26-03-2024,17,670.33,International Priority,16-11-2024
4849,Mohammed Muller,mohammed.muller49@icloud.com,7572 Maple Road,Sydney,California,USA,20212,-33.841856,151.173095,SME,Bronze,47,19547.81,25-07-2020,28,138.34,Overnight,22-07-2024
4850,Liam Khan,liam.khan50@gmail.com,3825 Victoria Road,Mumbai,Quebec,Canada,M3A 3A3,19.04295,72.886359,Individual,,77,38531.08,08-08-2019,14,787.1,Standard,29-01-2024
4851,Priya Hassan,priya.hassan51@outlook.com,4884 Oak Street,Toronto,Dubai,UAE,94532,43.700019,-79.410401,Corporate,Silver,48,13157.75,16-04-2020,50,3758.88,International Priority,12-03-2024
4852,Sara Singh,sara.singh52@yahoo.com,5057 Maple Road,Mumbai,Hesse,Germany,25869,19.046729,72.844084,Individual,Silver,76,49699.59,01-01-2020,28,1171.93,Overnight,31-01-2024
4853,Laura Lopez,laura.lopez53@hotmail.com,2401 Maple Road,Toronto,Abu Dhabi,UAE,28480,43.685612,-79.373083,Corporate,Silver,83,29202.58,19-04-2020,19,1652.59,Overnight,05-02-2024
4854,Arjun Johnson,arjun.johnson54@icloud.com,1677 Market Street,Toronto,England,UK,W3 9BA,43.611059,-79.361914,Individual,Gold,49,10950.98,06-04-2020,20,6490.07,International Priority,14-03-2024
4855,Carlos Clark,carlos.clark55@gmail.com,6073 Main St,Mumbai,British Columbia,Canada,H2B 3B4,19.050495,72.907754,Individual,Silver,73,2113.39,17-04-2023,112,4110.73,International Priority,28-12-2024
4856,Elena Martin,elena.martin56@outlook.com,2751 Main St,London,Abu Dhabi,UAE,41542,51.541026,-0.096909,Individual,Gold,83,22639.07,08-07-2023,40,402.74,Overnight,04-04-2024
4857,Yuki Nair,yuki.nair57@yahoo.com,8774 Lake View Rd,Toronto,Berlin,Germany,14747,43.653707,-79.360543,Corporate,,63,33238.68,04-03-2020,30,6943.3,Express,27-08-2024
4858,Michael Martin,michael.martin58@hotmail.com,9372 King Street,Berlin,Maharashtra,India,290423,52.540811,13.386981,Individual,Silver,100,3972.58,14-06-2020,6,85.81,Overnight,06-03-2024
4859,Isabella Ali,isabella.ali59@icloud.com,4304 King Street,Dubai,England,UK,SW2 5AA,25.243058,55.254977,Corporate,Silver,92,42837.5,10-01-2021,70,1672.59,Express,31-07-2024
4860,James Wang,james.wang60@gmail.com,9364 Maple Road,Sydney,Karnataka,India,521633,-33.853484,151.226706,Corporate,Bronze,73,31391.48,21-06-2019,6,352.27,Overnight,28-07-2024
4861,Mohammed Sharma,mohammed.sharma61@outlook.com,1443 Park Avenue,London,Florida,USA,22202,51.472678,-0.135895,SME,,41,30582.76,10-05-2020,74,3531.17,International Priority,05-04-2024
4862,Sophia Ali,sophia.ali62@yahoo.com,1734 Park Avenue,Mumbai,Tamil Nadu,India,164953,19.068,72.868644,Individual,Silver,79,8291.13,11-05-2019,30,304.26,Express,23-11-2024
4863,Isabella Nair,isabella.nair63@hotmail.com,8344 Oak Street,London,Maharashtra,India,198489,51.476354,-0.114585,SME,Gold,73,25845.53,03-01-2024,11,1486.98,Express,06-07-2024
4864,John Lee,john.lee64@icloud.com,9131 Main St,New York,New South Wales,Australia,6912,40.6967,-74.050128,SME,,63,44952.59,11-07-2020,11,1165.88,Express,17-02-2024
4865,Ahmed Lopez,ahmed.lopez65@gmail.com,1508 Victoria Road,New York,Scotland,UK,W6 4AB,40.677963,-73.973681,Corporate,Bronze,92,34852.19,05-11-2022,16,3887.25,Standard,25-10-2024
4866,Sara Das,sara.das66@outlook.com,1834 Park Avenue,Toronto,Florida,USA,22036,43.614808,-79.416545,Individual,,95,2557.31,07-12-2024,1,595.27,Standard,08-03-2024
4867,Fatima Nguyen,fatima.nguyen67@yahoo.com,7938 Park Avenue,Toronto,Gujarat,India,110069,43.627337,-79.412286,Corporate,Gold,84,38978.5,28-11-2023,80,2784.98,Overnight,29-05-2024
4868,Amit Patel,amit.patel68@hotmail.com,3913 Maple Road,Berlin,East Region,Singapore,444588,52.508132,13.445679,Corporate,Bronze,87,33741.77,15-10-2021,115,5208.39,Overnight,23-05-2024
4869,Ivan Tanaka,ivan.tanaka69@icloud.com,7245 Hillcrest Ave,Dubai,British Columbia,Canada,H8C 5C3,25.208912,55.245507,Individual,Gold,70,20106.57,21-03-2021,3,1768.31,Standard,15-12-2024
4870,Yuki Sharma,yuki.sharma70@gmail.com,4642 Park Avenue,Sydney,Hamburg,Germany,96772,-33.860427,151.176819,Corporate,,45,17023.27,26-05-2021,111,3678.58,Express,17-06-2024
4871,Lucas Rossi,lucas.rossi71@outlook.com,2325 Hillcrest Ave,London,Tamil Nadu,India,676449,51.480214,-0.162513,Individual,Bronze,79,34679.05,01-06-2019,2,580.98,International Priority,08-12-2024
4872,Raj Wang,raj.wang72@yahoo.com,6938 Oak Street,New York,Texas,USA,21639,40.751829,-73.959108,Individual,Gold,40,14513.31,17-04-2022,115,1514.79,International Priority,08-05-2024
4873,Yuki Lee,yuki.lee73@hotmail.com,5235 Main St,Toronto,Karnataka,India,417546,43.694632,-79.392094,Corporate,,54,26170.03,27-02-2021,65,3192.56,International Priority,08-03-2024
4874,Mia Dubois,mia.dubois74@icloud.com,1694 Hillcrest Ave,Singapore,Berlin,Germany,95584,1.339416,103.859812,Corporate,Gold,70,10642.46,03-11-2023,23,1444.62,Standard,18-08-2024
4875,Arjun Das,arjun.das75@gmail.com,2228 Main St,Singapore,California,USA,42350,1.316427,103.818534,SME,Silver,85,32996.94,07-04-2023,59,6817.35,International Priority,11-05-2024
4876,Chen Muller,chen.muller76@outlook.com,8068 Main St,Sydney,Wales,UK,NW2 5AA,-33.853853,151.238268,Corporate,,93,37802.02,13-10-2022,69,2508.44,Express,03-06-2024
4877,Sara Muller,sara.muller77@yahoo.com,685 Park Avenue,London,California,USA,91898,51.516817,-0.151988,Individual,Bronze,47,43990.99,03-05-2021,23,1233.77,Express,18-06-2024
4878,Mia Johnson,mia.johnson78@hotmail.com,690 King Street,Toronto,Scotland,UK,W8 9AA,43.660047,-79.414479,SME,Bronze,59,3218.61,05-01-2025,1,1251.57,Express,21-09-2024
4879,Mohammed Patel,mohammed.patel79@icloud.com,9451 Oak Street,Toronto,Florida,USA,73637,43.61446,-79.345119,Individual,Silver,80,42364.33,24-02-2019,72,2160.6,Overnight,03-05-2024
4880,Wei Martin,wei.martin80@gmail.com,3629 Park Avenue,New York,Central Region,Singapore,526316,40.695324,-74.046288,SME,Gold,95,18038.26,02-01-2021,3,1954.59,Express,15-05-2024
4881,Emma Anderson,emma.anderson81@outlook.com,8375 Oak Street,New York,Abu Dhabi,UAE,31661,40.722746,-74.04137,Corporate,Gold,82,41317.13,09-02-2024,51,6387.43,Express,13-04-2024
4882,Carlos Das,carlos.das82@yahoo.com,5813 Main St,Toronto,Hamburg,Germany,12824,43.684927,-79.368723,Corporate,Bronze,41,9233.62,19-05-2022,120,1557.25,International Priority,16-07-2024
4883,Chen Chowdhury,chen.chowdhury83@hotmail.com,8994 Hillcrest Ave,Mumbai,Bavaria,Germany,97106,19.075818,72.90347,Corporate,Gold,69,9604.33,03-11-2024,59,3411.63,Standard,04-08-2024
4884,Chen Das,chen.das84@icloud.com,5286 Market Street,Toronto,Texas,USA,23907,43.62377,-79.334365,Individual,,94,39595.3,29-02-2020,42,956.08,International Priority,06-01-2024
4885,Yuki Martin,yuki.martin85@gmail.com,9558 Oak Street,Sydney,Abu Dhabi,UAE,77933,-33.906084,151.243794,SME,,80,9864.48,04-09-2020,21,1979.36,Overnight,01-09-2024
4886,Mia Tanaka,mia.tanaka86@outlook.com,4689 Victoria Road,Toronto,Karnataka,India,797307,43.661672,-79.347339,Individual,Bronze,70,42035.2,01-03-2022,1,882.12,Standard,23-05-2024
4887,Liam Johnson,liam.johnson87@yahoo.com,3827 Main St,Berlin,Hesse,Germany,23440,52.481139,13.376269,SME,,97,35794.63,22-12-2020,30,71.57,Express,02-06-2024
4888,Elena Ibrahim,elena.ibrahim88@hotmail.com,3236 Victoria Road,Dubai,West Region,Singapore,213272,25.227474,55.304977,Corporate,Bronze,88,38928.99,16-02-2020,76,5982.56,Overnight,22-08-2024
4889,Wei Petrov,wei.petrov89@icloud.com,9223 Victoria Road,Berlin,Scotland,UK,NW5 4AA,52.532342,13.359004,Individual,Gold,96,1398.93,05-01-2020,36,248.71,International Priority,16-11-2024
4890,Laura Tanaka,laura.tanaka90@gmail.com,996 King Street,Berlin,Scotland,UK,SE8 1AA,52.488249,13.40147,Corporate,Gold,79,6355.85,11-03-2022,7,7215.04,Standard,23-01-2024
4891,Daniel Anderson,daniel.anderson91@outlook.com,3876 Main St,Mumbai,Alberta,Canada,T2A 5C9,19.039298,72.918053,Individual,Gold,84,5078.08,04-04-2019,15,417,Standard,26-09-2024
4892,Mohammed Sharma,mohammed.sharma92@yahoo.com,8729 Maple Road,Mumbai,Queensland,Australia,6274,19.026869,72.866426,Corporate,Silver,97,34796.74,06-06-2023,36,5033.73,International Priority,19-08-2024
4893,Daniel Fernandez,daniel.fernandez93@hotmail.com,1215 Oak Street,Singapore,Sharjah,UAE,17979,1.38267,103.808153,Individual,Bronze,78,26837.29,19-11-2024,21,521.33,Standard,22-10-2024
4894,Isabella Martin,isabella.martin94@icloud.com,5112 Park Avenue,Toronto,Victoria,Australia,2224,43.67029,-79.361907,Individual,,86,6558.03,29-07-2020,16,1686.37,Overnight,20-05-2024
4895,Mia Sharma,mia.sharma95@gmail.com,5876 Main St,Berlin,New South Wales,Australia,5329,52.513416,13.412271,SME,Gold,72,41686.89,12-10-2022,31,821.56,Overnight,27-11-2024
4896,Ivan Dubois,ivan.dubois96@outlook.com,9139 Park Avenue,Mumbai,Wales,UK,NW6 7AB,19.084446,72.833426,Corporate,Silver,61,4099.11,05-02-2019,99,5097.74,Standard,28-11-2024
4897,John Lee,john.lee97@yahoo.com,509 Hillcrest Ave,New York,West Region,Singapore,779111,40.697201,-73.961025,SME,,61,45163.09,30-08-2022,16,1148.5,International Priority,09-01-2024
4898,Arjun Wang,arjun.wang98@hotmail.com,1452 Victoria Road,Toronto,Central Region,Singapore,755981,43.655523,-79.364333,SME,,49,31186.59,05-07-2020,11,957.93,Standard,14-11-2024
4899,Sara Sharma,sara.sharma99@icloud.com,8441 Oak Street,Sydney,Quebec,Canada,M1C 9A3,-33.88356,151.231672,Corporate,,94,24042.36,06-09-2020,86,4816.78,Express,19-11-2024
4900,Elena Anderson,elena.anderson0@gmail.com,3616 Main St,Dubai,Victoria,Australia,7779,25.166688,55.292261,Individual,Gold,88,36267.99,20-03-2022,39,487.89,International Priority,24-06-2024
4901,Sara Costa,sara.costa1@outlook.com,4710 Oak Street,London,Victoria,Australia,6053,51.483538,-0.155705,SME,,100,37982.71,19-03-2023,47,1052.63,Express,17-07-2024
4902,Ivan Patel,ivan.patel2@yahoo.com,6937 Sunset Blvd,Toronto,New York,USA,34964,43.644347,-79.427489,Corporate,Bronze,82,37796.92,11-06-2020,42,6444.69,Overnight,01-05-2024
4903,Lucas Ali,lucas.ali3@hotmail.com,1263 Hillcrest Ave,London,California,USA,66806,51.511969,-0.092093,Individual,Silver,52,33747.68,12-03-2019,53,5885.64,Overnight,10-03-2024
4904,Raj Ibrahim,raj.ibrahim4@icloud.com,4792 Market Street,Berlin,Florida,USA,58245,52.528548,13.364957,SME,,50,44380.25,04-03-2021,18,1008.22,Standard,25-03-2024
4905,Maria Wang,maria.wang5@gmail.com,2366 King Street,Dubai,Gujarat,India,262136,25.161978,55.311669,SME,,78,32709.8,11-02-2023,5,934.84,Overnight,26-07-2024
4906,Emma Anderson,emma.anderson6@outlook.com,5139 Oak Street,London,New South Wales,Australia,7309,51.529719,-0.138142,SME,Bronze,71,38862.65,04-12-2022,116,1575.36,Express,23-07-2024
4907,Fatima Hassan,fatima.hassan7@yahoo.com,260 Maple Road,Berlin,West Region,Singapore,690467,52.497071,13.392665,Individual,,50,35067.42,08-04-2023,38,1964.35,Standard,20-03-2024
4908,Daniel Hassan,daniel.hassan8@hotmail.com,1923 Victoria Road,New York,East Region,Singapore,314513,40.721758,-74.022958,SME,Gold,68,48152.17,28-09-2019,19,1801.74,Express,10-01-2024
4909,Ahmed Mehta,ahmed.mehta9@icloud.com,3719 Market Street,London,Gujarat,India,749528,51.488043,-0.164104,Individual,Gold,84,28075.47,06-01-2019,31,1108.22,Overnight,05-07-2024
4910,Yuki Smith,yuki.smith10@gmail.com,4959 Maple Road,Dubai,Central Region,Singapore,577743,25.174013,55.271256,SME,Gold,97,13175.37,29-05-2021,106,6440.98,Overnight,08-12-2024
4911,Ahmed Khan,ahmed.khan11@outlook.com,6358 Lake View Rd,Singapore,British Columbia,Canada,V6C 3A6,1.319377,103.858531,Corporate,,63,11374.62,15-11-2022,112,5584.18,Express,13-12-2024
4912,Elena Khan,elena.khan12@yahoo.com,8231 Lake View Rd,Toronto,Abu Dhabi,UAE,49641,43.621535,-79.373011,SME,Silver,92,45373.54,09-06-2020,7,211.27,International Priority,13-10-2024
4913,Isabella Rossi,isabella.rossi13@hotmail.com,2955 Lake View Rd,Berlin,Wales,UK,NW7 8AA,52.553203,13.438461,Corporate,Silver,94,14173.18,26-07-2024,87,1726.95,Standard,02-03-2024
4914,Olivia Patel,olivia.patel14@icloud.com,8939 Park Avenue,Toronto,Queensland,Australia,5486,43.664317,-79.34287,Corporate,,70,37899.41,11-03-2019,84,5761.7,Standard,25-05-2024
4915,Sara Das,sara.das15@gmail.com,5838 King Street,Dubai,East Region,Singapore,566277,25.213729,55.269553,Corporate,Silver,74,35313.77,03-02-2020,84,2361.85,Standard,08-08-2024
4916,Isabella Brown,isabella.brown16@outlook.com,2799 Main St,Mumbai,England,UK,EC3 8BA,19.089841,72.878859,Individual,Silver,72,7880.05,26-07-2021,18,846.88,Standard,10-03-2024
4917,Emma Ibrahim,emma.ibrahim17@yahoo.com,7147 Park Avenue,Berlin,East Region,Singapore,384223,52.562406,13.403931,Corporate,,87,1501.04,02-02-2024,69,3015.39,Express,11-05-2024
4918,Michael Martin,michael.martin18@hotmail.com,876 Sunset Blvd,London,Dubai,UAE,92419,51.530733,-0.096523,SME,Gold,71,30955.12,30-04-2020,26,232.07,Standard,27-09-2024
4919,Olivia Das,olivia.das19@icloud.com,4920 Hillcrest Ave,Berlin,Florida,USA,12481,52.506628,13.37171,Individual,,76,22591.95,04-08-2020,18,329.11,International Priority,04-07-2024
4920,Yuki Clark,yuki.clark20@gmail.com,9555 Lake View Rd,Toronto,New South Wales,Australia,2793,43.654309,-79.355379,Corporate,Gold,85,48735.61,02-02-2022,54,1526.86,Express,14-10-2024
4921,Elena Lee,elena.lee21@outlook.com,6159 Main St,New York,Bavaria,Germany,39921,40.673699,-73.980973,Individual,Gold,81,13739.74,20-02-2021,40,6150.23,Express,21-10-2024
4922,Laura Clark,laura.clark22@yahoo.com,3865 Hillcrest Ave,Berlin,Tamil Nadu,India,132792,52.492483,13.444279,Individual,Silver,48,27437.4,03-10-2023,13,149.88,Overnight,16-10-2024
4923,Chen Tanaka,chen.tanaka23@hotmail.com,3602 Maple Road,London,Karnataka,India,475068,51.485369,-0.14974,Individual,Silver,59,13393.73,10-01-2023,39,3096.98,International Priority,13-12-2024
4924,Laura Lopez,laura.lopez24@icloud.com,7678 King Street,Mumbai,Victoria,Australia,6722,19.0662,72.906158,SME,Gold,84,31992.38,30-08-2022,23,1450.83,Standard,28-07-2024
4925,Wei Das,wei.das25@gmail.com,4033 Lake View Rd,Singapore,Sharjah,UAE,59053,1.381948,103.869255,Corporate,Gold,42,26103.4,10-02-2023,82,2859.26,Standard,25-11-2024
4926,James Fernandez,james.fernandez26@outlook.com,9112 Maple Road,Sydney,Illinois,USA,27118,-33.870096,151.226757,Individual,Silver,92,13407.55,06-05-2023,17,1407.43,Express,14-01-2024
4927,David Patel,david.patel27@yahoo.com,7057 Maple Road,New York,Maharashtra,India,446777,40.688596,-74.046382,Individual,Bronze,52,14581.09,11-06-2022,40,786.88,International Priority,07-04-2024
4928,Priya Khan,priya.khan28@hotmail.com,1266 Main St,Singapore,Florida,USA,36495,1.331302,103.844193,Individual,Gold,66,12958,17-06-2020,24,1902.83,Express,02-11-2024
4929,Priya Lee,priya.lee29@icloud.com,3869 Lake View Rd,Mumbai,Ontario,Canada,V3B 8A8,19.104809,72.926639,Corporate,Gold,72,7331.76,18-05-2021,79,685.82,International Priority,30-03-2024
4930,Maria Lopez,maria.lopez30@gmail.com,2225 Hillcrest Ave,Berlin,Scotland,UK,SW1 7BB,52.529407,13.358027,Individual,Gold,54,48141.75,21-04-2019,35,1486.85,International Priority,29-12-2024
4931,Michael Rossi,michael.rossi31@outlook.com,4862 Hillcrest Ave,Toronto,Sharjah,UAE,71839,43.69228,-79.355918,Individual,Silver,92,19511.01,28-11-2021,21,1091.35,Overnight,18-02-2024
4932,Maria Smith,maria.smith32@yahoo.com,1267 Market Street,Dubai,Berlin,Germany,76790,25.200282,55.313538,SME,,68,23445.41,03-11-2019,11,1528.18,Standard,10-03-2024
4933,Carlos Rossi,carlos.rossi33@hotmail.com,3042 Maple Road,Toronto,England,UK,SE9 7AA,43.698849,-79.36414,Corporate,Gold,93,39042.83,01-10-2020,60,697.55,Express,17-01-2024
4934,Ivan Lopez,ivan.lopez34@icloud.com,2364 Main St,Singapore,Wales,UK,W3 1AB,1.401876,103.85881,SME,Gold,75,22700.84,16-04-2019,13,221.59,Standard,30-04-2024
4935,Amit Nair,amit.nair35@gmail.com,3279 Oak Street,London,Alberta,Canada,V9C 6B1,51.530601,-0.17542,Corporate,Gold,82,27207.67,30-07-2020,85,6320.06,Overnight,20-10-2024
4936,Olivia Nair,olivia.nair36@outlook.com,7082 Hillcrest Ave,Toronto,Maharashtra,India,391128,43.663502,-79.42638,Corporate,,75,43156.81,27-05-2024,3,219.44,Express,16-10-2024
4937,James Muller,james.muller37@yahoo.com,6419 Maple Road,New York,Hesse,Germany,11833,40.706769,-73.999982,Corporate,,97,49313.44,09-08-2019,37,3531.72,Standard,08-08-2024
4938,Chen Tanaka,chen.tanaka38@hotmail.com,9697 King Street,Toronto,Maharashtra,India,258400,43.613954,-79.41344,SME,Gold,70,46495.92,27-09-2023,72,6072.41,Standard,23-08-2024
4939,Daniel Patel,daniel.patel39@icloud.com,5638 Oak Street,London,Queensland,Australia,5304,51.496145,-0.146612,SME,Gold,70,18020.22,19-05-2020,48,7365.61,International Priority,07-02-2024
4940,Raj Martin,raj.martin40@gmail.com,3283 Hillcrest Ave,Sydney,England,UK,EC7 7BA,-33.910069,151.241571,SME,Bronze,96,39299.05,22-01-2023,33,653.57,International Priority,26-10-2024
4941,Carlos Patel,carlos.patel41@outlook.com,402 Sunset Blvd,Berlin,New South Wales,Australia,4618,52.492429,13.401713,SME,,85,43324.45,25-10-2020,18,863.42,Express,12-01-2024
4942,Arjun Patel,arjun.patel42@yahoo.com,7659 Hillcrest Ave,Dubai,New York,USA,99916,25.225553,55.255038,Individual,Bronze,43,25070.77,17-05-2024,1,1255.45,Express,06-07-2024
4943,Chen Rossi,chen.rossi43@hotmail.com,9820 King Street,Singapore,England,UK,EC2 6BB,1.370322,103.811294,Individual,Gold,76,12499.18,03-08-2021,1,488.14,Standard,17-09-2024
4944,Emma Ibrahim,emma.ibrahim44@icloud.com,2819 Park Avenue,Berlin,Tamil Nadu,India,794173,52.565704,13.36885,Individual,Gold,69,9590,19-07-2024,11,1762.24,Standard,17-08-2024
4945,John Ali,john.ali45@gmail.com,9794 Victoria Road,Toronto,Scotland,UK,SW3 6BA,43.670963,-79.400677,Corporate,Gold,85,44836,12-02-2022,119,3761.21,Standard,24-09-2024
4946,Fatima Brown,fatima.brown46@outlook.com,6852 Market Street,Mumbai,California,USA,77942,19.124873,72.898775,Individual,Gold,52,46258.56,05-09-2019,1,602.69,Standard,24-06-2024
4947,Mia Patel,mia.patel47@yahoo.com,7708 Sunset Blvd,Berlin,Ontario,Canada,M1B 1B6,52.512862,13.400592,Corporate,Silver,47,44895.92,12-11-2020,48,3697.14,Standard,31-03-2024
4948,Ivan Clark,ivan.clark48@hotmail.com,1892 Sunset Blvd,Sydney,Queensland,Australia,7282,-33.842694,151.257603,SME,Silver,43,2719.37,09-09-2019,35,1880.63,Standard,14-06-2024
4949,Sophia Anderson,sophia.anderson49@icloud.com,8820 King Street,Toronto,West Region,Singapore,739470,43.606166,-79.4238,Corporate,Silver,46,21871.81,20-12-2023,27,733.34,Overnight,30-05-2024
4950,Chen Khan,chen.khan50@gmail.com,1114 Victoria Road,Dubai,New South Wales,Australia,6451,25.216142,55.26943,Corporate,Bronze,88,45548.7,16-12-2019,66,7632.93,International Priority,17-06-2024
4951,Olivia Nair,olivia.nair51@outlook.com,6490 King Street,London,Karnataka,India,304859,51.508099,-0.129084,Individual,,84,13842.95,02-11-2023,37,1647.71,Overnight,26-04-2024
4952,Elena Khan,elena.khan52@yahoo.com,9539 Lake View Rd,Sydney,Wales,UK,SE9 2BA,-33.889237,151.219437,SME,Gold,96,4115.02,12-10-2023,25,1315.21,Standard,02-06-2024
4953,Fatima Smith,fatima.smith53@hotmail.com,3264 Market Street,Toronto,Gujarat,India,606778,43.656375,-79.383838,SME,,67,25027.81,02-04-2019,119,1436.35,International Priority,03-01-2024
4954,Wei Mehta,wei.mehta54@icloud.com,3831 Lake View Rd,Sydney,Alberta,Canada,M6C 7B8,-33.822923,151.177469,Individual,Silver,91,29525.76,16-08-2023,32,6797.14,Overnight,22-02-2024
4955,James Khan,james.khan55@gmail.com,1381 Park Avenue,Berlin,Scotland,UK,EC8 3AA,52.538856,13.422172,SME,Gold,86,18337.19,23-07-2021,74,7180.51,Overnight,14-09-2024
4956,Anna Hassan,anna.hassan56@outlook.com,9009 Lake View Rd,Dubai,West Region,Singapore,278523,25.245688,55.230372,SME,Gold,65,48801.35,16-06-2020,82,4235.98,Overnight,02-01-2024
4957,Mohammed Ibrahim,mohammed.ibrahim57@yahoo.com,1774 Lake View Rd,London,Wales,UK,SE9 2BA,51.54338,-0.147816,SME,Bronze,45,19135.45,02-06-2020,14,179.77,Overnight,26-06-2024
4958,Chen Khan,chen.khan58@hotmail.com,9791 Market Street,Toronto,East Region,Singapore,355670,43.658993,-79.409997,Individual,,83,19690.08,26-02-2022,5,742.33,Standard,14-08-2024
4959,Wei Khan,wei.khan59@icloud.com,1029 Main St,New York,Tamil Nadu,India,343641,40.677979,-73.992535,SME,Bronze,44,19939.51,15-12-2024,10,295.36,International Priority,14-12-2024
4960,Raj Chowdhury,raj.chowdhury60@gmail.com,5898 Hillcrest Ave,Singapore,Gujarat,India,393764,1.315088,103.78107,Corporate,Silver,50,47373.23,14-03-2020,56,4789.11,International Priority,22-10-2024
4961,Chen Nair,chen.nair61@outlook.com,9271 Main St,London,Florida,USA,57099,51.489058,-0.08777,Corporate,,96,7141.72,03-11-2022,52,7024.4,Express,09-04-2024
4962,Isabella Hassan,isabella.hassan62@yahoo.com,3119 Maple Road,New York,Abu Dhabi,UAE,29533,40.754269,-73.972647,SME,Silver,75,15708.36,01-08-2022,25,1725.49,International Priority,20-05-2024
4963,Yuki Tanaka,yuki.tanaka63@hotmail.com,8411 Oak Street,Sydney,Sharjah,UAE,25156,-33.834988,151.17096,Individual,Bronze,61,23663.79,05-12-2021,1,393.75,Standard,24-11-2024
4964,Sara Clark,sara.clark64@icloud.com,1427 Park Avenue,Mumbai,British Columbia,Canada,H5A 1C3,19.12119,72.847487,Individual,Bronze,91,1968.74,11-10-2020,18,1786.82,Overnight,27-10-2024
4965,Chen Fernandez,chen.fernandez65@gmail.com,9706 King Street,London,Dubai,UAE,54722,51.53508,-0.157037,Individual,Gold,70,4633.89,01-02-2019,33,1948.3,Overnight,26-06-2024
4966,John Dubois,john.dubois66@outlook.com,5558 Main St,Sydney,Illinois,USA,88821,-33.876952,151.159805,SME,,45,26883.27,27-06-2021,44,6964.1,Standard,23-06-2024
4967,David Kim,david.kim67@yahoo.com,2956 Main St,New York,New South Wales,Australia,5716,40.72331,-73.998603,SME,,96,26316.07,15-03-2022,24,718.05,Overnight,26-12-2024
4968,Mia Anderson,mia.anderson68@hotmail.com,6592 King Street,Berlin,East Region,Singapore,629615,52.523136,13.444212,Corporate,Gold,48,41467.08,13-05-2019,10,4047.69,International Priority,15-09-2024
4969,Isabella Patel,isabella.patel69@icloud.com,1102 Hillcrest Ave,Berlin,England,UK,W4 4AA,52.516974,13.400552,Individual,,41,24208.46,19-10-2021,32,584.29,Overnight,28-01-2024
4970,Sophia Muller,sophia.muller70@gmail.com,5148 Market Street,Mumbai,Maharashtra,India,162836,19.083023,72.844572,Corporate,Silver,82,29082.64,29-08-2019,115,2453.46,Standard,23-02-2024
4971,John Kim,john.kim71@outlook.com,9359 Main St,Singapore,Scotland,UK,SW1 9BA,1.400824,103.843109,Corporate,Silver,81,5985.37,25-05-2020,62,5715.23,International Priority,07-04-2024
4972,Sara Smith,sara.smith72@yahoo.com,2830 Maple Road,London,Wales,UK,SW1 6BB,51.487012,-0.099704,Individual,Bronze,99,45167.45,11-03-2019,27,156.09,International Priority,12-07-2024
4973,Daniel Ali,daniel.ali73@hotmail.com,1285 Victoria Road,London,Bavaria,Germany,43918,51.491513,-0.168894,SME,Silver,67,31662.54,27-01-2023,12,434.03,Express,28-08-2024
4974,Priya Petrov,priya.petrov74@icloud.com,6679 Hillcrest Ave,London,New South Wales,Australia,4769,51.467929,-0.131771,SME,,75,6447,20-07-2023,33,5835.72,Express,22-01-2024
4975,Liam Tanaka,liam.tanaka75@gmail.com,3283 Maple Road,Singapore,Berlin,Germany,90525,1.33926,103.829818,Corporate,Gold,65,7090.35,26-07-2024,62,2807.73,Express,30-06-2024
4976,David Singh,david.singh76@outlook.com,8415 Lake View Rd,Sydney,Abu Dhabi,UAE,68628,-33.834703,151.184094,Corporate,Bronze,53,2299.76,24-01-2024,110,1526.54,Express,11-09-2024
4977,Chen Clark,chen.clark77@yahoo.com,406 Main St,Dubai,England,UK,EC4 5BA,25.158185,55.256041,Corporate,Gold,77,1703.82,18-02-2023,104,6492.8,Express,02-05-2024
4978,Mia Das,mia.das78@hotmail.com,5853 Park Avenue,Dubai,East Region,Singapore,154315,25.174306,55.27343,Corporate,Bronze,69,27840.29,30-09-2023,23,7057.01,Overnight,17-06-2024
4979,Sophia Garcia,sophia.garcia79@icloud.com,8758 Park Avenue,Mumbai,Maharashtra,India,467246,19.033811,72.88667,Individual,Bronze,64,13644.83,16-06-2022,13,1026.05,Standard,09-12-2024
4980,Maria Das,maria.das80@gmail.com,8640 Victoria Road,London,Central Region,Singapore,663203,51.469268,-0.166942,Corporate,Gold,71,35058.47,23-09-2019,18,231.92,Standard,31-01-2024
4981,Mohammed Tanaka,mohammed.tanaka81@outlook.com,6780 Park Avenue,Sydney,England,UK,NW7 6BA,-33.879977,151.254165,Corporate,Silver,76,18648.48,28-02-2023,4,4989.7,Express,05-06-2024
4982,Sophia Sharma,sophia.sharma82@yahoo.com,2527 King Street,Berlin,Queensland,Australia,2646,52.475031,13.356226,SME,Silver,79,14727.42,19-12-2023,18,918.28,Express,01-05-2024
4983,Daniel Ali,daniel.ali83@hotmail.com,5733 Main St,New York,Central Region,Singapore,712294,40.741172,-74.018759,SME,Silver,79,9017.73,26-11-2022,23,743.15,Standard,22-11-2024
4984,Carlos Wang,carlos.wang84@icloud.com,1210 Sunset Blvd,Sydney,Berlin,Germany,71710,-33.848985,151.239877,SME,Silver,66,41955.06,04-03-2023,104,6893.08,Overnight,22-06-2024
4985,Fatima Petrov,fatima.petrov85@gmail.com,230 Park Avenue,Singapore,Delhi,India,379551,1.368534,103.774234,Individual,Gold,87,16506.99,13-03-2022,25,564.66,Express,10-10-2024
4986,Anna Nguyen,anna.nguyen86@outlook.com,3276 Market Street,Dubai,England,UK,SW6 1BA,25.236948,55.2775,Individual,,70,15463.78,08-10-2023,39,1138.28,International Priority,24-06-2024
4987,Priya Costa,priya.costa87@yahoo.com,1520 Oak Street,Dubai,British Columbia,Canada,T5C 3C1,25.18769,55.303547,SME,Bronze,54,9820.07,07-12-2020,36,1261.89,Express,10-01-2024
4988,Ahmed Singh,ahmed.singh88@hotmail.com,9648 Maple Road,Berlin,Victoria,Australia,6857,52.546737,13.43712,SME,Gold,100,49041.39,05-10-2021,13,631.29,International Priority,31-12-2024
4989,Isabella Nguyen,isabella.nguyen89@icloud.com,1038 Maple Road,Berlin,Victoria,Australia,5047,52.555529,13.367617,Corporate,Silver,59,10756.16,26-10-2021,62,2201.98,Express,29-06-2024
4990,Wei Nguyen,wei.nguyen90@gmail.com,1733 Hillcrest Ave,Singapore,British Columbia,Canada,T6B 5C2,1.359222,103.84381,Corporate,Silver,42,44867.5,18-05-2024,45,6553.19,International Priority,08-08-2024
4991,Michael Fernandez,michael.fernandez91@outlook.com,3301 Maple Road,New York,East Region,Singapore,291445,40.691122,-74.004289,Individual,Gold,78,16038.36,11-03-2020,92,7883.77,International Priority,23-01-2024
4992,Wei Muller,wei.muller92@yahoo.com,263 Oak Street,Berlin,Wales,UK,W4 2AA,52.543916,13.434265,Individual,Bronze,51,49303.66,14-07-2020,32,1141.66,International Priority,03-11-2024
4993,Mohammed Mehta,mohammed.mehta93@hotmail.com,8121 Hillcrest Ave,Mumbai,New South Wales,Australia,5708,19.07713,72.917764,Corporate,Gold,98,2030.39,25-10-2021,17,367.32,Standard,22-02-2024
4994,Anna Ibrahim,anna.ibrahim94@icloud.com,1809 Park Avenue,New York,Gujarat,India,708031,40.761425,-74.016904,SME,Gold,80,37659.4,06-03-2024,38,533.01,Standard,01-07-2024
4995,Elena Wang,elena.wang95@gmail.com,1650 Victoria Road,Berlin,England,UK,NW5 5AB,52.543849,13.454904,Corporate,,98,34603.06,14-11-2023,118,1264.48,Standard,27-08-2024
4996,Elena Mehta,elena.mehta96@outlook.com,681 Oak Street,Toronto,Scotland,UK,SW9 4AB,43.66962,-79.371006,Individual,Gold,74,5443.63,12-01-2019,11,671.68,Standard,04-05-2024
4997,Mia Chowdhury,mia.chowdhury97@yahoo.com,7643 Victoria Road,Sydney,Hesse,Germany,91794,-33.908227,151.224186,Individual,,65,13781.28,28-03-2020,7,1960.06,Express,23-05-2024
4998,Daniel Lee,daniel.lee98@hotmail.com,7693 Victoria Road,Berlin,New South Wales,Australia,7207,52.545585,13.445695,Corporate,Bronze,66,31173.7,30-06-2019,52,6095.59,Standard,01-06-2024
4999,Sara Garcia,sara.garcia99@icloud.com,4764 Sunset Blvd,Mumbai,New South Wales,Australia,6696,19.065549,72.917269,Corporate,Gold,64,12470.12,01-09-2019,31,3938.95,International Priority,26-09-2024
5000,Michael Martin,michael.martin0@gmail.com,1525 Main St,London,Quebec,Canada,T9B 5A8,51.483668,-0.176671,Corporate,Gold,41,18309.65,30-04-2020,81,2887.45,Overnight,17-03-2024
