route_id,origin_city,destination_city,distance_km,estimated_time_hr,transport_mode,fuel_cost_usd,risk_score
1,Dubai,Berlin,1307,73.62,Truck,4543.54,1.65
2,Berlin,London,5124,13.91,Air Freight,4550.47,7.95
3,Dubai,Toronto,3374,26.97,Ship,3551.9,9.16
4,Sydney,London,2218,73.67,Ship,5318.07,9.34
5,Singapore,Singapore,8412,95.83,Cargo Van,1086.04,8.62
6,Dubai,Berlin,1238,84.26,Air Freight,5521.06,4.57
7,Toronto,New York,4537,48.31,Truck,3464.88,2.11
8,London,Dubai,8466,34.31,Ship,4856.07,1.38
9,Mumbai,Mumbai,8894,53.02,Air Freight,7564.05,6.51
10,Sydney,Toronto,7011,51.04,Air Freight,5167.32,7.1
11,Singapore,Berlin,3453,31.61,Air Freight,4954.16,3.28
12,London,Toronto,11534,57.02,Truck,2679.03,7.68
13,Toronto,Dubai,4853,9.81,Cargo Van,4094.79,4.87
14,Berlin,Singapore,5600,67.42,Cargo Van,1898.35,5.79
15,Sydney,Sydney,8773,77.65,Air Freight,4242.31,1.38
16,Berlin,New York,11610,31.25,Air Freight,1923.44,6.95
17,Singapore,Sydney,4057,90.54,Cargo Van,3057.66,8.54
18,Singapore,Toronto,10313,45.61,Ship,4079.21,7.24
19,New York,Dubai,8383,78.44,Ship,4098.44,1.81
20,Berlin,Toronto,84,25.14,Cargo Van,594.6,2.98
21,Toronto,Dubai,3266,82.32,Cargo Van,4463.74,7.01
22,Mumbai,Mumbai,843,52.71,Ship,3079.53,3.8
23,Singapore,Sydney,10385,5.52,Ship,663.94,7.83
24,Sydney,Berlin,6321,42.35,Ship,7204.71,6.08
25,Mumbai,Berlin,1079,60.35,Cargo Van,5643.4,9.18
26,Sydney,London,6167,30.22,Cargo Van,2556.8,7.0
27,Dubai,Sydney,8546,11.61,Air Freight,1578.97,4.78
28,Sydney,Berlin,3351,90.27,Ship,5779.11,5.99
29,Berlin,Dubai,3136,33.44,Cargo Van,7936.6,9.49
30,Dubai,Singapore,6087,52.75,Truck,3553.83,2.62
31,New York,Singapore,441,33.01,Ship,2013.27,3.37
32,Sydney,Toronto,10302,74.27,Truck,7926.3,4.57
33,Mumbai,Singapore,2351,4.1,Ship,4655.0,9.98
34,Berlin,London,1353,77.46,Ship,1056.16,7.72
35,London,Sydney,10661,50.96,Ship,6423.18,1.34
36,Mumbai,Toronto,4487,79.43,Ship,7797.75,2.26
37,Singapore,Mumbai,10760,69.79,Cargo Van,3284.36,2.04
38,Mumbai,Singapore,9339,57.53,Ship,7849.25,7.83
39,Dubai,Berlin,10368,62.66,Air Freight,3702.13,1.63
40,Dubai,Dubai,1545,59.64,Air Freight,4046.57,4.01
41,Singapore,Toronto,11542,94.16,Ship,6068.68,7.25
42,New York,London,8101,65.57,Cargo Van,6807.41,6.72
43,Berlin,Sydney,8080,23.52,Ship,6736.68,9.76
44,Mumbai,Dubai,8941,13.98,Truck,870.17,3.95
45,London,New York,6519,90.76,Cargo Van,3260.98,5.82
46,Sydney,New York,1335,45.65,Ship,556.65,3.2
47,London,Toronto,9917,16.19,Air Freight,4042.46,5.51
48,Dubai,New York,7375,79.39,Ship,4221.55,9.87
49,Singapore,Dubai,1414,67.42,Truck,1539.43,4.94
50,New York,Singapore,7512,65.93,Air Freight,6369.0,4.12
51,New York,Sydney,377,42.51,Air Freight,6929.12,9.48
52,London,Singapore,7757,36.42,Air Freight,5374.06,7.71
53,Toronto,Singapore,5997,12.18,Truck,4950.26,3.29
54,London,London,10002,11.96,Truck,1534.58,4.0
55,New York,Dubai,5793,54.61,Truck,5773.64,2.75
56,Toronto,London,3807,51.68,Cargo Van,2345.71,6.41
57,Toronto,Sydney,7186,31.61,Cargo Van,2367.81,2.19
58,New York,Dubai,317,34.16,Ship,530.85,1.57
59,London,Mumbai,1505,18.79,Cargo Van,1974.15,6.66
60,Sydney,London,1387,5.46,Cargo Van,2275.6,1.82
61,Berlin,Dubai,2498,80.05,Ship,883.69,5.88
62,Mumbai,Singapore,11068,34.31,Air Freight,903.86,5.69
63,London,Mumbai,7863,2.66,Truck,4713.64,5.0
64,London,Sydney,6484,58.1,Air Freight,2928.59,7.41
65,Berlin,Dubai,2124,48.58,Air Freight,3558.98,9.07
66,New York,London,6951,41.93,Air Freight,3475.95,4.59
67,Toronto,Sydney,7689,57.58,Air Freight,252.38,4.66
68,Mumbai,London,7849,64.0,Cargo Van,1923.49,4.04
69,Mumbai,Toronto,3870,86.22,Ship,1996.79,2.25
70,Toronto,Sydney,2584,55.54,Air Freight,3821.48,8.59
71,Singapore,Toronto,3799,93.86,Ship,3282.83,4.01
72,Berlin,Sydney,4001,65.49,Ship,2305.78,3.84
73,Singapore,Berlin,10574,61.83,Truck,6163.57,5.24
74,Mumbai,London,2395,37.2,Air Freight,372.4,5.74
75,London,New York,10636,59.96,Ship,2505.01,9.7
76,Mumbai,Berlin,1585,45.87,Air Freight,2809.27,2.52
77,London,New York,4584,2.66,Ship,6528.2,9.11
78,Dubai,Sydney,9525,76.0,Air Freight,7785.14,8.47
79,Toronto,Singapore,5576,91.52,Cargo Van,1187.1,3.81
80,London,Berlin,7191,60.39,Ship,943.58,9.1
81,Berlin,Toronto,11588,55.59,Truck,3231.87,1.43
82,Toronto,Toronto,845,22.83,Ship,2060.6,3.6
83,London,London,9160,39.69,Air Freight,4930.1,1.35
84,Singapore,Sydney,11137,94.49,Cargo Van,825.2,2.18
85,Dubai,Dubai,8037,35.64,Truck,665.13,2.66
86,Berlin,Singapore,9983,36.37,Cargo Van,2235.96,2.23
87,Sydney,Sydney,7873,85.43,Air Freight,6852.65,3.6
88,Sydney,Mumbai,351,33.41,Truck,6545.47,9.5
89,Mumbai,Toronto,8520,41.63,Air Freight,2163.72,4.84
90,Sydney,Toronto,11600,79.83,Air Freight,5659.11,7.89
91,Toronto,Dubai,3056,18.37,Truck,2960.18,9.02
92,London,New York,5454,58.49,Air Freight,2286.46,8.08
93,Mumbai,London,10413,11.03,Air Freight,378.17,5.32
94,Singapore,London,4411,40.9,Truck,1841.02,1.47
95,Singapore,Singapore,3684,20.9,Ship,1757.88,9.37
96,Toronto,Berlin,11655,55.82,Ship,2258.64,8.19
97,Sydney,Singapore,3885,2.72,Cargo Van,3582.49,4.42
98,Toronto,Dubai,9776,64.67,Cargo Van,3034.7,6.64
99,Toronto,Toronto,9549,94.14,Air Freight,4910.18,2.16
100,New York,Toronto,9168,20.03,Air Freight,7254.83,1.12
101,Mumbai,Mumbai,1042,29.87,Ship,3381.38,3.2
102,Dubai,Dubai,2533,66.31,Cargo Van,3767.94,4.97
103,Dubai,Toronto,1792,51.62,Truck,6437.0,2.75
104,Mumbai,Singapore,4616,76.49,Air Freight,421.78,8.77
105,Singapore,Berlin,5272,19.59,Truck,3477.75,5.22
106,Berlin,Berlin,3376,56.58,Air Freight,6414.62,3.69
107,New York,Mumbai,3847,79.67,Air Freight,1357.79,8.16
108,Mumbai,New York,2004,21.58,Cargo Van,6660.16,2.45
109,Berlin,London,8096,80.22,Ship,2390.47,4.63
110,London,New York,7193,94.46,Ship,1087.7,6.86
111,Singapore,New York,10983,17.46,Air Freight,620.95,4.43
112,Singapore,Toronto,2105,21.91,Truck,4771.54,8.71
113,Mumbai,Mumbai,8941,46.29,Ship,2352.92,7.36
114,London,Dubai,9179,70.71,Truck,5734.37,9.46
115,Berlin,Singapore,8525,50.08,Truck,3668.03,9.79
116,Toronto,New York,946,91.33,Ship,2702.95,2.94
117,Singapore,New York,6394,54.94,Air Freight,830.24,2.03
118,Singapore,Dubai,6418,79.89,Cargo Van,7015.4,2.02
119,Berlin,Berlin,9566,5.47,Air Freight,4073.38,3.38
120,Singapore,New York,10155,50.22,Cargo Van,2377.63,3.81
121,Berlin,Mumbai,3466,12.99,Truck,1543.53,6.76
122,Mumbai,Mumbai,8162,36.95,Ship,1091.37,8.57
123,Mumbai,New York,10328,65.9,Cargo Van,6341.9,8.82
124,Singapore,New York,2194,94.29,Air Freight,6544.89,8.79
125,Berlin,Singapore,6788,22.15,Ship,6719.92,1.5
126,Mumbai,Berlin,3379,45.81,Air Freight,2593.05,1.48
127,Toronto,Singapore,6571,83.38,Truck,2463.73,7.7
128,New York,Mumbai,560,7.52,Truck,6252.44,3.48
129,Singapore,Sydney,10429,8.51,Truck,6144.87,7.92
130,Dubai,Singapore,5144,66.39,Truck,6673.85,1.28
131,Berlin,New York,4286,94.79,Cargo Van,3556.78,6.09
132,Singapore,Toronto,3591,71.3,Cargo Van,288.12,5.52
133,Singapore,Sydney,11038,68.49,Air Freight,2005.26,9.8
134,Mumbai,Sydney,7460,88.84,Ship,7111.12,5.76
135,Mumbai,Mumbai,6261,11.78,Air Freight,5218.29,5.76
136,Berlin,Mumbai,6800,52.36,Air Freight,3908.92,3.0
137,Singapore,Dubai,2853,4.3,Truck,4368.22,7.74
138,Toronto,London,2670,34.51,Ship,266.72,4.07
139,Mumbai,Berlin,5371,47.7,Cargo Van,6477.45,1.06
140,Toronto,London,1789,22.25,Cargo Van,6209.15,9.0
141,Mumbai,Toronto,11865,9.95,Ship,5075.63,8.46
142,Mumbai,Singapore,504,52.39,Truck,5553.29,4.1
143,Dubai,London,7901,21.38,Air Freight,4554.2,8.05
144,Dubai,Mumbai,2867,18.42,Cargo Van,5634.52,4.38
145,Sydney,London,1553,49.19,Cargo Van,5649.19,4.01
146,Mumbai,Singapore,1011,2.6,Air Freight,993.62,5.66
147,Toronto,New York,4584,76.75,Air Freight,2443.19,8.18
148,Berlin,New York,10758,22.19,Ship,3344.89,9.49
149,Toronto,Mumbai,6590,88.95,Truck,4300.32,3.64
150,Singapore,Berlin,5605,33.13,Ship,2740.85,2.45
151,New York,Toronto,7507,91.2,Truck,1963.57,4.71
152,New York,Dubai,6143,19.64,Air Freight,1240.45,3.12
153,London,Sydney,6733,52.7,Cargo Van,3711.25,5.0
154,London,Sydney,3235,75.18,Truck,2710.87,2.2
155,Berlin,Berlin,261,58.43,Truck,7696.68,3.06
156,Sydney,New York,10705,69.0,Truck,7976.1,9.25
157,Toronto,Mumbai,1670,33.3,Air Freight,5297.88,2.4
158,Mumbai,Mumbai,9278,50.83,Truck,4099.83,6.17
159,London,Singapore,11218,93.09,Truck,2351.27,1.1
160,London,Sydney,5472,13.26,Truck,4889.29,3.64
161,Sydney,Sydney,7870,95.25,Ship,6315.96,9.56
162,Toronto,Mumbai,5537,45.3,Air Freight,566.33,3.44
163,Toronto,Dubai,7572,74.81,Cargo Van,2392.81,5.34
164,Mumbai,Dubai,11157,64.0,Air Freight,1340.61,8.6
165,Singapore,London,7669,25.82,Cargo Van,2207.93,8.11
166,London,Berlin,5838,51.33,Air Freight,3810.13,1.65
167,Toronto,London,1131,10.36,Cargo Van,6501.79,5.17
168,Toronto,Berlin,4116,74.82,Truck,1566.25,7.56
169,London,Berlin,7173,93.25,Truck,2862.94,2.1
170,Dubai,Toronto,5385,89.83,Cargo Van,4170.76,9.47
171,Dubai,Toronto,1300,84.6,Air Freight,2031.36,9.52
172,Singapore,Singapore,582,19.13,Air Freight,6199.12,7.8
173,Toronto,Berlin,7752,50.64,Cargo Van,3795.46,2.54
174,Toronto,Berlin,4064,66.36,Truck,4086.0,9.8
175,Singapore,New York,9903,13.99,Cargo Van,537.92,4.86
176,Toronto,London,420,34.45,Truck,1938.6,4.47
177,New York,Sydney,4266,91.31,Truck,5756.32,7.04
178,Singapore,Mumbai,7038,34.76,Truck,7617.93,2.72
179,Singapore,New York,3645,53.51,Air Freight,6859.79,5.69
180,New York,New York,9810,44.69,Truck,5991.63,1.76
181,Dubai,London,11920,46.2,Air Freight,6576.67,4.75
182,Toronto,Singapore,10354,41.98,Truck,466.18,3.26
183,Sydney,Berlin,6798,24.32,Ship,4502.27,9.61
184,London,Berlin,4711,63.81,Cargo Van,1150.19,1.04
185,Singapore,Berlin,8161,89.36,Ship,6881.78,6.79
186,Sydney,Berlin,9290,49.97,Cargo Van,5193.39,1.76
187,London,Mumbai,3114,64.24,Ship,4185.69,3.76
188,Toronto,Singapore,3968,38.23,Ship,4757.43,9.56
189,Mumbai,Sydney,1086,27.59,Ship,7638.36,3.18
190,Singapore,New York,7873,21.06,Air Freight,4523.85,8.97
191,New York,Toronto,270,6.02,Truck,7523.62,6.84
192,Berlin,London,165,72.93,Cargo Van,2000.56,4.72
193,Mumbai,Dubai,6330,4.75,Air Freight,6307.25,7.72
194,New York,Berlin,3538,66.21,Air Freight,7453.38,7.27
195,Mumbai,London,171,29.76,Ship,1997.84,2.44
196,Sydney,London,3938,73.96,Cargo Van,274.17,8.02
197,New York,Toronto,7405,70.95,Ship,3416.83,8.06
198,Mumbai,Singapore,3966,79.26,Air Freight,3519.94,7.19
199,Berlin,Toronto,9185,70.29,Cargo Van,1638.78,1.17
200,Toronto,Mumbai,10639,38.66,Cargo Van,2685.64,6.3
201,London,Sydney,9407,17.37,Truck,4108.56,1.95
202,Singapore,Singapore,4734,3.53,Cargo Van,4564.63,1.83
203,Mumbai,Berlin,10545,49.78,Cargo Van,4861.03,8.52
204,Sydney,Singapore,6935,94.12,Ship,2269.78,6.16
205,New York,Singapore,11736,54.01,Air Freight,798.62,3.09
206,Mumbai,London,4415,13.1,Truck,7856.78,4.54
207,Dubai,London,5690,3.45,Cargo Van,2384.37,2.93
208,Toronto,Singapore,9865,92.57,Truck,7891.66,3.71
209,Berlin,Dubai,3247,41.01,Truck,6325.17,5.86
210,Mumbai,Singapore,9525,83.55,Cargo Van,2839.75,5.34
211,New York,Mumbai,3076,60.35,Ship,7451.63,2.82
212,Sydney,Mumbai,5857,89.33,Ship,5681.32,2.21
213,Berlin,Berlin,10352,68.63,Truck,2663.71,2.43
214,New York,Sydney,10401,29.9,Ship,7292.22,6.25
215,Toronto,Dubai,8984,51.33,Truck,2672.67,2.2
216,Toronto,Toronto,4947,67.97,Ship,1808.52,6.84
217,Dubai,London,6366,24.05,Ship,7390.9,9.89
218,Dubai,Berlin,10743,64.48,Truck,5556.23,2.38
219,New York,Singapore,393,85.99,Truck,7142.65,2.12
220,Sydney,Berlin,2978,75.78,Cargo Van,5395.08,6.65
221,London,Toronto,5207,60.25,Ship,7508.91,6.18
222,New York,Dubai,676,78.96,Truck,6622.0,6.81
223,London,Sydney,9767,59.32,Ship,3432.14,3.96
224,Toronto,Sydney,2433,52.35,Ship,5507.89,5.8
225,Sydney,New York,2976,55.06,Ship,1970.55,5.84
226,New York,Berlin,2739,8.07,Ship,217.11,3.83
227,Mumbai,Toronto,6266,72.15,Cargo Van,2248.14,6.77
228,Mumbai,Berlin,5424,2.68,Ship,4715.62,1.45
229,Berlin,Dubai,9102,7.07,Ship,7559.31,1.92
230,London,Berlin,2673,65.83,Truck,5180.13,4.66
231,Mumbai,Mumbai,4291,29.24,Ship,6725.78,8.23
232,Toronto,London,11531,3.01,Truck,3887.68,1.1
233,London,Singapore,1140,90.0,Air Freight,5291.1,6.2
234,Berlin,Toronto,2557,62.39,Truck,5754.92,5.72
235,Singapore,Toronto,1508,74.17,Air Freight,6532.71,8.24
236,Mumbai,Dubai,8285,63.08,Truck,4710.35,1.43
237,Dubai,New York,8576,27.09,Ship,1341.33,1.38
238,Dubai,Sydney,11121,14.09,Air Freight,3260.77,5.97
239,Sydney,Mumbai,2900,94.75,Cargo Van,6845.96,4.7
240,Toronto,Dubai,9764,15.79,Cargo Van,5101.94,1.39
241,London,Sydney,11689,90.14,Ship,2859.3,9.96
242,London,New York,2754,82.12,Cargo Van,7502.08,6.99
243,Dubai,Berlin,7515,52.58,Air Freight,6487.25,5.05
244,Toronto,Mumbai,868,54.32,Cargo Van,7500.64,7.49
245,New York,Singapore,2852,83.82,Truck,2129.71,2.3
246,London,Toronto,6968,23.01,Truck,7772.23,8.82
247,Mumbai,Sydney,7580,9.97,Cargo Van,1598.67,3.6
248,New York,Mumbai,807,76.49,Truck,3048.94,7.39
249,Dubai,Singapore,7486,39.89,Ship,7175.27,7.62
250,Mumbai,Mumbai,9205,95.86,Cargo Van,1388.28,7.92
251,Toronto,London,9436,79.9,Ship,1782.08,5.98
252,Berlin,Toronto,8717,60.81,Ship,3007.8,6.85
253,Berlin,Toronto,10252,85.76,Cargo Van,6098.25,2.05
254,Toronto,Sydney,3964,36.88,Ship,6208.57,7.6
255,Dubai,New York,11149,79.67,Ship,5324.36,3.39
256,London,Sydney,9486,6.03,Air Freight,4310.89,7.73
257,Sydney,Berlin,8045,46.58,Air Freight,6665.95,7.4
258,Dubai,Singapore,9777,67.76,Truck,1108.94,7.87
259,London,Sydney,1932,34.1,Cargo Van,6433.15,9.95
260,Mumbai,Sydney,7837,71.32,Truck,7161.0,7.74
261,Singapore,Toronto,5078,18.2,Air Freight,4221.03,1.71
262,London,Sydney,3328,8.54,Cargo Van,5537.96,9.22
263,Mumbai,Sydney,11828,7.94,Air Freight,2314.18,5.25
264,Sydney,Mumbai,1440,79.43,Cargo Van,1162.39,6.47
265,Berlin,New York,2213,40.86,Ship,2706.08,1.91
266,Sydney,Sydney,11714,85.26,Truck,3766.25,7.75
267,Berlin,Berlin,5814,6.02,Air Freight,3193.37,2.04
268,Dubai,Mumbai,1806,53.85,Air Freight,6241.77,3.04
269,Berlin,Mumbai,6645,82.59,Air Freight,3824.09,2.15
270,Berlin,Toronto,10919,47.7,Ship,3482.16,3.01
271,Dubai,Sydney,11228,53.75,Air Freight,2776.18,6.55
272,Mumbai,Dubai,980,61.91,Ship,3749.73,1.74
273,London,Berlin,11130,46.8,Truck,2483.62,1.15
274,Berlin,New York,7460,54.43,Air Freight,2291.45,4.36
275,Singapore,Dubai,9909,25.23,Ship,242.24,7.53
276,Singapore,Toronto,10371,55.81,Air Freight,5454.59,6.38
277,London,Sydney,11349,74.33,Ship,4778.59,7.88
278,New York,Dubai,4776,32.18,Cargo Van,1479.8,3.86
279,Berlin,New York,8896,90.49,Truck,5540.92,9.29
280,New York,Berlin,211,89.98,Ship,5216.22,9.8
281,Toronto,Toronto,313,89.96,Ship,2457.89,1.64
282,Dubai,Mumbai,5776,57.96,Ship,5423.09,2.01
283,New York,Dubai,10239,65.43,Cargo Van,6724.95,8.62
284,Mumbai,Mumbai,5406,27.51,Ship,4155.37,5.35
285,Berlin,Mumbai,3594,31.94,Cargo Van,6920.89,3.46
286,Toronto,Berlin,6486,41.65,Ship,7747.27,3.88
287,London,Berlin,10109,36.89,Cargo Van,5540.66,6.16
288,Singapore,Berlin,5872,10.82,Air Freight,1291.36,5.89
289,Dubai,New York,6333,51.95,Ship,2348.69,2.99
290,London,London,7642,72.59,Cargo Van,660.5,7.08
291,London,Mumbai,3393,39.24,Ship,540.9,2.82
292,Toronto,Toronto,11709,54.46,Air Freight,6721.76,6.73
293,London,New York,8277,67.51,Ship,929.94,8.06
294,Sydney,Toronto,10309,40.36,Ship,2927.3,4.02
295,Mumbai,London,4310,41.51,Truck,373.14,1.38
296,Dubai,Toronto,5777,62.66,Cargo Van,582.82,5.47
297,Mumbai,Toronto,424,15.73,Ship,1750.74,3.74
298,Mumbai,Mumbai,6275,22.39,Ship,2707.72,3.35
299,Dubai,Toronto,10753,57.41,Truck,4931.38,6.04
300,Dubai,Dubai,6045,21.81,Ship,2570.66,4.45
301,New York,Singapore,9654,46.77,Truck,2037.74,4.8
302,Dubai,Berlin,7246,40.79,Truck,5280.56,6.84
303,New York,Berlin,10274,36.98,Truck,3956.39,1.9
304,Dubai,London,6308,39.96,Truck,4554.39,8.34
305,Dubai,Dubai,968,54.34,Air Freight,7964.95,7.07
306,Singapore,London,11233,32.89,Truck,2179.58,9.73
307,Toronto,Mumbai,11634,29.39,Ship,5803.89,2.94
308,Toronto,Mumbai,7475,28.18,Truck,6196.06,8.6
309,Toronto,Mumbai,3086,29.41,Air Freight,6817.07,2.54
310,Mumbai,Singapore,6852,72.48,Truck,1338.05,5.64
311,Mumbai,Berlin,7145,13.94,Truck,6801.78,4.74
312,Mumbai,Mumbai,3111,47.57,Air Freight,5139.69,8.2
313,Singapore,Berlin,2628,57.37,Ship,7879.24,3.26
314,Dubai,Dubai,4864,88.12,Ship,1050.63,2.74
315,Berlin,Dubai,7819,39.39,Ship,3152.33,5.3
316,Mumbai,New York,2488,62.55,Truck,4160.27,4.32
317,Mumbai,Toronto,10304,56.35,Cargo Van,6922.46,7.93
318,Singapore,Singapore,2478,74.56,Air Freight,4839.8,3.41
319,Toronto,Singapore,4583,76.7,Ship,7527.2,6.61
320,Toronto,London,9465,40.19,Truck,5431.66,2.01
321,Mumbai,London,1721,82.52,Truck,1704.43,7.76
322,Toronto,New York,2603,4.42,Truck,3476.56,1.1
323,Toronto,Dubai,10004,64.6,Truck,6258.3,3.86
324,London,Singapore,451,10.21,Ship,2241.3,3.86
325,Mumbai,Sydney,7930,59.86,Ship,5089.62,8.66
326,New York,London,10121,39.09,Cargo Van,2180.26,9.1
327,Dubai,Singapore,527,76.49,Cargo Van,7279.25,5.94
328,Dubai,Dubai,1385,16.47,Cargo Van,3746.24,3.76
329,London,Sydney,8347,87.55,Ship,1321.72,5.36
330,Singapore,Mumbai,8333,84.81,Truck,4080.77,6.54
331,Singapore,Berlin,6342,89.78,Truck,6849.7,1.1
332,Berlin,London,9460,39.86,Ship,7583.25,8.24
333,Berlin,Singapore,6638,42.16,Air Freight,5108.96,7.11
334,Berlin,Berlin,8357,64.31,Ship,5098.03,4.77
335,New York,Berlin,8425,80.98,Air Freight,7756.02,8.58
336,Singapore,Singapore,2073,15.73,Air Freight,2560.62,4.74
337,Sydney,London,6198,50.11,Cargo Van,2519.81,4.59
338,Mumbai,Berlin,9568,91.89,Cargo Van,4671.84,5.76
339,Sydney,Toronto,4433,35.83,Truck,7587.44,5.67
340,London,New York,7930,87.36,Cargo Van,6945.27,6.33
341,New York,New York,10536,12.71,Cargo Van,5653.44,2.6
342,London,Mumbai,10099,18.15,Ship,5167.02,2.0
343,Dubai,New York,8219,87.55,Truck,3967.73,5.02
344,Dubai,Toronto,4982,45.78,Truck,4966.8,3.15
345,New York,Singapore,5328,7.71,Air Freight,2458.01,4.57
346,Berlin,Berlin,1848,56.02,Ship,1764.85,6.75
347,Mumbai,Dubai,2941,49.2,Air Freight,6194.89,9.93
348,London,Singapore,3243,30.87,Truck,6274.77,2.95
349,Dubai,Sydney,5038,20.21,Ship,5509.24,5.4
350,Berlin,London,6706,79.77,Ship,548.63,9.9
351,Dubai,Berlin,1370,43.66,Air Freight,2462.78,4.95
352,New York,Dubai,8421,16.1,Truck,6159.07,3.13
353,New York,Berlin,11125,52.16,Cargo Van,4380.13,1.74
354,Singapore,Berlin,1442,22.97,Truck,6375.05,8.13
355,Singapore,Mumbai,9714,79.88,Air Freight,2947.7,3.66
356,London,Singapore,70,62.73,Air Freight,5246.79,8.37
357,Mumbai,Singapore,9436,51.22,Ship,750.9,4.4
358,Dubai,Sydney,7110,29.76,Truck,4713.01,3.61
359,Toronto,New York,7646,81.55,Ship,1544.59,3.47
360,Toronto,Berlin,5211,80.27,Ship,673.53,8.58
361,Dubai,Berlin,10262,21.86,Air Freight,5524.76,3.03
362,New York,London,5160,78.03,Truck,2790.48,9.57
363,New York,Berlin,3550,72.54,Air Freight,1278.41,4.35
364,New York,Dubai,4639,47.02,Truck,6340.6,3.12
365,Toronto,Mumbai,9269,71.18,Cargo Van,4057.13,4.85
366,Mumbai,Dubai,5145,26.81,Truck,6680.83,6.78
367,Mumbai,Toronto,3423,36.24,Air Freight,6148.23,8.06
368,Mumbai,Dubai,1584,14.57,Air Freight,6080.21,2.45
369,Singapore,London,8343,4.88,Air Freight,7164.31,1.33
370,London,Berlin,652,40.34,Air Freight,7076.5,8.54
371,Dubai,Dubai,5323,59.29,Air Freight,6020.99,7.4
372,London,Dubai,5735,69.39,Ship,2604.53,8.56
373,New York,London,10383,12.44,Air Freight,5583.26,5.13
374,Berlin,Singapore,5694,92.47,Cargo Van,3580.35,1.38
375,Toronto,Dubai,6744,7.28,Truck,2934.18,8.99
376,Sydney,Singapore,10884,69.9,Ship,3741.53,9.61
377,New York,Dubai,5573,22.54,Ship,5523.7,5.24
378,London,Berlin,5078,3.18,Air Freight,6893.06,6.29
379,Mumbai,London,7375,17.42,Air Freight,7302.86,7.59
380,Dubai,New York,10991,82.64,Cargo Van,3070.62,3.9
381,Toronto,New York,505,39.91,Cargo Van,2334.73,7.94
382,Singapore,Toronto,2237,20.72,Cargo Van,1471.49,2.53
383,Sydney,London,11323,36.09,Air Freight,7689.44,5.81
384,Berlin,Singapore,7878,24.46,Air Freight,6993.0,1.49
385,Berlin,Toronto,4478,65.92,Ship,615.83,5.6
386,Toronto,Toronto,5635,92.7,Cargo Van,3571.0,1.82
387,London,Mumbai,2952,65.89,Air Freight,703.2,5.68
388,Berlin,Mumbai,703,84.04,Cargo Van,1117.93,9.99
389,London,London,5797,40.97,Ship,7719.8,7.57
390,Sydney,Sydney,3599,85.0,Cargo Van,7781.45,7.71
391,Dubai,Singapore,7511,47.6,Air Freight,617.8,5.85
392,Dubai,Dubai,1562,90.6,Cargo Van,2671.5,3.96
393,Singapore,Berlin,7541,55.75,Cargo Van,7229.47,6.23
394,New York,Sydney,10094,60.0,Air Freight,1020.87,3.0
395,Berlin,London,3651,20.67,Cargo Van,4058.12,4.3
396,Toronto,London,336,40.34,Truck,6330.57,4.67
397,Mumbai,Dubai,10842,82.5,Cargo Van,5944.3,6.08
398,Singapore,Toronto,10296,3.82,Cargo Van,2695.98,5.89
399,Sydney,Toronto,132,93.59,Air Freight,2796.74,9.36
400,Mumbai,New York,11919,54.58,Truck,4205.63,4.41
401,Toronto,Dubai,9656,94.73,Ship,5191.08,4.01
402,Mumbai,Toronto,6243,45.92,Cargo Van,3039.69,2.28
403,Mumbai,Sydney,10520,61.89,Ship,5436.2,8.47
404,Dubai,Sydney,11510,48.05,Air Freight,5043.93,5.37
405,Singapore,Berlin,2676,2.15,Cargo Van,3698.94,2.95
406,Sydney,Dubai,6933,79.89,Truck,7740.85,2.14
407,Toronto,Dubai,8708,19.32,Cargo Van,4570.22,1.97
408,Dubai,London,10464,84.04,Air Freight,6680.13,4.78
409,Mumbai,Singapore,7007,51.36,Air Freight,7088.18,4.51
410,Singapore,Berlin,4054,88.87,Air Freight,2469.65,7.77
411,London,Toronto,9197,78.95,Cargo Van,4407.02,4.16
412,Mumbai,Dubai,1259,45.92,Truck,7301.66,2.65
413,Dubai,London,7232,9.51,Air Freight,4859.23,1.95
414,Singapore,Berlin,1493,84.89,Air Freight,4533.0,6.99
415,New York,Singapore,7018,58.28,Air Freight,7783.02,1.49
416,New York,Sydney,5714,53.21,Ship,5954.88,6.68
417,Toronto,Mumbai,984,73.65,Truck,5056.82,5.88
418,Dubai,Toronto,2706,5.2,Air Freight,7660.81,4.86
419,Sydney,Dubai,8924,73.82,Ship,6222.75,2.07
420,Singapore,Berlin,11687,54.63,Cargo Van,6017.87,2.9
421,London,Berlin,1865,67.07,Truck,7022.22,4.72
422,Berlin,Dubai,11101,12.17,Cargo Van,1570.95,4.23
423,London,Mumbai,6268,24.2,Truck,1133.63,7.08
424,Sydney,Dubai,1020,89.0,Truck,6091.29,3.93
425,Dubai,New York,8622,80.73,Air Freight,1343.63,8.99
426,London,Mumbai,1315,57.44,Truck,4837.04,9.79
427,Singapore,Mumbai,447,12.66,Air Freight,2425.11,8.44
428,London,Dubai,10168,32.8,Cargo Van,4791.22,8.73
429,Berlin,Sydney,5206,51.48,Air Freight,2202.58,7.68
430,Mumbai,New York,9344,94.55,Truck,2448.7,7.13
431,Berlin,New York,5879,73.41,Cargo Van,1602.48,2.61
432,New York,Berlin,9890,35.69,Cargo Van,4870.2,8.33
433,Sydney,London,7436,75.18,Truck,7747.47,8.69
434,Berlin,Mumbai,2122,59.82,Cargo Van,564.65,4.16
435,Berlin,Sydney,6335,21.45,Truck,7768.65,4.76
436,Berlin,Berlin,2295,34.05,Truck,2035.93,8.39
437,Singapore,Mumbai,4426,53.52,Cargo Van,7956.94,7.92
438,Dubai,London,10136,91.58,Cargo Van,338.05,2.12
439,Mumbai,London,2518,8.88,Air Freight,3946.93,7.82
440,Mumbai,London,9063,29.13,Ship,7087.89,1.44
441,London,Mumbai,11499,39.26,Air Freight,3478.37,9.26
442,New York,Toronto,5979,44.05,Cargo Van,2969.72,4.96
443,Sydney,Dubai,9689,20.5,Truck,4317.69,7.82
444,Dubai,Singapore,7612,8.97,Air Freight,5467.91,2.65
445,New York,Mumbai,7692,54.25,Truck,2093.34,2.81
446,London,Mumbai,2027,26.73,Air Freight,5622.71,2.37
447,London,Berlin,5557,77.38,Air Freight,5299.82,8.39
448,Sydney,London,1496,65.37,Truck,5220.07,4.1
449,Sydney,Toronto,3390,46.74,Truck,5826.05,6.92
450,London,Mumbai,11274,64.31,Ship,4385.84,6.12
451,New York,Toronto,7828,24.09,Ship,3117.96,8.37
452,Singapore,London,387,92.8,Ship,1581.08,9.53
453,Singapore,Toronto,6743,70.26,Ship,7108.08,1.4
454,New York,Singapore,9534,2.88,Ship,7208.36,3.84
455,Singapore,Sydney,10950,74.19,Air Freight,6923.42,4.85
456,Singapore,Sydney,664,93.49,Ship,4480.22,8.77
457,Toronto,Berlin,7378,48.19,Truck,6213.92,8.72
458,New York,New York,3514,41.82,Cargo Van,541.67,2.1
459,Mumbai,Berlin,8398,83.29,Truck,7811.42,3.24
460,Toronto,Toronto,9689,50.06,Ship,6244.16,4.32
461,Sydney,New York,2162,73.11,Cargo Van,5738.4,2.28
462,Berlin,New York,10461,61.95,Ship,6000.95,2.83
463,New York,Singapore,3724,74.69,Truck,6231.73,8.77
464,London,Berlin,5001,76.31,Air Freight,219.19,3.71
465,Mumbai,Toronto,7084,18.59,Ship,5169.53,4.73
466,Dubai,Singapore,8242,93.38,Air Freight,4073.1,3.77
467,Sydney,New York,7748,15.14,Cargo Van,5464.09,7.25
468,Sydney,Singapore,11601,50.48,Ship,6236.87,5.85
469,Dubai,Dubai,8622,8.02,Ship,1655.34,5.12
470,London,Mumbai,3475,63.66,Air Freight,3497.81,3.71
471,Singapore,Mumbai,9540,20.9,Ship,7692.15,6.72
472,Mumbai,Berlin,1753,54.39,Air Freight,2520.86,2.86
473,New York,Berlin,10562,20.92,Truck,4779.76,9.99
474,Mumbai,Mumbai,788,54.02,Ship,1862.51,5.06
475,Berlin,Sydney,1466,90.04,Truck,6440.45,2.18
476,London,Mumbai,2307,66.45,Ship,243.06,8.73
477,New York,Mumbai,2046,61.1,Air Freight,3146.43,7.29
478,Sydney,Sydney,5010,42.8,Cargo Van,5353.63,9.87
479,Berlin,Dubai,1541,42.44,Ship,634.06,4.53
480,Singapore,Berlin,11630,16.36,Cargo Van,5329.65,6.8
481,Mumbai,Berlin,2948,13.89,Air Freight,4597.57,4.52
482,Dubai,Singapore,11838,54.75,Truck,5129.11,7.16
483,New York,Mumbai,1058,61.8,Air Freight,5396.48,7.89
484,London,Mumbai,9645,48.11,Air Freight,1223.31,5.66
485,Berlin,New York,3585,83.64,Air Freight,2661.75,4.09
486,Mumbai,Toronto,10745,24.47,Truck,5208.95,3.7
487,Sydney,Singapore,5446,92.98,Air Freight,2036.23,2.58
488,London,Sydney,11484,31.19,Cargo Van,7019.66,6.54
489,Sydney,London,9230,2.12,Cargo Van,235.29,5.25
490,Berlin,Berlin,4283,90.0,Air Freight,7773.86,9.43
491,Berlin,Berlin,6469,10.98,Truck,2844.38,8.5
492,Mumbai,New York,4124,64.03,Ship,6715.32,3.43
493,Dubai,London,5147,11.74,Air Freight,7881.06,1.44
494,Toronto,Singapore,2408,36.93,Air Freight,6392.5,7.09
495,Toronto,Berlin,2753,64.11,Ship,7058.24,2.38
496,Sydney,Singapore,5912,89.29,Truck,3249.56,3.7
497,Singapore,Singapore,8245,87.57,Cargo Van,1387.54,8.03
498,New York,Berlin,8819,32.84,Truck,4115.74,6.07
499,London,New York,4061,33.04,Ship,3616.67,3.64
500,Berlin,Toronto,10039,8.55,Truck,6287.58,4.42
501,Berlin,London,3157,87.15,Truck,4205.95,9.71
502,London,Berlin,10686,53.75,Cargo Van,2043.39,9.93
503,Toronto,London,5248,82.45,Ship,3087.89,8.57
504,Berlin,Toronto,11330,35.33,Truck,2793.77,5.89
505,New York,New York,5731,46.6,Ship,203.79,2.91
506,Toronto,London,209,82.38,Air Freight,3403.19,8.38
507,New York,Mumbai,11570,74.76,Truck,3502.45,6.28
508,Toronto,London,11858,24.81,Truck,718.22,1.17
509,London,Dubai,11701,43.93,Air Freight,5765.49,6.22
510,London,London,5950,94.5,Ship,1751.23,7.06
511,London,New York,9083,65.3,Truck,6377.59,6.44
512,Toronto,New York,11471,5.28,Air Freight,1077.37,1.97
513,London,New York,7751,74.81,Cargo Van,3168.98,6.66
514,Dubai,Singapore,6925,12.1,Air Freight,6341.8,8.79
515,Mumbai,London,4199,36.16,Truck,6909.91,6.76
516,Singapore,Sydney,7268,37.94,Ship,6000.49,2.27
517,Toronto,Toronto,1035,37.49,Air Freight,4078.41,2.46
518,Mumbai,Dubai,4718,51.5,Cargo Van,4105.27,4.48
519,New York,Sydney,2255,16.73,Truck,2102.37,5.32
520,Sydney,Berlin,3151,36.94,Ship,7366.43,9.29
521,Dubai,Sydney,8360,90.54,Cargo Van,3999.34,1.85
522,Dubai,Dubai,4983,93.39,Cargo Van,2038.63,2.71
523,Berlin,Mumbai,6700,57.96,Cargo Van,1010.71,7.47
524,Dubai,Mumbai,1460,8.19,Air Freight,1959.79,8.12
525,Sydney,Toronto,7250,2.17,Cargo Van,995.94,4.9
526,New York,New York,7338,6.15,Truck,6492.32,5.45
527,Mumbai,Singapore,2813,16.51,Air Freight,3888.69,4.78
528,Mumbai,Toronto,10433,31.83,Truck,2989.42,4.11
529,Toronto,Singapore,1380,56.81,Truck,4750.23,2.13
530,Dubai,London,6181,60.17,Air Freight,2579.15,2.1
531,Toronto,Mumbai,611,48.89,Air Freight,5539.83,7.21
532,Toronto,Singapore,2140,85.27,Air Freight,1467.98,3.5
533,Mumbai,Toronto,8703,23.44,Air Freight,7980.04,6.75
534,Dubai,Dubai,7698,43.51,Cargo Van,3079.73,2.94
535,Toronto,Mumbai,6733,55.12,Air Freight,4434.6,7.28
536,London,Toronto,4261,35.13,Air Freight,4143.2,2.48
537,Toronto,Toronto,7164,3.37,Cargo Van,4483.25,3.27
538,Toronto,Singapore,10696,26.52,Air Freight,2038.21,5.79
539,Mumbai,Berlin,5144,94.74,Air Freight,2016.82,3.39
540,Singapore,Singapore,4231,94.69,Ship,5337.24,4.86
541,New York,Sydney,9320,89.03,Truck,7247.15,7.1
542,London,Mumbai,2943,90.03,Ship,4579.65,5.57
543,Sydney,Singapore,2351,68.99,Air Freight,6954.79,1.85
544,Singapore,Mumbai,2655,48.15,Truck,2636.04,8.22
545,New York,London,4153,86.1,Ship,900.5,9.16
546,Singapore,London,1348,15.97,Cargo Van,5074.02,5.0
547,London,Singapore,9300,13.76,Cargo Van,2189.0,5.36
548,Toronto,London,10077,57.63,Cargo Van,4014.69,3.69
549,Mumbai,Berlin,11214,7.78,Truck,2210.48,4.68
550,Sydney,Toronto,4336,3.35,Truck,3466.78,5.31
551,Toronto,Sydney,5973,86.51,Cargo Van,3086.08,4.08
552,London,Toronto,7951,68.74,Truck,6278.62,5.01
553,Singapore,Toronto,4791,44.29,Air Freight,6537.45,9.18
554,Sydney,Mumbai,8737,70.14,Truck,1320.9,4.48
555,Sydney,Singapore,1340,27.53,Cargo Van,212.25,2.34
556,London,Sydney,1804,40.87,Cargo Van,4416.17,9.52
557,Sydney,Sydney,10129,74.12,Air Freight,430.46,8.75
558,Dubai,New York,2816,31.54,Ship,6546.26,1.65
559,Sydney,Mumbai,11795,84.83,Air Freight,6747.57,4.61
560,London,Sydney,9726,36.98,Air Freight,4782.43,2.12
561,Mumbai,Singapore,971,24.54,Truck,3168.42,1.16
562,London,Dubai,2821,57.55,Air Freight,5902.07,3.01
563,Berlin,Toronto,873,75.92,Truck,7979.3,2.61
564,New York,Sydney,10058,15.06,Cargo Van,7493.37,9.49
565,London,Dubai,11326,64.17,Ship,3799.08,9.57
566,Berlin,London,10079,61.1,Ship,5200.91,5.66
567,Dubai,New York,4446,67.62,Ship,4556.09,8.97
568,Toronto,Dubai,5056,88.6,Truck,7730.83,8.73
569,Toronto,London,1384,46.7,Cargo Van,6841.22,4.14
570,Berlin,Mumbai,4125,81.7,Ship,3525.52,5.41
571,London,London,6051,48.02,Cargo Van,2129.58,5.17
572,Toronto,Berlin,1611,76.43,Cargo Van,2774.24,8.84
573,Mumbai,Mumbai,8257,91.78,Cargo Van,1687.47,9.75
574,Sydney,Berlin,4598,41.77,Ship,6857.97,6.47
575,Dubai,Singapore,5850,65.56,Ship,1601.39,3.31
576,Berlin,Toronto,7693,93.78,Truck,3668.3,7.21
577,Berlin,Dubai,9869,42.94,Truck,1164.85,3.71
578,Berlin,Dubai,4081,13.4,Air Freight,3681.72,3.7
579,London,Singapore,8310,67.54,Ship,4029.12,7.99
580,Berlin,Dubai,2811,16.01,Cargo Van,6649.7,3.82
581,New York,Dubai,400,50.84,Air Freight,1608.5,3.96
582,London,Dubai,4175,19.69,Truck,1661.37,6.15
583,Mumbai,Mumbai,5846,45.67,Cargo Van,1698.27,7.77
584,Mumbai,New York,4933,8.6,Air Freight,3038.72,2.56
585,New York,London,4642,17.43,Cargo Van,5243.76,9.38
586,Dubai,Toronto,7781,93.79,Truck,656.02,2.86
587,Berlin,London,10720,21.52,Ship,6515.42,4.8
588,Mumbai,Sydney,9739,57.91,Air Freight,3053.02,4.55
589,Sydney,Dubai,4900,8.31,Truck,7466.17,1.94
590,Singapore,Dubai,5429,45.16,Ship,1683.63,4.63
591,London,New York,11648,79.21,Air Freight,864.01,8.09
592,London,Mumbai,10812,54.68,Truck,4050.17,9.72
593,Singapore,Singapore,6210,87.05,Cargo Van,2327.72,3.65
594,London,Berlin,8578,38.26,Cargo Van,1352.51,7.36
595,Toronto,Toronto,1060,19.18,Ship,7059.12,5.47
596,London,Berlin,5266,27.7,Ship,7069.76,9.31
597,Berlin,Mumbai,4092,36.39,Ship,4967.07,6.7
598,London,New York,4881,25.92,Air Freight,331.12,9.24
599,Singapore,New York,2693,63.2,Air Freight,5483.78,8.88
600,Toronto,Sydney,5833,74.75,Air Freight,6616.65,6.98
601,Singapore,Dubai,8980,45.48,Truck,476.97,4.76
602,New York,Berlin,3915,44.72,Truck,7710.85,5.2
603,Singapore,Dubai,2396,54.8,Cargo Van,5358.18,3.68
604,Berlin,London,136,71.55,Air Freight,3903.33,9.58
605,Mumbai,Sydney,8859,2.34,Truck,6923.94,8.12
606,Mumbai,London,814,89.18,Air Freight,505.78,8.75
607,Berlin,London,6140,19.01,Ship,2041.25,8.07
608,Singapore,Berlin,5647,73.93,Truck,5750.03,9.48
609,Sydney,Sydney,7382,32.18,Truck,1306.96,3.09
610,Dubai,Berlin,8604,40.6,Truck,7056.96,4.95
611,London,Singapore,11629,75.92,Truck,1909.1,8.52
612,London,Sydney,10901,71.58,Air Freight,5246.78,9.7
613,Mumbai,Berlin,2833,37.64,Truck,2922.02,6.09
614,New York,New York,3087,79.77,Cargo Van,5867.81,2.29
615,London,Mumbai,6256,54.23,Cargo Van,2276.96,1.19
616,Berlin,New York,8740,32.78,Cargo Van,1811.61,8.64
617,Sydney,Sydney,8981,42.2,Cargo Van,2052.97,2.07
618,New York,London,5966,39.31,Truck,2824.81,8.93
619,Mumbai,Sydney,3042,17.47,Cargo Van,5612.29,4.59
620,Toronto,London,5583,86.76,Ship,1833.81,2.99
621,Dubai,Toronto,11925,22.0,Air Freight,7431.04,1.94
622,London,Toronto,3211,46.84,Truck,6262.38,5.99
623,Berlin,Berlin,7804,48.69,Air Freight,6279.51,2.3
624,New York,Singapore,3084,57.99,Truck,7191.81,4.41
625,Toronto,New York,9284,59.54,Air Freight,3474.81,9.58
626,Dubai,Singapore,8080,40.74,Cargo Van,6807.79,8.26
627,Mumbai,Singapore,780,82.49,Truck,1128.67,4.98
628,Singapore,Toronto,5642,70.39,Ship,6115.39,3.46
629,Mumbai,Singapore,9203,36.22,Air Freight,4747.17,2.06
630,London,Toronto,10334,67.5,Cargo Van,5132.06,4.75
631,New York,Singapore,4535,58.47,Truck,1305.13,3.2
632,New York,New York,6558,41.6,Air Freight,5417.65,6.24
633,London,Mumbai,10055,56.96,Ship,6437.06,6.4
634,Sydney,Berlin,5621,53.27,Truck,498.36,2.71
635,London,Dubai,1103,79.51,Air Freight,4775.88,6.0
636,New York,Mumbai,11849,2.66,Cargo Van,1436.92,1.69
637,Dubai,Sydney,2503,68.78,Ship,673.12,7.07
638,Singapore,London,6970,44.68,Air Freight,1224.9,7.17
639,Mumbai,New York,3801,55.65,Air Freight,6212.86,7.02
640,Toronto,Dubai,6770,54.31,Air Freight,5569.15,6.28
641,London,Singapore,4774,27.75,Air Freight,2631.12,1.69
642,New York,Toronto,11129,14.78,Ship,2568.94,4.22
643,London,Singapore,3411,91.3,Cargo Van,7997.63,7.11
644,New York,Dubai,5547,23.51,Air Freight,7590.72,5.05
645,Berlin,Dubai,8334,64.72,Ship,3876.76,9.33
646,Singapore,Berlin,11721,65.53,Ship,6803.46,9.35
647,Toronto,New York,8651,52.96,Truck,5679.61,3.83
648,Toronto,Singapore,11579,43.15,Air Freight,1456.32,6.56
649,Dubai,New York,3298,60.52,Truck,5512.14,7.86
650,Berlin,Toronto,7420,90.65,Air Freight,5601.34,7.53
651,New York,Singapore,10526,70.24,Truck,6841.92,1.13
652,Mumbai,Sydney,8725,57.14,Air Freight,4893.44,5.21
653,Mumbai,Toronto,2105,47.78,Truck,3843.18,4.95
654,London,Toronto,4399,91.98,Truck,5312.57,6.28
655,Sydney,Dubai,2041,78.26,Ship,5981.95,3.53
656,Dubai,Dubai,3604,49.64,Cargo Van,7368.77,6.23
657,Mumbai,London,547,36.85,Air Freight,6578.66,5.32
658,New York,Sydney,1000,59.75,Ship,4286.57,2.59
659,Singapore,Berlin,10651,90.41,Cargo Van,6536.55,7.1
660,Mumbai,Singapore,725,95.78,Cargo Van,4347.07,2.25
661,London,Sydney,10572,65.06,Cargo Van,7916.47,5.85
662,Dubai,Berlin,4329,47.06,Truck,373.17,7.01
663,New York,New York,118,3.44,Ship,5118.43,5.45
664,Singapore,Singapore,1131,87.8,Cargo Van,4698.05,2.46
665,Mumbai,Singapore,840,25.07,Truck,1163.0,9.02
666,Dubai,Singapore,11311,10.4,Air Freight,4385.44,3.46
667,London,Dubai,4816,30.53,Air Freight,2554.95,3.8
668,Sydney,London,2659,5.48,Ship,1617.63,9.31
669,New York,Sydney,5143,17.26,Ship,2063.58,7.95
670,Mumbai,Singapore,5830,22.95,Ship,6306.75,2.9
671,New York,London,9271,69.04,Truck,2482.6,9.7
672,Berlin,Singapore,4183,71.93,Truck,4049.04,8.73
673,Berlin,Singapore,935,24.06,Truck,3252.62,8.74
674,New York,London,599,49.61,Ship,5550.5,2.58
675,London,Singapore,899,53.76,Ship,1035.03,1.42
676,Singapore,Mumbai,5056,88.61,Ship,4390.68,1.53
677,London,London,7621,21.07,Air Freight,2300.05,5.01
678,Singapore,Dubai,9373,26.78,Air Freight,4994.91,8.99
679,Toronto,New York,8244,24.34,Ship,7129.55,5.44
680,Toronto,Dubai,50,70.09,Cargo Van,6139.75,1.09
681,London,New York,7447,82.02,Truck,6512.83,1.45
682,London,Singapore,6370,91.74,Air Freight,7571.46,4.84
683,Dubai,Mumbai,4873,55.91,Cargo Van,3097.89,7.46
684,Sydney,London,6164,40.42,Ship,1293.94,5.6
685,Sydney,London,6993,57.27,Truck,5111.1,5.81
686,Singapore,Berlin,2109,10.06,Cargo Van,5077.76,9.68
687,New York,Singapore,3621,11.76,Air Freight,5064.87,3.87
688,Dubai,Toronto,8670,81.21,Ship,5672.79,6.88
689,Dubai,Singapore,8987,83.98,Truck,2303.59,4.92
690,London,Mumbai,4584,54.37,Truck,4908.13,5.88
691,Dubai,Mumbai,8566,39.65,Truck,3302.92,4.05
692,New York,Singapore,1047,46.45,Air Freight,6656.48,3.01
693,Toronto,London,4139,11.64,Truck,2897.87,8.8
694,Mumbai,Berlin,10598,24.74,Air Freight,6069.79,8.88
695,Singapore,London,9428,57.83,Air Freight,6192.19,7.48
696,Berlin,Sydney,7738,29.09,Truck,2528.49,7.87
697,Toronto,London,3640,13.6,Cargo Van,5939.44,8.69
698,New York,Sydney,2365,8.59,Ship,3149.54,5.32
699,Singapore,Mumbai,8950,32.54,Ship,309.89,9.95
700,Mumbai,London,11096,6.9,Truck,4770.82,5.95
701,London,Berlin,3520,60.87,Cargo Van,630.14,6.52
702,Mumbai,Toronto,7267,43.14,Air Freight,5823.18,7.35
703,Sydney,Mumbai,6149,43.98,Truck,5366.55,3.36
704,Sydney,Singapore,9919,15.15,Ship,3406.2,1.25
705,Sydney,New York,4172,11.29,Air Freight,4850.02,1.13
706,Sydney,Berlin,4130,85.56,Air Freight,2058.58,6.31
707,Berlin,Berlin,11411,42.48,Air Freight,7347.5,2.81
708,Dubai,Mumbai,7001,12.36,Air Freight,7655.93,5.62
709,Singapore,New York,7431,5.59,Air Freight,6372.22,2.66
710,Mumbai,Berlin,2651,45.74,Cargo Van,7031.75,8.75
711,Dubai,Toronto,4280,11.71,Cargo Van,7191.21,8.75
712,London,Berlin,721,69.47,Cargo Van,6550.4,8.68
713,Dubai,Singapore,11188,88.58,Cargo Van,7628.79,8.79
714,New York,Sydney,8959,66.36,Cargo Van,3571.58,3.26
715,London,Berlin,3853,85.01,Ship,7907.65,9.75
716,Sydney,Singapore,10105,44.62,Air Freight,1649.61,8.26
717,New York,London,3272,22.03,Truck,7383.77,1.47
718,New York,Singapore,7730,67.13,Ship,4999.24,8.83
719,Toronto,Berlin,8345,20.18,Air Freight,1207.83,6.49
720,Toronto,Sydney,4726,7.43,Air Freight,5161.26,9.31
721,Dubai,Toronto,6955,53.48,Cargo Van,6041.04,8.18
722,Mumbai,Singapore,560,46.36,Ship,361.94,5.61
723,Dubai,Mumbai,5099,75.28,Cargo Van,6657.14,3.27
724,Mumbai,Sydney,866,12.48,Truck,4377.96,6.52
725,New York,London,667,61.21,Cargo Van,217.17,9.19
726,Dubai,New York,3859,76.61,Cargo Van,3973.94,7.03
727,Dubai,Sydney,3391,35.69,Truck,7953.09,5.37
728,Sydney,Singapore,8310,22.13,Truck,2695.04,3.05
729,Toronto,Berlin,9049,62.81,Truck,2198.88,7.45
730,Sydney,Toronto,4757,56.5,Cargo Van,898.08,8.12
731,Berlin,Berlin,11308,19.2,Ship,5785.3,5.42
732,Sydney,Mumbai,2636,33.83,Cargo Van,6836.23,9.79
733,Toronto,Dubai,4172,43.06,Truck,1648.55,7.01
734,Mumbai,New York,9153,70.9,Ship,6043.61,1.46
735,Toronto,Toronto,4063,45.51,Air Freight,5526.85,3.43
736,Dubai,Dubai,9680,42.0,Air Freight,6078.21,3.08
737,London,London,10878,27.45,Air Freight,7558.17,8.88
738,Singapore,Toronto,1984,46.26,Truck,3588.9,2.56
739,Sydney,New York,2057,37.37,Cargo Van,592.59,2.99
740,Mumbai,Singapore,6830,70.88,Truck,4352.28,4.22
741,London,Berlin,8909,7.65,Ship,6365.95,8.96
742,Sydney,Toronto,11038,14.24,Cargo Van,351.14,3.83
743,New York,Singapore,6207,55.9,Ship,403.98,3.52
744,Singapore,Berlin,5184,78.36,Ship,5340.02,8.1
745,New York,New York,1471,38.79,Ship,4135.39,9.5
746,Dubai,Berlin,8369,43.65,Truck,2494.49,2.26
747,Toronto,Berlin,2640,80.42,Ship,7116.91,5.52
748,Dubai,Berlin,196,16.67,Cargo Van,2407.77,1.56
749,New York,Toronto,11335,38.4,Truck,6514.6,6.62
750,Dubai,Toronto,4311,36.25,Ship,2863.15,7.61
751,Berlin,Singapore,124,46.01,Air Freight,2705.09,2.49
752,Mumbai,Singapore,8357,82.05,Ship,2277.0,3.38
753,New York,Berlin,1072,59.3,Air Freight,7249.16,4.73
754,Toronto,Sydney,918,13.3,Truck,5130.29,2.28
755,Sydney,Sydney,4231,90.54,Cargo Van,1126.0,2.33
756,New York,Dubai,1274,84.98,Cargo Van,579.87,8.96
757,London,Dubai,11931,55.4,Air Freight,805.31,4.51
758,Toronto,Berlin,1785,61.81,Air Freight,7944.89,8.32
759,London,London,9006,28.12,Truck,3196.34,2.51
760,Berlin,Berlin,5742,3.73,Truck,2650.63,5.83
761,Toronto,Dubai,5013,23.84,Truck,2275.15,8.45
762,Singapore,Singapore,10125,65.07,Ship,2639.39,7.7
763,New York,Dubai,9008,93.39,Truck,6851.88,4.12
764,Mumbai,Toronto,10680,58.42,Air Freight,3381.01,2.1
765,Mumbai,Mumbai,5200,67.96,Truck,1038.4,4.81
766,New York,New York,7463,19.78,Air Freight,6727.22,6.05
767,Sydney,London,1566,2.06,Ship,3227.44,6.47
768,Singapore,Singapore,11416,35.97,Air Freight,1878.4,6.73
769,London,Sydney,3280,43.95,Truck,3250.83,6.68
770,Berlin,Singapore,1387,77.66,Air Freight,3298.14,6.52
771,Berlin,Singapore,10946,73.11,Cargo Van,6447.99,8.87
772,London,Sydney,1245,60.49,Truck,6469.84,5.65
773,Toronto,Sydney,6179,23.11,Air Freight,2348.99,7.33
774,Mumbai,Berlin,1068,34.25,Air Freight,5429.55,8.49
775,Dubai,Toronto,9098,54.43,Ship,3430.51,1.68
776,Berlin,New York,6244,37.39,Air Freight,4069.36,7.65
777,Toronto,Mumbai,5370,14.13,Air Freight,3467.5,1.76
778,Berlin,Toronto,2716,90.22,Ship,1680.8,4.02
779,Berlin,Toronto,10414,59.85,Air Freight,6074.81,4.33
780,Toronto,Sydney,2525,88.6,Cargo Van,7588.17,7.57
781,Mumbai,Mumbai,10406,90.97,Ship,1207.61,4.11
782,Dubai,Dubai,1631,22.99,Truck,1347.3,2.79
783,London,Toronto,2401,64.4,Ship,1164.04,7.1
784,London,Dubai,3272,57.44,Ship,5322.75,2.26
785,New York,Berlin,2635,40.72,Cargo Van,5197.08,8.18
786,New York,New York,10658,67.21,Ship,5366.87,5.37
787,Berlin,Toronto,1664,10.68,Truck,5218.08,7.61
788,London,Singapore,8630,60.71,Cargo Van,3402.03,7.04
789,New York,Dubai,5671,64.19,Truck,3227.89,6.06
790,Mumbai,Singapore,3355,95.09,Ship,7171.59,7.92
791,London,Singapore,1888,58.35,Ship,6277.61,9.47
792,Sydney,Sydney,4808,4.08,Ship,6148.31,6.35
793,London,Sydney,11782,94.07,Air Freight,4567.66,7.7
794,Berlin,Singapore,9414,16.06,Air Freight,366.23,7.84
795,Dubai,London,1804,67.39,Truck,5120.8,2.01
796,Berlin,Singapore,2699,91.23,Air Freight,6823.94,4.76
797,Toronto,Dubai,7354,54.09,Air Freight,2125.59,5.39
798,Dubai,Sydney,3840,27.0,Air Freight,1139.97,8.94
799,Berlin,Berlin,258,34.18,Truck,2546.04,4.09
800,New York,Mumbai,2093,22.32,Truck,644.7,7.33
801,Mumbai,Toronto,4797,54.41,Cargo Van,2533.51,1.44
802,Sydney,London,5465,43.59,Truck,6588.35,3.39
803,Singapore,Dubai,4918,60.52,Truck,7550.66,1.24
804,London,London,9502,83.88,Truck,2239.71,7.68
805,Sydney,Singapore,6015,19.2,Truck,5676.86,3.14
806,New York,London,3231,15.58,Ship,7860.39,7.5
807,Sydney,Berlin,5987,30.2,Cargo Van,1479.32,7.32
808,Sydney,Berlin,5612,35.56,Cargo Van,5761.64,8.2
809,Singapore,Sydney,9098,69.59,Truck,1496.14,1.96
810,London,Singapore,6319,81.34,Truck,851.42,3.79
811,Berlin,New York,7076,4.4,Ship,7767.77,6.35
812,Dubai,Dubai,6153,17.24,Truck,1544.87,1.9
813,Mumbai,London,8837,7.96,Air Freight,788.12,9.99
814,London,Singapore,10129,3.58,Truck,7297.97,2.91
815,Dubai,Singapore,1100,65.22,Truck,7056.52,1.07
816,Sydney,Mumbai,11052,11.89,Truck,5145.41,7.95
817,Dubai,Mumbai,4396,74.46,Air Freight,2140.78,2.98
818,Dubai,Singapore,8732,26.25,Ship,5041.27,8.15
819,Toronto,Sydney,7321,48.61,Air Freight,6921.15,1.53
820,Dubai,Sydney,9358,24.33,Truck,7919.29,9.35
821,Mumbai,New York,10083,30.32,Ship,1797.38,1.76
822,Sydney,Singapore,8811,51.4,Ship,2471.94,4.61
823,Sydney,London,6128,87.28,Ship,4021.72,2.41
824,Mumbai,Toronto,5735,19.25,Air Freight,5726.87,3.93
825,London,Berlin,9476,63.77,Air Freight,6077.27,4.06
826,London,Dubai,627,68.56,Air Freight,3630.16,4.73
827,Singapore,Toronto,7962,14.61,Ship,7932.46,8.33
828,Toronto,Sydney,3930,60.23,Truck,1278.06,3.48
829,Mumbai,Dubai,2043,78.92,Ship,2067.24,8.73
830,Dubai,Mumbai,3068,38.3,Air Freight,2630.12,9.92
831,Mumbai,Dubai,11229,69.68,Ship,2856.42,4.88
832,New York,Singapore,10106,93.58,Cargo Van,1189.66,2.3
833,Toronto,Berlin,4104,3.41,Ship,1979.89,8.38
834,Toronto,Berlin,3567,53.58,Air Freight,2031.87,3.08
835,Sydney,New York,10979,38.17,Air Freight,1168.43,4.21
836,London,Sydney,2559,69.12,Ship,7614.71,1.88
837,Dubai,Dubai,8571,4.3,Truck,7445.32,8.48
838,London,Mumbai,1463,51.99,Air Freight,1374.2,7.8
839,Dubai,Mumbai,9381,65.27,Truck,2389.23,7.95
840,Singapore,Berlin,7658,87.9,Ship,3820.86,9.95
841,Berlin,Mumbai,3870,75.06,Cargo Van,1694.38,6.55
842,Singapore,Berlin,593,46.76,Truck,4117.25,4.63
843,Singapore,Toronto,3693,72.24,Cargo Van,2441.31,9.24
844,Toronto,Berlin,9054,68.3,Air Freight,3975.91,9.89
845,Toronto,Sydney,8314,11.48,Truck,4124.25,9.89
846,London,London,6854,13.49,Truck,7841.87,9.77
847,Mumbai,Singapore,11717,3.19,Cargo Van,6584.3,2.2
848,Sydney,Dubai,2333,3.49,Ship,5223.39,4.58
849,London,New York,10584,68.72,Cargo Van,5705.33,8.99
850,Toronto,Toronto,3271,63.14,Ship,4959.75,5.66
851,Singapore,Mumbai,690,46.34,Air Freight,7844.63,2.89
852,New York,London,7395,20.0,Air Freight,1572.61,3.51
853,Sydney,Sydney,11898,85.54,Ship,3700.02,4.91
854,Sydney,Mumbai,10850,84.35,Ship,1188.01,6.27
855,Berlin,Sydney,11383,21.89,Truck,4528.4,5.96
856,Sydney,Mumbai,9191,57.24,Air Freight,2736.86,9.41
857,London,Toronto,2700,19.84,Cargo Van,7615.73,8.32
858,Dubai,London,1621,19.75,Air Freight,380.05,7.8
859,Sydney,Toronto,6007,52.27,Truck,3953.44,9.38
860,Singapore,Toronto,2289,60.1,Air Freight,7444.29,6.69
861,Singapore,Singapore,4088,46.78,Truck,7428.69,3.72
862,Berlin,Mumbai,4425,9.87,Cargo Van,6810.6,9.13
863,London,Berlin,3784,83.12,Ship,5343.4,6.71
864,Dubai,Berlin,9172,2.71,Truck,2359.0,1.88
865,Mumbai,Mumbai,8299,37.51,Ship,1461.31,1.81
866,New York,Singapore,1277,39.13,Truck,424.68,4.6
867,Toronto,Singapore,652,64.96,Ship,4944.3,1.94
868,Dubai,Mumbai,5569,4.45,Air Freight,7025.31,9.34
869,London,London,6045,55.47,Ship,5341.94,9.97
870,Dubai,Dubai,8032,76.1,Cargo Van,3708.74,5.59
871,Sydney,London,8294,60.19,Air Freight,5745.23,2.03
872,New York,Mumbai,1964,50.64,Ship,4057.38,6.43
873,Singapore,Mumbai,10449,27.02,Cargo Van,4670.79,1.88
874,Toronto,Toronto,6866,49.54,Truck,7499.59,2.02
875,Dubai,Mumbai,3583,82.82,Ship,4286.84,4.99
876,Dubai,Singapore,7600,75.47,Ship,4107.86,7.26
877,Dubai,Dubai,530,94.3,Truck,1862.24,8.28
878,Sydney,Singapore,3773,3.26,Air Freight,1041.83,4.64
879,Singapore,Toronto,7177,79.96,Truck,7640.54,4.87
880,Singapore,Singapore,9791,64.5,Air Freight,7746.92,2.01
881,Singapore,New York,6655,14.03,Air Freight,1799.79,5.42
882,Mumbai,Sydney,5468,8.67,Ship,3790.84,8.56
883,Dubai,Dubai,9111,45.19,Ship,1827.25,2.89
884,Sydney,Toronto,3999,35.67,Ship,5861.35,8.94
885,Berlin,Mumbai,8537,95.13,Truck,4860.9,6.52
886,Berlin,Mumbai,8044,76.58,Ship,7980.34,3.89
887,Toronto,Sydney,180,53.55,Air Freight,1142.65,5.15
888,Berlin,London,655,74.79,Truck,2073.89,2.26
889,Sydney,Toronto,4277,43.56,Air Freight,4874.97,7.91
890,Singapore,London,10364,73.29,Truck,4132.84,2.29
891,New York,Sydney,6629,47.54,Air Freight,2910.85,3.69
892,New York,Berlin,372,92.38,Air Freight,6156.07,4.1
893,Sydney,Toronto,8662,85.47,Ship,3575.52,6.3
894,New York,Singapore,1829,90.4,Cargo Van,6877.93,8.17
895,Mumbai,Dubai,5077,77.75,Truck,4717.06,4.97
896,Sydney,London,7266,8.75,Truck,2877.31,7.17
897,Mumbai,Sydney,3261,26.04,Truck,5603.94,4.66
898,Berlin,Berlin,7304,40.63,Cargo Van,5971.27,1.56
899,Mumbai,Mumbai,5197,37.06,Ship,5368.37,1.55
900,Berlin,Dubai,4571,76.11,Truck,4866.99,6.48
901,Singapore,Singapore,640,66.64,Air Freight,7014.95,5.53
902,Mumbai,Dubai,8399,11.56,Ship,2613.46,5.99
903,Toronto,Sydney,5342,7.67,Ship,2684.64,5.67
904,Singapore,New York,953,18.89,Air Freight,6505.42,2.55
905,Dubai,Berlin,3014,32.79,Ship,858.15,1.85
906,Mumbai,Sydney,2025,67.95,Truck,3286.74,4.07
907,Dubai,Singapore,342,75.78,Truck,6512.48,8.18
908,Berlin,Sydney,11870,65.51,Ship,3935.02,4.86
909,London,London,571,19.51,Ship,2213.0,9.66
910,New York,Berlin,3264,89.86,Ship,1938.01,8.58
911,Sydney,Mumbai,6306,47.96,Air Freight,2232.08,4.12
912,Dubai,Singapore,937,54.03,Cargo Van,1358.05,7.38
913,Mumbai,Dubai,4521,61.29,Truck,1802.89,3.91
914,Mumbai,Mumbai,2249,81.25,Ship,7348.98,6.85
915,London,Singapore,2053,21.95,Truck,5061.52,2.14
916,Mumbai,Mumbai,7250,47.15,Ship,1458.76,6.54
917,London,Dubai,10097,28.47,Ship,1914.45,9.87
918,Toronto,Mumbai,3509,20.13,Ship,3661.29,7.41
919,Toronto,New York,9405,64.49,Air Freight,1022.0,8.08
920,Singapore,Dubai,5405,76.22,Ship,6625.53,8.46
921,New York,Sydney,8961,82.64,Truck,1040.34,7.23
922,New York,London,4493,94.78,Ship,3953.62,6.84
923,Mumbai,New York,1951,21.94,Air Freight,4175.78,4.89
924,Sydney,Dubai,924,44.45,Air Freight,2568.98,7.14
925,Singapore,New York,5066,31.99,Air Freight,4110.21,7.28
926,New York,Toronto,9221,67.88,Cargo Van,365.12,2.84
927,Toronto,London,7424,89.62,Cargo Van,7830.69,9.04
928,New York,Berlin,7825,90.4,Air Freight,3983.82,5.77
929,Berlin,Mumbai,1234,77.81,Truck,7811.24,2.15
930,Dubai,Berlin,8122,92.68,Air Freight,7225.16,5.49
931,Mumbai,Mumbai,5144,59.49,Cargo Van,4627.14,9.34
932,Singapore,London,2642,85.02,Cargo Van,2292.34,5.63
933,Singapore,London,2124,83.37,Ship,2531.97,7.72
934,Singapore,Singapore,4887,52.26,Cargo Van,287.94,7.27
935,Berlin,Dubai,5105,9.07,Cargo Van,7189.15,9.43
936,London,Berlin,3753,65.45,Ship,6044.09,5.78
937,Toronto,Mumbai,7950,52.14,Truck,6843.9,7.97
938,London,London,6937,78.06,Ship,916.52,5.7
939,Dubai,Sydney,6391,3.8,Truck,4336.68,8.43
940,Singapore,Dubai,4971,10.67,Air Freight,1050.35,2.51
941,Berlin,Dubai,193,16.12,Cargo Van,689.92,9.84
942,Sydney,Dubai,11598,72.74,Air Freight,3249.16,9.19
943,Toronto,Mumbai,5406,75.48,Air Freight,1825.21,9.69
944,Berlin,New York,679,92.56,Ship,3193.65,1.14
945,Toronto,Dubai,883,39.91,Cargo Van,6267.98,6.3
946,Singapore,Dubai,2989,91.91,Cargo Van,951.75,7.08
947,Singapore,Singapore,5197,24.37,Truck,4114.72,5.01
948,London,Singapore,5425,21.66,Air Freight,1813.44,5.81
949,Sydney,Mumbai,9911,71.28,Cargo Van,4394.77,4.17
950,London,Berlin,11682,33.51,Cargo Van,5301.99,2.29
951,Mumbai,Singapore,749,22.83,Air Freight,6658.69,1.88
952,Toronto,Dubai,1393,8.77,Truck,7224.37,5.98
953,New York,New York,9615,37.27,Ship,419.41,8.95
954,Sydney,Berlin,10145,28.4,Cargo Van,2675.87,1.57
955,Sydney,Dubai,6020,35.41,Air Freight,388.76,9.44
956,Toronto,Berlin,8062,55.99,Cargo Van,5259.13,5.5
957,London,London,2927,40.47,Truck,3770.8,6.32
958,Mumbai,London,10552,28.27,Truck,5648.27,7.3
959,New York,London,504,62.38,Cargo Van,4526.97,5.56
960,Singapore,Singapore,1912,49.42,Cargo Van,4489.84,9.27
961,London,Mumbai,793,85.64,Cargo Van,371.15,7.5
962,Singapore,Berlin,9030,13.3,Truck,7142.21,5.23
963,Mumbai,Berlin,11055,61.93,Truck,6100.65,2.52
964,Dubai,Singapore,10598,37.99,Ship,3439.67,1.24
965,Berlin,London,8671,12.41,Cargo Van,3088.07,8.09
966,Berlin,New York,5900,94.1,Ship,5032.6,1.79
967,Toronto,Berlin,3413,80.12,Truck,6190.12,5.11
968,Dubai,Singapore,6670,92.82,Truck,6376.39,3.64
969,Dubai,Dubai,3947,33.61,Cargo Van,5424.94,9.3
970,Singapore,New York,9173,47.81,Cargo Van,5733.79,2.84
971,Toronto,London,11750,18.51,Air Freight,7631.57,2.94
972,Toronto,New York,7837,4.01,Ship,4720.21,2.97
973,Toronto,New York,4439,71.6,Cargo Van,2970.39,8.15
974,Sydney,Sydney,11252,45.74,Ship,2895.98,5.32
975,Singapore,Berlin,8018,78.28,Air Freight,2060.66,3.8
976,Singapore,New York,420,27.22,Truck,3032.89,2.06
977,Sydney,Dubai,2107,42.0,Truck,4913.67,5.47
978,Sydney,Singapore,9272,54.2,Truck,751.91,8.06
979,Dubai,Sydney,1945,59.49,Ship,4497.04,2.4
980,Mumbai,Singapore,3060,15.0,Cargo Van,6500.12,2.63
981,New York,Singapore,9488,10.96,Cargo Van,6325.48,3.62
982,Singapore,Dubai,7639,85.26,Cargo Van,1325.21,7.86
983,Sydney,New York,11005,68.5,Ship,7839.2,4.75
984,Berlin,Singapore,5647,22.99,Cargo Van,1017.83,4.3
985,Dubai,Dubai,9819,63.9,Air Freight,1382.07,2.76
986,London,London,10814,54.35,Truck,5961.52,3.11
987,New York,Sydney,9428,6.16,Air Freight,2095.03,2.0
988,Toronto,Toronto,2700,71.42,Ship,3285.58,6.08
989,Berlin,New York,8560,47.77,Cargo Van,3240.7,8.77
990,London,New York,865,74.14,Ship,2628.8,4.82
991,Singapore,Singapore,5764,28.04,Cargo Van,5276.55,1.46
992,London,Singapore,11615,78.61,Truck,4016.09,7.52
993,New York,Singapore,11276,34.3,Truck,775.64,5.02
994,New York,New York,2860,66.44,Air Freight,5505.17,9.43
995,New York,Sydney,8240,84.45,Cargo Van,1472.71,3.44
996,Sydney,Berlin,5832,18.83,Truck,2377.97,3.97
997,Toronto,Singapore,2319,35.08,Cargo Van,1322.03,7.77
998,Sydney,London,4715,24.76,Ship,6601.03,9.69
999,Dubai,Sydney,5135,3.93,Cargo Van,5655.7,5.41
1000,Toronto,New York,10897,4.71,Air Freight,7195.24,2.2
1001,Singapore,New York,8542,39.13,Cargo Van,2366.09,6.87
1002,Toronto,London,1720,69.2,Ship,1506.34,9.97
1003,Sydney,London,3499,83.37,Cargo Van,6368.94,5.89
1004,London,Mumbai,8138,9.1,Air Freight,1194.99,2.58
1005,New York,Sydney,7132,90.43,Cargo Van,2077.45,4.1
1006,Toronto,Berlin,11742,23.34,Air Freight,6920.99,6.38
1007,London,Sydney,11125,45.17,Truck,3691.65,8.39
1008,Mumbai,Berlin,776,42.4,Ship,5863.52,8.42
1009,Mumbai,Singapore,4308,91.48,Cargo Van,4614.03,9.79
1010,Toronto,Berlin,11857,23.54,Truck,2218.38,2.52
1011,Singapore,Singapore,2270,83.07,Ship,3385.06,3.01
1012,Mumbai,New York,6162,38.83,Ship,944.39,1.56
1013,New York,Dubai,11521,57.6,Air Freight,2247.93,5.22
1014,Singapore,Mumbai,3332,42.8,Air Freight,7375.53,4.98
1015,New York,Toronto,11660,55.53,Ship,2895.66,1.69
1016,Sydney,Singapore,3171,30.91,Truck,7368.0,2.9
1017,Berlin,Mumbai,2230,38.15,Ship,4199.89,7.73
1018,New York,Dubai,4461,79.09,Air Freight,7574.16,9.96
1019,Toronto,Mumbai,9173,8.04,Ship,1833.34,5.24
1020,London,Sydney,9163,38.95,Truck,7594.43,2.55
1021,Mumbai,London,2159,41.22,Air Freight,6847.7,5.84
1022,Toronto,Dubai,4871,80.69,Ship,889.86,5.8
1023,Dubai,Berlin,3900,27.99,Air Freight,2161.18,9.02
1024,Sydney,Dubai,1105,82.19,Truck,7675.2,7.21
1025,Berlin,New York,782,42.62,Cargo Van,4978.07,8.64
1026,Toronto,Sydney,5506,31.54,Truck,1590.61,8.69
1027,New York,London,9597,68.88,Ship,6203.17,7.74
1028,Toronto,Berlin,9616,85.55,Cargo Van,431.41,7.68
1029,Singapore,New York,1379,20.01,Ship,5615.01,9.08
1030,Singapore,Mumbai,2335,37.91,Ship,6202.63,7.48
1031,Berlin,Singapore,11686,90.84,Air Freight,2282.13,8.96
1032,Singapore,Singapore,7949,39.52,Cargo Van,4251.1,7.1
1033,Dubai,Dubai,9892,68.62,Truck,6043.55,2.04
1034,Berlin,Toronto,5926,51.33,Air Freight,4116.09,1.27
1035,Mumbai,Sydney,9675,56.09,Ship,4300.73,8.56
1036,Mumbai,New York,291,79.58,Air Freight,6768.13,1.37
1037,Mumbai,Toronto,11004,8.95,Truck,258.93,8.48
1038,Dubai,Sydney,9835,39.88,Truck,6958.73,7.08
1039,London,New York,10052,82.09,Cargo Van,4299.44,1.96
1040,Singapore,Singapore,7138,2.17,Truck,6210.78,4.61
1041,Toronto,Singapore,3966,43.68,Air Freight,3997.93,6.88
1042,Sydney,New York,9225,55.98,Truck,7990.55,6.59
1043,Berlin,Singapore,2206,8.24,Air Freight,2746.43,9.6
1044,Dubai,New York,10173,85.23,Truck,3232.08,8.24
1045,Dubai,London,5387,13.37,Air Freight,6796.39,6.72
1046,Mumbai,Toronto,7771,56.02,Cargo Van,4088.47,1.32
1047,Sydney,Toronto,1755,78.36,Truck,7991.76,3.78
1048,Dubai,Dubai,9694,44.42,Ship,6005.24,3.28
1049,Dubai,London,3036,57.18,Ship,4082.86,6.03
1050,Toronto,Toronto,4172,56.79,Cargo Van,7981.26,3.26
1051,Sydney,London,5604,72.51,Ship,7332.21,3.23
1052,London,Berlin,5583,31.75,Truck,2734.41,5.11
1053,New York,New York,5474,82.05,Air Freight,4839.54,9.19
1054,London,Mumbai,10700,16.48,Ship,5183.09,4.35
1055,New York,London,1727,50.9,Cargo Van,254.8,4.35
1056,Singapore,Berlin,5114,94.99,Truck,7634.64,6.67
1057,London,New York,10232,5.54,Air Freight,4394.23,9.69
1058,Sydney,Sydney,3657,60.02,Ship,2639.54,3.45
1059,Singapore,Sydney,8040,34.51,Cargo Van,3671.27,1.83
1060,Toronto,Dubai,876,79.51,Cargo Van,3685.34,2.82
1061,New York,Berlin,5627,16.64,Truck,6081.11,6.43
1062,New York,Mumbai,4811,48.64,Truck,1425.05,6.6
1063,Toronto,London,6836,56.5,Truck,1456.18,5.86
1064,London,London,9270,63.13,Ship,4668.45,7.87
1065,Sydney,London,10298,80.36,Air Freight,1582.18,7.56
1066,Singapore,Berlin,9176,10.13,Cargo Van,7187.4,3.99
1067,Mumbai,Dubai,2340,88.77,Ship,5292.65,2.29
1068,Berlin,Singapore,5285,89.49,Truck,2225.04,2.97
1069,Berlin,Singapore,5523,83.85,Cargo Van,4490.74,4.92
1070,Berlin,Singapore,4862,87.24,Air Freight,5075.72,2.36
1071,Singapore,Dubai,10574,50.56,Air Freight,436.62,4.62
1072,London,New York,9737,74.02,Truck,4308.26,6.35
1073,Mumbai,New York,4149,38.95,Cargo Van,4339.26,9.92
1074,New York,Sydney,11272,52.51,Truck,1433.6,7.24
1075,Mumbai,New York,4218,45.47,Air Freight,5791.27,5.72
1076,New York,Dubai,110,58.22,Truck,3981.54,2.71
1077,London,Singapore,3125,23.78,Ship,2547.96,2.15
1078,Dubai,New York,9327,18.14,Cargo Van,5728.53,3.05
1079,Sydney,Sydney,7162,72.33,Air Freight,2793.41,8.64
1080,New York,Singapore,729,15.2,Cargo Van,4617.28,2.72
1081,Dubai,Berlin,9860,34.61,Truck,5156.24,4.34
1082,Singapore,New York,3274,90.54,Air Freight,626.0,9.36
1083,Mumbai,London,8576,19.55,Air Freight,6716.82,6.39
1084,Toronto,Sydney,3906,80.44,Ship,5465.31,7.57
1085,Mumbai,Toronto,6870,86.52,Ship,6280.93,4.05
1086,London,Berlin,6158,22.5,Cargo Van,768.07,5.19
1087,Dubai,Dubai,2552,64.72,Air Freight,4565.97,9.24
1088,Mumbai,Singapore,8016,35.38,Truck,408.39,2.94
1089,Berlin,Toronto,888,68.41,Cargo Van,1148.73,2.69
1090,New York,Dubai,5358,41.32,Air Freight,4774.45,1.75
1091,Sydney,Toronto,8045,3.52,Air Freight,2708.47,6.56
1092,London,Berlin,3959,24.86,Air Freight,4161.39,8.2
1093,Dubai,Dubai,5286,27.53,Truck,4256.39,4.78
1094,Singapore,Sydney,1913,4.38,Cargo Van,7440.32,1.92
1095,Dubai,London,7015,64.73,Cargo Van,960.59,1.18
1096,Sydney,Mumbai,10333,35.06,Truck,3096.43,9.52
1097,London,Mumbai,4398,24.63,Truck,1541.32,9.32
1098,Singapore,Sydney,11361,70.82,Cargo Van,6762.17,3.0
1099,Berlin,Berlin,8143,9.68,Air Freight,7202.0,5.83
1100,Mumbai,New York,6316,92.64,Air Freight,1823.79,1.43
1101,Singapore,New York,5830,25.87,Truck,3880.61,3.13
1102,Toronto,Singapore,2512,72.2,Cargo Van,3850.44,6.53
1103,Sydney,Singapore,9051,7.7,Cargo Van,754.87,2.21
1104,Singapore,Dubai,11159,61.66,Cargo Van,4298.16,3.34
1105,Singapore,Mumbai,10090,77.77,Ship,2118.12,4.61
1106,Berlin,Berlin,8848,64.63,Air Freight,4143.66,9.42
1107,New York,Sydney,11178,85.95,Cargo Van,7328.23,7.37
1108,Dubai,New York,644,55.62,Cargo Van,3728.27,1.75
1109,Berlin,New York,4112,62.89,Ship,731.11,9.63
1110,Sydney,Sydney,284,35.16,Cargo Van,1986.7,7.19
1111,Toronto,London,1329,78.03,Truck,3820.97,2.47
1112,London,Singapore,5885,61.89,Truck,7174.13,2.04
1113,London,London,99,82.79,Air Freight,483.28,3.69
1114,London,New York,5842,23.08,Cargo Van,4998.65,4.08
1115,Sydney,Mumbai,6645,73.12,Cargo Van,1910.63,8.58
1116,Mumbai,Mumbai,3994,25.54,Cargo Van,4287.98,7.33
1117,Dubai,Sydney,7609,74.08,Ship,2485.48,3.45
1118,Sydney,Toronto,1378,51.73,Air Freight,5150.5,6.85
1119,Toronto,Sydney,3414,86.58,Air Freight,7876.31,3.3
1120,London,Singapore,5767,31.43,Ship,613.94,9.72
1121,New York,Berlin,1263,67.91,Cargo Van,6827.88,2.13
1122,Berlin,London,10318,63.49,Air Freight,3109.98,4.47
1123,Dubai,Dubai,239,18.73,Cargo Van,7717.63,1.81
1124,Berlin,New York,1088,2.93,Ship,2823.44,4.86
1125,New York,Toronto,8696,25.55,Ship,1589.77,5.29
1126,London,London,9325,36.82,Air Freight,650.63,3.13
1127,Toronto,Toronto,10433,70.98,Cargo Van,6386.36,5.56
1128,London,Singapore,2392,44.02,Cargo Van,3714.72,7.8
1129,Singapore,Berlin,10984,76.7,Truck,2098.56,7.68
1130,Dubai,New York,4429,8.27,Cargo Van,4558.63,3.92
1131,Toronto,Dubai,7282,20.32,Ship,4404.62,7.95
1132,Toronto,Dubai,3588,75.12,Truck,1421.56,1.82
1133,London,Mumbai,997,49.51,Truck,4670.56,4.02
1134,Mumbai,Singapore,2266,43.61,Air Freight,540.17,5.47
1135,New York,Berlin,2205,53.43,Ship,4472.5,2.86
1136,Mumbai,London,9695,7.57,Cargo Van,1025.05,9.82
1137,Toronto,New York,158,7.61,Cargo Van,2031.99,4.07
1138,London,Singapore,5447,21.27,Air Freight,3574.92,3.26
1139,Sydney,Sydney,11818,87.18,Cargo Van,6673.81,6.33
1140,Toronto,Sydney,9235,39.34,Air Freight,5024.64,4.15
1141,Dubai,New York,1809,8.1,Cargo Van,6060.96,4.05
1142,Toronto,New York,2969,38.59,Cargo Van,7167.06,7.05
1143,Berlin,Singapore,9337,58.99,Air Freight,7542.81,4.23
1144,Singapore,Berlin,5999,30.01,Truck,6763.89,5.74
1145,Mumbai,Dubai,8887,28.4,Ship,2680.28,6.59
1146,Berlin,Toronto,9718,86.32,Air Freight,3784.09,9.92
1147,New York,Dubai,10729,36.84,Cargo Van,1843.67,3.92
1148,Sydney,London,3073,10.18,Air Freight,2772.23,3.81
1149,Dubai,Sydney,3967,29.18,Cargo Van,7792.48,1.08
1150,Berlin,Mumbai,1167,45.26,Air Freight,6272.1,5.3
1151,New York,Sydney,2297,95.74,Ship,6358.86,4.61
1152,Mumbai,Berlin,3253,59.17,Truck,4597.23,1.5
1153,Dubai,Sydney,8408,38.13,Ship,6245.29,1.78
1154,Dubai,London,8172,88.74,Ship,1923.18,4.75
1155,Berlin,Singapore,4652,83.23,Cargo Van,1869.62,9.47
1156,London,London,2533,66.12,Cargo Van,2771.72,6.96
1157,Toronto,Mumbai,10097,94.7,Truck,4028.09,3.91
1158,Singapore,Sydney,7938,4.01,Truck,5008.39,4.53
1159,Sydney,Mumbai,10075,61.15,Cargo Van,4463.75,9.5
1160,Dubai,Sydney,10981,36.78,Truck,1689.13,5.06
1161,New York,Mumbai,218,67.11,Ship,5249.24,7.22
1162,Sydney,New York,9954,66.29,Truck,2293.5,3.58
1163,Dubai,New York,4734,23.96,Air Freight,3386.03,5.01
1164,London,Toronto,7015,47.84,Cargo Van,5473.0,9.94
1165,New York,Mumbai,8632,23.06,Truck,5102.0,5.32
1166,Sydney,Toronto,4893,74.29,Cargo Van,5719.18,6.5
1167,Dubai,Singapore,9848,38.45,Ship,7335.03,5.16
1168,New York,Toronto,10105,72.31,Ship,5350.12,6.07
1169,Dubai,Toronto,11907,36.58,Air Freight,3291.63,4.71
1170,New York,Dubai,4738,67.25,Cargo Van,4799.39,4.37
1171,New York,Toronto,11996,90.18,Truck,4037.11,1.8
1172,New York,Berlin,11900,63.31,Air Freight,3247.54,9.07
1173,Berlin,Dubai,614,53.61,Cargo Van,4147.23,1.21
1174,Sydney,Sydney,621,80.08,Air Freight,3298.66,2.84
1175,Mumbai,Toronto,4781,26.82,Truck,7721.9,8.2
1176,Berlin,Sydney,4717,20.36,Ship,3925.33,8.95
1177,London,Dubai,10553,89.15,Ship,6073.4,8.93
1178,Berlin,Mumbai,2072,74.07,Ship,988.48,3.05
1179,Toronto,Mumbai,7280,38.55,Truck,4834.95,3.47
1180,Dubai,New York,1586,46.16,Cargo Van,6980.36,5.95
1181,Berlin,Mumbai,8512,26.62,Ship,6694.79,1.56
1182,London,London,6113,24.56,Air Freight,339.66,2.89
1183,New York,New York,7945,94.83,Truck,584.26,9.71
1184,Singapore,Dubai,3230,56.99,Cargo Van,2990.81,9.43
1185,London,Sydney,1212,11.72,Air Freight,998.62,6.23
1186,Dubai,Sydney,4389,91.99,Cargo Van,7309.3,6.81
1187,Mumbai,Dubai,8704,35.29,Truck,6030.18,5.09
1188,Toronto,Berlin,11592,10.81,Cargo Van,1558.71,3.12
1189,Berlin,Berlin,3549,44.1,Cargo Van,5900.42,1.78
1190,Sydney,Berlin,11864,67.14,Ship,637.96,5.5
1191,Singapore,Sydney,2916,19.8,Air Freight,4250.79,1.69
1192,London,Singapore,4874,43.25,Cargo Van,2600.64,1.47
1193,Sydney,Sydney,5134,9.36,Cargo Van,7203.39,6.96
1194,Dubai,Dubai,5642,76.07,Ship,7420.16,1.52
1195,Mumbai,Sydney,5680,4.43,Truck,5535.68,9.97
1196,Berlin,London,5927,41.87,Ship,6979.69,7.38
1197,Dubai,Mumbai,9179,34.92,Ship,4156.22,2.11
1198,Berlin,New York,3760,78.16,Truck,7740.61,6.34
1199,Singapore,Berlin,2959,94.38,Truck,2711.27,8.89
1200,Sydney,New York,8890,4.76,Truck,1995.35,3.44
1201,Mumbai,Dubai,9685,36.49,Air Freight,7936.32,1.23
1202,Dubai,Berlin,5004,56.34,Cargo Van,2403.1,1.73
1203,Mumbai,Sydney,11411,9.62,Cargo Van,3788.85,6.66
1204,New York,Sydney,11599,52.34,Truck,7736.53,5.44
1205,Sydney,Mumbai,11265,2.88,Ship,7912.32,4.69
1206,Mumbai,New York,3919,63.58,Ship,7075.71,4.67
1207,New York,New York,4845,80.97,Air Freight,3856.23,5.87
1208,Toronto,Mumbai,626,48.58,Ship,7612.03,5.36
1209,Dubai,Dubai,11859,39.94,Truck,4079.59,3.19
1210,Dubai,Toronto,4463,66.29,Cargo Van,4057.84,1.14
1211,New York,Toronto,1586,5.1,Truck,4732.29,3.31
1212,Berlin,Berlin,1482,20.37,Truck,6147.84,7.66
1213,Singapore,London,11196,71.14,Air Freight,1224.42,1.01
1214,Mumbai,New York,9305,14.63,Truck,2844.29,7.03
1215,Mumbai,London,142,44.45,Cargo Van,3555.51,7.09
1216,Sydney,Dubai,10669,90.23,Cargo Van,1252.59,5.3
1217,New York,London,539,34.66,Ship,1874.27,4.74
1218,Sydney,Singapore,10759,71.05,Ship,5939.2,6.36
1219,New York,Dubai,10085,41.79,Cargo Van,6420.05,5.88
1220,Toronto,Singapore,7073,22.08,Truck,6690.76,6.58
1221,Sydney,Dubai,7001,3.85,Ship,4782.45,3.19
1222,Singapore,Toronto,7860,63.58,Cargo Van,5820.68,2.76
1223,Sydney,New York,5996,39.93,Truck,3629.84,2.18
1224,Mumbai,Sydney,7693,18.67,Air Freight,3338.17,6.94
1225,Singapore,Dubai,1887,88.13,Air Freight,6022.51,8.9
1226,Berlin,Mumbai,6830,70.98,Cargo Van,4565.19,5.78
1227,Berlin,Berlin,10544,50.12,Cargo Van,3827.67,4.06
1228,Toronto,Sydney,7926,19.92,Ship,1587.28,2.2
1229,New York,Mumbai,8235,14.3,Ship,5530.72,5.16
1230,Dubai,Toronto,6100,5.45,Ship,4432.44,6.52
1231,Sydney,Mumbai,1043,7.42,Ship,4950.35,1.93
1232,New York,New York,7024,41.29,Air Freight,4010.09,3.32
1233,Toronto,Sydney,8921,23.34,Truck,1580.03,1.88
1234,Mumbai,Toronto,2110,60.43,Air Freight,300.92,7.06
1235,Berlin,Dubai,3269,75.78,Air Freight,6604.11,5.72
1236,Dubai,Dubai,877,88.67,Truck,6776.21,9.34
1237,Mumbai,Berlin,8577,54.02,Cargo Van,1415.61,5.7
1238,New York,Mumbai,10415,22.46,Truck,7164.76,7.34
1239,Mumbai,New York,2035,89.45,Ship,5711.05,1.43
1240,Dubai,London,7759,6.68,Ship,1286.99,2.42
1241,Mumbai,Dubai,2704,77.25,Truck,6236.19,1.31
1242,Dubai,Toronto,4336,68.22,Ship,2977.6,8.44
1243,New York,Toronto,3751,5.17,Cargo Van,5175.66,7.63
1244,London,Berlin,9607,36.4,Cargo Van,5863.67,6.05
1245,Berlin,Singapore,5088,76.08,Air Freight,6245.46,5.79
1246,London,Berlin,6626,34.0,Ship,7821.03,7.53
1247,Mumbai,Sydney,5867,3.7,Truck,2572.45,8.4
1248,New York,Singapore,9913,41.36,Ship,2115.3,8.21
1249,Dubai,Berlin,4800,54.71,Air Freight,2725.56,9.54
1250,Dubai,Dubai,10576,69.7,Truck,3828.61,6.06
1251,London,Toronto,1214,93.47,Cargo Van,5389.07,6.5
1252,Berlin,Berlin,9079,22.16,Ship,3878.9,7.44
1253,Singapore,Singapore,2990,45.2,Ship,2941.17,7.67
1254,Sydney,New York,8015,17.68,Cargo Van,356.01,2.63
1255,Dubai,Berlin,8444,39.25,Truck,277.57,1.47
1256,Mumbai,Sydney,10693,51.12,Air Freight,3626.52,2.4
1257,New York,Singapore,8690,63.57,Ship,5019.85,5.63
1258,London,Berlin,6607,72.97,Air Freight,3431.12,1.38
1259,Mumbai,Sydney,10691,49.66,Truck,289.06,7.91
1260,Dubai,Singapore,7875,62.43,Truck,5448.85,5.91
1261,New York,London,9689,11.12,Air Freight,815.87,3.73
1262,Mumbai,New York,9056,25.96,Cargo Van,6500.05,9.71
1263,New York,Sydney,10858,45.58,Cargo Van,7896.79,5.98
1264,Dubai,Berlin,485,54.36,Ship,3757.76,3.46
1265,New York,Toronto,1847,38.16,Air Freight,7577.54,5.7
1266,Singapore,New York,7063,62.42,Ship,1725.45,5.52
1267,Singapore,Toronto,10097,93.61,Ship,3199.5,6.2
1268,London,Berlin,2920,15.06,Ship,711.2,3.66
1269,Toronto,Berlin,4391,77.53,Truck,6814.24,1.95
1270,Dubai,Sydney,10758,60.49,Ship,4772.01,8.26
1271,London,London,5834,26.03,Air Freight,483.54,5.24
1272,Singapore,London,11589,37.81,Truck,2849.22,1.09
1273,London,London,10063,58.5,Ship,7092.56,4.02
1274,Dubai,Dubai,6144,82.66,Cargo Van,4547.8,3.29
1275,London,Mumbai,2052,41.65,Air Freight,5495.28,4.01
1276,New York,New York,11485,9.05,Cargo Van,4976.68,7.21
1277,Dubai,Toronto,5429,73.39,Cargo Van,921.57,8.3
1278,London,London,9077,19.92,Truck,459.76,3.05
1279,Sydney,Mumbai,53,46.78,Cargo Van,2727.8,9.1
1280,Sydney,London,4110,31.12,Cargo Van,1023.36,8.77
1281,Sydney,Sydney,3528,3.41,Ship,7156.14,3.29
1282,Sydney,Sydney,521,66.18,Ship,3130.53,1.89
1283,London,Singapore,10744,13.64,Air Freight,6568.57,9.95
1284,Dubai,Dubai,10150,6.39,Truck,898.07,9.98
1285,London,Berlin,9143,27.66,Cargo Van,3215.42,6.63
1286,Berlin,Berlin,3954,10.53,Cargo Van,5517.4,9.74
1287,Singapore,Berlin,7692,25.12,Truck,5149.2,3.19
1288,Mumbai,London,2641,59.45,Air Freight,3732.06,9.05
1289,Mumbai,Dubai,4059,87.17,Cargo Van,5322.09,8.64
1290,New York,Mumbai,3103,3.7,Truck,997.98,7.43
1291,Singapore,New York,3488,26.65,Ship,2214.12,1.31
1292,Singapore,Toronto,2298,95.1,Cargo Van,6390.69,1.59
1293,Singapore,London,616,87.42,Cargo Van,5834.41,7.57
1294,Sydney,London,9106,53.31,Ship,5050.37,3.04
1295,New York,New York,4988,70.3,Air Freight,1474.76,8.35
1296,New York,Sydney,7241,30.03,Cargo Van,7637.03,7.54
1297,Dubai,New York,5290,71.78,Air Freight,597.16,3.86
1298,Berlin,Singapore,4457,40.19,Truck,725.91,1.65
1299,Dubai,Berlin,11459,48.97,Air Freight,2520.97,2.05
1300,Dubai,Mumbai,4645,84.83,Cargo Van,4904.13,1.13
1301,Singapore,London,5339,6.07,Air Freight,5579.16,7.07
1302,New York,Mumbai,2784,4.19,Air Freight,1284.21,3.29
1303,Sydney,Sydney,2707,3.6,Ship,7805.18,6.91
1304,Dubai,Berlin,10247,3.16,Ship,512.43,1.52
1305,London,Singapore,1773,92.26,Cargo Van,826.38,4.34
1306,New York,Dubai,3703,11.66,Air Freight,2394.01,3.01
1307,Sydney,Toronto,3715,52.07,Cargo Van,4526.16,7.11
1308,Berlin,London,1309,78.92,Ship,2447.92,8.83
1309,London,Berlin,3417,72.43,Truck,6482.22,6.32
1310,Mumbai,New York,5474,29.63,Ship,5406.15,8.01
1311,Toronto,Singapore,4005,42.36,Cargo Van,4480.18,5.67
1312,Sydney,New York,1775,50.44,Truck,7077.16,7.55
1313,Singapore,Singapore,4391,89.99,Cargo Van,7090.12,7.2
1314,Singapore,Berlin,7768,51.55,Air Freight,3437.16,3.42
1315,New York,Mumbai,1390,31.66,Truck,5067.79,3.21
1316,Berlin,Singapore,3612,4.95,Air Freight,2954.82,9.21
1317,Mumbai,Singapore,7620,68.86,Air Freight,5473.01,3.78
1318,Dubai,Mumbai,11919,29.94,Ship,665.02,5.28
1319,Singapore,Toronto,7810,41.86,Air Freight,610.04,5.06
1320,Berlin,Dubai,3192,13.46,Ship,5280.35,8.5
1321,New York,Toronto,3117,44.86,Air Freight,5065.52,9.8
1322,Berlin,Sydney,398,68.97,Cargo Van,1724.22,4.97
1323,Berlin,Berlin,3309,65.5,Cargo Van,4508.3,6.98
1324,Sydney,London,1601,48.26,Air Freight,7721.34,5.89
1325,Singapore,Toronto,3322,81.27,Ship,6138.33,3.39
1326,Berlin,Berlin,816,41.11,Ship,7264.15,4.23
1327,Singapore,Mumbai,1406,29.17,Truck,851.24,1.25
1328,Dubai,Sydney,9186,9.78,Cargo Van,7263.06,5.62
1329,Berlin,London,8054,56.35,Truck,1016.36,3.53
1330,Berlin,Singapore,1725,40.01,Truck,2068.97,7.24
1331,Berlin,Singapore,10115,2.26,Cargo Van,6889.61,3.71
1332,London,London,2637,32.99,Ship,3189.96,2.02
1333,London,Mumbai,8084,42.19,Cargo Van,2569.08,5.98
1334,Singapore,London,2241,80.66,Ship,4643.04,5.85
1335,Sydney,London,7354,2.91,Ship,5444.42,1.3
1336,London,Sydney,8030,2.65,Cargo Van,3169.53,7.12
1337,New York,New York,6822,47.31,Ship,6341.58,2.58
1338,Singapore,Toronto,11464,65.64,Ship,4656.98,9.24
1339,Singapore,Berlin,2840,6.17,Air Freight,275.89,2.24
1340,Sydney,Sydney,6422,94.24,Air Freight,5757.4,9.55
1341,New York,Mumbai,4136,67.23,Air Freight,6667.34,1.86
1342,Dubai,Singapore,3672,77.84,Ship,2918.46,9.27
1343,Sydney,Sydney,4793,14.21,Ship,3707.46,6.36
1344,Berlin,Toronto,2990,94.84,Truck,4256.59,2.96
1345,London,London,4279,23.78,Air Freight,4621.44,9.35
1346,London,Toronto,5121,51.92,Air Freight,5813.17,8.91
1347,Sydney,New York,3830,44.52,Air Freight,2926.09,5.55
1348,Mumbai,Toronto,2875,87.51,Ship,2259.1,3.24
1349,London,London,5191,36.03,Cargo Van,280.83,6.87
1350,Toronto,London,3079,73.39,Cargo Van,5881.14,1.54
1351,New York,Singapore,3188,83.48,Cargo Van,3609.53,1.27
1352,London,Dubai,9058,83.53,Cargo Van,6199.75,1.69
1353,Berlin,Mumbai,11025,16.76,Cargo Van,1778.91,3.44
1354,Singapore,Mumbai,1944,43.57,Cargo Van,4533.45,4.56
1355,London,Berlin,9420,54.95,Air Freight,3843.46,7.8
1356,Berlin,Mumbai,620,33.08,Truck,2995.32,5.75
1357,London,Berlin,489,20.05,Ship,6591.46,7.33
1358,London,Sydney,3487,91.95,Air Freight,7032.47,2.32
1359,Mumbai,Sydney,10954,73.23,Air Freight,6112.06,2.93
1360,London,Dubai,9788,24.16,Cargo Van,3980.77,3.33
1361,Dubai,Berlin,11226,90.93,Air Freight,4899.08,4.65
1362,Mumbai,Dubai,3210,84.57,Ship,6112.0,7.57
1363,London,Sydney,6232,80.72,Cargo Van,7340.18,6.41
1364,London,Dubai,5850,41.17,Cargo Van,2124.99,7.85
1365,New York,Mumbai,11565,68.9,Cargo Van,1091.93,4.44
1366,Dubai,Sydney,350,22.36,Truck,984.88,5.83
1367,Sydney,Berlin,2821,45.06,Air Freight,7315.73,9.36
1368,Mumbai,London,11922,77.78,Cargo Van,7421.86,7.56
1369,Toronto,London,52,63.22,Truck,5205.45,7.51
1370,New York,Toronto,11898,73.29,Air Freight,3719.27,2.04
1371,London,Toronto,4385,68.79,Truck,3852.93,4.9
1372,Toronto,New York,11902,43.47,Truck,3539.31,8.01
1373,Dubai,New York,4793,35.35,Air Freight,3286.73,7.02
1374,Berlin,Dubai,4177,86.6,Air Freight,1744.6,6.58
1375,Berlin,London,7519,61.63,Truck,4579.36,1.15
1376,London,Dubai,11220,68.68,Truck,2064.2,1.68
1377,Sydney,Singapore,3760,7.19,Truck,3400.3,7.13
1378,Singapore,Dubai,10284,84.45,Cargo Van,1870.12,9.15
1379,Berlin,Dubai,4125,62.61,Cargo Van,6224.51,6.46
1380,Toronto,Toronto,4887,66.68,Truck,314.82,2.88
1381,Sydney,Berlin,7867,68.22,Cargo Van,5635.13,7.71
1382,Singapore,New York,11059,69.15,Cargo Van,1141.04,9.89
1383,Mumbai,Mumbai,11204,94.69,Truck,1939.99,4.56
1384,Berlin,New York,10394,72.23,Air Freight,5154.37,9.35
1385,Mumbai,Berlin,1769,59.27,Air Freight,2019.32,6.11
1386,Toronto,Dubai,2147,29.52,Cargo Van,6380.41,1.01
1387,London,New York,4721,41.92,Truck,6120.2,8.08
1388,Dubai,Dubai,9021,92.53,Truck,456.99,2.09
1389,London,Sydney,1404,70.31,Air Freight,4182.1,3.9
1390,Berlin,London,8279,28.21,Ship,2424.59,4.85
1391,Singapore,Dubai,7514,57.18,Truck,6285.18,8.0
1392,Berlin,Toronto,2311,67.35,Ship,1643.87,9.56
1393,Singapore,Singapore,10173,57.92,Air Freight,803.89,6.67
1394,Dubai,London,6146,76.94,Truck,7587.38,8.46
1395,Singapore,New York,10102,28.93,Cargo Van,2611.24,9.36
1396,Sydney,Dubai,2156,70.55,Truck,4995.74,8.76
1397,Mumbai,Toronto,1992,18.34,Air Freight,7593.66,2.41
1398,Mumbai,Sydney,5863,67.75,Truck,2045.73,8.64
1399,Berlin,London,4579,28.89,Truck,3514.25,1.33
1400,Sydney,Sydney,906,50.19,Cargo Van,1238.53,5.27
1401,Sydney,Toronto,914,61.06,Ship,265.98,2.82
1402,New York,Sydney,4854,68.12,Ship,3692.24,5.13
1403,Berlin,Dubai,2689,29.47,Air Freight,2873.7,4.32
1404,Singapore,Toronto,10049,4.83,Air Freight,1137.16,4.38
1405,London,Sydney,2841,89.07,Cargo Van,5586.19,6.96
1406,New York,Singapore,5670,39.58,Cargo Van,3504.05,3.31
1407,Toronto,Sydney,10022,74.74,Air Freight,1377.38,3.67
1408,Singapore,Sydney,10207,3.74,Cargo Van,7794.95,4.07
1409,Singapore,Singapore,1330,46.98,Air Freight,1033.8,8.09
1410,Toronto,New York,11445,18.84,Ship,4643.04,5.5
1411,Sydney,Mumbai,5086,61.69,Truck,7725.09,6.28
1412,London,Berlin,2168,95.78,Ship,7871.39,8.04
1413,Berlin,Singapore,1593,78.48,Air Freight,6939.08,8.37
1414,New York,Sydney,5567,71.28,Cargo Van,7700.04,7.02
1415,Sydney,Singapore,5795,24.64,Truck,5002.59,2.26
1416,Berlin,New York,2873,86.86,Air Freight,606.79,9.49
1417,Berlin,Toronto,8803,72.05,Air Freight,2117.72,7.73
1418,Berlin,Toronto,7465,89.3,Truck,7766.37,1.9
1419,Dubai,Singapore,2732,18.97,Air Freight,793.6,3.59
1420,New York,Sydney,2732,43.82,Cargo Van,4592.46,7.82
1421,Mumbai,Dubai,1118,46.11,Cargo Van,315.79,3.49
1422,Toronto,Dubai,7020,65.86,Air Freight,6702.67,2.63
1423,London,Sydney,2796,3.05,Air Freight,3460.45,4.21
1424,New York,New York,4226,32.27,Air Freight,1298.89,7.38
1425,Berlin,Mumbai,1497,56.4,Truck,5353.77,5.3
1426,Mumbai,Mumbai,9090,19.77,Cargo Van,5814.77,1.75
1427,London,Mumbai,7199,8.25,Cargo Van,5038.15,9.14
1428,Singapore,Toronto,6546,43.54,Air Freight,2786.77,8.16
1429,Mumbai,Toronto,10106,20.51,Air Freight,1600.93,1.21
1430,Toronto,Singapore,11239,89.5,Ship,6052.1,5.9
1431,Dubai,Berlin,8339,32.86,Ship,2203.76,7.87
1432,Berlin,New York,174,81.2,Ship,1971.61,3.11
1433,New York,Mumbai,6812,40.57,Air Freight,1041.13,8.45
1434,New York,New York,9831,73.1,Ship,5992.85,9.7
1435,London,Singapore,4021,43.25,Air Freight,5576.21,8.91
1436,Berlin,Sydney,8868,84.28,Air Freight,3312.04,8.99
1437,London,Berlin,9146,49.02,Cargo Van,6284.55,6.53
1438,New York,New York,2745,84.82,Truck,221.29,8.39
1439,Sydney,Mumbai,7383,58.03,Ship,2422.68,1.6
1440,London,Sydney,9039,22.0,Ship,3297.1,8.66
1441,Sydney,Berlin,3387,8.07,Cargo Van,2431.57,4.54
1442,Sydney,Dubai,696,41.28,Air Freight,7675.0,8.69
1443,Mumbai,Sydney,2587,55.42,Ship,766.3,9.68
1444,Singapore,Dubai,1601,40.4,Truck,2253.43,7.49
1445,Toronto,Dubai,1868,31.59,Air Freight,6375.89,2.28
1446,Toronto,London,7964,39.9,Ship,5305.39,5.75
1447,New York,Dubai,3589,55.35,Cargo Van,6888.96,3.26
1448,New York,Singapore,8689,51.79,Ship,579.7,7.45
1449,Toronto,Singapore,9164,44.98,Ship,6800.55,5.78
1450,Singapore,London,4713,46.07,Truck,4981.71,6.91
1451,Toronto,Sydney,9190,46.72,Ship,6346.45,2.69
1452,Toronto,Dubai,8933,29.36,Cargo Van,2720.09,9.77
1453,London,Singapore,4573,93.52,Cargo Van,6979.32,6.91
1454,Singapore,Toronto,7474,51.69,Truck,6457.31,4.64
1455,Berlin,Berlin,6590,67.46,Air Freight,611.32,1.2
1456,Mumbai,Toronto,6625,33.76,Ship,2036.97,2.63
1457,New York,Berlin,11417,68.82,Air Freight,4760.72,2.7
1458,London,Mumbai,1690,59.41,Truck,5948.69,6.69
1459,New York,London,695,63.28,Cargo Van,3269.86,6.06
1460,New York,Dubai,6077,30.18,Cargo Van,4249.76,2.17
1461,Mumbai,Sydney,7127,16.08,Air Freight,3298.39,2.47
1462,New York,Dubai,935,47.82,Ship,2513.74,6.89
1463,Toronto,New York,1667,38.04,Truck,1872.35,2.86
1464,Singapore,Sydney,4585,82.02,Ship,7368.25,9.91
1465,Dubai,London,4004,80.17,Cargo Van,5955.76,5.69
1466,London,Dubai,537,29.25,Ship,659.55,3.42
1467,Singapore,Dubai,8090,22.91,Truck,1001.65,2.15
1468,Sydney,Sydney,6826,34.05,Cargo Van,1185.01,1.98
1469,Mumbai,London,6178,52.0,Air Freight,795.58,6.46
1470,Dubai,Singapore,5897,44.58,Cargo Van,3795.97,7.86
1471,Mumbai,Mumbai,10522,55.89,Air Freight,5823.98,3.99
1472,London,Sydney,4264,28.73,Air Freight,2772.85,2.75
1473,Toronto,Sydney,11968,14.43,Ship,4059.89,5.46
1474,Sydney,Toronto,1806,13.62,Ship,2263.99,5.59
1475,London,Berlin,8607,55.41,Air Freight,3855.07,1.7
1476,London,New York,9016,76.01,Truck,2105.48,2.92
1477,New York,New York,10221,64.57,Ship,6368.51,4.35
1478,Berlin,Sydney,3218,88.12,Cargo Van,5291.44,8.05
1479,Mumbai,Dubai,7515,43.42,Ship,1151.1,4.96
1480,Dubai,New York,5562,63.63,Ship,3291.59,5.71
1481,Mumbai,London,2550,9.97,Truck,2697.69,8.48
1482,Mumbai,Toronto,5054,34.82,Ship,6078.59,8.99
1483,Mumbai,Mumbai,5633,82.59,Truck,6017.67,3.26
1484,New York,London,10307,13.03,Ship,6258.27,3.96
1485,Sydney,Mumbai,11522,69.38,Ship,1039.1,8.15
1486,London,Dubai,4220,66.34,Air Freight,7471.46,1.11
1487,New York,London,6698,14.3,Cargo Van,5800.58,1.3
1488,London,Sydney,68,6.43,Truck,5107.36,8.5
1489,Mumbai,Mumbai,4469,84.42,Air Freight,3844.33,8.37
1490,Toronto,Toronto,8597,53.91,Truck,6441.08,3.36
1491,New York,New York,9019,26.16,Truck,1186.2,8.5
1492,London,New York,8442,32.74,Cargo Van,1775.25,8.15
1493,Mumbai,Berlin,918,41.87,Ship,7489.09,6.89
1494,Sydney,Singapore,5537,76.54,Ship,1804.12,9.58
1495,New York,Mumbai,1249,72.58,Cargo Van,3465.18,4.53
1496,New York,Mumbai,9840,48.76,Cargo Van,6010.76,7.16
1497,Toronto,Toronto,2906,90.65,Ship,5618.62,1.54
1498,Dubai,Dubai,521,57.75,Ship,1269.19,4.47
1499,Berlin,Sydney,4802,14.72,Ship,7410.6,4.98
1500,Toronto,London,8426,47.83,Truck,6402.62,4.73
1501,Sydney,Mumbai,7276,54.99,Air Freight,1173.55,7.77
1502,Singapore,Sydney,374,2.94,Air Freight,7956.26,4.64
1503,New York,Berlin,5236,65.93,Truck,6748.67,8.78
1504,Toronto,New York,8511,93.34,Ship,4121.56,6.03
1505,New York,Mumbai,11713,34.63,Cargo Van,2151.89,4.47
1506,Dubai,New York,8780,32.32,Truck,7562.05,2.63
1507,Dubai,Dubai,4927,58.93,Cargo Van,7992.13,8.01
1508,Berlin,Dubai,935,24.44,Cargo Van,1853.57,2.39
1509,Dubai,London,9415,84.7,Air Freight,2546.4,3.27
1510,Mumbai,London,2326,20.88,Truck,7045.39,4.8
1511,London,Mumbai,10627,59.64,Cargo Van,2890.73,7.03
1512,London,Dubai,5189,93.0,Ship,4953.79,3.54
1513,Berlin,Berlin,7727,71.0,Truck,1529.48,6.45
1514,Berlin,Dubai,1456,92.49,Cargo Van,7262.81,7.76
1515,Sydney,Singapore,7697,59.95,Ship,6758.63,3.92
1516,Sydney,Mumbai,10598,52.43,Truck,4164.07,8.34
1517,Berlin,Dubai,2928,6.88,Truck,7446.75,1.67
1518,New York,Berlin,11422,18.07,Air Freight,1188.57,8.54
1519,Dubai,Toronto,3065,2.59,Ship,5842.37,8.68
1520,New York,Toronto,8671,37.03,Truck,1963.09,8.5
1521,Berlin,Sydney,7062,79.68,Cargo Van,7115.81,2.98
1522,Berlin,New York,6430,46.47,Ship,5400.1,6.52
1523,London,Berlin,5491,47.25,Air Freight,5752.2,9.04
1524,Dubai,New York,5340,93.75,Ship,396.84,6.95
1525,Singapore,Dubai,7206,44.99,Air Freight,2291.39,3.25
1526,London,Dubai,6968,16.5,Truck,2663.44,9.8
1527,New York,Mumbai,8400,41.5,Air Freight,6701.14,7.19
1528,New York,Berlin,4871,95.44,Truck,4880.62,5.49
1529,New York,New York,1269,16.66,Air Freight,2438.31,2.33
1530,Dubai,London,3549,66.09,Air Freight,4676.2,9.65
1531,New York,London,10608,29.69,Cargo Van,4265.03,8.84
1532,Mumbai,Sydney,11026,44.78,Truck,3362.33,3.31
1533,Dubai,Berlin,320,89.28,Air Freight,5244.29,5.03
1534,Toronto,Toronto,8438,44.13,Air Freight,2502.47,4.13
1535,Berlin,Berlin,6684,50.36,Cargo Van,2030.61,4.65
1536,Toronto,Toronto,3910,4.74,Truck,4033.87,2.79
1537,Toronto,Sydney,293,95.08,Air Freight,7906.25,4.53
1538,Toronto,Toronto,1166,34.99,Truck,6710.43,4.73
1539,London,Mumbai,9095,65.52,Cargo Van,7853.65,4.51
1540,Dubai,Dubai,11098,11.98,Ship,2689.68,3.17
1541,New York,Singapore,5589,84.87,Cargo Van,669.82,2.15
1542,Berlin,Sydney,9964,81.51,Ship,7429.86,3.04
1543,Mumbai,Mumbai,8672,61.62,Air Freight,7108.41,5.63
1544,Singapore,Berlin,7327,83.67,Air Freight,3044.91,4.4
1545,New York,Toronto,3112,93.0,Ship,6092.38,6.33
1546,Toronto,Toronto,10491,85.14,Air Freight,1255.65,1.06
1547,Dubai,Berlin,7470,80.8,Ship,4814.43,1.95
1548,Dubai,New York,9846,3.65,Truck,4982.72,9.48
1549,Mumbai,Sydney,11253,9.15,Ship,2768.57,7.19
1550,Toronto,Toronto,2204,9.13,Air Freight,7086.59,6.41
1551,Toronto,Mumbai,3464,34.78,Air Freight,1169.54,5.87
1552,Dubai,Berlin,7887,26.57,Cargo Van,3127.41,4.69
1553,Dubai,London,2946,34.91,Ship,6395.0,2.18
1554,Mumbai,Singapore,9933,12.54,Ship,3851.22,4.77
1555,Berlin,Dubai,2539,75.45,Air Freight,3001.01,6.66
1556,Berlin,Sydney,4950,72.08,Ship,5522.32,7.69
1557,Singapore,Mumbai,4650,80.12,Air Freight,4759.57,3.94
1558,Berlin,Berlin,4959,60.06,Truck,2349.8,5.48
1559,Berlin,New York,9720,87.56,Truck,5415.27,1.42
1560,Sydney,Toronto,7672,51.57,Cargo Van,7406.12,5.1
1561,Dubai,Dubai,9704,85.81,Ship,5107.61,9.81
1562,Berlin,Dubai,6275,84.87,Ship,7554.6,8.06
1563,Sydney,Sydney,1805,58.27,Cargo Van,891.27,6.31
1564,Sydney,London,9059,65.56,Air Freight,349.57,9.85
1565,Berlin,Sydney,600,11.06,Truck,297.79,5.63
1566,Berlin,Mumbai,8373,37.77,Cargo Van,2902.43,7.01
1567,Toronto,Singapore,9911,10.16,Ship,6923.44,5.33
1568,Singapore,New York,9314,60.91,Air Freight,3210.28,4.4
1569,Mumbai,Mumbai,7361,75.71,Truck,3739.99,4.61
1570,Toronto,Dubai,1695,23.42,Air Freight,7043.09,6.73
1571,London,London,4592,54.8,Ship,7561.55,9.41
1572,New York,Mumbai,4361,33.82,Air Freight,2429.23,8.59
1573,Singapore,Berlin,3090,77.42,Air Freight,7821.1,3.42
1574,Mumbai,Dubai,10669,6.33,Cargo Van,4468.16,5.79
1575,Singapore,Dubai,5043,74.42,Ship,682.68,8.99
1576,Sydney,Mumbai,3152,68.24,Ship,5851.86,8.73
1577,Singapore,Toronto,10519,13.86,Air Freight,5935.62,6.74
1578,London,Mumbai,11406,19.94,Truck,5366.22,4.11
1579,Dubai,New York,7263,69.31,Truck,7744.51,1.14
1580,Toronto,Singapore,6861,46.76,Cargo Van,3013.91,9.31
1581,Mumbai,Toronto,6050,63.92,Air Freight,4847.66,9.98
1582,Singapore,Singapore,89,40.11,Cargo Van,2762.17,3.96
1583,New York,Dubai,4530,63.11,Air Freight,4184.31,2.31
1584,Berlin,London,2108,33.94,Ship,6157.53,8.68
1585,Mumbai,Berlin,6579,68.64,Truck,3300.82,5.4
1586,Dubai,Toronto,4815,37.82,Air Freight,7160.15,1.48
1587,New York,Toronto,1456,47.35,Ship,5671.12,4.52
1588,Mumbai,Toronto,1494,43.17,Air Freight,2003.52,3.39
1589,Dubai,Dubai,2393,23.98,Truck,1228.68,6.57
1590,Singapore,Sydney,5428,31.71,Ship,1805.03,5.4
1591,Dubai,Toronto,8799,10.97,Cargo Van,6676.57,4.29
1592,Mumbai,Berlin,10848,67.83,Cargo Van,2995.36,6.54
1593,London,New York,11396,85.87,Truck,7175.44,9.01
1594,New York,Toronto,3482,3.05,Cargo Van,7481.7,3.09
1595,Toronto,New York,5904,71.71,Air Freight,593.48,9.18
1596,New York,Singapore,7761,11.58,Air Freight,4585.77,3.87
1597,Mumbai,New York,4292,50.4,Truck,2371.34,7.03
1598,Berlin,Berlin,4884,35.81,Cargo Van,3479.68,1.89
1599,Berlin,Singapore,6412,95.77,Cargo Van,802.99,9.63
1600,New York,London,517,26.73,Truck,7980.76,3.47
1601,Sydney,Toronto,8375,57.55,Ship,6335.91,9.0
1602,New York,Mumbai,11293,89.29,Cargo Van,6233.16,3.04
1603,Berlin,Berlin,9754,68.29,Ship,4465.7,3.1
1604,Singapore,Mumbai,8305,13.72,Cargo Van,4538.59,8.74
1605,Sydney,Sydney,6811,32.1,Truck,3086.4,1.31
1606,New York,New York,983,32.48,Ship,7658.98,4.89
1607,Dubai,Dubai,5756,3.41,Ship,3075.11,1.22
1608,Dubai,Singapore,2317,82.54,Air Freight,4822.77,4.01
1609,London,Berlin,9886,31.65,Ship,6832.81,1.2
1610,Sydney,Sydney,7741,62.99,Air Freight,6697.24,6.35
1611,London,Sydney,6286,32.81,Cargo Van,5321.68,5.63
1612,New York,Mumbai,9346,42.34,Cargo Van,4493.94,3.0
1613,New York,London,9646,11.98,Cargo Van,7450.29,3.73
1614,Mumbai,Berlin,427,81.04,Ship,5452.63,8.93
1615,New York,Berlin,9241,71.43,Air Freight,5405.19,7.96
1616,Toronto,Berlin,9460,32.11,Truck,4983.86,3.28
1617,Berlin,Toronto,4024,54.66,Truck,1112.38,1.27
1618,Singapore,Sydney,10621,6.89,Truck,1411.29,7.71
1619,Singapore,New York,9555,28.04,Cargo Van,2370.86,9.52
1620,Mumbai,Sydney,5135,18.52,Cargo Van,6813.78,6.16
1621,Singapore,Sydney,4285,22.19,Truck,536.83,6.88
1622,Toronto,Singapore,7054,46.6,Truck,5459.6,1.53
1623,London,Dubai,5925,79.03,Cargo Van,5132.26,8.12
1624,London,Dubai,11470,20.61,Cargo Van,5454.74,9.24
1625,Singapore,Sydney,5800,82.52,Ship,1356.9,2.79
1626,Mumbai,Sydney,198,69.68,Cargo Van,4958.72,7.48
1627,Toronto,Sydney,8319,13.5,Ship,1865.99,4.59
1628,New York,London,5883,61.5,Truck,7430.48,9.71
1629,Toronto,Dubai,4674,62.92,Truck,984.69,5.68
1630,New York,London,5162,14.95,Cargo Van,2678.16,6.83
1631,Sydney,Dubai,9752,31.32,Ship,3489.59,3.19
1632,Sydney,Mumbai,9535,74.45,Cargo Van,2560.0,2.74
1633,New York,Berlin,8958,69.35,Truck,1675.64,4.97
1634,Berlin,Berlin,2051,49.54,Truck,4036.17,2.37
1635,New York,Dubai,3226,24.88,Truck,1511.18,5.86
1636,Berlin,Singapore,10536,43.74,Air Freight,265.71,5.86
1637,Dubai,Toronto,1940,36.3,Cargo Van,4717.46,6.3
1638,Berlin,Sydney,9891,37.72,Air Freight,248.59,2.2
1639,Mumbai,Sydney,3949,46.68,Truck,6127.22,2.88
1640,Dubai,New York,6598,85.65,Cargo Van,4539.76,5.14
1641,London,Toronto,4316,95.92,Ship,6190.7,9.02
1642,London,New York,3847,3.91,Truck,2663.26,9.76
1643,New York,Berlin,2275,24.01,Air Freight,5814.84,3.73
1644,London,Toronto,300,65.15,Ship,2552.91,7.14
1645,Berlin,London,7755,81.18,Cargo Van,1589.54,2.21
1646,Sydney,London,11529,30.68,Ship,3196.62,8.82
1647,London,Toronto,8641,75.47,Cargo Van,1200.25,3.86
1648,New York,Mumbai,7671,33.51,Cargo Van,499.24,8.75
1649,Dubai,Berlin,4705,83.21,Ship,3337.33,1.65
1650,Mumbai,Berlin,9249,72.89,Cargo Van,3771.27,2.21
1651,Mumbai,London,2209,87.65,Ship,1207.69,8.81
1652,Dubai,London,9071,4.69,Air Freight,5500.56,9.21
1653,New York,Dubai,11554,24.14,Cargo Van,1495.93,9.54
1654,New York,Berlin,5345,67.48,Truck,6715.0,9.78
1655,London,Dubai,5580,70.62,Truck,878.17,4.11
1656,Mumbai,Mumbai,918,20.91,Truck,4114.39,3.24
1657,New York,New York,9192,32.83,Cargo Van,7515.22,8.05
1658,Dubai,Singapore,3619,82.35,Air Freight,6717.72,1.97
1659,London,Singapore,8138,19.97,Ship,4106.9,9.35
1660,Toronto,New York,4353,23.03,Cargo Van,1597.27,3.89
1661,Berlin,Toronto,5379,62.3,Air Freight,6241.24,6.09
1662,Dubai,Berlin,10910,52.69,Ship,3321.73,5.01
1663,Toronto,Toronto,6993,5.63,Ship,1769.64,7.09
1664,Sydney,Mumbai,850,46.34,Air Freight,4498.32,2.82
1665,Berlin,New York,9817,21.05,Ship,6331.27,9.73
1666,Toronto,Singapore,5122,85.95,Cargo Van,1021.33,6.05
1667,Mumbai,Dubai,11806,72.5,Air Freight,5729.56,4.21
1668,New York,Singapore,5144,20.14,Air Freight,6565.65,1.81
1669,London,Toronto,11161,4.63,Cargo Van,534.7,4.5
1670,Sydney,London,4146,48.68,Truck,428.95,8.97
1671,Toronto,Berlin,4986,31.6,Ship,4871.0,6.19
1672,Sydney,Singapore,5458,77.01,Ship,4969.12,5.35
1673,New York,Mumbai,10295,86.81,Air Freight,4070.81,1.68
1674,Berlin,Singapore,7273,95.62,Air Freight,6917.84,1.16
1675,Singapore,Dubai,6234,32.75,Cargo Van,7620.53,3.43
1676,Sydney,London,2835,20.96,Truck,5525.11,2.83
1677,Mumbai,Berlin,10529,30.0,Cargo Van,6634.94,1.73
1678,Toronto,Toronto,3937,75.3,Cargo Van,1849.67,4.88
1679,New York,Dubai,5393,34.72,Truck,1169.67,8.12
1680,Berlin,Dubai,5571,26.58,Air Freight,5975.13,2.07
1681,New York,Mumbai,6462,31.02,Air Freight,1892.76,5.5
1682,Berlin,London,8695,38.96,Air Freight,6904.3,3.46
1683,Sydney,Berlin,7423,59.34,Truck,2450.43,4.91
1684,London,Singapore,5894,58.59,Ship,491.67,1.59
1685,Dubai,Berlin,5736,9.33,Cargo Van,1528.88,4.26
1686,Toronto,Sydney,3422,81.39,Ship,3076.5,2.92
1687,Dubai,Toronto,9947,66.03,Cargo Van,4910.08,7.62
1688,Toronto,Singapore,5695,78.55,Cargo Van,2239.27,1.62
1689,London,Berlin,11691,13.63,Air Freight,4616.51,3.43
1690,Dubai,New York,785,73.67,Ship,4126.09,9.38
1691,Dubai,Sydney,8673,32.16,Cargo Van,5637.91,1.54
1692,Toronto,Dubai,1539,18.52,Air Freight,6832.15,4.91
1693,Dubai,Mumbai,2983,3.33,Air Freight,6239.72,1.26
1694,Singapore,Dubai,9532,68.88,Cargo Van,5626.31,2.19
1695,Sydney,Mumbai,874,55.85,Truck,4474.26,3.38
1696,Toronto,Sydney,1472,56.3,Truck,250.32,9.35
1697,New York,Dubai,5978,31.35,Truck,6899.84,2.91
1698,Singapore,New York,6334,13.72,Truck,1859.83,4.89
1699,Toronto,London,8253,76.51,Ship,1834.22,6.11
1700,Toronto,Mumbai,5170,34.22,Air Freight,2370.8,6.69
1701,New York,New York,7418,70.15,Cargo Van,3723.3,8.2
1702,Berlin,Toronto,11721,28.27,Cargo Van,2148.02,9.38
1703,Toronto,Mumbai,2391,56.74,Cargo Van,5426.74,5.05
1704,Mumbai,Mumbai,2960,37.21,Ship,7935.35,1.53
1705,Dubai,Sydney,4046,80.91,Ship,4220.52,1.06
1706,Sydney,Sydney,11835,65.4,Air Freight,5020.6,7.54
1707,Mumbai,Berlin,8991,68.12,Ship,3331.25,7.67
1708,London,Mumbai,2988,62.78,Truck,3022.34,4.8
1709,New York,New York,3017,58.63,Truck,1696.65,6.17
1710,Sydney,Berlin,8682,82.8,Ship,1712.75,1.89
1711,Dubai,Toronto,10867,92.27,Cargo Van,3555.84,4.42
1712,London,London,11046,80.98,Ship,7335.05,3.65
1713,Berlin,New York,3413,23.17,Ship,2039.84,6.26
1714,Mumbai,Berlin,1743,23.03,Air Freight,2409.19,6.92
1715,London,London,3900,47.61,Ship,5097.87,9.87
1716,Berlin,Dubai,9732,33.92,Air Freight,4110.24,9.02
1717,Sydney,Toronto,7886,41.06,Air Freight,7886.91,4.37
1718,Sydney,Sydney,8155,16.7,Ship,350.86,7.66
1719,Mumbai,Sydney,5765,58.33,Air Freight,1445.9,9.06
1720,London,Singapore,9372,59.12,Cargo Van,5484.15,2.08
1721,Singapore,Singapore,10118,2.92,Truck,6588.31,1.24
1722,Mumbai,Sydney,11578,31.91,Ship,5073.73,3.58
1723,New York,Singapore,6558,45.86,Ship,4089.49,1.25
1724,Toronto,Sydney,9865,26.12,Cargo Van,6055.71,3.76
1725,Dubai,London,5593,27.95,Air Freight,6316.49,3.69
1726,Singapore,London,10352,78.1,Cargo Van,2705.53,5.39
1727,Mumbai,Singapore,6531,5.34,Truck,7009.57,3.42
1728,New York,Berlin,2981,69.85,Truck,7534.13,9.72
1729,Berlin,London,11765,57.52,Truck,476.57,8.58
1730,London,London,9976,34.65,Truck,3184.54,9.41
1731,Singapore,Toronto,4280,38.11,Truck,2964.58,9.25
1732,Toronto,Singapore,3879,91.5,Truck,7665.85,9.11
1733,Sydney,London,4014,60.63,Truck,7134.78,3.75
1734,Toronto,Toronto,8864,41.17,Ship,3322.29,5.99
1735,New York,Berlin,11363,11.5,Air Freight,6336.7,2.61
1736,London,Dubai,4070,87.04,Truck,2682.53,7.68
1737,Singapore,Singapore,4960,19.5,Air Freight,2161.91,7.91
1738,Mumbai,Dubai,4157,82.22,Ship,5947.01,4.76
1739,Singapore,Toronto,3964,79.1,Cargo Van,2443.35,9.74
1740,Sydney,Dubai,5026,83.12,Air Freight,7944.43,6.91
1741,Mumbai,Berlin,8638,9.0,Cargo Van,1776.3,3.21
1742,New York,Sydney,6310,79.21,Air Freight,7989.62,2.1
1743,Singapore,Singapore,8483,68.61,Cargo Van,6393.54,2.97
1744,Toronto,Singapore,10246,10.6,Air Freight,3413.47,1.39
1745,Toronto,Toronto,4460,22.2,Ship,6443.79,8.52
1746,New York,Berlin,11304,12.78,Ship,7782.28,9.32
1747,Berlin,Dubai,4888,62.24,Air Freight,5839.81,8.75
1748,New York,Singapore,3861,14.42,Truck,3523.64,8.72
1749,Berlin,Singapore,7174,60.74,Ship,6378.32,5.97
1750,New York,London,6218,26.04,Air Freight,4850.45,6.07
1751,Mumbai,Berlin,501,43.26,Ship,7078.95,2.72
1752,London,Mumbai,5475,26.36,Cargo Van,713.91,5.04
1753,Dubai,Toronto,10546,35.02,Air Freight,7251.86,3.84
1754,Toronto,Toronto,6781,56.24,Ship,6627.83,5.28
1755,Dubai,London,8534,59.51,Cargo Van,3587.19,7.12
1756,Sydney,Toronto,233,70.43,Cargo Van,2829.76,4.62
1757,Toronto,New York,388,24.56,Truck,6632.92,4.1
1758,Mumbai,Dubai,5710,30.47,Ship,2395.89,7.52
1759,Singapore,Dubai,10549,91.98,Air Freight,7258.33,8.65
1760,Dubai,Mumbai,10762,20.06,Cargo Van,2459.97,1.68
1761,Sydney,New York,6676,84.0,Ship,5985.68,7.81
1762,Sydney,Singapore,11126,60.65,Cargo Van,7759.14,4.01
1763,Toronto,Toronto,6618,34.81,Truck,5681.38,1.61
1764,Mumbai,Singapore,9867,48.75,Truck,1618.46,8.51
1765,Dubai,Toronto,11810,18.49,Air Freight,3372.88,4.21
1766,Dubai,New York,7593,13.4,Ship,2142.79,4.26
1767,London,New York,1727,40.71,Cargo Van,1182.46,3.45
1768,Dubai,Mumbai,10309,93.28,Ship,3261.66,2.89
1769,New York,Sydney,7643,89.34,Truck,2809.1,8.09
1770,Dubai,Berlin,378,71.09,Truck,7639.97,9.05
1771,Singapore,Mumbai,2637,93.49,Air Freight,5274.36,1.88
1772,Mumbai,New York,3639,69.57,Air Freight,2868.24,6.39
1773,Berlin,Mumbai,1931,57.82,Ship,311.88,5.92
1774,Toronto,Toronto,5278,24.9,Truck,7725.68,6.66
1775,Mumbai,New York,11041,15.62,Truck,7489.31,7.67
1776,Sydney,Berlin,9664,46.84,Cargo Van,6755.07,2.72
1777,Berlin,Sydney,2441,90.3,Truck,7921.01,5.73
1778,Mumbai,Sydney,4104,67.12,Air Freight,4054.89,1.56
1779,London,Berlin,3751,28.5,Truck,4900.56,7.85
1780,London,Toronto,6435,88.77,Ship,1599.0,4.87
1781,Mumbai,Singapore,2174,64.55,Air Freight,1746.24,9.71
1782,Toronto,Berlin,84,19.34,Cargo Van,2932.19,1.47
1783,New York,Berlin,5823,23.97,Truck,4326.53,8.13
1784,Singapore,New York,2509,11.42,Cargo Van,2324.2,6.51
1785,Dubai,Berlin,5837,39.98,Ship,4094.84,1.84
1786,Mumbai,Dubai,9457,66.81,Cargo Van,5617.6,1.22
1787,New York,Singapore,4922,49.68,Ship,7144.84,5.53
1788,Singapore,Sydney,2620,51.54,Truck,3420.25,4.63
1789,Sydney,New York,880,12.84,Ship,1515.31,9.26
1790,London,Singapore,9062,6.52,Cargo Van,2426.15,6.75
1791,Singapore,Mumbai,4466,83.98,Cargo Van,5967.63,2.6
1792,Berlin,Toronto,8716,73.27,Truck,633.41,5.91
1793,Singapore,Mumbai,6882,62.94,Air Freight,1263.69,5.6
1794,Toronto,Singapore,7803,80.35,Air Freight,3812.23,7.51
1795,Dubai,Dubai,1266,57.09,Truck,4390.11,8.7
1796,Sydney,Dubai,11230,42.43,Cargo Van,3025.01,1.1
1797,London,Dubai,3469,63.82,Cargo Van,2737.69,6.57
1798,Berlin,Dubai,6435,27.92,Air Freight,1565.78,4.12
1799,London,Berlin,1562,90.63,Truck,2798.58,4.28
1800,Sydney,Toronto,7922,45.61,Truck,899.27,2.33
1801,London,Mumbai,10759,72.87,Ship,6959.76,5.47
1802,Dubai,Mumbai,10512,16.24,Air Freight,4591.82,3.69
1803,Mumbai,London,5369,37.18,Ship,4582.98,6.81
1804,Mumbai,Dubai,11886,14.13,Cargo Van,7454.49,3.0
1805,Sydney,Sydney,6328,86.43,Ship,2094.77,7.95
1806,Berlin,Berlin,897,32.35,Air Freight,2743.15,8.45
1807,London,Dubai,10350,4.43,Truck,3974.3,3.46
1808,Mumbai,Toronto,8155,22.01,Air Freight,1099.48,6.33
1809,London,Berlin,2103,87.03,Air Freight,7450.52,7.13
1810,Berlin,Sydney,4476,5.66,Truck,3465.56,4.81
1811,Toronto,Sydney,1680,78.07,Cargo Van,4750.44,5.89
1812,Singapore,London,6677,51.04,Ship,2875.95,5.88
1813,Mumbai,Mumbai,2901,61.3,Cargo Van,7192.96,3.31
1814,Mumbai,Singapore,7198,90.46,Ship,5222.51,7.9
1815,New York,Singapore,7256,92.34,Cargo Van,7370.99,9.8
1816,New York,New York,680,93.61,Truck,6114.51,8.51
1817,London,New York,425,82.91,Ship,7826.11,9.39
1818,New York,Berlin,7648,71.1,Ship,5143.64,9.74
1819,Mumbai,Mumbai,10957,13.49,Ship,6183.55,6.45
1820,London,Singapore,1992,45.34,Truck,1201.97,5.63
1821,Dubai,Singapore,5639,4.92,Cargo Van,6434.7,9.78
1822,Singapore,London,3856,52.23,Ship,1230.63,4.35
1823,Berlin,Sydney,8388,5.94,Truck,2043.47,9.39
1824,Dubai,Toronto,11047,31.29,Truck,5164.82,2.5
1825,Toronto,London,4690,23.52,Cargo Van,6019.6,5.9
1826,Dubai,Singapore,2582,29.23,Air Freight,1844.86,1.14
1827,Singapore,Singapore,7291,76.74,Ship,1969.08,6.51
1828,Sydney,Singapore,3013,66.63,Air Freight,6784.03,7.52
1829,New York,Sydney,3569,54.44,Air Freight,2954.79,1.43
1830,Mumbai,Singapore,8380,15.54,Air Freight,6516.9,5.23
1831,Singapore,Berlin,9153,87.27,Air Freight,776.61,4.72
1832,Sydney,Toronto,11147,77.62,Cargo Van,3150.27,6.78
1833,Dubai,Singapore,11056,54.33,Air Freight,3245.0,2.26
1834,Sydney,Sydney,9530,85.67,Air Freight,6819.16,5.47
1835,London,Toronto,2665,13.84,Cargo Van,4858.69,6.1
1836,Toronto,Mumbai,1888,27.47,Ship,7011.63,2.05
1837,Toronto,Dubai,7623,75.99,Cargo Van,2681.73,8.78
1838,London,London,2506,22.9,Cargo Van,4901.59,5.0
1839,New York,New York,3648,67.98,Air Freight,7365.96,8.61
1840,Toronto,Berlin,6781,35.95,Cargo Van,2467.59,8.34
1841,Sydney,London,3074,53.24,Truck,6636.89,4.13
1842,New York,Singapore,9064,73.63,Ship,4214.38,5.87
1843,Sydney,Sydney,9744,75.7,Truck,5309.38,5.23
1844,Mumbai,Singapore,1693,62.85,Ship,790.35,1.71
1845,Sydney,Dubai,8767,40.1,Truck,712.92,5.67
1846,London,Berlin,1592,35.85,Ship,3845.11,4.43
1847,London,London,11033,22.78,Ship,6701.19,1.89
1848,Toronto,Sydney,9979,51.72,Cargo Van,364.24,9.87
1849,Mumbai,Berlin,5804,86.72,Cargo Van,2687.54,5.73
1850,Berlin,Dubai,10765,95.47,Cargo Van,6238.99,5.53
1851,New York,Dubai,3507,36.2,Air Freight,1027.16,1.92
1852,London,Sydney,11368,4.85,Truck,3613.05,3.29
1853,New York,Berlin,4049,8.63,Air Freight,7006.84,3.44
1854,Dubai,Sydney,335,78.28,Cargo Van,4688.34,9.74
1855,Sydney,Sydney,7857,27.01,Truck,6069.33,7.43
1856,Singapore,Singapore,229,80.48,Truck,4105.32,6.83
1857,Singapore,Toronto,3772,78.35,Truck,7990.4,3.15
1858,Toronto,London,10984,42.74,Ship,5688.46,7.34
1859,Berlin,Sydney,2533,2.31,Cargo Van,3596.81,4.87
1860,London,London,10947,82.08,Air Freight,6907.94,5.23
1861,Sydney,Berlin,10112,34.98,Air Freight,949.9,3.13
1862,Dubai,Dubai,9106,40.69,Air Freight,2110.55,6.96
1863,London,Dubai,10377,24.31,Ship,5207.92,7.36
1864,Mumbai,New York,2281,29.32,Air Freight,3417.64,1.9
1865,Sydney,Singapore,3060,35.05,Ship,7779.29,4.48
1866,Sydney,Dubai,5983,25.23,Cargo Van,5694.88,4.96
1867,Mumbai,Mumbai,6881,15.99,Air Freight,5973.01,1.95
1868,Sydney,New York,9437,9.42,Ship,6991.13,3.01
1869,London,Dubai,11389,28.02,Cargo Van,4809.51,5.7
1870,Berlin,Mumbai,10139,14.9,Ship,4002.23,2.71
1871,New York,Mumbai,7762,62.06,Air Freight,6920.2,2.13
1872,Singapore,Toronto,11780,36.05,Truck,2299.41,5.05
1873,Berlin,Dubai,8455,74.18,Ship,2207.78,5.66
1874,Toronto,Singapore,2931,51.38,Truck,5167.7,2.29
1875,Berlin,London,5483,75.65,Cargo Van,2205.27,4.16
1876,Sydney,Berlin,5460,36.26,Air Freight,4580.69,6.19
1877,Berlin,Mumbai,5048,10.11,Cargo Van,259.7,3.3
1878,London,Berlin,3410,86.03,Cargo Van,6005.78,1.62
1879,New York,Toronto,4238,89.36,Cargo Van,5618.61,4.31
1880,London,Singapore,7431,45.24,Truck,7035.61,9.3
1881,New York,Sydney,9816,24.09,Truck,1777.77,8.34
1882,Toronto,Toronto,2589,68.76,Ship,1094.05,7.34
1883,Mumbai,Singapore,1811,39.1,Ship,3882.12,6.6
1884,Toronto,Berlin,7360,40.35,Cargo Van,3166.74,5.44
1885,Dubai,Dubai,10717,28.66,Air Freight,1436.38,1.0
1886,Berlin,Dubai,7840,71.16,Cargo Van,6621.72,5.32
1887,Berlin,Singapore,11986,61.8,Truck,5825.31,5.43
1888,Singapore,Mumbai,1268,2.89,Ship,6112.9,6.67
1889,Dubai,Dubai,1134,9.3,Truck,3378.7,3.61
1890,Singapore,Singapore,4748,70.92,Truck,329.29,8.72
1891,London,Sydney,139,86.45,Air Freight,262.13,8.86
1892,New York,Toronto,2232,20.18,Truck,2258.36,1.32
1893,Singapore,Dubai,4579,81.34,Ship,1482.83,4.18
1894,London,London,8322,13.73,Ship,5798.12,2.33
1895,Dubai,New York,6507,84.07,Air Freight,4245.39,4.05
1896,Dubai,Berlin,5115,14.36,Cargo Van,2233.7,8.49
1897,Singapore,Berlin,2355,39.49,Ship,5538.79,7.01
1898,New York,Toronto,10161,44.79,Truck,391.25,8.53
1899,Dubai,London,4160,7.21,Air Freight,5970.74,1.27
1900,New York,Mumbai,711,65.07,Air Freight,6991.4,1.87
1901,Berlin,Mumbai,142,50.96,Truck,6475.41,4.16
1902,New York,New York,6813,76.89,Ship,1608.04,4.02
1903,London,London,2617,88.51,Ship,3650.42,3.97
1904,New York,New York,9338,69.16,Ship,5920.33,5.54
1905,Sydney,Berlin,792,34.8,Truck,7391.86,7.42
1906,Dubai,Mumbai,4557,41.0,Cargo Van,7677.47,8.4
1907,Singapore,London,214,3.77,Truck,7572.15,2.36
1908,New York,Dubai,9509,47.26,Truck,4549.61,5.6
1909,Berlin,Toronto,11425,83.73,Air Freight,4038.8,2.13
1910,Mumbai,Singapore,7590,2.57,Cargo Van,993.44,6.59
1911,New York,Berlin,11764,39.32,Cargo Van,854.72,8.09
1912,Toronto,Berlin,7069,14.59,Ship,5686.71,9.74
1913,Berlin,Toronto,468,55.94,Truck,5603.04,5.65
1914,Mumbai,Mumbai,4057,75.02,Air Freight,6400.18,3.81
1915,Singapore,New York,4628,54.58,Ship,2917.68,8.5
1916,Berlin,London,9625,8.11,Cargo Van,3379.51,8.87
1917,London,New York,4671,26.49,Truck,2194.22,8.11
1918,Berlin,Singapore,11137,36.16,Cargo Van,7163.45,6.87
1919,Mumbai,Sydney,7876,51.48,Truck,5303.62,4.44
1920,Mumbai,Sydney,3573,91.89,Cargo Van,4059.06,5.79
1921,Dubai,New York,6556,67.02,Air Freight,7786.89,4.02
1922,Berlin,Berlin,6540,86.17,Truck,2006.17,6.62
1923,New York,Dubai,3070,52.41,Cargo Van,2574.75,1.43
1924,Mumbai,Mumbai,5368,18.36,Air Freight,4948.97,1.15
1925,Toronto,Toronto,11422,85.95,Ship,4138.74,5.41
1926,Singapore,New York,5725,93.0,Air Freight,5027.33,3.3
1927,New York,Mumbai,6973,23.16,Cargo Van,5253.6,3.16
1928,Mumbai,Berlin,4903,92.49,Cargo Van,7389.93,7.43
1929,Toronto,London,8071,28.23,Cargo Van,5331.76,2.75
1930,Toronto,Sydney,4824,6.14,Air Freight,4558.43,8.75
1931,Mumbai,Dubai,6924,54.39,Air Freight,6355.47,7.93
1932,Singapore,Toronto,8858,2.73,Cargo Van,5614.42,3.56
1933,New York,Singapore,9347,62.62,Truck,6696.29,7.69
1934,Dubai,Sydney,5991,15.87,Cargo Van,2265.56,6.48
1935,Berlin,Berlin,6853,59.73,Ship,2241.87,6.61
1936,Mumbai,Singapore,1461,67.98,Ship,6966.69,8.91
1937,Berlin,Singapore,4457,61.7,Ship,4926.58,6.2
1938,Dubai,London,8883,14.71,Air Freight,739.42,6.64
1939,Singapore,Mumbai,7712,82.32,Air Freight,4836.89,7.42
1940,Mumbai,Sydney,10696,94.94,Air Freight,5566.91,7.15
1941,Dubai,Toronto,8213,14.42,Ship,570.82,5.65
1942,Berlin,Toronto,1804,67.22,Cargo Van,6649.24,2.93
1943,Toronto,Singapore,8100,26.77,Air Freight,6226.25,6.92
1944,London,Singapore,4906,86.09,Cargo Van,3925.25,6.81
1945,London,Toronto,2019,11.26,Truck,7692.71,3.45
1946,Berlin,Sydney,3123,68.34,Air Freight,6147.76,6.84
1947,Mumbai,Toronto,6833,37.01,Ship,4960.25,5.16
1948,Mumbai,Toronto,3193,79.0,Ship,7320.48,3.68
1949,London,Dubai,4034,90.83,Ship,965.79,4.41
1950,London,London,3939,56.19,Cargo Van,3541.61,2.05
1951,London,Dubai,11323,82.51,Truck,5096.18,9.45
1952,London,Toronto,4053,85.73,Cargo Van,3429.47,3.95
1953,Berlin,Berlin,259,25.66,Truck,5137.16,5.63
1954,London,Berlin,7360,49.07,Air Freight,917.53,3.42
1955,Sydney,Dubai,5720,64.62,Air Freight,7907.41,2.95
1956,New York,New York,788,89.48,Ship,3890.14,5.32
1957,New York,Dubai,985,92.81,Truck,3329.53,4.08
1958,Toronto,Mumbai,8956,84.84,Air Freight,7522.99,3.72
1959,New York,New York,8942,23.68,Ship,6899.46,6.47
1960,London,Dubai,8991,16.24,Ship,4097.76,7.6
1961,Mumbai,Sydney,7565,75.4,Ship,202.2,4.37
1962,Dubai,Berlin,2018,5.05,Ship,6534.11,7.86
1963,Mumbai,Mumbai,1354,49.2,Cargo Van,6906.31,5.62
1964,Mumbai,New York,745,40.45,Air Freight,7306.45,5.45
1965,London,Mumbai,11891,3.02,Truck,7861.58,1.27
1966,Toronto,New York,9447,57.61,Ship,6550.4,6.36
1967,Toronto,Dubai,6624,72.61,Ship,5653.69,1.69
1968,Sydney,Dubai,11896,50.29,Air Freight,7342.37,4.67
1969,Sydney,Mumbai,3096,38.18,Cargo Van,436.39,1.1
1970,Mumbai,Mumbai,7849,46.07,Ship,7704.93,1.88
1971,New York,London,7024,84.28,Air Freight,6014.46,5.44
1972,Singapore,Singapore,5581,8.2,Ship,6351.8,1.5
1973,Sydney,Mumbai,11010,32.39,Ship,4331.72,2.11
1974,Dubai,Toronto,8387,35.32,Cargo Van,4111.0,1.82
1975,Mumbai,London,1448,52.82,Air Freight,3651.26,2.68
1976,Sydney,London,1644,46.25,Truck,1595.99,6.95
1977,London,Singapore,1664,78.43,Cargo Van,1149.13,2.8
1978,Singapore,Mumbai,882,34.83,Cargo Van,627.81,6.45
1979,London,New York,380,57.96,Truck,6923.44,5.54
1980,Sydney,Berlin,710,72.84,Air Freight,7088.24,2.09
1981,Toronto,Toronto,8174,11.13,Truck,2871.7,1.06
1982,New York,New York,6989,62.0,Ship,2354.75,5.02
1983,Singapore,London,2486,79.91,Ship,1053.37,4.39
1984,Mumbai,Mumbai,6549,55.23,Cargo Van,6437.08,6.37
1985,Mumbai,Berlin,4335,36.09,Truck,3724.73,9.18
1986,Toronto,Singapore,5203,16.65,Ship,2738.76,3.68
1987,Mumbai,London,5125,54.48,Air Freight,5539.42,8.43
1988,Toronto,Toronto,10426,66.66,Truck,3572.15,3.59
1989,Berlin,Toronto,2408,26.09,Truck,1163.07,8.12
1990,Toronto,Singapore,1548,29.78,Air Freight,7065.04,7.1
1991,Dubai,Dubai,9096,84.18,Cargo Van,4392.11,3.52
1992,Singapore,Singapore,2751,42.78,Truck,1727.9,6.89
1993,London,New York,9082,94.9,Ship,6905.25,7.09
1994,London,Sydney,99,4.12,Air Freight,6690.59,1.63
1995,New York,Mumbai,1300,31.46,Cargo Van,1899.48,9.91
1996,Toronto,Berlin,5435,77.81,Cargo Van,7264.83,8.53
1997,Sydney,New York,11180,47.43,Cargo Van,5086.21,5.35
1998,New York,Berlin,11839,32.31,Ship,6943.94,9.42
1999,London,Toronto,6475,22.74,Cargo Van,5578.7,7.9
2000,Sydney,New York,6453,14.32,Air Freight,2589.88,3.85
2001,London,New York,5115,24.47,Ship,4157.39,3.32
2002,Mumbai,Berlin,6880,58.58,Air Freight,1187.4,5.38
2003,Mumbai,Sydney,1799,22.56,Truck,6112.24,7.65
2004,Sydney,Berlin,4566,51.9,Air Freight,5183.35,4.98
2005,Toronto,Berlin,2886,33.87,Air Freight,5468.86,2.8
2006,Berlin,Sydney,5385,20.64,Cargo Van,6924.38,1.28
2007,Berlin,Sydney,3012,15.65,Truck,4645.33,9.54
2008,Mumbai,Berlin,11725,67.32,Ship,7987.53,6.78
2009,Dubai,Toronto,7053,54.9,Truck,3710.14,4.62
2010,Sydney,Mumbai,3280,92.41,Cargo Van,5795.02,8.56
2011,New York,New York,322,9.17,Ship,3683.1,8.52
2012,New York,Singapore,6418,92.03,Truck,2072.15,3.07
2013,Berlin,Mumbai,2013,52.15,Air Freight,4086.89,9.54
2014,Berlin,New York,1278,55.64,Air Freight,1490.62,5.89
2015,Dubai,Sydney,2367,44.71,Ship,5331.4,2.2
2016,Dubai,Toronto,4377,71.49,Ship,3373.86,4.44
2017,Sydney,Mumbai,4648,79.93,Cargo Van,7365.67,7.03
2018,Berlin,Mumbai,3301,44.59,Air Freight,1734.39,8.9
2019,Mumbai,Berlin,10751,67.79,Air Freight,5903.57,7.33
2020,Sydney,Sydney,8607,31.31,Truck,2463.38,1.83
2021,Toronto,Singapore,11611,36.8,Air Freight,3345.2,8.25
2022,London,London,9546,55.31,Air Freight,1494.11,6.58
2023,Mumbai,Berlin,9475,7.23,Air Freight,7728.38,7.65
2024,Berlin,London,303,50.23,Cargo Van,714.8,1.79
2025,Mumbai,Berlin,6989,23.71,Cargo Van,647.37,9.22
2026,Dubai,Sydney,9531,72.77,Ship,414.89,8.78
2027,Mumbai,New York,2064,42.97,Cargo Van,6439.84,6.29
2028,New York,New York,1764,57.51,Air Freight,4206.19,5.9
2029,Mumbai,Toronto,2427,90.84,Cargo Van,3487.3,6.39
2030,Mumbai,New York,9116,54.19,Ship,6910.84,2.33
2031,Mumbai,Toronto,6875,40.39,Ship,654.83,8.24
2032,New York,Dubai,4176,45.5,Air Freight,4293.99,8.6
2033,Berlin,Mumbai,10246,59.02,Ship,3441.53,6.5
2034,London,Dubai,7798,88.42,Ship,3400.54,9.76
2035,Berlin,Dubai,8361,16.42,Air Freight,284.6,2.96
2036,New York,Toronto,9913,71.27,Ship,5080.59,9.75
2037,New York,Singapore,1428,18.8,Ship,6965.99,1.18
2038,London,Berlin,9795,65.47,Cargo Van,657.34,2.25
2039,Sydney,Dubai,1467,44.73,Air Freight,6834.98,5.0
2040,Berlin,Berlin,8085,80.6,Ship,7963.38,9.41
2041,Berlin,Toronto,8065,2.26,Air Freight,5769.54,5.42
2042,Dubai,London,4399,46.49,Truck,6603.26,8.9
2043,New York,Mumbai,2559,94.64,Air Freight,6447.17,7.13
2044,London,Toronto,3074,37.21,Air Freight,7515.04,3.09
2045,London,Sydney,11637,36.34,Cargo Van,4211.99,2.9
2046,New York,London,211,57.3,Ship,7274.42,7.43
2047,Singapore,Sydney,8965,92.7,Truck,634.38,2.4
2048,Mumbai,Sydney,5461,58.84,Cargo Van,5812.72,2.57
2049,Berlin,Toronto,7281,28.52,Ship,2618.23,7.27
2050,New York,Berlin,1020,32.81,Ship,1676.29,6.33
2051,New York,Dubai,2593,15.96,Air Freight,4397.13,1.84
2052,Dubai,Toronto,1939,33.74,Truck,870.35,7.9
2053,New York,Mumbai,5630,35.41,Air Freight,6393.27,1.54
2054,Dubai,Singapore,7820,8.64,Air Freight,5837.79,4.31
2055,Toronto,Mumbai,10424,73.25,Ship,4601.33,8.79
2056,Dubai,Singapore,3496,15.46,Ship,5844.89,3.49
2057,Singapore,Singapore,2546,83.6,Ship,4958.78,6.79
2058,Dubai,Mumbai,404,74.88,Ship,3786.53,2.54
2059,Berlin,London,7055,75.12,Ship,4452.77,2.47
2060,Toronto,Mumbai,1100,57.81,Ship,2670.88,3.94
2061,Mumbai,Toronto,11496,46.91,Cargo Van,6775.09,4.83
2062,Berlin,Mumbai,8444,71.82,Truck,3821.79,1.01
2063,London,Mumbai,10461,72.03,Ship,5904.12,5.89
2064,Sydney,Berlin,9870,71.34,Cargo Van,2631.01,8.02
2065,New York,Mumbai,4572,61.4,Air Freight,1955.1,6.03
2066,Sydney,Dubai,7030,43.13,Air Freight,1191.5,6.16
2067,Berlin,Dubai,4675,23.22,Air Freight,5441.16,5.32
2068,Singapore,Singapore,5433,43.31,Cargo Van,4864.38,8.33
2069,London,London,7150,52.75,Air Freight,5901.92,7.91
2070,New York,Sydney,9455,94.47,Ship,7962.23,4.93
2071,Mumbai,New York,4876,9.01,Truck,4402.85,7.93
2072,Singapore,Mumbai,5940,87.14,Ship,6481.47,2.18
2073,Mumbai,New York,8184,67.24,Truck,1278.88,9.57
2074,London,New York,4328,54.25,Truck,6800.58,7.47
2075,London,Singapore,1050,57.42,Ship,7872.85,1.35
2076,Berlin,Singapore,1877,37.48,Truck,4618.66,1.65
2077,Mumbai,Sydney,9469,22.59,Cargo Van,2924.35,5.43
2078,Mumbai,London,84,68.84,Ship,6223.95,6.78
2079,Singapore,Sydney,4391,38.69,Truck,5322.7,6.35
2080,New York,Toronto,11700,56.24,Cargo Van,3922.43,3.14
2081,Berlin,Singapore,5890,37.01,Air Freight,727.88,1.27
2082,London,Berlin,1052,46.64,Truck,408.91,8.47
2083,Mumbai,Dubai,1526,95.54,Cargo Van,3597.13,9.09
2084,Dubai,London,11318,42.27,Ship,3462.06,1.64
2085,Singapore,Toronto,7053,58.69,Air Freight,1253.01,6.14
2086,Singapore,Toronto,8600,86.88,Air Freight,5326.55,4.05
2087,Berlin,Berlin,7756,32.57,Truck,4134.45,5.47
2088,New York,London,4423,27.16,Air Freight,6636.51,8.72
2089,Mumbai,Dubai,6503,13.35,Cargo Van,1297.57,1.27
2090,Berlin,Toronto,7662,22.9,Truck,5124.01,4.65
2091,New York,Sydney,6322,62.17,Truck,4191.07,9.4
2092,New York,Mumbai,5597,41.26,Ship,3638.62,7.38
2093,Berlin,London,11933,18.61,Truck,6778.73,2.13
2094,Singapore,Singapore,3335,14.06,Truck,1027.82,6.88
2095,Toronto,Singapore,11099,50.59,Cargo Van,6858.99,2.09
2096,Toronto,Mumbai,967,48.44,Ship,4006.63,2.02
2097,Mumbai,Dubai,3573,44.98,Ship,593.83,2.57
2098,New York,London,7893,17.81,Air Freight,6334.81,1.08
2099,Berlin,Mumbai,11077,61.31,Ship,240.9,8.56
2100,Dubai,Sydney,4441,47.6,Truck,610.16,1.28
2101,Berlin,London,6315,32.59,Ship,5695.65,8.82
2102,New York,Sydney,837,14.02,Ship,826.78,2.39
2103,New York,London,2859,11.61,Air Freight,6234.16,4.08
2104,New York,New York,2954,71.14,Cargo Van,4084.95,4.69
2105,Sydney,New York,6622,22.05,Cargo Van,1376.0,2.74
2106,Toronto,Singapore,2706,59.15,Truck,1198.82,4.61
2107,Sydney,Toronto,1886,5.7,Truck,7130.94,7.57
2108,Sydney,Singapore,4940,29.48,Cargo Van,6202.62,4.02
2109,Toronto,Singapore,6416,4.86,Truck,7893.7,4.93
2110,Sydney,London,986,46.3,Air Freight,5161.87,9.33
2111,Berlin,Singapore,1602,36.48,Air Freight,3252.09,4.27
2112,New York,Toronto,10618,58.37,Air Freight,5789.63,4.63
2113,Berlin,Dubai,1563,55.66,Cargo Van,4479.12,7.55
2114,Berlin,Dubai,11421,95.42,Cargo Van,6395.57,2.46
2115,Dubai,Berlin,674,50.89,Cargo Van,6777.56,3.3
2116,London,Berlin,2240,84.96,Air Freight,1757.27,9.08
2117,New York,Toronto,8783,20.29,Truck,6346.48,1.5
2118,Sydney,London,4328,59.87,Air Freight,4375.88,3.89
2119,Toronto,Sydney,8991,55.86,Truck,4511.78,6.07
2120,Berlin,New York,6530,2.55,Air Freight,3291.09,6.42
2121,Singapore,Dubai,8516,60.29,Ship,3530.95,6.24
2122,London,Toronto,2702,62.65,Air Freight,5814.15,9.41
2123,London,Singapore,2855,19.51,Air Freight,1874.49,1.21
2124,Singapore,Toronto,9500,53.59,Air Freight,5575.61,1.15
2125,New York,Mumbai,11621,76.72,Air Freight,2320.89,8.36
2126,Dubai,Berlin,3385,28.89,Air Freight,3551.71,8.09
2127,Toronto,Berlin,6183,17.87,Air Freight,467.15,6.51
2128,Toronto,Dubai,4989,43.79,Cargo Van,7544.24,5.55
2129,Toronto,Singapore,4907,59.31,Truck,2477.71,7.69
2130,Sydney,Mumbai,79,56.36,Air Freight,458.26,6.44
2131,Toronto,Singapore,2656,34.04,Air Freight,4825.91,9.09
2132,Singapore,Singapore,2970,90.63,Ship,3276.01,8.05
2133,London,New York,6946,7.84,Truck,5528.4,1.88
2134,Singapore,London,5115,27.27,Ship,1341.38,9.24
2135,Toronto,Sydney,5710,83.74,Ship,7436.96,4.41
2136,Mumbai,Singapore,6695,24.04,Ship,7841.37,5.76
2137,Singapore,London,3086,27.79,Air Freight,7571.39,3.6
2138,Berlin,Dubai,8516,76.01,Cargo Van,1253.24,7.12
2139,Sydney,Sydney,8401,38.22,Cargo Van,7502.25,9.67
2140,New York,Mumbai,2925,64.19,Air Freight,6848.63,5.66
2141,Toronto,Toronto,6405,12.78,Cargo Van,3433.54,9.87
2142,Sydney,Mumbai,5748,24.31,Cargo Van,2551.14,1.43
2143,Sydney,New York,9780,48.99,Truck,574.26,4.03
2144,Singapore,London,10978,84.55,Truck,1678.65,5.76
2145,Mumbai,London,1148,12.69,Ship,420.36,7.12
2146,Dubai,New York,8138,5.49,Truck,3633.91,8.94
2147,Sydney,Mumbai,7309,87.0,Air Freight,7502.36,8.39
2148,Mumbai,Sydney,11637,82.08,Air Freight,5208.26,4.52
2149,Singapore,Toronto,921,16.18,Air Freight,1807.13,8.3
2150,Singapore,Toronto,3407,63.61,Air Freight,2502.64,2.02
2151,Berlin,Sydney,1570,39.23,Truck,3485.97,1.11
2152,New York,Toronto,2397,17.96,Ship,1589.46,6.93
2153,London,Singapore,11364,54.18,Air Freight,3060.83,8.54
2154,Mumbai,London,7460,4.49,Ship,4624.12,1.46
2155,New York,Singapore,1588,3.02,Cargo Van,5621.95,6.48
2156,Toronto,London,9031,40.18,Cargo Van,2317.61,1.06
2157,London,Toronto,9453,93.78,Ship,1791.49,8.27
2158,Toronto,Sydney,6076,91.26,Truck,2073.78,5.17
2159,New York,Mumbai,6411,30.43,Truck,7988.25,3.61
2160,Dubai,Toronto,1759,88.14,Cargo Van,379.37,2.76
2161,London,Singapore,8639,43.96,Ship,1532.12,5.99
2162,Sydney,Berlin,9760,46.73,Ship,569.66,6.66
2163,Toronto,Singapore,8484,57.53,Ship,1071.3,2.44
2164,Sydney,Sydney,4631,29.31,Ship,4493.58,7.26
2165,Mumbai,Dubai,9488,67.54,Cargo Van,2291.87,8.97
2166,Dubai,Mumbai,9840,32.11,Ship,6572.61,5.64
2167,Berlin,Toronto,8718,55.3,Air Freight,6610.53,1.31
2168,Mumbai,Berlin,4163,38.37,Truck,3534.38,4.58
2169,Toronto,Sydney,4124,12.04,Air Freight,3207.68,6.54
2170,London,Toronto,11378,49.55,Cargo Van,7155.08,5.37
2171,Sydney,Sydney,11699,63.55,Cargo Van,5678.78,7.24
2172,Mumbai,Toronto,6090,51.58,Air Freight,6221.97,8.93
2173,Mumbai,Dubai,458,85.91,Air Freight,266.23,8.5
2174,London,New York,11508,77.26,Truck,7862.57,6.43
2175,Singapore,Dubai,4146,87.43,Ship,389.93,9.8
2176,Singapore,Berlin,11384,50.76,Cargo Van,6605.48,8.65
2177,Dubai,New York,6494,42.73,Cargo Van,6088.42,9.55
2178,Toronto,Berlin,11776,43.93,Cargo Van,4791.88,9.41
2179,Sydney,Singapore,6441,2.35,Air Freight,754.97,9.89
2180,Berlin,Singapore,9626,20.63,Air Freight,3378.37,3.61
2181,New York,Berlin,815,28.21,Ship,6506.11,9.54
2182,Sydney,Berlin,9395,35.62,Cargo Van,6043.77,9.96
2183,New York,Singapore,9643,72.64,Ship,7335.13,1.81
2184,Singapore,London,1974,14.77,Air Freight,1850.46,1.87
2185,Toronto,Berlin,4490,31.6,Ship,1486.07,1.95
2186,Toronto,Berlin,11784,4.61,Truck,7977.58,5.02
2187,London,Toronto,5111,90.66,Air Freight,479.14,4.04
2188,Toronto,New York,1570,26.56,Air Freight,6831.55,8.82
2189,Mumbai,Berlin,2657,69.39,Air Freight,7494.52,4.63
2190,Dubai,Mumbai,8059,40.15,Ship,3501.05,2.09
2191,New York,New York,5562,90.43,Cargo Van,7460.69,1.84
2192,Dubai,Toronto,2337,53.34,Air Freight,6820.03,1.48
2193,Dubai,Mumbai,7824,16.5,Ship,6253.83,3.59
2194,Berlin,Toronto,2494,78.53,Ship,3017.47,4.01
2195,London,Toronto,178,71.86,Truck,4507.52,5.23
2196,New York,Berlin,205,27.52,Ship,4344.66,2.25
2197,Berlin,Berlin,9629,78.34,Truck,5380.41,8.64
2198,Sydney,Dubai,7755,25.55,Ship,5968.39,5.89
2199,Mumbai,New York,10810,34.12,Truck,277.87,8.74
2200,Toronto,Singapore,5741,38.44,Cargo Van,1955.43,8.86
2201,Mumbai,Singapore,9201,58.67,Air Freight,6962.76,9.74
2202,New York,Sydney,4757,22.52,Ship,7883.16,8.55
2203,Singapore,Dubai,5204,90.45,Ship,2477.06,9.11
2204,Singapore,London,3885,39.81,Cargo Van,1511.16,7.96
2205,New York,London,7983,14.95,Air Freight,3860.12,2.71
2206,Sydney,New York,2809,61.23,Truck,2392.99,3.55
2207,New York,Sydney,6368,23.98,Cargo Van,4209.48,2.56
2208,Dubai,Mumbai,5368,34.07,Truck,723.79,5.73
2209,London,Toronto,3867,43.7,Ship,6943.96,1.92
2210,Berlin,Mumbai,9708,53.12,Ship,454.7,2.11
2211,New York,Mumbai,1503,64.04,Truck,5290.23,4.32
2212,Dubai,London,6829,50.82,Cargo Van,7890.41,4.94
2213,Toronto,Berlin,8802,85.54,Truck,1819.0,9.19
2214,Berlin,Dubai,11337,22.24,Air Freight,4341.26,3.76
2215,London,Mumbai,2957,25.35,Ship,3687.7,6.46
2216,London,Dubai,10724,43.7,Air Freight,3608.73,8.11
2217,London,London,5865,79.46,Cargo Van,348.9,6.41
2218,Dubai,Toronto,10453,76.66,Cargo Van,6123.74,3.92
2219,Berlin,New York,11266,27.22,Cargo Van,3416.4,8.31
2220,New York,Berlin,11392,92.22,Air Freight,7324.33,8.74
2221,Toronto,Singapore,3488,70.92,Air Freight,1763.92,6.09
2222,Dubai,London,4824,71.49,Truck,3931.11,1.73
2223,Berlin,Toronto,2381,75.57,Truck,2253.74,7.36
2224,New York,Berlin,9332,39.32,Ship,1091.37,3.75
2225,Dubai,Berlin,525,18.13,Cargo Van,4430.28,2.98
2226,Berlin,Toronto,10423,61.78,Truck,711.46,1.65
2227,London,Singapore,5249,41.7,Ship,668.7,6.03
2228,Singapore,London,11529,95.31,Air Freight,2544.24,4.11
2229,Berlin,New York,11876,61.59,Cargo Van,3400.74,4.77
2230,London,Singapore,11409,72.33,Ship,3009.7,4.65
2231,Toronto,Singapore,10583,7.59,Truck,6568.29,3.44
2232,Dubai,Toronto,5083,34.43,Cargo Van,459.26,4.01
2233,London,Berlin,1250,46.9,Air Freight,1120.9,3.49
2234,Sydney,Berlin,422,47.71,Air Freight,1680.73,8.03
2235,Mumbai,London,7226,28.95,Ship,507.77,5.72
2236,Mumbai,Singapore,511,33.22,Truck,4759.52,7.64
2237,Toronto,London,2187,58.52,Truck,4738.09,8.92
2238,London,London,1854,30.28,Truck,406.88,3.85
2239,London,New York,7822,15.25,Truck,2208.74,4.54
2240,Sydney,Toronto,2407,46.33,Air Freight,2568.93,9.12
2241,London,London,7243,89.18,Truck,7080.41,1.96
2242,Toronto,London,2981,30.92,Ship,5193.03,4.03
2243,Mumbai,Dubai,916,57.23,Truck,2421.45,1.55
2244,Dubai,Mumbai,3578,60.1,Air Freight,1666.28,1.03
2245,Dubai,London,3991,92.02,Truck,1961.57,4.71
2246,Toronto,Berlin,4979,94.71,Cargo Van,3798.8,4.66
2247,Mumbai,Berlin,8924,9.52,Cargo Van,1373.75,4.82
2248,New York,Singapore,5957,41.2,Cargo Van,6844.62,1.39
2249,Dubai,Sydney,9834,59.34,Cargo Van,2583.83,5.37
2250,Sydney,New York,5356,28.22,Air Freight,5495.93,9.04
2251,Berlin,New York,6225,82.31,Truck,1787.55,2.87
2252,Mumbai,Berlin,998,42.31,Ship,7978.99,9.48
2253,Sydney,Mumbai,8800,26.48,Ship,3950.27,7.76
2254,Singapore,Dubai,3905,20.14,Cargo Van,575.6,8.73
2255,London,Mumbai,4897,64.73,Cargo Van,3997.52,4.29
2256,Sydney,New York,6046,12.65,Truck,6058.09,1.75
2257,Berlin,Dubai,924,65.91,Ship,3425.23,1.69
2258,Toronto,Mumbai,2685,60.79,Air Freight,3386.25,6.48
2259,Sydney,New York,6929,25.41,Air Freight,5272.08,2.97
2260,Singapore,Toronto,413,87.57,Air Freight,4128.69,1.71
2261,New York,Toronto,5932,6.05,Ship,5223.5,1.67
2262,Singapore,Toronto,4210,38.7,Cargo Van,2665.01,5.78
2263,Mumbai,Toronto,11932,5.01,Truck,5882.33,7.02
2264,Dubai,Singapore,2618,30.8,Cargo Van,6368.66,7.3
2265,New York,Berlin,7127,7.72,Cargo Van,6714.89,6.28
2266,Singapore,Dubai,6174,29.58,Cargo Van,6787.59,9.17
2267,London,London,4569,84.08,Ship,4589.5,5.11
2268,Berlin,Toronto,8476,21.71,Truck,3733.81,7.21
2269,Singapore,Singapore,4124,81.33,Air Freight,6604.2,8.57
2270,Mumbai,London,3110,68.55,Air Freight,6756.26,6.91
2271,Mumbai,Sydney,10770,63.5,Air Freight,435.83,3.26
2272,Sydney,Mumbai,4584,6.88,Ship,1423.22,5.18
2273,New York,Berlin,10499,49.76,Truck,4645.4,5.72
2274,Singapore,Sydney,7968,91.36,Truck,7440.12,4.02
2275,Sydney,New York,7199,50.73,Cargo Van,7537.55,9.61
2276,Singapore,Berlin,9741,84.92,Cargo Van,869.13,5.45
2277,Mumbai,Toronto,7712,69.28,Truck,6204.25,2.26
2278,London,Singapore,9356,79.56,Truck,5580.7,3.1
2279,London,London,11217,90.91,Cargo Van,238.41,8.32
2280,Singapore,New York,9418,70.2,Ship,3922.92,4.14
2281,Singapore,Singapore,3590,37.7,Air Freight,3099.86,3.59
2282,Mumbai,Toronto,2675,71.96,Cargo Van,2361.9,1.03
2283,Dubai,Berlin,3658,86.11,Truck,5099.43,5.06
2284,New York,London,1278,52.4,Air Freight,3084.57,6.17
2285,Toronto,Berlin,11328,81.11,Cargo Van,2571.81,1.44
2286,Sydney,Singapore,6210,54.52,Air Freight,3947.86,7.5
2287,Mumbai,Dubai,10380,75.66,Ship,3997.38,3.23
2288,Singapore,London,8405,43.15,Cargo Van,6815.28,4.43
2289,London,Berlin,1797,87.68,Ship,2723.45,6.38
2290,Toronto,Toronto,7421,93.69,Air Freight,7322.22,9.42
2291,Toronto,Toronto,9020,13.3,Air Freight,2667.85,9.48
2292,Berlin,London,5237,24.75,Cargo Van,1546.75,5.61
2293,Sydney,London,9063,87.44,Air Freight,4166.17,8.03
2294,Mumbai,Toronto,10958,55.74,Truck,4697.72,4.32
2295,Singapore,Dubai,860,6.56,Truck,7405.07,8.87
2296,Sydney,Dubai,11243,17.15,Cargo Van,2560.83,6.93
2297,Berlin,Dubai,4761,23.18,Ship,770.39,5.62
2298,Sydney,New York,3782,41.21,Ship,343.61,5.07
2299,Singapore,London,7753,73.39,Air Freight,7888.21,9.02
2300,Singapore,Singapore,7261,87.16,Air Freight,7869.12,4.13
2301,Singapore,Mumbai,10725,3.51,Air Freight,1788.95,7.58
2302,London,Berlin,10832,83.88,Truck,1460.48,9.0
2303,Dubai,Singapore,2955,69.79,Air Freight,1254.39,6.06
2304,Mumbai,Mumbai,3675,80.69,Truck,5212.27,3.13
2305,Dubai,Mumbai,569,92.54,Truck,5845.97,2.16
2306,New York,Mumbai,2998,89.19,Truck,3007.5,8.76
2307,Mumbai,New York,1853,70.72,Air Freight,6820.15,5.93
2308,Sydney,Mumbai,1343,26.28,Air Freight,7242.51,7.28
2309,Mumbai,Berlin,7004,92.74,Truck,3268.51,5.69
2310,Mumbai,Singapore,9190,85.91,Cargo Van,4487.52,5.06
2311,Sydney,London,8376,80.97,Cargo Van,4227.55,4.67
2312,Dubai,Singapore,1889,67.85,Truck,1117.82,6.02
2313,Sydney,Dubai,789,29.86,Truck,7561.36,6.48
2314,Singapore,Toronto,11336,25.43,Truck,411.57,1.33
2315,Sydney,London,10345,7.42,Truck,4443.43,7.11
2316,Berlin,London,2577,20.16,Ship,7960.45,9.83
2317,Sydney,Toronto,389,9.21,Ship,3686.2,9.69
2318,Toronto,Singapore,8565,76.59,Cargo Van,2464.05,5.74
2319,Sydney,Mumbai,7514,46.08,Truck,3273.27,3.75
2320,Singapore,Toronto,10734,80.54,Air Freight,6153.14,4.8
2321,London,Toronto,211,23.76,Ship,511.53,9.44
2322,Dubai,Dubai,3104,67.86,Cargo Van,7091.12,4.98
2323,Berlin,Dubai,4780,72.44,Ship,2504.72,1.53
2324,Singapore,Dubai,5969,78.25,Cargo Van,2587.46,3.42
2325,Mumbai,Sydney,10779,38.33,Ship,7269.85,8.23
2326,Sydney,Toronto,8322,92.02,Ship,3466.9,5.02
2327,New York,London,10410,49.0,Ship,7901.84,1.93
2328,Toronto,Singapore,626,66.1,Air Freight,573.6,4.1
2329,Singapore,Mumbai,5452,42.74,Truck,7126.31,2.16
2330,Singapore,London,8028,87.58,Ship,7505.82,1.5
2331,Toronto,London,11930,8.98,Cargo Van,1568.48,8.48
2332,Mumbai,Mumbai,11258,43.0,Cargo Van,2625.08,9.22
2333,Singapore,Berlin,3755,63.18,Truck,6078.77,1.36
2334,Toronto,Berlin,1500,40.35,Ship,6917.22,3.49
2335,Singapore,Dubai,4828,29.8,Air Freight,7992.48,8.34
2336,Toronto,Singapore,2035,31.17,Cargo Van,6565.22,7.69
2337,London,Dubai,8004,21.16,Cargo Van,7599.87,4.77
2338,Mumbai,London,626,18.42,Cargo Van,4697.41,5.91
2339,Sydney,Singapore,791,95.45,Cargo Van,7518.43,3.14
2340,Toronto,Singapore,4232,38.28,Truck,3752.76,1.37
2341,New York,Berlin,6505,19.1,Air Freight,5574.47,2.31
2342,Sydney,Berlin,10235,78.32,Cargo Van,5841.62,6.18
2343,Dubai,Dubai,10724,43.0,Air Freight,3647.21,2.77
2344,Toronto,Mumbai,5116,10.05,Truck,1951.4,8.22
2345,New York,New York,5091,82.81,Ship,4709.08,9.02
2346,Toronto,Singapore,1510,83.46,Cargo Van,7654.25,7.99
2347,London,Dubai,2937,18.13,Truck,7509.13,2.54
2348,Singapore,Toronto,7978,15.69,Ship,1040.45,1.22
2349,Toronto,Berlin,292,61.4,Truck,5491.85,1.71
2350,Sydney,Dubai,4452,9.61,Air Freight,245.02,2.22
2351,Singapore,Singapore,315,6.57,Air Freight,1713.98,7.26
2352,Singapore,Berlin,6395,30.4,Cargo Van,4743.54,5.19
2353,Toronto,Mumbai,3014,22.82,Air Freight,1966.17,9.62
2354,London,Mumbai,7597,29.83,Air Freight,1406.59,3.3
2355,Mumbai,Dubai,11331,53.52,Ship,1199.94,4.19
2356,Toronto,Singapore,10679,74.13,Cargo Van,6929.01,1.72
2357,Dubai,Berlin,9151,33.66,Ship,4344.55,1.91
2358,Berlin,Berlin,3059,55.96,Air Freight,7754.96,9.07
2359,Berlin,New York,53,64.46,Cargo Van,6212.9,2.06
2360,New York,Sydney,2463,75.69,Cargo Van,2796.0,2.41
2361,Mumbai,London,10552,31.69,Cargo Van,3191.47,3.57
2362,Mumbai,New York,5543,46.22,Truck,3488.13,4.0
2363,Mumbai,Toronto,7827,57.62,Air Freight,5670.48,3.11
2364,Berlin,Berlin,2650,93.17,Truck,305.5,1.2
2365,Singapore,Dubai,7730,39.55,Cargo Van,3336.13,4.98
2366,New York,Singapore,9642,61.71,Truck,5049.01,4.7
2367,New York,Dubai,8317,55.58,Cargo Van,1289.24,9.2
2368,Mumbai,New York,5906,95.7,Cargo Van,1103.38,9.9
2369,London,Mumbai,10648,77.5,Cargo Van,7136.0,5.17
2370,Singapore,Mumbai,1583,29.59,Ship,3082.18,3.66
2371,Mumbai,London,172,40.64,Air Freight,3230.11,5.63
2372,Berlin,Sydney,2671,5.43,Ship,3848.46,1.79
2373,New York,New York,11606,60.58,Air Freight,2089.77,7.66
2374,Sydney,Berlin,3082,30.45,Ship,4910.55,2.61
2375,New York,Dubai,2503,92.61,Ship,4792.02,6.43
2376,Berlin,Singapore,159,84.82,Air Freight,2817.06,8.03
2377,Singapore,London,8513,18.19,Truck,2549.17,5.18
2378,Singapore,Singapore,4881,44.09,Truck,4300.46,4.64
2379,New York,Singapore,6627,61.06,Truck,7915.05,5.61
2380,Mumbai,Sydney,3314,42.54,Cargo Van,6956.45,1.86
2381,Sydney,Mumbai,2385,11.82,Cargo Van,3197.1,6.56
2382,Dubai,London,10762,79.79,Cargo Van,5239.24,1.59
2383,Sydney,Toronto,1417,56.95,Cargo Van,7930.23,3.72
2384,New York,Sydney,2808,56.41,Ship,927.9,6.04
2385,Berlin,Dubai,1823,24.13,Air Freight,4972.69,3.55
2386,Toronto,Mumbai,2471,56.89,Cargo Van,5146.9,3.01
2387,Berlin,Dubai,7972,56.88,Cargo Van,7963.23,9.52
2388,Berlin,Singapore,11326,45.46,Ship,5958.78,3.4
2389,Mumbai,Berlin,6080,66.04,Air Freight,6560.87,3.5
2390,Dubai,Toronto,11821,79.31,Truck,2652.21,2.96
2391,Singapore,Berlin,1846,62.02,Air Freight,7819.83,9.37
2392,Berlin,Berlin,7123,22.77,Cargo Van,3717.23,8.27
2393,Sydney,New York,2600,41.03,Truck,431.73,2.82
2394,Mumbai,New York,2930,35.62,Ship,2120.38,9.96
2395,Sydney,London,8390,26.63,Ship,724.99,8.0
2396,Mumbai,Berlin,6149,69.3,Truck,1038.86,5.11
2397,Toronto,London,3278,95.34,Air Freight,7860.83,3.2
2398,Toronto,Singapore,2594,76.56,Air Freight,7518.12,7.93
2399,Toronto,Singapore,8790,21.62,Ship,6703.17,5.96
2400,Berlin,Sydney,1767,42.18,Cargo Van,4417.16,1.18
2401,Mumbai,Mumbai,2286,88.86,Ship,6366.34,1.85
2402,New York,Toronto,2372,75.64,Ship,4202.44,6.73
2403,Singapore,Dubai,8057,13.68,Cargo Van,473.52,2.34
2404,Singapore,Singapore,3081,8.06,Cargo Van,7264.07,8.66
2405,Mumbai,Mumbai,10013,27.75,Ship,6726.17,5.7
2406,London,Mumbai,2436,12.35,Truck,335.26,7.54
2407,Mumbai,Berlin,8849,76.42,Ship,7359.13,7.35
2408,London,New York,10030,66.08,Air Freight,1257.65,2.0
2409,New York,Berlin,2766,37.11,Truck,6173.67,6.02
2410,New York,Sydney,7896,82.82,Cargo Van,3024.87,5.87
2411,Dubai,Sydney,11687,56.64,Truck,7062.14,6.2
2412,Dubai,Mumbai,2440,78.79,Air Freight,7663.72,1.14
2413,Singapore,Berlin,8271,24.68,Ship,6473.58,5.26
2414,Toronto,Dubai,7683,7.12,Ship,4311.29,3.85
2415,Sydney,Mumbai,3765,35.41,Cargo Van,1930.57,9.25
2416,London,London,9616,62.63,Air Freight,7038.27,5.92
2417,Berlin,Mumbai,11827,95.8,Cargo Van,5015.33,1.78
2418,London,Mumbai,8603,60.44,Air Freight,3015.2,9.15
2419,Berlin,Dubai,11584,29.33,Cargo Van,1281.53,3.29
2420,Dubai,Sydney,4508,84.77,Cargo Van,3687.67,6.22
2421,Toronto,Toronto,2299,46.74,Cargo Van,6878.24,2.81
2422,Berlin,Toronto,5140,60.26,Cargo Van,7901.51,7.04
2423,London,Dubai,2465,58.92,Ship,2121.03,2.68
2424,Singapore,Toronto,8003,40.48,Truck,3227.6,9.78
2425,New York,New York,7350,67.04,Cargo Van,4522.65,9.16
2426,New York,Sydney,6825,55.37,Truck,6514.52,7.64
2427,Singapore,Sydney,6027,33.23,Truck,5147.18,7.99
2428,Dubai,London,7827,52.74,Ship,5943.88,5.21
2429,Singapore,Sydney,2059,87.73,Truck,731.96,2.72
2430,Singapore,Sydney,7408,95.08,Truck,1291.45,8.33
2431,London,Berlin,11243,66.77,Truck,5996.89,6.67
2432,Sydney,Berlin,10340,13.16,Ship,1531.72,8.63
2433,Mumbai,Toronto,3319,14.31,Cargo Van,971.63,7.29
2434,Mumbai,Dubai,5110,15.51,Air Freight,7515.15,5.44
2435,Singapore,London,1360,27.24,Ship,5391.56,8.3
2436,London,Sydney,7296,83.91,Cargo Van,7436.96,2.2
2437,Dubai,Mumbai,7522,84.07,Ship,3832.73,4.15
2438,Dubai,Dubai,4371,41.52,Cargo Van,4358.93,1.65
2439,New York,Singapore,9015,77.09,Cargo Van,6830.89,9.24
2440,Singapore,New York,5043,92.88,Ship,1967.52,6.69
2441,London,Berlin,11386,95.26,Ship,2424.97,9.25
2442,Toronto,Berlin,11323,91.82,Cargo Van,2451.37,7.35
2443,Sydney,Dubai,3148,36.7,Truck,4959.47,9.2
2444,Mumbai,Sydney,9033,82.71,Ship,4127.45,8.73
2445,Toronto,Dubai,11708,93.1,Ship,4847.02,8.41
2446,London,Mumbai,9267,28.03,Truck,4371.65,7.94
2447,Sydney,Mumbai,4240,58.2,Truck,3883.19,9.57
2448,Mumbai,Sydney,7245,27.37,Cargo Van,5578.38,3.09
2449,Sydney,Singapore,5920,45.75,Ship,6786.08,8.03
2450,Dubai,Sydney,7427,71.52,Truck,7894.84,1.9
2451,Toronto,New York,6018,13.31,Cargo Van,6632.05,1.99
2452,Dubai,Sydney,3076,63.12,Cargo Van,3298.01,3.95
2453,Mumbai,New York,2606,36.1,Cargo Van,2222.74,7.92
2454,London,London,5473,37.53,Truck,5429.65,7.83
2455,Mumbai,Mumbai,6326,82.09,Truck,3500.02,7.36
2456,Dubai,New York,9686,32.66,Ship,1422.42,8.49
2457,New York,Dubai,2146,64.5,Truck,7234.82,9.1
2458,Toronto,Sydney,8469,83.66,Truck,1622.87,6.39
2459,London,New York,5463,68.05,Ship,575.0,8.71
2460,Dubai,Dubai,11535,20.75,Truck,521.83,9.71
2461,Singapore,Sydney,8160,3.13,Truck,5173.32,6.39
2462,Toronto,Mumbai,8940,85.28,Air Freight,5771.01,9.16
2463,Toronto,Berlin,4980,16.46,Cargo Van,5624.4,9.72
2464,Berlin,Toronto,2114,72.61,Air Freight,1692.6,6.02
2465,Toronto,New York,1308,43.04,Truck,760.79,6.79
2466,Sydney,Mumbai,10998,42.22,Air Freight,2728.56,6.4
2467,Singapore,Singapore,9291,5.32,Ship,4172.38,3.05
2468,Berlin,Toronto,3525,83.27,Ship,6257.77,8.12
2469,Berlin,Dubai,9356,52.91,Truck,1800.84,7.81
2470,Singapore,London,3890,95.05,Air Freight,6340.06,8.78
2471,Singapore,Berlin,885,88.54,Truck,850.03,6.33
2472,Sydney,Berlin,4801,33.37,Air Freight,4407.44,3.9
2473,New York,London,1468,7.19,Cargo Van,7744.65,9.99
2474,Singapore,New York,9882,95.65,Truck,3078.83,4.55
2475,New York,Sydney,8322,84.84,Ship,3138.74,4.8
2476,Toronto,London,3805,58.7,Ship,3194.96,1.86
2477,Toronto,Berlin,3396,12.36,Air Freight,4100.55,7.76
2478,Toronto,Berlin,11853,62.52,Cargo Van,4443.46,4.32
2479,Dubai,Mumbai,218,58.5,Cargo Van,3057.83,6.54
2480,New York,Mumbai,4783,12.77,Truck,7129.89,2.9
2481,Berlin,London,7637,18.49,Air Freight,2996.49,4.42
2482,Toronto,London,11512,12.22,Air Freight,4834.85,7.78
2483,Sydney,Mumbai,11878,64.01,Truck,5923.36,4.98
2484,Berlin,Mumbai,299,86.26,Cargo Van,6811.45,9.44
2485,Sydney,Sydney,10553,52.89,Air Freight,3801.5,4.41
2486,Berlin,Toronto,10034,76.42,Ship,7337.26,5.36
2487,London,London,8228,63.62,Ship,3573.08,5.3
2488,Sydney,New York,7214,61.43,Ship,2514.63,6.01
2489,Mumbai,New York,5947,89.62,Air Freight,3680.21,2.9
2490,Dubai,Singapore,6211,42.13,Cargo Van,6934.5,6.88
2491,Toronto,Dubai,7162,51.91,Ship,3690.13,3.1
2492,Mumbai,Singapore,4584,89.01,Truck,2266.19,6.47
2493,London,Dubai,3633,26.87,Ship,438.83,9.57
2494,Toronto,Sydney,785,19.07,Truck,1847.93,5.52
2495,Toronto,London,3010,67.75,Air Freight,6681.18,8.06
2496,London,Dubai,9245,58.37,Truck,3948.43,1.89
2497,New York,Singapore,460,62.57,Truck,4043.09,1.07
2498,New York,Sydney,659,15.63,Ship,6615.94,7.67
2499,Berlin,Berlin,5188,35.47,Air Freight,4020.08,7.83
2500,Berlin,Toronto,1233,57.24,Cargo Van,4184.73,7.36
2501,Toronto,Singapore,9769,71.16,Truck,2332.79,1.18
2502,Mumbai,Toronto,3428,25.12,Truck,6925.97,8.33
2503,London,Dubai,4127,56.27,Cargo Van,837.92,9.7
2504,New York,London,9528,54.85,Air Freight,7331.99,9.25
2505,Dubai,Mumbai,4189,80.6,Ship,462.96,4.6
2506,Dubai,Dubai,7039,18.22,Air Freight,7277.77,7.4
2507,Sydney,Toronto,9903,39.62,Air Freight,6813.59,8.1
2508,Singapore,Mumbai,6404,68.31,Ship,5558.48,8.58
2509,Toronto,New York,2140,32.8,Truck,7772.26,9.81
2510,Toronto,Berlin,6784,61.76,Ship,908.27,7.58
2511,Sydney,Dubai,11589,30.88,Truck,397.01,9.03
2512,London,Toronto,11486,48.05,Ship,672.55,8.52
2513,Sydney,Dubai,4162,82.87,Air Freight,6891.85,5.46
2514,Sydney,New York,9030,31.35,Ship,4830.89,3.38
2515,London,Sydney,11358,51.96,Air Freight,7040.77,4.83
2516,Sydney,Dubai,11990,46.03,Cargo Van,3343.58,4.57
2517,Mumbai,Sydney,3863,18.92,Cargo Van,2952.41,9.48
2518,Mumbai,New York,7140,38.89,Truck,6785.12,7.89
2519,London,Mumbai,4406,43.67,Air Freight,2654.01,1.99
2520,Sydney,Berlin,6915,61.18,Cargo Van,6793.4,6.34
2521,Singapore,New York,1901,3.03,Cargo Van,4447.26,3.77
2522,London,London,10903,29.73,Cargo Van,5672.84,3.77
2523,Mumbai,London,3790,56.49,Truck,794.64,1.65
2524,Berlin,Sydney,6314,86.35,Truck,6934.94,3.33
2525,Berlin,Singapore,523,81.73,Air Freight,821.32,5.34
2526,London,Dubai,1670,7.37,Air Freight,3336.65,6.61
2527,New York,Singapore,6262,13.26,Truck,7150.14,6.92
2528,Sydney,Mumbai,7342,49.9,Air Freight,2712.56,8.77
2529,Toronto,Toronto,3664,35.47,Air Freight,7388.44,4.29
2530,Berlin,Berlin,2814,80.77,Air Freight,1822.95,8.62
2531,Berlin,Mumbai,1653,46.71,Truck,1670.74,7.31
2532,Berlin,Singapore,8959,19.98,Air Freight,7346.87,9.16
2533,Berlin,New York,8340,34.0,Cargo Van,5584.06,5.56
2534,Dubai,Sydney,1608,54.07,Ship,6915.73,4.79
2535,New York,Mumbai,8647,50.61,Truck,4806.99,3.88
2536,Sydney,Dubai,6846,26.02,Truck,4583.65,3.37
2537,Berlin,Berlin,4699,83.83,Air Freight,2437.74,4.88
2538,Singapore,Berlin,7893,25.77,Truck,6973.64,7.32
2539,Singapore,Singapore,3287,40.07,Cargo Van,6125.24,9.53
2540,Berlin,London,10580,23.89,Air Freight,6286.07,1.99
2541,Mumbai,Toronto,9315,38.64,Air Freight,733.4,7.67
2542,Sydney,Dubai,11979,35.0,Truck,6736.9,5.25
2543,Singapore,London,5596,21.98,Air Freight,5346.39,1.73
2544,Mumbai,Berlin,11249,86.03,Ship,6666.08,1.97
2545,Dubai,Berlin,2876,71.33,Air Freight,1486.4,9.25
2546,Sydney,Toronto,1583,58.97,Truck,7096.24,5.33
2547,Berlin,Sydney,5129,77.06,Truck,5497.26,5.21
2548,Mumbai,Singapore,11774,22.06,Cargo Van,238.48,6.77
2549,Toronto,New York,10737,66.15,Air Freight,3149.21,6.85
2550,New York,London,7504,88.11,Ship,7805.4,6.39
2551,Toronto,Singapore,2921,53.3,Air Freight,966.13,4.74
2552,Mumbai,Mumbai,3794,43.34,Air Freight,6871.94,2.25
2553,New York,New York,9562,70.01,Cargo Van,6153.59,4.94
2554,Singapore,Mumbai,4735,54.19,Air Freight,6523.31,7.53
2555,Sydney,London,1214,91.84,Ship,5311.53,9.87
2556,London,Singapore,1201,83.58,Air Freight,232.65,9.54
2557,Singapore,New York,9454,14.3,Cargo Van,3045.94,9.33
2558,New York,London,8927,19.87,Ship,3899.18,7.04
2559,Singapore,Sydney,761,93.55,Cargo Van,281.05,6.19
2560,Dubai,Sydney,5425,61.91,Truck,2422.28,5.83
2561,Dubai,Toronto,5640,66.91,Cargo Van,6855.6,3.35
2562,Berlin,Mumbai,11800,45.02,Ship,2063.73,6.16
2563,New York,Toronto,7275,70.15,Cargo Van,2996.49,6.98
2564,Sydney,Sydney,11881,11.47,Truck,2393.5,5.9
2565,New York,Dubai,8688,83.53,Air Freight,2381.24,2.59
2566,Mumbai,Berlin,7987,42.96,Truck,1748.95,9.24
2567,Berlin,New York,5120,77.55,Cargo Van,3651.78,1.65
2568,New York,Singapore,2739,41.33,Truck,7361.74,3.15
2569,Singapore,New York,7065,25.2,Cargo Van,7444.62,7.3
2570,Singapore,Toronto,3725,24.6,Truck,3130.42,7.56
2571,New York,Berlin,9535,44.11,Ship,2097.44,7.03
2572,Berlin,Toronto,4867,36.58,Truck,6722.57,2.68
2573,London,London,3142,75.26,Cargo Van,1103.54,6.86
2574,New York,Sydney,7649,83.12,Cargo Van,3561.86,3.36
2575,New York,Toronto,1217,57.4,Air Freight,4492.43,9.94
2576,Singapore,Berlin,11126,20.96,Ship,3886.47,7.71
2577,Berlin,Toronto,10016,16.41,Truck,5838.28,2.48
2578,London,London,10458,9.92,Cargo Van,7166.63,6.06
2579,Singapore,Sydney,176,7.61,Cargo Van,1187.54,8.98
2580,New York,Singapore,11473,42.73,Cargo Van,2582.23,8.16
2581,New York,Toronto,4496,16.28,Air Freight,2665.98,1.21
2582,New York,Singapore,11382,75.68,Ship,974.67,4.79
2583,Mumbai,Berlin,11514,21.31,Air Freight,5364.46,9.61
2584,Sydney,Toronto,3822,48.01,Cargo Van,6435.06,1.31
2585,New York,London,301,44.26,Air Freight,3045.82,5.78
2586,Toronto,London,6043,64.14,Air Freight,3594.11,9.88
2587,Singapore,Toronto,4636,68.72,Ship,7731.1,3.33
2588,New York,New York,10494,30.89,Cargo Van,4070.64,7.88
2589,Dubai,Berlin,4706,40.41,Ship,6588.97,7.99
2590,London,Berlin,8103,30.61,Cargo Van,4688.72,2.36
2591,Dubai,New York,7016,92.24,Truck,5321.36,5.11
2592,Berlin,Toronto,10459,22.99,Air Freight,3709.11,3.22
2593,New York,Toronto,1803,45.97,Truck,2672.93,6.7
2594,New York,Toronto,5855,82.25,Air Freight,6766.25,1.98
2595,New York,Berlin,404,76.7,Truck,635.19,9.01
2596,Toronto,Dubai,723,78.51,Cargo Van,6399.71,2.81
2597,Dubai,Toronto,3904,51.93,Cargo Van,1455.34,8.94
2598,Dubai,Berlin,366,64.37,Air Freight,1721.19,5.04
2599,Toronto,Berlin,2701,27.69,Cargo Van,6139.38,8.61
2600,Mumbai,New York,4253,9.01,Truck,3986.31,1.7
2601,Dubai,Sydney,1696,93.7,Cargo Van,1358.76,8.1
2602,Toronto,London,11787,25.66,Cargo Van,6820.71,1.5
2603,Dubai,London,4420,31.61,Ship,7278.19,9.34
2604,London,Sydney,173,55.35,Ship,4559.99,4.17
2605,Singapore,Toronto,1223,54.34,Ship,2785.63,9.66
2606,Berlin,Berlin,8590,16.98,Truck,2412.77,1.07
2607,Berlin,New York,5786,87.8,Cargo Van,2481.9,2.15
2608,Toronto,Berlin,280,83.42,Ship,7430.92,3.36
2609,Mumbai,Berlin,4436,89.42,Air Freight,4552.78,3.14
2610,New York,New York,5717,50.66,Truck,5867.5,7.84
2611,Mumbai,Singapore,10788,14.0,Ship,5931.96,2.36
2612,London,Sydney,4467,7.25,Ship,1665.83,2.8
2613,Mumbai,London,10853,14.93,Air Freight,3700.95,5.89
2614,Dubai,Dubai,5231,37.79,Ship,5130.83,7.78
2615,Toronto,New York,1241,18.83,Ship,6161.56,1.57
2616,Toronto,London,881,49.64,Ship,376.16,3.0
2617,Mumbai,London,3503,70.42,Air Freight,5291.87,9.52
2618,New York,New York,7938,8.56,Truck,5852.95,6.65
2619,Mumbai,Dubai,5446,31.89,Air Freight,5081.5,7.34
2620,Singapore,London,5964,5.44,Cargo Van,5288.72,8.21
2621,New York,Dubai,5634,31.74,Air Freight,2395.22,1.7
2622,New York,Berlin,10168,91.88,Air Freight,6176.53,1.4
2623,London,Toronto,11819,23.26,Air Freight,3254.06,6.08
2624,New York,Mumbai,8113,30.02,Cargo Van,5592.25,1.26
2625,Toronto,Mumbai,3826,75.54,Truck,593.19,6.66
2626,Toronto,New York,9337,75.04,Cargo Van,1785.5,6.42
2627,Dubai,Dubai,7989,91.85,Cargo Van,1815.26,3.78
2628,London,Sydney,4818,60.53,Cargo Van,6364.7,9.78
2629,New York,Mumbai,11728,5.79,Cargo Van,1099.14,9.28
2630,Toronto,Toronto,4624,79.73,Truck,7759.14,4.46
2631,New York,Dubai,5150,9.74,Air Freight,6777.49,4.87
2632,Mumbai,Toronto,996,9.58,Air Freight,457.84,3.99
2633,Mumbai,New York,9348,84.66,Cargo Van,5055.51,5.6
2634,Toronto,Berlin,4451,7.39,Truck,5396.6,2.05
2635,Sydney,London,10093,37.27,Ship,522.13,7.52
2636,Dubai,Sydney,8889,91.36,Air Freight,7882.05,2.92
2637,Berlin,Singapore,2360,25.84,Truck,6539.61,2.56
2638,New York,Mumbai,8273,48.77,Truck,5670.93,2.77
2639,Dubai,Dubai,1638,88.99,Cargo Van,5904.72,6.4
2640,Berlin,Dubai,8261,14.98,Cargo Van,3595.76,7.57
2641,Dubai,Sydney,1747,63.92,Cargo Van,7625.6,8.01
2642,Toronto,Berlin,4063,27.64,Air Freight,1374.2,9.79
2643,London,London,983,55.73,Cargo Van,2824.43,7.88
2644,New York,New York,4958,10.22,Ship,2805.32,5.67
2645,Toronto,Singapore,4430,88.72,Air Freight,3309.41,8.63
2646,New York,Dubai,3774,94.19,Cargo Van,6364.33,7.64
2647,Toronto,Mumbai,1760,25.74,Cargo Van,6458.29,3.82
2648,Sydney,Sydney,6618,85.98,Air Freight,6558.9,8.71
2649,New York,Singapore,6212,66.09,Cargo Van,7989.67,1.04
2650,New York,New York,6625,93.65,Ship,4113.86,5.89
2651,London,Berlin,8531,90.0,Truck,1587.28,9.62
2652,Singapore,London,9625,54.56,Truck,5461.44,5.49
2653,Mumbai,London,7384,8.91,Cargo Van,6498.03,4.01
2654,Sydney,Mumbai,10693,28.06,Cargo Van,6794.04,5.95
2655,Sydney,Berlin,7217,7.88,Air Freight,1534.55,6.46
2656,Berlin,Berlin,418,31.28,Air Freight,615.14,7.94
2657,Dubai,London,2671,9.1,Ship,7144.29,5.32
2658,Mumbai,Singapore,5255,51.04,Truck,7929.04,7.41
2659,Mumbai,Dubai,2401,69.96,Air Freight,443.96,8.6
2660,Berlin,Berlin,10551,30.94,Air Freight,6218.25,4.64
2661,Berlin,London,141,44.07,Ship,5448.59,9.17
2662,Dubai,Mumbai,435,93.14,Air Freight,3188.58,4.45
2663,Dubai,Toronto,10676,3.25,Truck,2496.21,7.57
2664,Singapore,New York,2270,46.71,Cargo Van,2552.62,6.17
2665,Toronto,Dubai,4566,33.51,Cargo Van,2672.41,8.45
2666,Dubai,Dubai,10459,81.74,Air Freight,213.89,4.0
2667,Berlin,Dubai,3864,22.87,Air Freight,2806.25,2.78
2668,Singapore,Sydney,7954,54.9,Cargo Van,1076.36,3.86
2669,Toronto,Mumbai,5721,60.37,Air Freight,655.18,8.11
2670,Dubai,London,1437,9.16,Cargo Van,4913.66,9.46
2671,Mumbai,Toronto,2089,83.65,Cargo Van,4382.89,1.28
2672,Sydney,Berlin,9738,74.15,Truck,6843.71,6.39
2673,Sydney,Mumbai,1645,28.17,Ship,906.1,5.88
2674,Sydney,Mumbai,2603,8.8,Truck,1783.17,1.43
2675,Toronto,London,1722,28.19,Ship,7563.58,7.23
2676,London,Dubai,9458,73.76,Ship,7638.05,6.34
2677,Mumbai,Dubai,522,84.81,Air Freight,4162.68,3.58
2678,Toronto,New York,606,73.72,Truck,3506.58,9.29
2679,Dubai,New York,3673,85.19,Truck,739.59,4.04
2680,Dubai,Singapore,1199,14.74,Cargo Van,3827.24,7.0
2681,Sydney,Sydney,2803,22.88,Air Freight,7853.95,9.47
2682,London,Berlin,7929,18.5,Air Freight,1280.53,1.47
2683,Berlin,Mumbai,6549,60.05,Cargo Van,2979.92,3.34
2684,Toronto,Singapore,6781,30.94,Cargo Van,1327.63,4.65
2685,New York,Dubai,6959,47.02,Cargo Van,3218.49,9.22
2686,New York,Sydney,10509,70.96,Truck,5200.75,3.16
2687,Sydney,New York,8673,72.27,Ship,402.5,2.39
2688,Mumbai,Mumbai,10108,77.36,Truck,2862.35,5.92
2689,Singapore,New York,10048,20.2,Cargo Van,4755.89,3.57
2690,Mumbai,Sydney,1081,55.32,Air Freight,7433.71,4.74
2691,London,Sydney,8059,39.82,Truck,6608.54,6.75
2692,New York,Singapore,11728,17.1,Air Freight,4566.03,6.22
2693,Dubai,Sydney,8808,92.48,Air Freight,4302.57,2.36
2694,Toronto,Mumbai,6541,16.41,Cargo Van,6245.4,7.75
2695,Berlin,Toronto,1101,32.09,Truck,7595.9,4.83
2696,Toronto,Mumbai,7056,21.07,Ship,491.2,4.17
2697,Toronto,New York,838,16.49,Truck,1402.65,5.0
2698,Mumbai,Mumbai,11043,88.41,Ship,7617.07,1.63
2699,Toronto,Dubai,9457,83.47,Air Freight,1608.54,5.72
2700,Toronto,Sydney,4905,78.23,Cargo Van,7732.27,8.65
2701,Singapore,Mumbai,2023,60.56,Ship,1119.88,1.25
2702,Dubai,Mumbai,6796,84.58,Cargo Van,4324.95,9.01
2703,Toronto,Singapore,8889,88.29,Truck,452.62,6.26
2704,New York,Mumbai,5337,90.37,Cargo Van,7661.05,1.8
2705,Berlin,Berlin,2844,57.33,Ship,7771.88,5.08
2706,Sydney,Singapore,4305,56.71,Truck,3083.03,1.41
2707,Sydney,Singapore,5326,53.1,Truck,5103.09,1.59
2708,Dubai,Berlin,10107,92.0,Truck,3549.99,5.28
2709,Toronto,Mumbai,925,6.1,Ship,789.33,1.81
2710,Singapore,Mumbai,6242,8.77,Ship,5842.81,9.23
2711,Dubai,New York,5125,46.72,Truck,5458.03,8.69
2712,Berlin,London,3766,22.88,Air Freight,1958.54,2.32
2713,London,Berlin,7846,91.65,Air Freight,7962.17,1.76
2714,London,Sydney,6924,23.7,Cargo Van,5643.96,9.64
2715,New York,Singapore,2954,65.94,Ship,3641.26,9.93
2716,Berlin,Sydney,9642,12.25,Cargo Van,3397.2,7.3
2717,Toronto,Sydney,10988,65.02,Air Freight,6294.89,8.5
2718,Mumbai,Mumbai,3328,69.82,Air Freight,6840.84,4.79
2719,Berlin,London,541,44.62,Cargo Van,2613.94,1.64
2720,Mumbai,Singapore,6873,7.89,Cargo Van,7206.35,8.77
2721,Singapore,Sydney,212,42.18,Air Freight,4282.03,3.26
2722,New York,Singapore,5533,9.18,Truck,2036.69,6.84
2723,Berlin,Dubai,10013,14.17,Cargo Van,2153.55,4.85
2724,Toronto,Sydney,7987,49.17,Truck,6330.86,9.52
2725,Toronto,London,3504,41.64,Cargo Van,6129.6,2.31
2726,Singapore,London,5375,67.72,Air Freight,2082.92,8.44
2727,New York,Dubai,1702,52.05,Air Freight,4496.32,3.97
2728,Berlin,Singapore,6997,14.79,Truck,4241.86,9.53
2729,Singapore,Sydney,10987,23.74,Cargo Van,7038.86,7.57
2730,Dubai,London,6183,4.32,Truck,3506.7,9.24
2731,Berlin,Singapore,3884,14.41,Cargo Van,5636.68,5.67
2732,Singapore,Toronto,9533,64.23,Cargo Van,499.01,8.06
2733,Mumbai,Dubai,4193,60.74,Ship,867.94,3.58
2734,Toronto,Sydney,3255,3.26,Ship,4487.85,2.13
2735,Berlin,London,6857,34.25,Cargo Van,5974.72,1.98
2736,Berlin,Dubai,11237,3.06,Ship,2773.48,8.33
2737,Sydney,Mumbai,3574,74.83,Cargo Van,486.12,6.99
2738,Dubai,Mumbai,1840,28.58,Ship,3801.17,2.49
2739,Singapore,Singapore,6947,65.89,Truck,1429.01,8.27
2740,London,New York,2050,14.8,Truck,7315.65,4.25
2741,Mumbai,Mumbai,7353,88.13,Cargo Van,1738.51,8.7
2742,Toronto,New York,8330,24.35,Truck,6845.98,7.74
2743,Sydney,Mumbai,907,39.84,Ship,3522.08,9.18
2744,New York,Berlin,5262,83.88,Cargo Van,4160.06,4.41
2745,Dubai,Toronto,6523,21.84,Truck,6513.16,5.22
2746,London,Singapore,4502,63.47,Truck,7935.92,9.27
2747,Dubai,Berlin,10832,18.93,Truck,7480.67,7.71
2748,Dubai,London,7443,85.63,Cargo Van,884.59,2.1
2749,London,Dubai,11320,26.03,Ship,5816.34,3.03
2750,Singapore,London,4219,44.13,Air Freight,4100.62,5.73
2751,New York,New York,2647,51.04,Ship,2892.09,6.23
2752,New York,Berlin,7505,40.05,Ship,6932.25,4.19
2753,Singapore,Dubai,3862,80.88,Ship,2607.5,5.31
2754,Berlin,Mumbai,4308,81.41,Truck,907.63,9.48
2755,Berlin,Sydney,10961,12.96,Cargo Van,3681.45,4.21
2756,Dubai,Toronto,11545,22.72,Cargo Van,3402.82,3.56
2757,Toronto,Singapore,137,31.35,Ship,6792.71,5.53
2758,Mumbai,Mumbai,8851,83.21,Truck,2845.16,6.94
2759,London,Berlin,1833,5.34,Ship,7277.39,8.72
2760,Berlin,Berlin,11660,86.38,Air Freight,6713.33,2.33
2761,Mumbai,Sydney,10394,30.12,Ship,4955.61,4.32
2762,London,Sydney,11728,38.41,Ship,5281.2,6.91
2763,Dubai,Singapore,9553,8.09,Truck,3931.67,7.71
2764,Dubai,Mumbai,9740,28.32,Cargo Van,2589.64,1.22
2765,Dubai,Sydney,2509,16.86,Ship,2329.43,9.66
2766,Berlin,London,8101,93.93,Ship,2051.5,7.54
2767,Berlin,New York,7256,11.06,Air Freight,5025.19,3.35
2768,Singapore,New York,9302,41.37,Cargo Van,7485.76,9.22
2769,London,Singapore,4256,84.6,Air Freight,853.36,3.47
2770,Sydney,Mumbai,5843,76.41,Cargo Van,6787.3,5.61
2771,Singapore,New York,7581,28.19,Air Freight,6532.58,3.52
2772,Dubai,New York,5117,5.64,Air Freight,5338.65,2.0
2773,Singapore,Dubai,7145,12.77,Cargo Van,2324.37,8.18
2774,New York,Dubai,3149,86.14,Truck,7765.32,8.95
2775,Sydney,Berlin,5670,65.22,Ship,1598.93,8.16
2776,Mumbai,London,6164,59.92,Air Freight,4852.42,4.81
2777,London,Dubai,7022,24.27,Air Freight,1578.58,7.42
2778,New York,London,9169,94.06,Air Freight,5297.23,3.7
2779,Mumbai,Singapore,5470,36.26,Truck,682.75,9.56
2780,Singapore,Sydney,2526,18.44,Truck,1292.23,6.8
2781,Mumbai,Toronto,6062,4.05,Truck,4537.51,7.94
2782,Sydney,Sydney,6431,46.51,Truck,7944.06,5.74
2783,New York,Toronto,510,68.53,Truck,4957.73,6.98
2784,Mumbai,Singapore,5109,89.37,Cargo Van,2909.85,2.7
2785,Mumbai,Berlin,10151,84.28,Ship,6328.23,8.31
2786,Singapore,Dubai,2727,7.08,Ship,5612.42,4.35
2787,New York,New York,5351,64.68,Cargo Van,766.45,8.44
2788,Sydney,Sydney,5881,14.44,Cargo Van,4868.11,3.36
2789,London,Sydney,3114,69.43,Cargo Van,4743.16,8.88
2790,London,London,1361,90.87,Ship,3022.18,4.81
2791,New York,Dubai,1437,86.42,Truck,6445.98,2.36
2792,Toronto,Sydney,7694,37.04,Ship,4284.03,2.25
2793,Toronto,New York,1096,76.65,Air Freight,2295.19,5.37
2794,Sydney,Dubai,8767,62.3,Ship,2723.89,3.17
2795,Sydney,Mumbai,2104,39.61,Cargo Van,460.81,5.88
2796,Berlin,Toronto,4290,50.85,Air Freight,5369.74,9.26
2797,London,Mumbai,3718,61.19,Cargo Van,4133.02,2.62
2798,Singapore,Berlin,6826,46.89,Truck,7196.23,2.42
2799,New York,Sydney,2358,6.38,Truck,2600.78,4.26
2800,Berlin,Singapore,1083,55.6,Cargo Van,3707.21,2.43
2801,Berlin,New York,10965,54.82,Ship,7846.29,9.12
2802,Sydney,Dubai,1283,67.57,Truck,2101.46,2.48
2803,London,Mumbai,7061,29.19,Air Freight,3751.51,4.74
2804,Singapore,Toronto,7281,37.37,Ship,6808.23,3.54
2805,Berlin,Sydney,3180,31.41,Truck,5626.26,6.19
2806,London,London,4282,10.84,Cargo Van,1879.07,8.39
2807,Dubai,Toronto,4402,70.14,Truck,7794.26,4.92
2808,Berlin,Sydney,1753,17.55,Ship,7273.85,8.83
2809,New York,New York,1332,57.15,Air Freight,1996.64,5.56
2810,Dubai,London,1108,31.88,Air Freight,7459.19,4.06
2811,Mumbai,Sydney,7680,16.8,Air Freight,3794.34,7.49
2812,Sydney,Berlin,11496,28.71,Ship,4263.85,4.41
2813,New York,New York,10875,33.99,Air Freight,6025.47,7.01
2814,Singapore,Mumbai,2056,2.65,Ship,1761.07,7.52
2815,Singapore,London,10060,50.4,Truck,1866.88,8.13
2816,Singapore,New York,5327,8.22,Air Freight,4122.81,5.52
2817,Toronto,Singapore,604,35.34,Cargo Van,3467.95,8.3
2818,Toronto,London,4318,83.63,Air Freight,7567.04,8.0
2819,New York,Dubai,3637,58.65,Air Freight,4054.01,2.53
2820,Toronto,Dubai,2111,17.23,Truck,5902.4,3.49
2821,Toronto,Dubai,6776,39.59,Cargo Van,2214.63,1.86
2822,Dubai,Dubai,6668,90.31,Cargo Van,6805.39,4.52
2823,Toronto,Toronto,10939,8.47,Truck,3072.24,8.8
2824,Singapore,London,1528,80.38,Cargo Van,5765.46,2.9
2825,Berlin,Singapore,11581,42.12,Cargo Van,6005.48,1.13
2826,Sydney,Berlin,5125,47.74,Cargo Van,6709.24,5.4
2827,New York,New York,7548,75.48,Ship,4642.09,1.73
2828,Mumbai,Sydney,9614,27.37,Air Freight,4285.08,5.57
2829,London,Mumbai,240,18.45,Air Freight,4093.38,9.48
2830,Toronto,Dubai,8425,8.65,Ship,4153.08,6.59
2831,London,London,7581,17.72,Ship,2982.33,4.7
2832,London,Mumbai,8353,42.37,Air Freight,1972.2,5.7
2833,Dubai,Sydney,8940,91.44,Air Freight,4653.36,5.68
2834,Berlin,Mumbai,9198,74.2,Ship,5223.57,4.49
2835,Dubai,Singapore,7474,46.78,Ship,6983.15,2.65
2836,Sydney,Sydney,6040,30.51,Air Freight,5204.13,6.45
2837,Toronto,Singapore,3886,33.56,Cargo Van,490.97,9.74
2838,London,Dubai,11221,33.0,Truck,3731.84,8.25
2839,London,Dubai,5129,30.18,Air Freight,7508.17,1.71
2840,London,Toronto,6713,95.96,Cargo Van,7324.07,1.21
2841,Mumbai,London,5279,41.3,Cargo Van,3753.25,6.0
2842,Berlin,Mumbai,376,39.75,Truck,3143.34,2.81
2843,London,Singapore,9536,13.34,Ship,2471.08,9.16
2844,Dubai,New York,8329,78.2,Cargo Van,4622.72,1.03
2845,Dubai,Toronto,10122,58.25,Air Freight,6736.09,6.38
2846,Dubai,London,2449,92.89,Ship,4326.9,4.64
2847,London,Berlin,6294,85.84,Air Freight,1150.54,4.06
2848,Singapore,Singapore,4537,40.67,Cargo Van,3328.95,5.03
2849,Mumbai,Singapore,6655,12.2,Truck,5006.34,8.78
2850,Toronto,Sydney,2733,45.07,Truck,5978.89,3.29
2851,Singapore,Mumbai,2628,3.48,Ship,4878.28,2.15
2852,London,Dubai,3190,4.68,Air Freight,1059.81,6.92
2853,Toronto,Sydney,7095,72.33,Truck,4053.85,3.82
2854,Berlin,Sydney,11194,56.0,Cargo Van,2745.84,1.31
2855,Sydney,Dubai,6734,54.2,Ship,3474.89,4.18
2856,Sydney,Singapore,5643,89.72,Ship,225.05,9.11
2857,Berlin,Dubai,5789,42.09,Cargo Van,3480.88,7.15
2858,Mumbai,New York,8525,93.85,Air Freight,6655.93,9.76
2859,Berlin,Dubai,9330,81.76,Cargo Van,7049.49,7.53
2860,Mumbai,Toronto,1173,9.34,Air Freight,2752.53,2.12
2861,New York,Mumbai,1648,52.54,Cargo Van,6344.76,7.66
2862,Berlin,Toronto,7997,54.8,Truck,1608.01,1.34
2863,Berlin,Toronto,345,27.16,Air Freight,2953.91,5.29
2864,Mumbai,Mumbai,6957,72.19,Truck,6096.63,3.92
2865,London,Berlin,5288,35.57,Truck,1345.06,3.3
2866,Mumbai,Toronto,134,94.63,Truck,2181.48,3.36
2867,Dubai,Berlin,1087,58.97,Air Freight,7531.05,4.32
2868,Sydney,Sydney,5848,42.13,Ship,829.53,4.65
2869,Mumbai,Dubai,1565,50.98,Air Freight,5659.78,6.26
2870,Singapore,Berlin,7283,39.66,Air Freight,7022.3,4.84
2871,Toronto,Toronto,10732,15.52,Cargo Van,1429.05,2.77
2872,Singapore,Sydney,198,49.55,Cargo Van,3943.36,1.91
2873,Berlin,London,6474,41.77,Cargo Van,4953.96,3.43
2874,Berlin,London,3062,15.97,Truck,5961.58,9.72
2875,Sydney,Dubai,1264,26.06,Ship,2106.82,5.94
2876,Mumbai,Sydney,2604,61.84,Ship,1523.99,5.21
2877,Singapore,Mumbai,9962,95.46,Air Freight,3749.43,2.03
2878,London,Mumbai,7733,77.94,Ship,1931.65,8.83
2879,London,Berlin,7142,76.92,Ship,7868.39,4.6
2880,New York,Singapore,750,79.9,Truck,6776.4,9.22
2881,Mumbai,Mumbai,10254,6.57,Ship,3035.8,4.04
2882,Dubai,Mumbai,2911,28.87,Air Freight,4625.67,7.64
2883,London,Mumbai,8218,82.56,Air Freight,7469.96,5.1
2884,Toronto,Sydney,239,11.36,Ship,2562.15,8.43
2885,Mumbai,New York,10682,46.69,Air Freight,3638.82,5.33
2886,Sydney,Dubai,1948,50.15,Air Freight,6826.06,5.91
2887,Dubai,Sydney,5957,18.22,Truck,1712.91,6.13
2888,Dubai,Sydney,11091,67.49,Ship,7277.87,8.12
2889,Toronto,Singapore,6444,37.31,Cargo Van,3049.27,8.66
2890,Toronto,New York,7153,12.49,Air Freight,2706.22,9.6
2891,Dubai,Toronto,9079,63.11,Air Freight,5316.93,3.44
2892,Singapore,Singapore,2864,64.24,Ship,4978.62,2.87
2893,Dubai,London,1351,43.96,Ship,6396.92,1.15
2894,Toronto,London,6264,20.89,Truck,3148.84,3.71
2895,London,London,502,94.33,Ship,5873.01,7.52
2896,Singapore,Singapore,1585,9.55,Air Freight,7208.06,6.59
2897,Mumbai,Dubai,11659,22.84,Truck,2094.27,8.04
2898,London,Mumbai,474,75.0,Truck,5546.4,2.09
2899,Berlin,Toronto,10868,2.17,Cargo Van,7464.06,1.42
2900,Singapore,New York,5374,20.7,Air Freight,3017.4,8.02
2901,Singapore,Dubai,6982,78.99,Ship,3212.75,5.69
2902,New York,Toronto,9696,85.32,Air Freight,453.67,3.26
2903,Sydney,Sydney,8172,7.9,Truck,4341.83,7.79
2904,Sydney,Dubai,2569,14.92,Truck,4824.73,9.35
2905,Toronto,Sydney,4039,63.38,Ship,3886.81,9.39
2906,Singapore,Sydney,9522,4.34,Ship,2930.72,9.68
2907,Dubai,Toronto,9688,89.07,Cargo Van,5117.69,8.63
2908,London,Singapore,502,32.85,Air Freight,3035.73,6.15
2909,Berlin,Singapore,11631,56.78,Air Freight,3736.25,4.94
2910,Singapore,Toronto,640,61.04,Truck,4247.53,8.07
2911,Berlin,Sydney,1898,67.65,Ship,2817.86,5.42
2912,Dubai,Toronto,11142,74.13,Ship,681.6,1.42
2913,Toronto,Singapore,11160,42.56,Cargo Van,7180.27,9.0
2914,Mumbai,Singapore,9200,5.62,Ship,2404.89,9.1
2915,Mumbai,Toronto,9683,62.62,Truck,5286.65,4.32
2916,Dubai,Sydney,5002,65.73,Cargo Van,960.42,6.1
2917,Toronto,Toronto,11060,26.83,Ship,5913.2,1.27
2918,Berlin,Berlin,6786,40.16,Truck,1562.37,6.07
2919,New York,Berlin,1235,82.55,Air Freight,1591.21,3.57
2920,London,Sydney,2771,12.48,Truck,4975.18,3.41
2921,Toronto,Mumbai,11133,56.44,Ship,399.67,5.42
2922,Sydney,Toronto,5359,51.46,Ship,2066.12,4.03
2923,Sydney,Dubai,11808,58.2,Air Freight,5194.86,8.87
2924,Dubai,Berlin,11912,32.15,Air Freight,4012.13,7.98
2925,Toronto,New York,7152,9.71,Ship,3177.14,3.17
2926,New York,Mumbai,6369,85.52,Air Freight,5863.65,8.22
2927,New York,London,9858,13.56,Air Freight,5606.04,7.11
2928,Dubai,Toronto,1108,87.69,Ship,2716.98,1.45
2929,New York,Dubai,7309,75.82,Cargo Van,991.71,2.27
2930,Singapore,Dubai,5999,89.8,Truck,3064.77,8.31
2931,Toronto,Mumbai,709,43.54,Ship,5475.3,4.02
2932,New York,Singapore,9903,65.88,Ship,503.18,3.49
2933,New York,Dubai,4291,15.4,Ship,5073.16,6.89
2934,London,Sydney,1526,11.23,Air Freight,1166.11,7.03
2935,New York,Singapore,881,36.46,Cargo Van,7586.66,4.92
2936,Berlin,Dubai,8259,94.54,Truck,2480.98,8.66
2937,Singapore,Dubai,6038,38.94,Air Freight,4037.57,4.98
2938,Mumbai,Toronto,6661,3.91,Air Freight,3796.1,6.49
2939,Berlin,Toronto,2033,39.08,Truck,5294.93,2.32
2940,Toronto,Toronto,3001,21.19,Truck,3075.17,7.12
2941,Singapore,New York,343,11.86,Cargo Van,5647.48,8.71
2942,New York,Mumbai,8888,10.81,Ship,3780.86,5.19
2943,Berlin,Toronto,6537,20.03,Cargo Van,222.55,7.47
2944,Dubai,Singapore,11957,46.67,Air Freight,7704.95,8.64
2945,Berlin,London,9620,36.17,Cargo Van,6601.99,1.87
2946,Singapore,Mumbai,9847,22.82,Truck,1728.47,3.47
2947,London,Singapore,10207,16.06,Ship,6590.47,6.12
2948,Singapore,New York,8680,84.96,Air Freight,1642.99,6.82
2949,New York,Singapore,5064,53.52,Ship,938.1,8.94
2950,Singapore,Sydney,9881,81.41,Truck,4426.56,6.5
2951,Mumbai,Singapore,11165,92.38,Ship,7665.82,1.14
2952,Singapore,New York,544,91.82,Ship,3296.77,4.34
2953,Toronto,New York,3586,67.64,Truck,2744.75,1.08
2954,Dubai,Toronto,7419,40.91,Air Freight,3954.19,6.71
2955,Toronto,Mumbai,3289,3.62,Truck,4532.59,2.91
2956,Singapore,Singapore,2572,94.14,Ship,7295.63,2.99
2957,Berlin,Sydney,9030,37.09,Cargo Van,3851.97,6.32
2958,Mumbai,Singapore,10023,91.27,Ship,750.91,6.03
2959,London,Singapore,4942,77.76,Air Freight,5186.92,7.68
2960,Sydney,Mumbai,2463,29.65,Air Freight,6060.59,5.05
2961,Sydney,New York,6565,56.32,Cargo Van,4532.67,6.8
2962,Singapore,Sydney,581,45.75,Truck,3016.72,6.47
2963,Singapore,Berlin,1399,75.05,Truck,2370.96,7.57
2964,New York,Mumbai,9158,43.86,Cargo Van,4740.03,7.26
2965,London,Berlin,8476,34.68,Air Freight,1496.85,9.09
2966,Mumbai,Dubai,5464,29.27,Ship,4075.11,4.1
2967,London,Mumbai,4681,79.83,Air Freight,3965.06,6.36
2968,Singapore,Mumbai,7257,39.03,Cargo Van,5388.2,1.55
2969,London,London,1481,28.31,Ship,4720.77,3.8
2970,Singapore,New York,340,56.97,Cargo Van,2076.98,6.15
2971,Singapore,Toronto,1734,21.68,Truck,613.2,1.74
2972,Dubai,Berlin,7264,80.01,Ship,681.25,9.32
2973,Mumbai,New York,1427,27.21,Cargo Van,1203.92,7.5
2974,Sydney,Berlin,6955,91.64,Cargo Van,5801.08,1.73
2975,London,Mumbai,5518,15.41,Ship,5906.2,2.61
2976,Toronto,London,5264,42.2,Truck,5744.13,4.61
2977,Sydney,Sydney,11379,5.45,Air Freight,3272.34,7.22
2978,Berlin,London,7617,82.81,Air Freight,2727.97,5.13
2979,New York,Toronto,11606,54.42,Cargo Van,3145.76,5.02
2980,Berlin,Sydney,7797,42.48,Ship,5494.56,9.09
2981,New York,Berlin,4520,93.49,Air Freight,1962.41,3.42
2982,Mumbai,Sydney,766,88.22,Cargo Van,6050.49,7.87
2983,Sydney,Singapore,6658,49.04,Air Freight,3133.9,5.37
2984,Singapore,Dubai,7664,38.92,Ship,7389.55,7.43
2985,Singapore,Berlin,10613,84.36,Truck,346.43,7.92
2986,New York,Mumbai,8009,29.62,Ship,3826.4,1.65
2987,Berlin,London,8441,80.83,Cargo Van,945.2,4.04
2988,Dubai,New York,10336,36.24,Ship,6208.99,3.4
2989,Toronto,Toronto,4563,10.43,Ship,6410.62,5.14
2990,Dubai,Singapore,1053,58.88,Ship,5104.18,5.21
2991,Berlin,Singapore,6571,50.83,Cargo Van,5607.03,1.9
2992,Singapore,London,3686,52.51,Truck,6336.49,5.77
2993,Dubai,Toronto,861,93.89,Air Freight,1076.75,9.83
2994,New York,New York,6739,27.08,Cargo Van,1772.37,3.39
2995,Singapore,Toronto,274,54.26,Truck,1484.93,7.29
2996,Toronto,Berlin,9997,56.97,Truck,7520.5,5.71
2997,Mumbai,Dubai,3597,51.66,Cargo Van,7718.38,5.72
2998,Sydney,Dubai,9596,6.17,Truck,7600.36,3.03
2999,London,Sydney,4227,15.14,Air Freight,2410.73,7.42
3000,Toronto,London,3682,32.51,Air Freight,631.25,4.98
3001,Berlin,Singapore,7977,70.35,Cargo Van,2044.23,1.53
3002,Sydney,Sydney,9062,22.52,Air Freight,4350.02,7.98
3003,New York,Singapore,2971,80.99,Truck,2848.25,5.15
3004,New York,Sydney,5956,25.95,Truck,4368.38,3.37
3005,London,Dubai,2348,77.34,Ship,789.58,2.02
3006,Dubai,New York,3710,5.8,Cargo Van,7108.11,2.04
3007,Toronto,Sydney,752,12.11,Cargo Van,2206.37,2.99
3008,Toronto,Toronto,10627,37.95,Air Freight,3532.11,6.24
3009,Toronto,Sydney,3113,89.89,Ship,2816.58,5.11
3010,London,Sydney,1048,27.71,Truck,5850.13,7.13
3011,New York,Singapore,3538,44.53,Air Freight,5752.61,9.85
3012,Mumbai,Sydney,6573,58.72,Air Freight,7660.96,5.46
3013,Berlin,Sydney,221,92.39,Truck,1686.36,1.1
3014,Singapore,Sydney,10833,41.11,Ship,1997.12,9.2
3015,Sydney,London,5163,76.43,Truck,2077.65,2.27
3016,Singapore,Sydney,4701,54.79,Truck,2623.23,1.19
3017,New York,Mumbai,4179,61.13,Truck,7055.95,3.61
3018,Mumbai,Berlin,6765,6.72,Cargo Van,5263.05,7.7
3019,Berlin,Dubai,6766,52.39,Air Freight,7586.64,6.46
3020,Mumbai,Dubai,4879,91.75,Cargo Van,6764.61,1.06
3021,Dubai,New York,3700,41.93,Truck,5681.37,4.11
3022,Sydney,Toronto,4923,94.9,Truck,3490.97,4.47
3023,Dubai,New York,394,56.83,Ship,1144.8,9.25
3024,Toronto,Berlin,7747,79.57,Truck,4213.78,1.56
3025,Singapore,Toronto,2869,50.6,Ship,4368.4,2.91
3026,Berlin,Sydney,9632,86.73,Truck,7645.47,4.48
3027,London,Toronto,3134,48.97,Truck,653.02,3.66
3028,Toronto,Singapore,10023,33.91,Ship,4879.97,7.11
3029,Singapore,Toronto,9979,14.25,Air Freight,1069.75,9.14
3030,Berlin,Dubai,10545,84.83,Cargo Van,6195.08,6.12
3031,Sydney,Dubai,5763,73.34,Truck,4656.25,6.9
3032,New York,Sydney,3980,62.66,Truck,3503.09,5.91
3033,New York,Dubai,9623,93.76,Truck,6312.97,7.35
3034,New York,New York,7857,32.35,Air Freight,5103.63,3.7
3035,Dubai,Mumbai,777,38.23,Ship,371.39,3.85
3036,Berlin,Berlin,7959,29.12,Cargo Van,625.44,7.48
3037,Sydney,Berlin,4569,57.6,Cargo Van,6466.81,3.6
3038,New York,New York,11663,12.98,Cargo Van,1140.58,2.93
3039,Sydney,London,9134,44.4,Cargo Van,220.96,5.44
3040,Sydney,Dubai,11826,47.97,Air Freight,3735.8,5.84
3041,Toronto,Sydney,6581,81.67,Cargo Van,3914.06,8.72
3042,Toronto,London,1563,42.87,Truck,2866.16,6.46
3043,London,Singapore,7110,74.91,Truck,1290.58,1.6
3044,London,London,7853,46.42,Air Freight,7180.49,7.74
3045,Toronto,New York,4133,66.33,Cargo Van,1628.27,9.3
3046,Sydney,Berlin,5083,45.41,Cargo Van,5603.45,1.15
3047,Berlin,London,11151,55.33,Ship,5159.89,8.84
3048,Sydney,Toronto,9416,42.3,Ship,1406.46,7.2
3049,Sydney,Dubai,11360,56.61,Air Freight,3273.18,3.66
3050,New York,Berlin,9603,51.09,Ship,1546.39,2.64
3051,Singapore,Mumbai,4659,73.32,Ship,7129.78,6.96
3052,Singapore,London,7981,25.4,Air Freight,2502.05,4.21
3053,New York,Dubai,10202,68.82,Truck,5007.33,6.36
3054,New York,New York,11264,20.62,Ship,3884.24,5.36
3055,Sydney,Dubai,3578,51.93,Ship,3516.92,2.86
3056,Mumbai,Berlin,6914,58.72,Air Freight,1247.11,6.08
3057,Singapore,Toronto,808,14.87,Ship,6176.77,3.03
3058,Sydney,Toronto,11806,25.56,Cargo Van,2599.98,7.2
3059,Dubai,Mumbai,8943,15.04,Cargo Van,3298.02,2.4
3060,Toronto,Dubai,1449,27.28,Ship,1881.64,4.59
3061,Singapore,Dubai,7398,69.61,Air Freight,6814.93,3.09
3062,Mumbai,London,6121,10.41,Truck,1635.98,2.89
3063,Berlin,Mumbai,8713,82.6,Truck,5530.17,7.02
3064,Berlin,Berlin,7463,14.77,Truck,2524.69,3.78
3065,Berlin,Berlin,9553,40.65,Air Freight,4871.76,6.22
3066,Berlin,London,2133,11.94,Truck,4937.24,4.6
3067,Mumbai,London,148,13.98,Truck,1124.77,6.77
3068,Sydney,Mumbai,9764,28.85,Ship,7542.68,2.36
3069,Singapore,London,446,39.28,Truck,2183.92,5.41
3070,Singapore,Mumbai,3135,37.89,Cargo Van,453.64,4.14
3071,Sydney,Berlin,6324,44.48,Air Freight,1606.72,7.87
3072,Mumbai,Berlin,7884,56.6,Ship,4162.38,5.78
3073,London,Berlin,963,88.9,Ship,5148.9,6.7
3074,Singapore,Dubai,6248,5.03,Air Freight,6184.45,1.06
3075,Berlin,Singapore,8556,8.5,Cargo Van,4187.7,7.8
3076,Singapore,Mumbai,4479,76.55,Truck,349.56,8.16
3077,London,London,578,55.23,Air Freight,7980.28,3.2
3078,Singapore,Dubai,5681,82.92,Cargo Van,7589.54,5.48
3079,London,London,2447,74.61,Air Freight,1833.77,5.56
3080,Sydney,Dubai,11060,23.7,Cargo Van,973.96,6.24
3081,Toronto,London,11948,5.04,Ship,298.34,8.45
3082,Toronto,Sydney,10475,28.05,Ship,2832.38,3.12
3083,Toronto,Toronto,1979,13.51,Ship,5389.04,9.79
3084,Berlin,Berlin,99,89.94,Ship,7265.99,5.28
3085,New York,Singapore,3840,24.56,Cargo Van,339.95,5.24
3086,London,Dubai,8230,50.32,Air Freight,5287.36,7.6
3087,Mumbai,Singapore,6661,14.93,Air Freight,3181.38,2.8
3088,Singapore,New York,3048,59.82,Cargo Van,4723.35,3.61
3089,Toronto,Mumbai,80,54.4,Air Freight,4337.81,7.75
3090,Singapore,Sydney,7808,93.38,Cargo Van,6084.08,5.03
3091,Mumbai,Dubai,2853,68.04,Cargo Van,3612.39,1.08
3092,Toronto,London,2702,83.25,Air Freight,3136.57,9.18
3093,Toronto,London,11616,55.72,Ship,2092.6,4.87
3094,Toronto,Sydney,4987,62.38,Air Freight,1816.81,9.83
3095,Sydney,Sydney,5775,4.15,Air Freight,386.84,7.72
3096,Toronto,New York,9535,4.9,Cargo Van,2062.26,8.45
3097,Singapore,London,5645,62.59,Cargo Van,7538.75,7.1
3098,Mumbai,Toronto,8916,86.59,Cargo Van,5172.41,5.08
3099,Singapore,Berlin,1605,8.0,Ship,899.57,3.96
3100,Berlin,Toronto,2635,81.56,Truck,3291.3,6.42
3101,Sydney,Toronto,5071,54.24,Ship,5474.84,4.24
3102,Dubai,New York,4182,94.11,Ship,1596.73,8.93
3103,Sydney,Dubai,6086,17.03,Air Freight,5793.49,4.03
3104,Berlin,Dubai,436,32.07,Truck,4973.57,1.82
3105,London,Singapore,9478,71.39,Cargo Van,3647.22,1.53
3106,Dubai,New York,886,42.06,Truck,4124.59,6.2
3107,London,Toronto,2616,68.35,Air Freight,7505.96,2.86
3108,New York,Mumbai,11976,6.4,Cargo Van,6362.31,5.73
3109,Sydney,Berlin,56,82.28,Ship,2755.49,8.26
3110,Singapore,Toronto,728,48.35,Air Freight,4389.72,9.09
3111,New York,Mumbai,659,72.56,Truck,2466.74,1.43
3112,Sydney,Singapore,6794,65.94,Cargo Van,7197.03,6.42
3113,Dubai,Toronto,6751,73.54,Ship,3014.1,1.19
3114,Dubai,Toronto,5749,21.18,Truck,1978.83,7.54
3115,Toronto,Dubai,2860,85.82,Air Freight,5100.08,3.08
3116,Mumbai,Singapore,10470,38.24,Ship,3914.36,1.67
3117,Sydney,Dubai,8085,78.45,Cargo Van,3227.44,3.08
3118,New York,London,11776,14.24,Cargo Van,5229.38,6.86
3119,Sydney,Mumbai,2971,40.54,Truck,2289.93,5.81
3120,Toronto,New York,3931,14.69,Ship,2700.32,1.02
3121,Singapore,Sydney,5766,59.97,Truck,6334.09,6.89
3122,Dubai,Sydney,5345,57.99,Cargo Van,7270.2,9.86
3123,Dubai,London,3338,12.4,Cargo Van,5083.74,5.39
3124,Sydney,Sydney,426,30.27,Air Freight,7440.91,3.71
3125,London,Dubai,1917,72.49,Ship,5680.75,9.14
3126,London,Mumbai,736,76.77,Air Freight,7168.12,4.23
3127,New York,Singapore,5305,26.5,Air Freight,7084.84,6.73
3128,Toronto,Mumbai,11599,11.26,Cargo Van,4890.45,2.47
3129,Mumbai,Mumbai,9786,78.41,Truck,3768.45,3.18
3130,Singapore,Dubai,706,86.29,Ship,7166.87,6.27
3131,Berlin,New York,10258,75.6,Air Freight,1990.73,6.82
3132,Toronto,Berlin,5153,13.85,Ship,3498.15,7.29
3133,London,Berlin,9738,33.78,Cargo Van,6577.04,4.64
3134,New York,New York,10056,9.08,Ship,3658.26,6.85
3135,Singapore,Dubai,6992,3.18,Ship,1468.13,9.54
3136,London,Berlin,3269,54.38,Ship,7265.38,4.74
3137,New York,Berlin,7189,32.45,Ship,2417.02,5.83
3138,Toronto,Mumbai,469,34.63,Truck,3839.34,5.13
3139,London,Sydney,4955,56.04,Truck,4760.31,4.19
3140,Mumbai,New York,353,80.81,Cargo Van,2647.65,1.69
3141,Toronto,Sydney,3689,71.83,Truck,3001.91,1.71
3142,Dubai,Mumbai,3937,3.3,Air Freight,5543.74,7.57
3143,Toronto,Dubai,10799,70.27,Air Freight,353.45,2.85
3144,Toronto,Berlin,2514,7.85,Truck,4598.87,9.24
3145,Mumbai,New York,3030,56.35,Air Freight,946.59,3.21
3146,Dubai,Sydney,9797,11.63,Cargo Van,1227.08,7.42
3147,Toronto,Mumbai,10807,92.16,Truck,2480.29,2.83
3148,Toronto,Berlin,519,77.77,Truck,5427.6,9.64
3149,London,Toronto,6012,9.29,Ship,728.34,7.46
3150,Berlin,Dubai,9881,71.72,Cargo Van,4968.54,2.87
3151,Mumbai,New York,4766,74.33,Truck,7144.55,3.97
3152,London,New York,8325,8.95,Truck,3051.73,9.09
3153,Toronto,New York,4913,81.87,Air Freight,3031.78,8.34
3154,Sydney,London,2040,94.95,Truck,1413.06,7.23
3155,Mumbai,Mumbai,5854,19.48,Cargo Van,4180.78,8.79
3156,Toronto,Toronto,3802,60.22,Cargo Van,4493.94,6.84
3157,London,Toronto,4151,95.16,Ship,3691.06,8.08
3158,Mumbai,Dubai,11189,51.26,Air Freight,2897.37,2.42
3159,Sydney,New York,6186,42.1,Ship,4374.08,1.29
3160,Toronto,Dubai,8691,81.82,Ship,299.04,9.46
3161,Singapore,Mumbai,11311,67.17,Cargo Van,2809.42,6.1
3162,Sydney,Mumbai,3672,29.19,Truck,2870.47,5.62
3163,London,Singapore,5248,75.36,Air Freight,6196.07,9.52
3164,London,Singapore,10297,79.54,Air Freight,2907.53,6.28
3165,Dubai,Toronto,5668,87.13,Cargo Van,1094.17,4.22
3166,Sydney,Toronto,685,41.0,Ship,725.76,8.49
3167,London,Dubai,5726,90.53,Truck,458.52,1.86
3168,Berlin,Mumbai,1917,35.02,Cargo Van,7330.47,7.73
3169,Berlin,Mumbai,2263,50.91,Cargo Van,7591.01,8.38
3170,Mumbai,Berlin,4824,13.07,Ship,380.34,2.63
3171,Singapore,Dubai,7502,29.06,Ship,5825.35,7.48
3172,Sydney,Sydney,7062,75.03,Ship,3473.98,6.76
3173,London,Berlin,8543,3.1,Cargo Van,6266.8,8.68
3174,Mumbai,Berlin,2587,79.39,Truck,4113.4,3.42
3175,Berlin,New York,9311,9.56,Ship,6502.3,7.18
3176,Mumbai,New York,11195,39.61,Cargo Van,2076.7,4.66
3177,Singapore,Berlin,1662,66.7,Ship,1440.94,5.69
3178,Singapore,Singapore,9835,35.56,Truck,4624.96,1.24
3179,New York,Sydney,2931,92.04,Air Freight,7752.93,3.18
3180,Berlin,London,1169,63.93,Air Freight,6592.4,7.92
3181,Dubai,London,4527,87.71,Cargo Van,5997.64,3.13
3182,Singapore,Toronto,11224,35.99,Air Freight,1662.55,8.71
3183,Berlin,Mumbai,1451,73.84,Cargo Van,7836.51,8.37
3184,New York,Dubai,4509,76.17,Cargo Van,6306.57,3.98
3185,Sydney,Mumbai,3224,38.99,Truck,5539.17,5.47
3186,Singapore,London,8416,50.97,Truck,7063.13,8.42
3187,Dubai,Mumbai,480,69.0,Truck,3234.37,9.7
3188,Toronto,Sydney,608,67.69,Truck,5262.27,3.81
3189,Singapore,Mumbai,1291,25.23,Cargo Van,1435.68,5.17
3190,Singapore,New York,4550,69.04,Cargo Van,1291.4,9.39
3191,New York,Singapore,9601,60.02,Truck,2500.41,2.38
3192,Berlin,Mumbai,5211,87.31,Ship,1163.84,6.63
3193,Dubai,Singapore,7417,53.76,Cargo Van,6810.35,7.77
3194,London,Singapore,7669,92.85,Air Freight,2732.68,7.86
3195,Mumbai,London,7176,55.0,Cargo Van,7502.97,1.93
3196,Berlin,Dubai,7541,79.58,Cargo Van,5320.06,2.56
3197,Sydney,Singapore,196,2.9,Ship,5659.8,4.6
3198,London,Toronto,4053,32.24,Cargo Van,6716.45,8.3
3199,Dubai,Sydney,9560,70.1,Cargo Van,670.72,6.58
3200,Dubai,New York,4316,84.02,Truck,3029.63,5.17
3201,Sydney,Toronto,4143,29.26,Truck,7718.7,9.47
3202,Toronto,Dubai,11581,43.74,Cargo Van,6615.49,7.43
3203,Singapore,Mumbai,8706,88.81,Air Freight,271.89,7.01
3204,New York,London,749,95.66,Cargo Van,3556.64,9.61
3205,Toronto,Berlin,3648,47.34,Truck,6597.8,4.04
3206,Sydney,Mumbai,2259,24.52,Air Freight,1719.14,8.54
3207,Mumbai,Sydney,7171,34.04,Ship,486.57,8.81
3208,London,Singapore,1876,12.72,Cargo Van,2363.61,8.79
3209,Mumbai,New York,6537,58.96,Ship,4512.17,2.54
3210,Toronto,London,6954,64.37,Truck,1424.3,9.47
3211,Mumbai,Berlin,7346,49.24,Cargo Van,1594.78,1.68
3212,Mumbai,Mumbai,1938,19.0,Air Freight,5564.16,1.71
3213,Toronto,Berlin,4831,8.98,Cargo Van,5727.35,7.93
3214,Toronto,Mumbai,3359,67.47,Truck,7093.46,4.29
3215,London,Mumbai,4830,21.47,Truck,744.72,5.28
3216,New York,New York,9749,88.14,Ship,1229.03,6.47
3217,Sydney,Toronto,1087,26.73,Truck,6926.88,4.25
3218,New York,Berlin,2002,3.92,Truck,2384.92,6.31
3219,London,New York,10706,75.03,Cargo Van,1386.42,4.91
3220,Mumbai,Mumbai,4145,23.01,Air Freight,7801.58,9.09
3221,Dubai,Sydney,4519,68.27,Truck,1190.25,5.96
3222,Sydney,Mumbai,5851,42.8,Ship,3699.11,9.53
3223,Sydney,Dubai,11935,28.87,Truck,3121.46,6.33
3224,Mumbai,Mumbai,8410,69.63,Ship,1986.6,9.3
3225,New York,London,11982,92.43,Air Freight,7547.49,4.24
3226,Berlin,Singapore,9528,87.54,Air Freight,6467.43,1.55
3227,Mumbai,London,10488,17.21,Truck,7997.55,6.62
3228,Mumbai,Berlin,9806,10.06,Cargo Van,1648.0,1.65
3229,Toronto,Dubai,8317,42.32,Ship,2940.78,7.2
3230,New York,Sydney,7428,58.39,Cargo Van,691.93,1.7
3231,Berlin,Dubai,8380,56.75,Truck,4083.21,5.98
3232,Dubai,New York,1525,22.41,Cargo Van,1510.17,9.85
3233,Singapore,Toronto,2243,46.65,Truck,4037.38,4.03
3234,Sydney,Mumbai,6999,94.57,Air Freight,7854.5,3.44
3235,Toronto,Berlin,3380,26.66,Truck,2585.96,2.09
3236,Dubai,Dubai,543,54.15,Truck,6946.54,4.35
3237,Dubai,Dubai,788,70.18,Cargo Van,7533.49,4.18
3238,New York,Singapore,2375,29.57,Ship,7333.91,4.65
3239,New York,Berlin,7733,52.94,Air Freight,977.68,5.71
3240,Toronto,Mumbai,9539,7.25,Truck,1356.89,7.5
3241,Mumbai,London,9832,41.85,Truck,4869.47,2.69
3242,Berlin,Berlin,9988,23.25,Ship,5708.82,8.17
3243,Dubai,Toronto,346,94.49,Truck,2503.24,3.9
3244,Singapore,Singapore,9874,24.03,Truck,4936.29,8.01
3245,New York,Mumbai,3913,80.75,Truck,4578.22,2.35
3246,New York,Singapore,6715,51.94,Cargo Van,5464.75,6.01
3247,Mumbai,Toronto,10635,5.89,Truck,1308.92,6.85
3248,Toronto,Berlin,1736,57.83,Air Freight,1244.07,6.01
3249,Toronto,Dubai,9611,83.35,Truck,4350.48,1.16
3250,Mumbai,Toronto,7080,21.83,Air Freight,3148.53,9.36
3251,Toronto,New York,4984,54.26,Truck,7068.95,4.62
3252,Berlin,Mumbai,11153,70.91,Ship,4455.77,8.87
3253,Mumbai,Dubai,10024,44.66,Air Freight,2027.84,6.01
3254,London,Singapore,1828,21.59,Air Freight,3916.72,1.9
3255,Toronto,New York,733,60.28,Ship,2990.74,7.97
3256,Dubai,Berlin,11822,41.82,Truck,5003.39,6.87
3257,Mumbai,Berlin,6958,9.06,Cargo Van,4118.77,1.64
3258,Sydney,Singapore,4763,33.7,Air Freight,2151.42,4.89
3259,Sydney,Toronto,10146,76.99,Cargo Van,6175.9,5.22
3260,Singapore,Toronto,6272,86.53,Ship,3165.49,2.07
3261,Berlin,Dubai,9360,57.7,Cargo Van,1466.58,1.94
3262,Mumbai,New York,1282,21.05,Ship,702.66,2.21
3263,Dubai,Sydney,6493,9.11,Cargo Van,7361.87,4.24
3264,London,New York,11280,23.13,Ship,3858.41,6.78
3265,Mumbai,Sydney,10682,54.33,Ship,6148.8,1.2
3266,Singapore,Mumbai,8303,46.29,Truck,5442.45,1.57
3267,New York,Mumbai,2310,56.68,Cargo Van,2072.15,1.93
3268,Berlin,London,9859,65.71,Air Freight,3854.25,5.49
3269,Toronto,Mumbai,8776,58.78,Ship,1301.36,4.39
3270,Sydney,Mumbai,4782,41.83,Air Freight,6985.92,7.29
3271,Dubai,Sydney,10268,55.0,Air Freight,6938.45,2.29
3272,Berlin,Dubai,10327,24.64,Ship,6264.69,3.09
3273,Mumbai,Sydney,7602,12.09,Air Freight,6669.23,5.06
3274,Toronto,Berlin,10154,47.93,Ship,5822.95,1.43
3275,Berlin,Dubai,11717,45.06,Truck,3588.03,5.91
3276,London,London,6273,87.08,Air Freight,3099.21,7.99
3277,New York,Singapore,157,92.13,Cargo Van,4145.92,6.72
3278,New York,Singapore,8567,25.71,Air Freight,5741.94,4.37
3279,Berlin,New York,9397,20.56,Air Freight,4819.02,5.58
3280,Mumbai,Berlin,5296,90.75,Air Freight,7631.33,8.37
3281,Singapore,Mumbai,1551,82.33,Air Freight,2744.63,1.21
3282,Berlin,Mumbai,1748,55.17,Air Freight,5098.94,2.04
3283,Singapore,Mumbai,2663,23.6,Air Freight,2086.88,9.9
3284,Toronto,Singapore,374,64.61,Cargo Van,765.75,9.12
3285,Toronto,Sydney,4729,48.24,Ship,6720.65,1.18
3286,Toronto,London,7056,23.7,Cargo Van,1335.89,3.1
3287,Toronto,Sydney,5823,84.14,Truck,1840.02,7.99
3288,Berlin,London,2346,50.17,Air Freight,5820.96,8.01
3289,Toronto,Berlin,11967,3.38,Cargo Van,6743.0,5.81
3290,Toronto,Singapore,8667,33.94,Ship,7112.82,9.46
3291,Sydney,Sydney,1300,77.18,Truck,5279.9,7.69
3292,Berlin,Singapore,7806,48.69,Truck,3716.6,3.43
3293,Sydney,London,9500,77.77,Air Freight,5187.0,2.78
3294,Dubai,Sydney,8350,10.15,Cargo Van,6069.89,7.81
3295,London,Toronto,9966,50.99,Cargo Van,3067.87,9.1
3296,Berlin,London,8043,56.63,Ship,5714.22,4.51
3297,New York,Berlin,7270,12.02,Ship,6625.06,7.63
3298,London,Toronto,10128,28.71,Cargo Van,7120.33,7.41
3299,London,Mumbai,4793,86.63,Air Freight,6419.83,5.88
3300,New York,Sydney,5665,73.06,Ship,2450.43,6.48
3301,London,Mumbai,7469,49.04,Ship,5101.48,7.01
3302,Dubai,Singapore,677,39.74,Cargo Van,5623.82,2.88
3303,Sydney,Sydney,5187,73.98,Air Freight,2776.61,6.16
3304,London,New York,10280,39.2,Truck,4980.88,1.33
3305,Berlin,Toronto,3685,28.45,Truck,7534.36,3.91
3306,Singapore,Berlin,4648,17.54,Air Freight,2010.49,9.52
3307,Berlin,Toronto,3651,80.92,Ship,5236.41,2.46
3308,Mumbai,London,6658,88.09,Ship,334.63,5.25
3309,Singapore,Dubai,727,31.2,Truck,3551.63,7.77
3310,Berlin,New York,4865,4.24,Ship,3284.21,3.81
3311,Sydney,Dubai,8320,34.88,Cargo Van,7847.22,7.76
3312,London,Mumbai,5686,34.47,Cargo Van,5483.29,2.72
3313,Sydney,Berlin,11112,56.06,Cargo Van,3093.58,9.22
3314,Singapore,Dubai,11559,12.63,Truck,4029.4,3.93
3315,Toronto,Dubai,10003,55.04,Truck,5268.62,7.62
3316,Singapore,Mumbai,9668,40.08,Air Freight,2525.97,7.69
3317,Berlin,Singapore,7684,28.39,Air Freight,2229.72,8.03
3318,Sydney,Berlin,773,2.78,Air Freight,2935.43,5.38
3319,New York,New York,2619,23.97,Cargo Van,4551.74,8.97
3320,London,Dubai,3032,64.52,Ship,6704.44,8.27
3321,Sydney,Dubai,4342,76.86,Truck,5920.46,8.08
3322,New York,Singapore,9586,75.16,Truck,4666.86,2.09
3323,Berlin,New York,353,46.41,Ship,4452.19,4.9
3324,London,London,5191,93.97,Air Freight,5396.55,1.66
3325,New York,Toronto,6383,72.99,Cargo Van,5284.14,1.22
3326,London,Berlin,4656,39.46,Cargo Van,1942.01,4.08
3327,Sydney,Sydney,3160,11.27,Ship,1826.29,7.24
3328,Berlin,Dubai,11724,76.08,Cargo Van,2655.89,9.84
3329,Sydney,Toronto,9146,80.03,Cargo Van,5632.96,6.72
3330,Sydney,Singapore,660,38.57,Ship,7639.14,3.44
3331,London,Berlin,3908,75.09,Ship,1255.91,6.69
3332,Singapore,New York,11262,30.68,Air Freight,5394.32,8.69
3333,Dubai,London,697,61.91,Truck,5433.46,6.36
3334,New York,Singapore,7567,12.86,Truck,4329.65,6.63
3335,Toronto,Singapore,8247,73.72,Cargo Van,6191.25,9.14
3336,New York,Sydney,4093,20.24,Air Freight,2077.24,2.14
3337,Mumbai,Mumbai,11715,35.57,Ship,1018.02,8.97
3338,Dubai,Sydney,1835,7.0,Air Freight,5282.44,9.16
3339,Berlin,Dubai,2086,66.17,Cargo Van,1193.16,3.84
3340,London,Berlin,9510,11.13,Air Freight,266.39,9.34
3341,London,Berlin,11255,93.37,Air Freight,2347.86,6.25
3342,Dubai,Sydney,7817,30.06,Truck,7874.87,8.24
3343,Berlin,Sydney,11955,78.05,Ship,5719.1,7.55
3344,Toronto,Sydney,6064,20.93,Truck,4762.43,2.1
3345,Dubai,Sydney,9937,24.37,Air Freight,1459.03,8.46
3346,Berlin,Toronto,2989,50.45,Ship,4553.96,3.26
3347,Mumbai,Sydney,9497,35.33,Cargo Van,5159.96,9.91
3348,Toronto,Mumbai,2683,5.54,Ship,5328.67,6.71
3349,Toronto,Singapore,8144,26.31,Truck,2695.41,6.5
3350,Dubai,Singapore,832,53.17,Air Freight,3263.85,3.89
3351,Dubai,Singapore,8005,77.65,Air Freight,7074.07,7.75
3352,Dubai,Sydney,11504,5.99,Truck,7187.08,2.16
3353,Toronto,Berlin,5141,58.93,Truck,2598.35,7.93
3354,Toronto,London,8751,74.67,Truck,2825.4,7.73
3355,Berlin,Toronto,11054,45.23,Truck,3962.18,4.01
3356,Singapore,Singapore,5519,37.29,Ship,1984.13,1.32
3357,London,Toronto,4417,87.36,Truck,6830.0,1.03
3358,Toronto,Mumbai,5910,25.75,Ship,3592.73,6.33
3359,Dubai,Toronto,5754,54.53,Truck,2669.47,9.89
3360,Toronto,Dubai,3606,38.54,Truck,3581.17,9.26
3361,Mumbai,Dubai,5291,76.15,Cargo Van,942.77,6.0
3362,Sydney,Sydney,11089,50.01,Ship,7790.74,5.62
3363,Toronto,New York,10963,30.58,Ship,1803.4,2.3
3364,Singapore,London,5736,50.95,Ship,297.06,3.52
3365,Mumbai,Berlin,3231,7.91,Cargo Van,4417.77,2.59
3366,Toronto,Berlin,11122,10.95,Ship,7145.77,2.6
3367,Sydney,Toronto,6488,47.27,Cargo Van,6617.05,7.5
3368,Mumbai,Toronto,9458,49.88,Truck,938.08,7.81
3369,New York,Toronto,11892,81.79,Truck,6111.96,2.23
3370,Berlin,Singapore,1800,83.18,Ship,1465.22,4.69
3371,Berlin,London,1544,74.44,Air Freight,5311.04,9.74
3372,London,London,7543,85.63,Truck,1205.92,3.28
3373,New York,Singapore,6543,63.09,Cargo Van,3983.79,3.79
3374,London,Dubai,1199,12.09,Truck,4804.69,6.04
3375,Singapore,Singapore,7731,49.82,Ship,1721.27,1.41
3376,New York,Toronto,8618,39.36,Ship,317.42,2.58
3377,Mumbai,Dubai,10640,25.76,Truck,359.91,1.39
3378,Mumbai,Mumbai,7679,84.41,Air Freight,4792.91,2.96
3379,London,Singapore,2274,48.7,Truck,4235.24,3.59
3380,New York,Toronto,2247,19.84,Cargo Van,4373.31,4.64
3381,Toronto,London,8595,4.2,Truck,4240.4,7.67
3382,New York,Berlin,3548,37.11,Truck,2343.49,5.11
3383,Mumbai,Singapore,5589,90.78,Air Freight,328.96,9.69
3384,Dubai,Toronto,3639,47.42,Air Freight,4194.42,4.7
3385,Singapore,Berlin,1813,26.37,Truck,5543.39,1.25
3386,Sydney,Mumbai,5022,46.46,Truck,4869.54,3.32
3387,Singapore,New York,10141,83.3,Ship,534.04,8.81
3388,Singapore,Toronto,11573,14.91,Truck,3374.63,8.63
3389,Sydney,Sydney,7100,41.19,Air Freight,424.52,6.73
3390,London,Singapore,7572,12.26,Truck,1835.76,7.64
3391,Singapore,Dubai,11247,27.22,Air Freight,997.07,9.89
3392,Berlin,Dubai,11590,36.14,Truck,3414.32,8.67
3393,Berlin,New York,5117,38.18,Cargo Van,1247.42,6.67
3394,Singapore,Berlin,5789,82.92,Ship,5531.45,4.97
3395,Berlin,Mumbai,5694,58.8,Cargo Van,6142.04,8.31
3396,Dubai,New York,9210,52.45,Truck,6110.65,8.59
3397,Dubai,Singapore,3185,89.24,Ship,778.7,7.1
3398,Sydney,Toronto,3501,86.22,Cargo Van,3992.85,7.23
3399,Berlin,New York,5004,65.15,Cargo Van,3787.92,4.75
3400,Berlin,Dubai,1883,75.98,Ship,3800.43,9.58
3401,London,Toronto,9176,22.18,Truck,1109.35,4.56
3402,Berlin,Berlin,3328,8.55,Cargo Van,6998.12,1.81
3403,Toronto,New York,10004,93.48,Truck,7977.42,5.91
3404,Dubai,Dubai,6506,78.12,Ship,2306.63,4.01
3405,New York,London,7654,13.59,Ship,2004.18,7.39
3406,London,London,4917,34.76,Cargo Van,4260.46,2.16
3407,Singapore,Berlin,2345,86.88,Air Freight,1343.49,2.15
3408,Toronto,London,8525,43.63,Air Freight,1360.89,1.12
3409,Mumbai,Berlin,3320,19.13,Air Freight,1156.63,6.0
3410,Berlin,Sydney,4665,88.95,Ship,3357.03,1.4
3411,Sydney,New York,4933,64.15,Truck,680.9,9.94
3412,Singapore,Dubai,10071,40.22,Cargo Van,3819.38,2.6
3413,Dubai,Sydney,3563,46.52,Air Freight,3248.08,1.39
3414,Berlin,Sydney,6616,30.31,Ship,308.63,5.8
3415,Berlin,London,4308,84.0,Truck,2125.52,9.78
3416,Dubai,Singapore,1073,83.62,Air Freight,847.24,7.49
3417,Toronto,Dubai,10040,30.94,Truck,3057.65,5.16
3418,New York,Dubai,5165,58.21,Ship,1557.31,5.46
3419,Berlin,New York,3755,40.32,Cargo Van,1586.24,1.34
3420,Mumbai,Toronto,2191,6.18,Air Freight,5650.94,3.56
3421,Berlin,Sydney,3524,82.25,Cargo Van,1773.01,4.1
3422,Singapore,Berlin,3567,46.34,Truck,1181.19,2.76
3423,Berlin,Toronto,7623,37.43,Ship,6880.11,9.26
3424,Sydney,Sydney,4862,42.96,Truck,3770.21,7.35
3425,London,Singapore,5926,36.82,Ship,5343.66,5.79
3426,Toronto,Toronto,5747,77.3,Truck,517.85,9.8
3427,Dubai,New York,3375,50.89,Air Freight,768.33,7.7
3428,Sydney,Sydney,7768,87.82,Ship,4338.2,8.68
3429,Mumbai,Singapore,8194,59.92,Ship,2220.88,4.93
3430,Berlin,Singapore,11549,49.05,Cargo Van,1667.93,1.15
3431,Sydney,Singapore,3750,31.16,Cargo Van,583.81,2.41
3432,Dubai,Mumbai,10365,52.84,Ship,1029.54,6.11
3433,Mumbai,Berlin,10966,37.59,Ship,1486.05,1.2
3434,Toronto,Berlin,10830,69.1,Ship,3331.75,3.95
3435,Dubai,Toronto,6342,91.97,Truck,2314.4,7.68
3436,Berlin,Dubai,10654,19.77,Air Freight,3535.02,8.23
3437,Singapore,Toronto,3692,81.22,Air Freight,630.31,9.85
3438,Dubai,Dubai,4897,86.05,Cargo Van,6982.62,5.85
3439,Berlin,Sydney,4523,88.89,Ship,3743.86,7.54
3440,Dubai,Sydney,4407,17.08,Truck,6511.09,1.82
3441,New York,Toronto,4009,57.6,Air Freight,322.74,2.28
3442,Sydney,Mumbai,5905,73.98,Cargo Van,1092.6,3.37
3443,New York,London,10499,89.13,Air Freight,3299.52,2.57
3444,Toronto,London,6947,79.71,Air Freight,1050.62,5.01
3445,London,London,2887,70.47,Truck,5584.49,3.74
3446,Sydney,Berlin,11917,18.83,Cargo Van,6654.13,3.1
3447,Toronto,Berlin,11622,5.81,Truck,3960.89,6.14
3448,New York,Toronto,2880,47.65,Ship,4557.68,8.92
3449,New York,Berlin,10083,75.59,Cargo Van,2407.06,7.36
3450,Dubai,Mumbai,6380,30.18,Ship,3695.04,4.52
3451,Mumbai,Mumbai,575,19.67,Air Freight,1934.08,9.09
3452,Sydney,Sydney,7268,45.74,Ship,6428.22,5.83
3453,New York,Berlin,4728,37.36,Truck,7529.34,2.58
3454,New York,London,8881,13.1,Air Freight,1602.43,1.81
3455,Dubai,Berlin,11293,71.26,Ship,6196.26,4.25
3456,Dubai,Toronto,11908,29.06,Air Freight,5527.46,1.23
3457,New York,Dubai,2702,9.44,Truck,5279.69,7.49
3458,Singapore,New York,342,32.5,Ship,629.06,2.14
3459,Sydney,Mumbai,10500,66.83,Cargo Van,7669.19,3.68
3460,New York,New York,6396,14.86,Cargo Van,844.51,4.24
3461,Sydney,Singapore,7660,79.43,Air Freight,3802.8,8.15
3462,Singapore,Mumbai,4949,92.26,Air Freight,2091.16,7.18
3463,Sydney,Dubai,5166,2.88,Air Freight,7200.94,5.45
3464,Singapore,Toronto,3615,36.64,Air Freight,3409.62,5.02
3465,Singapore,Dubai,5494,22.94,Truck,6019.01,1.84
3466,Toronto,New York,4107,47.38,Truck,6020.04,8.02
3467,Mumbai,Sydney,9827,79.78,Truck,2128.02,9.47
3468,Toronto,Sydney,10740,53.74,Cargo Van,1230.85,5.13
3469,Singapore,Berlin,10912,53.37,Truck,4298.45,3.85
3470,Dubai,London,5652,36.83,Air Freight,675.14,9.12
3471,Sydney,Berlin,2702,23.81,Air Freight,6956.92,8.18
3472,Toronto,New York,256,39.85,Cargo Van,5113.62,3.68
3473,Dubai,Toronto,4840,13.04,Cargo Van,4767.29,3.82
3474,London,Singapore,2299,31.99,Truck,7730.67,7.88
3475,Mumbai,Berlin,8700,85.99,Air Freight,3305.88,9.81
3476,Toronto,Toronto,11294,9.04,Truck,6823.51,9.17
3477,Dubai,Toronto,8985,14.63,Cargo Van,5915.08,4.59
3478,Mumbai,New York,8705,62.46,Air Freight,4314.79,2.03
3479,Singapore,London,11481,53.21,Cargo Van,7089.7,3.0
3480,New York,New York,5538,46.78,Truck,6427.91,4.01
3481,Sydney,Berlin,10337,36.77,Truck,2814.58,3.47
3482,Sydney,Sydney,4908,42.34,Truck,217.18,1.01
3483,London,New York,8313,58.45,Truck,4776.65,5.45
3484,London,Singapore,6359,87.14,Ship,5338.33,5.85
3485,Toronto,Mumbai,4488,17.26,Truck,7686.49,8.85
3486,Berlin,Dubai,5846,35.36,Truck,522.78,8.53
3487,Dubai,Sydney,206,34.76,Truck,5411.07,9.33
3488,New York,Singapore,6411,22.37,Ship,2217.49,7.16
3489,New York,Sydney,5516,71.99,Air Freight,1394.92,5.84
3490,London,New York,2071,24.14,Cargo Van,7533.24,4.14
3491,Mumbai,Sydney,8475,7.97,Ship,3409.45,7.26
3492,Dubai,Mumbai,9327,80.93,Ship,2288.97,6.64
3493,Mumbai,Mumbai,6466,30.54,Ship,7244.81,2.58
3494,Mumbai,London,2788,45.18,Ship,5494.86,3.0
3495,Singapore,Mumbai,1364,36.07,Air Freight,7951.7,6.4
3496,Singapore,Dubai,10422,41.43,Air Freight,3826.96,4.08
3497,Dubai,London,414,6.93,Air Freight,2993.53,2.22
3498,Sydney,Berlin,10977,45.88,Truck,4899.0,5.26
3499,London,Toronto,2359,5.52,Air Freight,4836.44,9.38
3500,Singapore,Sydney,669,54.07,Truck,4821.28,9.72
3501,Dubai,Berlin,10195,81.24,Cargo Van,4794.73,1.28
3502,Dubai,Sydney,2887,33.13,Cargo Van,3357.14,4.71
3503,Toronto,Toronto,1302,35.02,Cargo Van,5415.17,5.31
3504,Sydney,Sydney,6524,83.72,Ship,2892.63,5.88
3505,London,Dubai,10052,22.79,Ship,2761.0,8.17
3506,London,Berlin,2863,67.7,Ship,5496.93,7.47
3507,Dubai,Mumbai,10365,12.85,Air Freight,7305.32,9.46
3508,Berlin,Sydney,9868,8.67,Cargo Van,3131.11,7.83
3509,Sydney,New York,8511,75.18,Ship,2096.18,8.13
3510,Berlin,Dubai,11338,32.93,Air Freight,2053.84,4.08
3511,Sydney,London,748,35.62,Cargo Van,2177.08,5.45
3512,Singapore,New York,8151,55.82,Ship,2215.17,7.23
3513,Singapore,London,3494,88.84,Cargo Van,2541.4,6.47
3514,Berlin,Berlin,1041,6.98,Ship,3704.86,6.47
3515,Mumbai,Sydney,2097,29.84,Truck,421.73,1.43
3516,Toronto,Mumbai,803,84.29,Air Freight,5080.99,8.57
3517,Sydney,Berlin,2011,52.85,Air Freight,7523.11,7.65
3518,Dubai,London,2047,33.75,Ship,5316.52,6.2
3519,Singapore,Mumbai,1389,90.44,Air Freight,4819.36,3.27
3520,Sydney,Sydney,7293,29.42,Ship,3971.85,1.43
3521,Dubai,Sydney,1918,11.94,Ship,2273.97,7.37
3522,Mumbai,Toronto,4691,54.6,Cargo Van,7573.76,4.11
3523,London,Dubai,2011,66.22,Air Freight,2679.39,7.77
3524,Berlin,Toronto,11733,80.71,Truck,7782.24,2.35
3525,Dubai,Berlin,5594,69.2,Truck,706.69,2.87
3526,Dubai,London,919,31.4,Air Freight,4118.29,5.06
3527,Dubai,Mumbai,7737,6.0,Truck,4684.33,4.45
3528,Dubai,Mumbai,6996,36.63,Cargo Van,5439.39,2.58
3529,Toronto,Mumbai,6143,22.2,Cargo Van,6343.14,5.5
3530,Sydney,Sydney,5379,37.48,Truck,1432.76,9.82
3531,Sydney,Mumbai,6477,6.86,Ship,1851.98,4.03
3532,Singapore,London,4892,36.71,Truck,7715.58,2.14
3533,Sydney,Singapore,6328,83.29,Truck,3265.1,2.94
3534,Dubai,New York,9027,71.19,Air Freight,731.28,6.19
3535,Dubai,Sydney,2252,57.04,Air Freight,1513.63,2.11
3536,Singapore,Berlin,9737,57.32,Truck,1256.49,5.36
3537,New York,Dubai,11764,56.15,Truck,5978.57,9.02
3538,Dubai,Sydney,6688,89.07,Truck,3449.15,4.18
3539,Toronto,Singapore,1726,71.71,Air Freight,4301.23,5.12
3540,Toronto,Berlin,10920,32.56,Ship,6485.26,8.94
3541,Mumbai,Mumbai,10055,15.49,Air Freight,5647.58,1.12
3542,Berlin,London,7960,4.25,Ship,1290.09,5.97
3543,Dubai,Sydney,9375,32.33,Truck,6081.31,7.54
3544,Singapore,Toronto,1646,69.98,Air Freight,7655.48,2.28
3545,Sydney,Sydney,1547,23.99,Air Freight,5730.8,8.08
3546,Mumbai,Berlin,386,83.37,Cargo Van,2482.95,6.22
3547,Toronto,Dubai,9290,28.91,Air Freight,5757.4,4.63
3548,Dubai,Mumbai,4240,50.37,Air Freight,1691.29,8.95
3549,London,Dubai,11190,43.51,Truck,4357.66,8.17
3550,Dubai,Dubai,2793,26.02,Truck,388.39,6.75
3551,Toronto,Mumbai,6087,32.06,Air Freight,4113.48,2.49
3552,Singapore,Dubai,7026,53.45,Air Freight,1435.24,7.58
3553,Dubai,Dubai,4656,85.75,Air Freight,6596.95,7.04
3554,Toronto,London,6115,37.42,Ship,7100.76,6.16
3555,London,Mumbai,4381,53.21,Ship,1096.9,4.93
3556,Dubai,Dubai,11361,48.65,Air Freight,1501.34,5.27
3557,Singapore,Sydney,917,39.95,Truck,7473.12,3.71
3558,Dubai,Singapore,7376,13.17,Truck,7307.62,7.63
3559,Toronto,Berlin,10123,14.25,Ship,5953.72,7.51
3560,Berlin,Sydney,8843,25.04,Air Freight,5183.41,2.83
3561,New York,London,10146,57.37,Truck,4440.74,2.0
3562,Mumbai,Singapore,10424,35.4,Truck,6059.77,2.68
3563,Mumbai,Singapore,3755,80.02,Truck,7068.36,9.5
3564,Singapore,Dubai,3125,86.07,Truck,7514.55,7.88
3565,Sydney,New York,10140,69.62,Cargo Van,5495.47,7.49
3566,Singapore,Toronto,9570,23.97,Ship,2123.79,3.91
3567,New York,Mumbai,9446,16.79,Truck,3680.24,5.15
3568,Mumbai,Sydney,3944,12.04,Air Freight,2543.39,9.35
3569,Dubai,New York,1692,66.29,Ship,6682.97,5.14
3570,London,Mumbai,7546,48.19,Ship,5707.6,5.84
3571,Dubai,Toronto,9276,64.56,Ship,6791.46,6.01
3572,Dubai,London,11645,72.14,Air Freight,3066.73,9.64
3573,Dubai,New York,1812,60.62,Cargo Van,3786.43,7.23
3574,London,Dubai,595,75.12,Truck,918.99,4.77
3575,Berlin,Toronto,7968,78.9,Truck,7786.88,3.9
3576,New York,New York,1559,30.07,Truck,2338.06,4.16
3577,London,Dubai,10934,92.45,Air Freight,1889.74,3.73
3578,New York,Mumbai,528,91.31,Cargo Van,1833.53,3.48
3579,Toronto,Sydney,1365,46.82,Cargo Van,952.26,7.55
3580,New York,Toronto,11341,74.56,Truck,6593.46,3.6
3581,Berlin,New York,6872,95.91,Air Freight,2591.38,1.85
3582,Sydney,Mumbai,3524,84.08,Truck,5338.74,1.73
3583,Mumbai,Mumbai,5273,46.01,Truck,710.29,5.78
3584,Singapore,Singapore,9366,61.77,Ship,7128.14,5.81
3585,Mumbai,Singapore,3179,11.42,Ship,5175.93,2.0
3586,Dubai,Berlin,2610,55.95,Truck,2219.43,2.1
3587,London,Toronto,4157,37.92,Air Freight,924.88,2.33
3588,Sydney,Berlin,9860,73.23,Air Freight,1657.77,7.8
3589,Toronto,Dubai,5822,78.57,Truck,6142.05,8.28
3590,Sydney,London,691,76.02,Truck,6679.74,1.33
3591,London,Mumbai,2912,20.04,Air Freight,6035.47,9.24
3592,Singapore,New York,1351,13.68,Cargo Van,2551.71,7.17
3593,Toronto,New York,7444,54.34,Air Freight,4199.19,8.68
3594,Sydney,London,10876,66.78,Ship,1114.19,1.67
3595,London,Toronto,4378,13.5,Truck,6323.84,9.86
3596,New York,Dubai,506,71.09,Truck,3096.23,8.83
3597,Mumbai,New York,10039,67.81,Truck,7918.32,2.4
3598,London,Berlin,9576,45.65,Truck,2568.59,7.69
3599,Mumbai,London,8814,46.12,Truck,661.35,2.14
3600,Berlin,Mumbai,2225,75.33,Cargo Van,342.4,3.46
3601,Toronto,Mumbai,1832,22.12,Air Freight,1704.92,3.97
3602,Sydney,Sydney,4041,36.71,Air Freight,1288.01,4.48
3603,London,Sydney,935,29.47,Cargo Van,2567.22,6.15
3604,Dubai,Mumbai,509,66.28,Ship,7492.66,3.65
3605,Berlin,London,11585,36.97,Cargo Van,5241.7,4.77
3606,Singapore,Sydney,2844,48.87,Cargo Van,6368.93,5.36
3607,Singapore,Sydney,8216,8.26,Cargo Van,4682.7,8.08
3608,Mumbai,Toronto,5969,69.52,Truck,4355.94,7.35
3609,London,Sydney,5166,14.86,Cargo Van,7166.31,5.45
3610,New York,Sydney,10607,24.62,Ship,2393.14,3.89
3611,Berlin,New York,4298,16.71,Truck,2351.65,6.97
3612,Berlin,Singapore,1307,12.76,Air Freight,4414.87,2.44
3613,Sydney,Mumbai,5766,85.78,Ship,6618.82,3.25
3614,Dubai,Toronto,2118,11.15,Truck,1375.84,2.8
3615,Mumbai,Berlin,172,56.34,Air Freight,7563.81,6.52
3616,Berlin,Toronto,411,90.35,Air Freight,3487.97,4.62
3617,New York,Sydney,10305,74.29,Ship,7523.59,3.62
3618,New York,Dubai,8308,63.13,Truck,5608.46,8.66
3619,Toronto,London,10667,67.74,Cargo Van,252.86,8.99
3620,Mumbai,Dubai,3708,3.53,Air Freight,2077.75,6.03
3621,London,New York,8487,54.56,Air Freight,6544.65,2.95
3622,Berlin,Singapore,1828,14.86,Ship,5095.37,4.94
3623,Mumbai,New York,7869,23.9,Cargo Van,876.32,2.25
3624,Toronto,London,8107,92.37,Air Freight,1667.08,5.54
3625,Singapore,Berlin,9457,44.75,Ship,4600.79,9.38
3626,Dubai,Sydney,3745,65.46,Cargo Van,3681.19,3.33
3627,Toronto,Berlin,11139,14.63,Truck,4649.93,1.5
3628,Toronto,Berlin,1737,39.21,Cargo Van,1377.81,7.47
3629,Mumbai,Berlin,5366,36.34,Air Freight,2849.52,9.04
3630,Dubai,New York,7100,4.38,Truck,6255.39,3.87
3631,Toronto,Berlin,10853,42.89,Truck,5649.01,7.99
3632,Toronto,Sydney,8890,92.41,Cargo Van,2636.3,5.39
3633,Dubai,London,6382,8.99,Cargo Van,4942.35,5.52
3634,Sydney,New York,5698,71.6,Ship,1487.68,3.11
3635,Singapore,Dubai,3156,61.22,Truck,6059.22,5.99
3636,Mumbai,Dubai,3962,59.6,Air Freight,7582.19,8.08
3637,Dubai,Toronto,5552,12.72,Truck,1784.42,5.51
3638,Mumbai,Toronto,8701,28.87,Air Freight,7995.91,1.37
3639,Mumbai,Mumbai,851,58.9,Cargo Van,7000.82,6.55
3640,Singapore,Singapore,998,15.52,Ship,736.29,9.99
3641,Toronto,Berlin,10385,11.85,Air Freight,2575.0,4.37
3642,Singapore,Mumbai,11663,61.31,Ship,5982.55,8.7
3643,Sydney,Singapore,1601,23.98,Ship,2032.77,1.93
3644,Dubai,London,10050,61.52,Ship,1366.39,5.18
3645,Singapore,Mumbai,7420,94.4,Cargo Van,6985.75,2.55
3646,Toronto,Mumbai,7407,70.79,Cargo Van,5586.8,5.41
3647,London,Berlin,1529,29.86,Truck,1447.99,1.98
3648,Dubai,Mumbai,11204,47.27,Cargo Van,6686.32,6.91
3649,Mumbai,Sydney,3860,52.26,Truck,2386.75,1.87
3650,Berlin,Singapore,5617,6.1,Truck,2590.61,7.34
3651,Singapore,London,554,51.61,Ship,4644.65,7.37
3652,London,Sydney,6259,55.33,Air Freight,791.17,4.98
3653,Berlin,New York,9023,13.87,Ship,4288.68,1.98
3654,Sydney,Mumbai,6405,32.53,Air Freight,1275.56,1.23
3655,Toronto,Toronto,10086,13.57,Ship,1581.71,1.69
3656,Sydney,Dubai,11814,3.09,Truck,5320.31,5.5
3657,Singapore,Sydney,3952,56.44,Truck,5372.16,4.12
3658,Sydney,Mumbai,4909,74.2,Air Freight,3355.17,7.91
3659,Dubai,Singapore,1494,62.41,Truck,7984.0,6.7
3660,Mumbai,London,4180,45.84,Cargo Van,6966.72,4.27
3661,New York,Mumbai,6927,7.48,Ship,3885.14,6.55
3662,London,New York,7936,31.83,Air Freight,7060.73,2.17
3663,Mumbai,Mumbai,4856,86.02,Cargo Van,4711.97,3.18
3664,Sydney,Sydney,294,30.62,Air Freight,7000.06,2.32
3665,Toronto,Sydney,7657,76.51,Cargo Van,2416.34,9.56
3666,Berlin,Dubai,3533,19.31,Ship,5426.38,4.72
3667,Berlin,Mumbai,9164,95.65,Air Freight,4615.48,5.05
3668,London,Dubai,4691,64.12,Air Freight,4850.64,9.98
3669,Mumbai,Sydney,2843,5.12,Ship,2688.22,3.8
3670,Sydney,London,9135,50.0,Air Freight,212.59,6.69
3671,London,Dubai,5160,90.48,Truck,704.46,3.44
3672,Singapore,Mumbai,11425,37.25,Ship,5009.73,7.36
3673,New York,Singapore,10731,42.19,Cargo Van,988.18,7.22
3674,Toronto,Toronto,9834,91.06,Ship,1550.46,5.38
3675,Toronto,Sydney,1953,29.7,Truck,7173.21,8.1
3676,New York,Mumbai,1789,37.09,Truck,4328.06,8.84
3677,Berlin,London,2885,61.17,Ship,1199.36,8.74
3678,Singapore,Toronto,6197,16.48,Truck,2148.36,7.52
3679,Toronto,Dubai,11968,90.53,Ship,5631.26,4.07
3680,New York,Berlin,11780,43.48,Air Freight,4302.32,6.29
3681,Berlin,New York,8938,21.38,Ship,7411.49,8.2
3682,Sydney,Toronto,2215,50.08,Ship,3695.61,9.08
3683,London,London,6136,8.29,Air Freight,1574.99,2.1
3684,Sydney,Dubai,10039,78.92,Cargo Van,4469.75,5.3
3685,Sydney,Mumbai,8720,61.27,Truck,6147.78,1.61
3686,Toronto,London,7185,28.5,Truck,5608.17,9.2
3687,Sydney,Sydney,2462,63.5,Truck,4120.22,8.21
3688,Berlin,Dubai,7650,49.76,Truck,1410.23,7.35
3689,Sydney,Berlin,4351,13.86,Truck,4150.88,7.29
3690,Singapore,Toronto,10721,77.28,Truck,7313.31,4.22
3691,Singapore,Dubai,5971,70.75,Cargo Van,898.91,9.11
3692,New York,Berlin,10552,83.28,Truck,3262.42,4.47
3693,New York,Toronto,1354,29.82,Cargo Van,6639.0,7.66
3694,Dubai,Dubai,9564,89.42,Ship,7179.09,4.6
3695,New York,Singapore,9735,33.44,Ship,2474.83,2.14
3696,Berlin,London,11414,52.28,Ship,7264.54,1.94
3697,Dubai,Singapore,2071,8.49,Ship,4578.71,3.99
3698,Sydney,London,67,46.21,Truck,2936.35,1.1
3699,New York,Sydney,7026,61.2,Ship,7030.02,9.4
3700,Berlin,Mumbai,4051,45.84,Truck,3724.98,2.04
3701,Dubai,Berlin,10736,92.21,Cargo Van,5395.55,8.65
3702,Dubai,Sydney,6151,59.79,Ship,2139.12,5.22
3703,London,Singapore,5636,13.97,Ship,834.26,2.15
3704,Sydney,Berlin,9408,19.48,Ship,6282.56,5.51
3705,Mumbai,Singapore,971,5.21,Cargo Van,5303.99,4.28
3706,Berlin,Toronto,1377,49.1,Ship,1384.56,5.0
3707,New York,Berlin,2515,72.46,Cargo Van,4861.58,4.32
3708,Dubai,New York,2408,86.81,Air Freight,3017.34,5.4
3709,New York,Toronto,1611,73.43,Air Freight,5911.69,6.14
3710,London,Mumbai,4775,23.73,Air Freight,398.9,3.28
3711,Berlin,Sydney,6329,3.97,Cargo Van,6762.1,5.48
3712,Singapore,Dubai,8244,2.36,Truck,2369.93,9.35
3713,Mumbai,London,8849,32.42,Cargo Van,5854.82,5.95
3714,Mumbai,Berlin,1539,22.37,Truck,6759.31,6.4
3715,Mumbai,Mumbai,6450,64.1,Ship,5749.15,5.03
3716,Sydney,Mumbai,1048,79.48,Ship,2462.06,1.46
3717,Berlin,Mumbai,614,81.34,Truck,642.84,9.26
3718,London,Sydney,2801,48.9,Air Freight,6062.73,8.18
3719,Sydney,London,8322,27.79,Cargo Van,2482.22,5.42
3720,Toronto,Berlin,5863,43.89,Air Freight,3734.95,7.03
3721,Berlin,Berlin,5280,78.66,Air Freight,3335.94,4.74
3722,Singapore,New York,11678,24.22,Ship,5755.5,6.93
3723,Toronto,Berlin,3279,67.49,Air Freight,4233.17,9.14
3724,London,Berlin,2186,53.1,Cargo Van,6981.4,7.99
3725,Sydney,Berlin,11669,14.27,Ship,6293.79,7.98
3726,Toronto,Dubai,6509,71.04,Ship,6553.09,6.88
3727,London,London,3777,66.81,Ship,4970.55,9.52
3728,Dubai,Toronto,9495,26.05,Cargo Van,4289.26,3.73
3729,Singapore,New York,3249,73.58,Ship,827.68,2.66
3730,Toronto,Toronto,2789,84.41,Ship,3455.94,6.04
3731,Singapore,Dubai,5085,62.94,Air Freight,6928.29,1.24
3732,New York,Mumbai,9686,2.08,Cargo Van,4184.37,6.23
3733,New York,Singapore,4783,59.06,Ship,2011.1,8.07
3734,Sydney,Toronto,9165,75.39,Cargo Van,7635.18,7.06
3735,New York,Berlin,4504,34.21,Air Freight,1811.79,1.3
3736,Toronto,Singapore,3351,2.93,Air Freight,4358.74,1.81
3737,Mumbai,Sydney,6183,87.01,Cargo Van,7561.19,9.92
3738,London,Toronto,10615,3.09,Truck,7110.78,1.65
3739,Sydney,Singapore,11669,37.8,Ship,3575.29,2.34
3740,Toronto,Berlin,8039,11.75,Air Freight,4006.53,7.62
3741,Dubai,Toronto,4003,88.91,Air Freight,2607.15,6.64
3742,London,Sydney,602,82.1,Air Freight,618.34,8.0
3743,Singapore,London,3251,60.19,Air Freight,4082.39,9.39
3744,Berlin,London,9643,11.13,Cargo Van,4984.31,8.11
3745,New York,Berlin,3397,55.36,Air Freight,665.23,1.2
3746,Toronto,Toronto,6655,32.83,Ship,602.75,1.4
3747,Berlin,Mumbai,4225,88.44,Ship,7451.08,9.79
3748,Berlin,Toronto,2033,42.29,Air Freight,1604.05,2.72
3749,Mumbai,New York,4806,23.65,Cargo Van,1204.91,6.53
3750,Berlin,New York,11295,23.44,Ship,4737.09,7.24
3751,Sydney,Berlin,4082,33.25,Air Freight,7782.9,2.58
3752,Berlin,Singapore,10997,52.2,Air Freight,5022.54,8.2
3753,Toronto,Mumbai,10334,30.54,Cargo Van,7242.24,1.92
3754,London,Mumbai,7917,85.25,Cargo Van,5388.81,2.48
3755,Sydney,Singapore,1004,31.56,Truck,431.04,8.79
3756,New York,London,1499,62.86,Cargo Van,3965.91,1.11
3757,Sydney,Singapore,1270,37.38,Truck,2700.62,3.74
3758,New York,Dubai,10201,15.27,Air Freight,2030.81,2.95
3759,Sydney,London,724,17.44,Air Freight,6163.65,5.42
3760,New York,Singapore,1211,34.55,Ship,1038.77,2.54
3761,Mumbai,New York,1712,56.55,Ship,4650.52,8.3
3762,Singapore,Sydney,7028,64.74,Air Freight,3209.87,2.67
3763,Berlin,Berlin,1651,61.95,Ship,7774.08,7.97
3764,Berlin,Toronto,8281,48.35,Air Freight,3389.5,7.96
3765,Sydney,New York,9585,23.51,Air Freight,492.78,6.19
3766,London,Dubai,716,31.29,Ship,1669.24,5.68
3767,Sydney,Berlin,6410,69.81,Cargo Van,4206.16,6.56
3768,Sydney,Singapore,6516,29.45,Truck,3919.78,3.08
3769,Berlin,Singapore,9838,47.44,Air Freight,7652.19,2.1
3770,Dubai,Toronto,10201,71.65,Ship,6308.73,5.08
3771,London,Berlin,592,34.26,Air Freight,6528.23,9.54
3772,New York,London,3663,70.17,Cargo Van,7297.38,3.97
3773,Berlin,Singapore,11598,21.9,Ship,7338.13,7.86
3774,Mumbai,New York,952,19.37,Air Freight,6102.76,4.55
3775,Dubai,Berlin,1319,56.43,Truck,1137.74,9.84
3776,New York,Toronto,10082,48.25,Truck,3336.17,7.85
3777,Sydney,New York,228,74.19,Cargo Van,6035.95,8.71
3778,Toronto,London,3392,92.89,Ship,1145.85,5.83
3779,New York,New York,5982,33.29,Ship,2723.69,3.75
3780,Berlin,Dubai,929,10.14,Truck,6963.79,4.47
3781,Mumbai,Toronto,7475,76.33,Air Freight,4862.7,6.63
3782,Mumbai,Singapore,8762,45.65,Truck,4693.82,5.74
3783,Toronto,Toronto,827,69.28,Ship,4468.1,6.12
3784,Dubai,Sydney,6985,32.26,Ship,5870.24,8.9
3785,London,Toronto,7035,91.07,Air Freight,6672.73,8.42
3786,Berlin,Mumbai,8284,8.04,Truck,4820.69,4.59
3787,Mumbai,Dubai,6116,85.43,Cargo Van,7275.79,7.22
3788,Toronto,Sydney,10775,71.68,Air Freight,4439.23,3.57
3789,Singapore,Berlin,8304,40.43,Truck,2120.22,1.57
3790,Toronto,Mumbai,5932,63.33,Cargo Van,636.67,4.61
3791,Berlin,Sydney,3153,59.3,Truck,764.8,2.49
3792,Singapore,Berlin,8713,86.48,Truck,7393.11,8.86
3793,Singapore,Berlin,2428,49.42,Ship,5053.3,7.87
3794,Singapore,New York,1267,80.85,Air Freight,3508.53,4.39
3795,New York,Toronto,1578,10.79,Air Freight,5102.01,1.97
3796,Singapore,New York,1803,53.31,Cargo Van,6975.08,5.6
3797,Berlin,Mumbai,6210,30.2,Truck,2704.1,4.12
3798,Berlin,Mumbai,3256,16.53,Ship,7290.81,9.59
3799,Singapore,London,5415,37.9,Cargo Van,4753.74,5.81
3800,London,Dubai,6057,53.26,Cargo Van,5792.19,7.57
3801,Singapore,Dubai,7883,49.89,Air Freight,7478.52,7.51
3802,Mumbai,Mumbai,5888,88.58,Ship,7597.19,5.52
3803,London,Singapore,2291,13.16,Air Freight,1117.7,8.93
3804,Mumbai,Dubai,7986,51.59,Air Freight,5122.48,1.81
3805,London,London,5882,29.01,Ship,1447.62,8.3
3806,Toronto,Toronto,11685,3.12,Ship,4628.89,2.82
3807,Dubai,New York,10852,84.34,Air Freight,2243.75,6.34
3808,New York,London,8305,27.02,Truck,5323.27,3.07
3809,Singapore,Mumbai,11128,50.55,Truck,5658.27,1.27
3810,New York,New York,11419,58.12,Cargo Van,3343.82,2.25
3811,Sydney,Berlin,2174,78.06,Truck,7322.31,6.12
3812,Mumbai,Singapore,5078,44.69,Ship,7009.88,4.96
3813,New York,Berlin,2003,47.62,Ship,4463.3,4.9
3814,London,Sydney,4175,17.01,Cargo Van,7612.28,1.27
3815,Sydney,Sydney,11424,7.01,Truck,3686.29,1.43
3816,Berlin,Dubai,10254,27.07,Ship,1835.52,2.57
3817,Mumbai,Dubai,8511,38.62,Cargo Van,4710.25,5.78
3818,London,London,9319,84.01,Truck,4250.27,9.68
3819,Dubai,Sydney,7213,18.35,Air Freight,5447.87,5.49
3820,Toronto,Sydney,3716,23.31,Ship,5966.55,2.17
3821,Toronto,Dubai,9234,29.17,Ship,2727.48,7.28
3822,Berlin,Dubai,5818,47.78,Air Freight,4630.12,7.64
3823,Dubai,Mumbai,1205,56.79,Air Freight,5338.84,8.14
3824,London,Dubai,11064,39.82,Cargo Van,6783.08,9.77
3825,Sydney,Mumbai,3973,54.14,Air Freight,5079.27,2.61
3826,Dubai,Berlin,11692,50.21,Ship,3691.51,4.02
3827,Dubai,Dubai,7543,41.37,Truck,7245.59,1.37
3828,Singapore,Dubai,1985,46.25,Air Freight,6716.92,3.52
3829,Toronto,Mumbai,7754,62.0,Cargo Van,1474.05,5.93
3830,Berlin,Berlin,10553,40.16,Cargo Van,7543.99,6.8
3831,Sydney,Mumbai,9155,23.61,Ship,1116.84,5.86
3832,Dubai,London,1654,84.58,Air Freight,6447.07,9.61
3833,New York,Berlin,2586,79.73,Cargo Van,1375.43,9.38
3834,London,New York,238,29.72,Cargo Van,1546.97,8.69
3835,Mumbai,Berlin,11360,10.58,Truck,4396.22,1.75
3836,Dubai,Sydney,3959,21.05,Truck,6298.1,2.67
3837,Sydney,Toronto,7802,28.59,Ship,1051.38,7.6
3838,Sydney,Berlin,7981,44.45,Cargo Van,754.83,1.57
3839,Mumbai,Berlin,8196,54.86,Ship,1016.74,8.84
3840,Toronto,New York,446,63.46,Air Freight,4743.7,8.25
3841,Toronto,Berlin,9729,85.9,Air Freight,6175.56,2.97
3842,Sydney,Sydney,6405,76.01,Truck,1326.8,8.69
3843,New York,Singapore,10164,72.29,Air Freight,4728.44,7.45
3844,New York,New York,2531,38.06,Air Freight,5035.15,8.57
3845,Dubai,Sydney,9146,45.88,Cargo Van,6419.61,1.65
3846,Toronto,London,1729,50.07,Air Freight,7410.75,3.29
3847,Singapore,Singapore,5449,9.33,Air Freight,2265.62,2.7
3848,Singapore,Sydney,5980,32.68,Cargo Van,1440.14,9.03
3849,Berlin,Mumbai,5754,86.44,Cargo Van,7068.23,7.72
3850,Toronto,Mumbai,1748,8.07,Air Freight,2166.63,6.39
3851,New York,Berlin,4222,39.63,Cargo Van,4117.37,9.78
3852,Dubai,London,782,93.0,Cargo Van,5973.73,3.43
3853,Mumbai,New York,1420,52.48,Cargo Van,5954.37,1.07
3854,New York,New York,5755,80.04,Cargo Van,1299.23,6.38
3855,Dubai,New York,10218,47.62,Truck,3430.05,2.73
3856,London,Berlin,9542,25.17,Air Freight,7023.77,9.55
3857,Mumbai,London,8039,13.99,Air Freight,7212.74,8.69
3858,Toronto,Singapore,7913,61.63,Cargo Van,1237.91,5.16
3859,New York,London,9747,7.2,Ship,7355.62,7.55
3860,London,Dubai,8183,86.94,Truck,7435.77,6.06
3861,London,Berlin,9594,20.89,Truck,5355.16,4.33
3862,Mumbai,London,9836,90.01,Air Freight,3931.22,2.86
3863,Dubai,Singapore,3604,23.38,Cargo Van,6821.01,9.89
3864,Mumbai,Sydney,2645,38.89,Ship,3562.06,1.16
3865,New York,London,6152,75.32,Air Freight,6666.63,1.88
3866,Mumbai,New York,8417,62.57,Truck,2955.59,7.31
3867,Dubai,New York,7223,95.72,Cargo Van,3726.35,7.13
3868,Dubai,Toronto,931,32.71,Ship,5423.8,6.07
3869,Dubai,Sydney,4515,95.45,Air Freight,5567.66,5.82
3870,Toronto,Sydney,10483,40.4,Cargo Van,6335.28,9.08
3871,Toronto,New York,8446,95.2,Air Freight,1665.6,1.57
3872,Mumbai,New York,993,12.62,Truck,5831.16,1.6
3873,Toronto,Berlin,7317,62.49,Truck,6923.46,3.44
3874,New York,Toronto,8303,47.58,Truck,1019.49,1.46
3875,Toronto,Sydney,1721,43.13,Cargo Van,934.33,9.16
3876,Berlin,Sydney,1082,52.73,Cargo Van,2614.96,4.48
3877,Dubai,Mumbai,7503,18.01,Ship,743.44,8.85
3878,Singapore,Dubai,11606,59.49,Truck,3069.98,1.06
3879,Berlin,Singapore,5357,82.44,Truck,6823.02,2.92
3880,Mumbai,Berlin,6369,47.85,Air Freight,4431.64,2.46
3881,Mumbai,Dubai,5357,63.55,Cargo Van,329.98,3.74
3882,Sydney,Berlin,619,58.34,Air Freight,3792.73,4.98
3883,New York,Dubai,9773,6.95,Truck,5136.88,4.86
3884,Dubai,Toronto,3204,2.34,Truck,6629.41,1.28
3885,Mumbai,London,8075,67.8,Truck,3613.28,6.01
3886,Berlin,Berlin,1227,19.34,Cargo Van,7441.54,3.59
3887,Sydney,New York,2439,78.21,Truck,1886.25,1.52
3888,New York,Singapore,1090,82.56,Ship,7474.05,1.8
3889,New York,Singapore,7967,33.23,Cargo Van,5354.68,2.4
3890,Sydney,London,8448,71.91,Truck,495.88,6.77
3891,Mumbai,Singapore,1638,94.99,Truck,6798.55,9.93
3892,Toronto,Sydney,8137,44.82,Ship,5172.87,8.85
3893,Singapore,Toronto,2396,2.11,Ship,6972.24,5.64
3894,Berlin,Mumbai,3576,94.59,Cargo Van,3183.11,3.87
3895,London,Singapore,2165,85.82,Ship,3022.9,2.25
3896,New York,Dubai,3905,66.65,Truck,7979.84,5.36
3897,Toronto,Dubai,242,81.67,Air Freight,3450.32,3.03
3898,Dubai,Berlin,10962,62.73,Air Freight,4379.38,5.88
3899,Singapore,Sydney,2641,95.61,Cargo Van,5454.14,7.5
3900,Dubai,Singapore,10609,79.28,Cargo Van,7320.8,1.32
3901,Mumbai,New York,4960,59.18,Cargo Van,3802.59,6.68
3902,Mumbai,Sydney,5250,34.77,Cargo Van,6559.15,1.53
3903,Dubai,Toronto,4906,30.39,Truck,997.91,5.69
3904,Sydney,Sydney,3447,22.69,Ship,7171.42,9.97
3905,Singapore,Berlin,252,78.97,Truck,6000.49,8.07
3906,New York,Sydney,4900,34.1,Cargo Van,5644.74,9.69
3907,Toronto,Toronto,11374,58.3,Air Freight,1892.33,3.01
3908,Toronto,Berlin,5963,25.01,Ship,6492.73,5.92
3909,Berlin,London,3012,74.95,Air Freight,837.78,9.96
3910,Mumbai,New York,2445,68.0,Cargo Van,6331.58,5.3
3911,Toronto,Toronto,5276,65.53,Truck,7812.7,9.43
3912,New York,Sydney,9645,40.32,Ship,1481.5,7.82
3913,Mumbai,New York,5863,52.87,Truck,6081.09,7.5
3914,Sydney,Toronto,3449,64.44,Air Freight,2233.02,8.29
3915,Dubai,Toronto,7700,59.6,Air Freight,1678.01,3.35
3916,London,Toronto,7801,42.6,Air Freight,4349.36,1.24
3917,Dubai,Sydney,9571,78.08,Cargo Van,6783.5,5.54
3918,Singapore,Toronto,2194,39.18,Truck,4416.7,2.46
3919,Mumbai,Sydney,1667,74.52,Air Freight,6313.04,1.19
3920,Sydney,Singapore,11646,45.1,Ship,386.0,6.03
3921,Mumbai,Berlin,11143,21.99,Cargo Van,5346.43,9.13
3922,New York,Dubai,8686,82.44,Air Freight,4507.83,3.6
3923,New York,Singapore,3893,47.75,Truck,7595.4,2.05
3924,Dubai,Sydney,2146,62.78,Truck,7721.06,3.09
3925,Toronto,Sydney,1205,26.37,Ship,6054.56,4.81
3926,Singapore,London,4565,44.95,Cargo Van,3009.79,5.49
3927,Toronto,New York,8686,37.37,Air Freight,977.43,4.56
3928,Toronto,Mumbai,7455,64.74,Ship,5258.76,5.74
3929,Singapore,Singapore,9456,95.62,Air Freight,6584.28,9.51
3930,London,Mumbai,5161,58.18,Truck,7045.52,1.29
3931,New York,Berlin,7896,72.52,Ship,4388.39,4.65
3932,Toronto,Mumbai,4536,82.76,Cargo Van,5732.04,9.25
3933,Mumbai,Toronto,1341,23.25,Cargo Van,2039.95,2.6
3934,Toronto,Berlin,9473,61.6,Truck,2248.87,9.65
3935,Dubai,Berlin,3345,74.88,Ship,7006.15,5.52
3936,Sydney,Mumbai,3299,14.77,Truck,6580.84,4.77
3937,Singapore,Singapore,1484,12.07,Truck,3188.32,1.02
3938,Dubai,London,5440,51.09,Cargo Van,5642.86,9.68
3939,New York,New York,3545,67.27,Air Freight,3337.84,8.03
3940,Sydney,London,11608,92.58,Truck,6088.7,4.65
3941,Sydney,New York,1169,69.42,Air Freight,7988.26,1.63
3942,London,Berlin,5559,26.1,Cargo Van,7596.36,4.47
3943,Berlin,New York,6772,49.95,Air Freight,4740.34,9.38
3944,Berlin,Sydney,10662,82.18,Ship,2760.44,7.01
3945,London,Singapore,10354,24.43,Ship,7412.59,8.15
3946,New York,Singapore,5281,56.86,Air Freight,6805.13,7.2
3947,Dubai,New York,10657,83.38,Ship,7826.6,9.8
3948,Dubai,Sydney,349,81.54,Air Freight,1144.92,2.13
3949,Dubai,Berlin,7687,34.05,Ship,6587.91,1.76
3950,New York,Berlin,2390,32.92,Truck,529.63,8.66
3951,Mumbai,London,7190,65.13,Ship,6181.17,4.9
3952,Toronto,Toronto,7964,23.46,Air Freight,3816.2,4.51
3953,London,New York,3276,27.07,Air Freight,6039.9,6.14
3954,Dubai,Sydney,10492,92.73,Truck,7680.06,1.86
3955,London,Singapore,8086,74.65,Ship,5289.48,9.6
3956,Berlin,Berlin,1903,56.55,Ship,1150.62,2.74
3957,London,Berlin,1606,39.97,Cargo Van,7696.61,8.17
3958,Berlin,London,9841,78.96,Air Freight,1112.45,1.45
3959,Mumbai,Berlin,10153,47.57,Ship,6707.72,2.59
3960,Berlin,New York,11920,35.11,Cargo Van,7282.71,1.57
3961,Berlin,Toronto,1680,59.9,Cargo Van,7011.22,6.5
3962,New York,Sydney,7778,46.93,Truck,5806.28,8.45
3963,Singapore,Toronto,6855,69.07,Air Freight,4578.43,4.65
3964,Toronto,Berlin,4048,71.09,Truck,444.46,6.1
3965,Sydney,London,10998,62.95,Air Freight,4778.01,9.22
3966,London,Singapore,4065,90.48,Truck,1516.72,2.64
3967,Toronto,Singapore,3529,40.25,Cargo Van,7779.69,3.28
3968,Dubai,New York,2398,78.82,Truck,3784.44,6.36
3969,New York,Sydney,11220,4.65,Air Freight,1002.95,3.42
3970,London,Toronto,1294,94.83,Ship,7152.16,1.84
3971,Toronto,London,3504,2.84,Cargo Van,4060.83,2.3
3972,London,Toronto,7591,50.59,Air Freight,2416.8,1.77
3973,Sydney,Dubai,8319,43.0,Air Freight,7101.16,6.72
3974,Toronto,Sydney,7578,6.84,Air Freight,4046.93,8.46
3975,Dubai,Dubai,1664,81.18,Ship,1718.3,3.46
3976,London,Mumbai,9441,65.69,Air Freight,7679.65,1.06
3977,New York,Dubai,259,8.13,Truck,1631.82,7.15
3978,Berlin,Toronto,5397,70.85,Air Freight,1373.02,6.17
3979,Mumbai,New York,726,89.77,Air Freight,2284.77,6.1
3980,Sydney,Sydney,4111,92.68,Ship,2902.2,7.1
3981,Sydney,Dubai,4139,20.4,Air Freight,1985.63,9.0
3982,Sydney,New York,11514,2.73,Air Freight,2002.64,6.17
3983,Toronto,Singapore,4619,63.63,Air Freight,6505.13,9.07
3984,Sydney,Berlin,3756,22.58,Ship,4927.96,8.57
3985,Toronto,Berlin,712,39.82,Cargo Van,6465.95,9.51
3986,Toronto,Mumbai,10987,76.19,Air Freight,5768.7,1.38
3987,Singapore,Singapore,10352,86.5,Truck,4796.79,4.85
3988,New York,Berlin,8796,23.53,Truck,1582.68,9.74
3989,New York,Dubai,8281,45.12,Truck,5922.21,9.72
3990,Berlin,Berlin,3603,28.43,Cargo Van,7949.93,3.09
3991,Toronto,New York,6117,69.82,Air Freight,3403.91,8.66
3992,London,New York,1113,69.07,Air Freight,7059.83,7.98
3993,Sydney,Mumbai,4754,15.9,Truck,3197.84,9.18
3994,Dubai,Mumbai,1618,71.14,Cargo Van,881.96,1.59
3995,Dubai,Berlin,10343,12.6,Truck,4507.79,9.18
3996,Sydney,Toronto,2376,61.23,Truck,6668.84,5.99
3997,London,Dubai,9533,2.83,Air Freight,4785.92,3.68
3998,Mumbai,Mumbai,5929,59.43,Ship,4451.45,9.0
3999,Sydney,Singapore,8146,18.38,Truck,4358.36,5.57
4000,Toronto,Dubai,4806,85.1,Air Freight,4807.48,8.36
4001,New York,Mumbai,2538,41.78,Air Freight,7280.23,9.2
4002,New York,New York,8412,9.9,Cargo Van,2877.38,2.13
4003,Singapore,Dubai,1043,5.73,Truck,594.88,2.49
4004,Mumbai,Sydney,9522,95.82,Truck,1004.76,8.76
4005,Toronto,Singapore,4137,67.88,Truck,3065.69,4.67
4006,London,Berlin,878,16.16,Air Freight,7685.87,2.14
4007,Singapore,Dubai,9220,47.49,Ship,7507.52,6.04
4008,Mumbai,Sydney,163,94.45,Cargo Van,1117.29,1.02
4009,London,Mumbai,6518,2.33,Ship,6484.71,9.96
4010,Berlin,Sydney,2846,29.04,Cargo Van,1842.37,7.06
4011,Dubai,Dubai,452,38.29,Air Freight,4873.34,4.49
4012,Dubai,Singapore,9250,32.17,Ship,5668.03,8.85
4013,Toronto,Berlin,2994,4.64,Air Freight,3352.13,5.75
4014,London,Singapore,2058,53.36,Cargo Van,7781.15,7.64
4015,Toronto,Sydney,3255,22.47,Truck,6565.56,7.62
4016,Sydney,Singapore,1129,51.72,Truck,2007.59,8.84
4017,New York,Dubai,305,7.0,Ship,6674.01,9.92
4018,Sydney,New York,4313,42.46,Air Freight,1646.48,5.91
4019,Mumbai,Sydney,3386,49.91,Cargo Van,655.45,7.97
4020,Berlin,New York,9268,55.69,Cargo Van,3189.73,1.1
4021,Singapore,London,9013,89.74,Air Freight,5745.31,8.78
4022,Sydney,Toronto,7691,7.69,Cargo Van,5573.57,1.87
4023,Mumbai,Singapore,2874,83.32,Cargo Van,3096.25,9.69
4024,London,Mumbai,6123,54.17,Truck,783.79,9.35
4025,London,Singapore,9905,89.26,Truck,1397.53,7.45
4026,Dubai,Berlin,8982,50.09,Cargo Van,5780.51,9.73
4027,Berlin,New York,8900,7.22,Ship,5397.79,4.62
4028,Dubai,Mumbai,2515,35.54,Ship,6959.55,9.84
4029,Singapore,London,4984,71.13,Air Freight,4876.45,6.5
4030,Sydney,New York,2792,41.93,Ship,3352.4,4.49
4031,London,Dubai,2693,82.01,Ship,1465.08,9.18
4032,Singapore,London,1316,19.61,Ship,3896.95,7.62
4033,New York,London,5439,9.38,Truck,2910.72,4.55
4034,Mumbai,Dubai,7164,63.82,Truck,6522.73,7.92
4035,Singapore,New York,9315,81.73,Truck,1113.9,8.41
4036,Berlin,Toronto,2659,59.68,Truck,4843.38,1.77
4037,London,Singapore,10396,57.04,Ship,6046.1,1.42
4038,New York,Dubai,7129,83.98,Ship,4718.49,5.86
4039,Berlin,London,111,94.47,Air Freight,4450.95,5.32
4040,Berlin,Dubai,1142,58.41,Ship,2448.32,1.02
4041,London,Toronto,3433,39.07,Cargo Van,1145.5,9.25
4042,Sydney,Toronto,6042,78.15,Cargo Van,4289.97,5.66
4043,Berlin,Berlin,5504,85.68,Ship,4243.4,2.56
4044,Toronto,Dubai,4217,75.54,Air Freight,6314.1,3.89
4045,Sydney,Sydney,7783,7.2,Ship,355.15,4.49
4046,New York,Sydney,6508,54.03,Ship,6537.64,9.73
4047,Singapore,New York,8524,27.86,Ship,3800.93,5.21
4048,London,New York,1122,43.03,Ship,2184.51,6.98
4049,Berlin,Singapore,2735,73.58,Cargo Van,6115.8,8.28
4050,Singapore,Dubai,11532,6.09,Air Freight,6439.08,7.04
4051,Sydney,Sydney,2838,75.74,Air Freight,3687.98,8.7
4052,Mumbai,Berlin,7568,29.49,Truck,7600.86,7.62
4053,Dubai,London,5721,74.99,Cargo Van,4736.1,9.97
4054,Toronto,Berlin,2754,67.29,Ship,7367.84,5.86
4055,Mumbai,Singapore,11575,2.03,Cargo Van,3375.71,7.3
4056,Toronto,Sydney,4675,21.58,Ship,2581.19,6.16
4057,New York,Berlin,5818,46.35,Ship,5810.64,5.43
4058,Singapore,Toronto,3797,3.09,Ship,5968.43,2.38
4059,Toronto,Toronto,1522,27.66,Air Freight,2299.05,2.38
4060,Berlin,Toronto,10702,88.37,Ship,1809.33,3.49
4061,Singapore,New York,6261,83.15,Ship,6352.99,1.33
4062,Dubai,Singapore,2832,48.61,Ship,4167.18,2.08
4063,Dubai,Dubai,5127,6.92,Truck,1801.63,3.45
4064,Toronto,Dubai,7893,51.18,Truck,7789.75,9.34
4065,Toronto,Singapore,10733,43.2,Ship,6008.94,1.6
4066,Toronto,Sydney,4592,78.64,Air Freight,5300.12,1.56
4067,Mumbai,Berlin,1803,31.88,Truck,2307.03,4.71
4068,Sydney,New York,5318,39.98,Air Freight,3885.01,6.37
4069,Mumbai,Mumbai,1777,15.24,Ship,5052.49,1.79
4070,Berlin,London,8320,13.98,Cargo Van,233.36,8.54
4071,Dubai,London,7269,25.7,Air Freight,4603.79,6.96
4072,New York,New York,8091,15.45,Ship,4013.04,3.83
4073,Toronto,Dubai,4569,31.47,Cargo Van,1728.37,4.8
4074,Singapore,Singapore,1104,90.41,Cargo Van,6057.23,9.42
4075,Dubai,Singapore,7281,80.58,Ship,7775.19,2.64
4076,Mumbai,Sydney,1331,11.58,Air Freight,1129.42,1.83
4077,New York,Dubai,9188,14.6,Ship,5278.86,7.74
4078,Berlin,Berlin,1211,14.63,Cargo Van,3449.62,1.99
4079,Mumbai,Dubai,402,33.21,Air Freight,1782.91,2.37
4080,Toronto,Mumbai,11803,18.59,Air Freight,6438.77,4.51
4081,New York,New York,11048,11.45,Cargo Van,5806.8,6.84
4082,Mumbai,Singapore,1878,72.58,Air Freight,5477.57,9.23
4083,Toronto,Singapore,6850,66.0,Air Freight,5972.71,9.71
4084,Dubai,Dubai,9152,94.75,Truck,3572.48,3.68
4085,Berlin,Toronto,2728,24.95,Truck,5363.21,4.07
4086,Dubai,Mumbai,7191,69.05,Ship,5721.64,4.75
4087,London,Singapore,4249,22.33,Air Freight,6292.95,6.14
4088,Toronto,Toronto,6765,42.76,Ship,900.63,1.84
4089,Dubai,Berlin,6726,89.9,Air Freight,3042.44,8.45
4090,Singapore,Berlin,345,57.85,Ship,3584.91,9.52
4091,Dubai,Dubai,4466,62.26,Ship,3906.97,1.39
4092,Dubai,Singapore,10245,10.47,Air Freight,4348.48,8.33
4093,Singapore,Sydney,2493,88.54,Cargo Van,806.4,4.48
4094,Mumbai,Berlin,2714,80.98,Cargo Van,3990.7,2.54
4095,Sydney,Berlin,11146,88.3,Air Freight,6228.28,3.75
4096,New York,Mumbai,11247,73.12,Air Freight,1531.75,3.35
4097,Sydney,Dubai,3796,41.86,Cargo Van,3177.2,6.17
4098,London,Mumbai,9096,55.95,Ship,4574.81,9.45
4099,Singapore,Dubai,5800,4.15,Ship,495.6,3.49
4100,Dubai,New York,2284,72.6,Ship,4548.44,2.7
4101,Sydney,Mumbai,1429,41.1,Ship,6204.92,2.55
4102,Toronto,Berlin,6171,30.12,Cargo Van,423.57,7.14
4103,Mumbai,Singapore,2377,24.16,Cargo Van,2574.15,6.85
4104,Singapore,New York,10097,93.64,Cargo Van,4201.21,5.74
4105,New York,Mumbai,7940,72.93,Cargo Van,4853.22,4.25
4106,Berlin,Dubai,10665,14.23,Ship,4019.91,6.82
4107,Dubai,Dubai,880,70.97,Ship,5999.13,7.81
4108,London,Singapore,2319,32.15,Cargo Van,1302.67,9.27
4109,Berlin,Mumbai,899,8.61,Truck,1350.57,8.6
4110,Singapore,New York,3918,77.72,Ship,6339.73,3.5
4111,New York,London,11606,6.65,Ship,3719.95,9.16
4112,Toronto,Mumbai,6934,49.56,Truck,3265.28,1.12
4113,New York,New York,7855,77.46,Ship,5301.2,2.39
4114,London,New York,3542,49.6,Air Freight,2955.92,5.84
4115,Toronto,London,10950,85.71,Cargo Van,257.69,3.41
4116,Singapore,New York,7773,26.19,Cargo Van,6899.14,8.32
4117,London,Berlin,5619,46.74,Ship,1361.38,8.3
4118,Mumbai,London,11458,88.17,Air Freight,3525.84,8.08
4119,Sydney,Mumbai,11538,88.23,Air Freight,2348.38,5.91
4120,Singapore,London,471,52.17,Cargo Van,677.03,2.93
4121,Sydney,Dubai,1089,18.11,Cargo Van,968.0,9.56
4122,London,Mumbai,3430,71.9,Cargo Van,460.13,4.37
4123,London,London,2584,66.4,Ship,3555.19,8.96
4124,Sydney,Berlin,4522,61.92,Truck,1292.42,4.65
4125,Singapore,Dubai,7158,11.62,Cargo Van,1516.56,8.07
4126,Toronto,Berlin,337,35.12,Cargo Van,2058.73,4.88
4127,New York,Dubai,2159,36.24,Air Freight,6368.66,3.63
4128,New York,Berlin,4004,77.16,Ship,4980.3,4.7
4129,Dubai,Dubai,11879,66.41,Cargo Van,4560.19,6.12
4130,Berlin,New York,6247,2.16,Truck,7145.7,8.81
4131,Sydney,Berlin,9319,93.59,Truck,559.81,8.08
4132,Toronto,Singapore,10735,50.76,Air Freight,7121.76,2.37
4133,Berlin,Dubai,7100,28.13,Air Freight,4960.24,5.31
4134,Singapore,Dubai,10105,78.89,Air Freight,7246.36,2.32
4135,Singapore,Singapore,3163,67.25,Truck,4138.01,7.8
4136,New York,London,5239,41.53,Cargo Van,2645.18,1.75
4137,Berlin,Dubai,4148,71.21,Truck,1625.86,5.9
4138,Toronto,Mumbai,3046,9.24,Air Freight,4933.02,9.31
4139,Dubai,Singapore,5308,8.37,Ship,5277.89,8.89
4140,Singapore,Toronto,7222,70.0,Ship,2872.37,7.12
4141,Mumbai,Berlin,2568,38.2,Air Freight,7627.44,2.34
4142,London,Mumbai,8899,34.3,Ship,6054.94,2.29
4143,Dubai,Berlin,1922,36.37,Cargo Van,6740.64,8.14
4144,Berlin,London,8302,25.68,Ship,4404.27,3.42
4145,Sydney,London,3483,91.46,Cargo Van,5757.55,3.17
4146,Dubai,Sydney,5399,36.77,Ship,3553.2,9.73
4147,Sydney,Berlin,8813,57.54,Ship,7521.03,7.61
4148,Singapore,London,6523,83.75,Air Freight,2792.63,6.03
4149,Dubai,Singapore,8437,23.37,Cargo Van,1356.99,8.3
4150,Berlin,Mumbai,2670,68.28,Truck,5399.34,7.63
4151,Sydney,Toronto,8209,71.98,Ship,3235.49,8.97
4152,Mumbai,Toronto,6244,95.14,Cargo Van,3105.44,4.48
4153,Toronto,Berlin,755,57.08,Ship,4305.09,7.21
4154,London,Singapore,3308,79.01,Air Freight,6966.35,7.9
4155,Toronto,Berlin,9846,86.19,Air Freight,4367.76,4.14
4156,New York,Berlin,2020,16.42,Cargo Van,785.23,3.13
4157,Dubai,Dubai,1248,89.11,Ship,7302.97,4.84
4158,Toronto,Berlin,7540,42.46,Ship,7832.96,8.76
4159,Singapore,Berlin,11393,52.63,Cargo Van,3573.85,4.49
4160,Sydney,Toronto,1062,86.24,Ship,1551.98,7.48
4161,Dubai,Berlin,2732,43.96,Truck,4260.83,5.61
4162,Toronto,Mumbai,10704,95.98,Truck,3496.15,5.46
4163,Dubai,New York,11260,12.4,Air Freight,1504.93,9.65
4164,Sydney,Mumbai,6091,57.37,Cargo Van,3273.95,9.87
4165,Dubai,New York,7505,61.02,Truck,1549.31,9.76
4166,Sydney,Singapore,6421,57.33,Air Freight,6745.66,1.53
4167,Toronto,Singapore,3991,71.95,Air Freight,2681.97,8.35
4168,Singapore,Toronto,6819,50.94,Cargo Van,3118.34,9.21
4169,London,New York,9968,75.98,Ship,6054.53,2.25
4170,Dubai,Dubai,6574,46.22,Cargo Van,3680.45,3.97
4171,New York,New York,3319,81.44,Ship,2681.36,4.95
4172,Singapore,London,9551,27.97,Air Freight,1589.53,8.5
4173,New York,Dubai,11666,77.85,Cargo Van,509.77,9.54
4174,Dubai,Toronto,9370,14.3,Air Freight,6531.02,6.18
4175,New York,Dubai,9734,47.42,Ship,3823.54,7.39
4176,Berlin,London,8826,79.64,Truck,1620.42,3.44
4177,Dubai,Dubai,1066,6.75,Cargo Van,4635.11,1.52
4178,Mumbai,Singapore,6493,46.81,Cargo Van,5133.34,2.91
4179,New York,Dubai,3405,19.14,Cargo Van,1820.6,6.18
4180,Dubai,Berlin,6052,40.83,Cargo Van,5824.78,1.61
4181,Berlin,Toronto,6834,15.84,Cargo Van,6998.06,8.7
4182,Sydney,Mumbai,2246,78.85,Truck,919.52,3.4
4183,Mumbai,Berlin,10412,79.5,Truck,1790.81,9.85
4184,New York,Toronto,7911,84.68,Truck,1089.7,2.17
4185,Dubai,Berlin,4974,19.27,Ship,6279.06,3.63
4186,Dubai,Berlin,706,82.59,Air Freight,6168.86,2.08
4187,Sydney,Mumbai,10642,92.26,Truck,5602.7,4.16
4188,Berlin,Berlin,1758,84.77,Air Freight,5385.89,9.69
4189,Singapore,Sydney,1864,51.23,Ship,6882.2,2.49
4190,New York,London,9628,66.28,Cargo Van,6958.03,9.29
4191,London,Singapore,4437,63.46,Air Freight,1580.25,5.3
4192,London,New York,10279,10.86,Cargo Van,3422.01,1.95
4193,New York,London,5961,70.33,Cargo Van,5252.1,3.62
4194,Sydney,Berlin,1809,64.88,Air Freight,884.17,1.35
4195,Mumbai,Singapore,8727,16.66,Cargo Van,4785.94,2.71
4196,Berlin,Sydney,6634,88.44,Air Freight,7471.5,2.13
4197,New York,Berlin,8519,35.63,Ship,6744.29,8.12
4198,London,Singapore,3919,58.87,Ship,4889.78,8.22
4199,Mumbai,New York,2540,81.64,Ship,5351.03,1.07
4200,Sydney,Berlin,250,55.52,Air Freight,4717.88,2.61
4201,Dubai,London,3104,85.59,Truck,960.71,7.02
4202,Singapore,Dubai,5571,18.35,Ship,2547.42,2.26
4203,Singapore,New York,5208,56.44,Cargo Van,5407.77,1.65
4204,Berlin,Sydney,603,87.06,Ship,5470.5,1.71
4205,Dubai,Sydney,5060,33.32,Truck,984.14,7.02
4206,London,Sydney,4776,60.38,Air Freight,270.35,1.91
4207,London,Mumbai,5017,11.48,Truck,6961.45,6.27
4208,New York,Dubai,7398,38.47,Ship,891.51,8.14
4209,London,Toronto,7133,60.84,Cargo Van,7973.81,7.63
4210,New York,London,2292,57.77,Truck,6938.26,4.79
4211,Toronto,Berlin,2614,11.46,Air Freight,1021.78,4.46
4212,Toronto,Dubai,8098,82.44,Cargo Van,4387.18,3.35
4213,Toronto,Mumbai,1983,91.3,Air Freight,5217.17,3.51
4214,Berlin,Berlin,9929,68.48,Ship,5481.4,8.09
4215,Dubai,Dubai,4059,6.38,Cargo Van,4266.89,3.53
4216,Dubai,London,2919,42.32,Ship,3438.69,7.56
4217,New York,Sydney,9900,11.62,Truck,7654.23,3.65
4218,Toronto,Dubai,2930,65.43,Truck,3541.49,9.89
4219,London,Toronto,6314,68.63,Ship,4688.19,7.85
4220,Dubai,Sydney,2641,25.26,Truck,3000.54,4.92
4221,Mumbai,London,7220,5.7,Cargo Van,2937.06,7.55
4222,Sydney,New York,10361,87.39,Air Freight,1231.67,3.43
4223,Mumbai,Dubai,10053,21.98,Cargo Van,4324.71,6.13
4224,Berlin,Berlin,10230,38.49,Air Freight,6396.75,3.79
4225,London,Berlin,11395,52.63,Truck,2802.32,5.55
4226,Berlin,Sydney,6986,39.43,Ship,7047.97,6.9
4227,Dubai,Mumbai,7037,68.93,Cargo Van,4357.85,3.37
4228,Sydney,Berlin,11736,74.53,Cargo Van,806.95,8.3
4229,London,Mumbai,2080,82.02,Ship,5602.61,2.61
4230,Singapore,Berlin,970,59.19,Air Freight,2450.13,3.59
4231,Sydney,Sydney,5638,42.94,Ship,5115.77,4.18
4232,Sydney,New York,6463,87.65,Ship,7563.48,4.4
4233,Dubai,New York,8039,45.22,Truck,4632.65,4.55
4234,Berlin,New York,2178,33.82,Truck,3819.81,7.39
4235,Sydney,Mumbai,1442,30.14,Cargo Van,6652.8,8.27
4236,Sydney,Mumbai,8296,41.98,Cargo Van,6953.76,4.89
4237,New York,Sydney,1563,95.41,Air Freight,1361.45,2.71
4238,Toronto,New York,1497,55.64,Air Freight,7397.04,1.1
4239,Sydney,Toronto,4197,20.82,Cargo Van,6977.49,3.59
4240,Toronto,Mumbai,5852,13.15,Ship,893.82,9.8
4241,Singapore,Dubai,6340,59.14,Air Freight,4492.36,2.93
4242,Singapore,Toronto,6344,90.54,Ship,5311.42,1.3
4243,Mumbai,Toronto,1276,90.47,Air Freight,6869.71,2.99
4244,Toronto,Dubai,7371,89.11,Cargo Van,4444.08,7.62
4245,Singapore,Mumbai,1457,90.7,Ship,6031.23,1.11
4246,Sydney,Dubai,2868,35.73,Cargo Van,3735.71,7.26
4247,London,Sydney,249,78.88,Truck,2726.81,4.06
4248,Singapore,Berlin,3760,71.4,Truck,7331.57,7.38
4249,Dubai,Toronto,7870,28.57,Truck,2341.82,7.72
4250,Mumbai,Berlin,8199,12.74,Ship,4832.75,6.66
4251,London,Mumbai,2082,11.56,Truck,4379.42,1.04
4252,London,Toronto,2988,47.18,Air Freight,4869.1,8.3
4253,New York,Singapore,11616,43.62,Air Freight,5847.11,1.04
4254,Singapore,Toronto,10838,60.66,Cargo Van,4089.95,4.36
4255,New York,New York,7954,4.95,Ship,4933.51,9.37
4256,Dubai,Toronto,7170,52.78,Air Freight,7684.66,6.83
4257,Mumbai,Singapore,11834,29.55,Truck,7016.38,7.24
4258,New York,Toronto,3637,43.36,Truck,3653.19,4.56
4259,Singapore,New York,5652,77.36,Air Freight,313.73,3.02
4260,London,Singapore,1818,38.25,Air Freight,3733.69,6.33
4261,Berlin,Dubai,67,56.67,Cargo Van,3815.6,1.46
4262,Sydney,London,5501,35.24,Ship,3689.54,7.8
4263,Sydney,Sydney,347,22.52,Truck,6820.47,8.37
4264,Berlin,Singapore,2724,90.42,Ship,6856.35,6.86
4265,Sydney,Toronto,4856,80.49,Air Freight,3760.04,5.95
4266,Singapore,Sydney,4658,24.7,Cargo Van,3346.59,8.01
4267,New York,Berlin,8107,45.9,Air Freight,1858.45,7.56
4268,Sydney,Dubai,4528,78.36,Truck,1510.65,3.03
4269,New York,Dubai,6500,51.33,Truck,4492.22,4.79
4270,Toronto,London,5458,52.01,Ship,5140.16,5.96
4271,Mumbai,Mumbai,4102,62.09,Truck,5709.99,6.3
4272,London,Berlin,114,70.17,Cargo Van,4712.99,8.58
4273,New York,Singapore,5359,94.56,Air Freight,5730.13,7.24
4274,Singapore,Dubai,4395,73.24,Cargo Van,1970.04,8.12
4275,Berlin,Sydney,11316,33.59,Truck,6131.01,1.49
4276,Berlin,Sydney,9307,4.85,Air Freight,3670.59,2.1
4277,Toronto,Dubai,4229,11.6,Cargo Van,3452.13,7.97
4278,Mumbai,Toronto,3253,27.29,Air Freight,3281.5,9.66
4279,Singapore,Sydney,2612,88.1,Cargo Van,2969.87,5.58
4280,Singapore,New York,10521,72.17,Air Freight,2179.7,2.08
4281,Sydney,Toronto,5692,24.34,Air Freight,6506.72,7.49
4282,New York,Toronto,5317,80.54,Truck,1481.51,8.03
4283,Berlin,Mumbai,2148,12.41,Air Freight,7395.66,7.43
4284,New York,Mumbai,6178,50.08,Truck,3834.32,8.12
4285,Berlin,Singapore,1940,61.85,Air Freight,1375.1,4.1
4286,Berlin,Dubai,6084,85.58,Truck,3123.71,2.66
4287,Toronto,Dubai,1195,86.87,Cargo Van,282.95,8.34
4288,Mumbai,Dubai,10682,15.81,Truck,1482.04,7.06
4289,Berlin,Toronto,5178,50.22,Ship,6909.64,1.29
4290,Singapore,Berlin,10207,77.64,Truck,2201.74,2.2
4291,Toronto,Dubai,1974,25.4,Truck,4280.46,6.23
4292,Mumbai,Berlin,10626,33.33,Truck,3782.67,9.29
4293,Toronto,Singapore,2157,24.78,Air Freight,2740.47,3.89
4294,Mumbai,Singapore,6864,35.05,Truck,7245.91,8.29
4295,Dubai,New York,7475,25.01,Cargo Van,6445.55,7.85
4296,Singapore,Toronto,11577,11.5,Truck,3627.09,7.96
4297,Sydney,Singapore,2801,7.52,Truck,1716.13,6.06
4298,New York,London,4977,2.06,Ship,4661.93,5.13
4299,Dubai,Sydney,8234,34.45,Ship,6162.9,7.36
4300,Mumbai,Mumbai,9437,58.97,Air Freight,6313.98,7.53
4301,London,Dubai,11114,90.2,Air Freight,2098.97,2.59
4302,Berlin,Mumbai,2850,61.67,Truck,6466.84,4.56
4303,Toronto,Sydney,5127,7.11,Ship,1864.29,2.79
4304,London,Dubai,6203,90.62,Air Freight,7504.65,5.49
4305,Toronto,Sydney,3719,64.01,Cargo Van,3911.83,2.6
4306,London,Dubai,3638,31.51,Truck,725.74,5.53
4307,Berlin,Berlin,2558,37.36,Cargo Van,6056.94,8.38
4308,New York,New York,1754,31.96,Air Freight,7729.02,6.26
4309,Singapore,Berlin,9122,89.68,Truck,5438.6,2.26
4310,London,Dubai,10345,87.72,Cargo Van,6225.76,3.66
4311,Dubai,Sydney,7455,80.72,Cargo Van,7484.51,4.15
4312,Sydney,London,10451,62.31,Truck,7301.23,1.86
4313,Berlin,Dubai,4089,39.59,Ship,1319.73,5.76
4314,Dubai,Mumbai,6402,33.64,Air Freight,6480.53,5.98
4315,Mumbai,Toronto,5491,40.07,Cargo Van,2276.11,9.03
4316,Dubai,Toronto,9365,35.11,Cargo Van,6907.13,5.43
4317,New York,Berlin,9896,33.62,Air Freight,5165.03,6.98
4318,Singapore,Berlin,5186,16.89,Ship,997.45,1.22
4319,New York,London,6741,11.26,Air Freight,5942.41,7.07
4320,New York,New York,7103,86.62,Truck,5965.01,7.13
4321,Berlin,New York,6131,37.63,Truck,5966.3,3.37
4322,Dubai,Singapore,8346,95.49,Cargo Van,7045.28,7.99
4323,Toronto,Dubai,5009,58.98,Truck,3329.14,8.64
4324,New York,London,3290,19.18,Truck,449.97,7.85
4325,Toronto,Singapore,2680,70.47,Ship,6780.65,1.62
4326,New York,Sydney,2438,12.27,Ship,5689.52,8.28
4327,Dubai,Berlin,3891,86.45,Cargo Van,3463.9,7.59
4328,London,Sydney,3713,49.02,Ship,7306.16,5.0
4329,Sydney,Mumbai,8366,27.08,Ship,5923.51,7.67
4330,Sydney,Singapore,5383,68.04,Cargo Van,4999.19,5.68
4331,Singapore,Toronto,6662,8.04,Air Freight,7902.71,2.5
4332,New York,New York,3814,17.08,Truck,7557.81,6.02
4333,Toronto,New York,7234,58.38,Air Freight,1270.34,4.01
4334,Sydney,Dubai,4428,6.2,Air Freight,1535.02,3.39
4335,Sydney,Toronto,11921,75.45,Air Freight,7837.32,9.4
4336,London,Berlin,5421,91.95,Ship,7848.23,2.36
4337,Dubai,Singapore,11418,4.6,Truck,2769.41,6.33
4338,New York,Dubai,5951,92.62,Truck,6481.68,1.82
4339,New York,Singapore,10988,49.11,Cargo Van,3887.17,7.49
4340,Berlin,Sydney,7134,86.16,Cargo Van,4115.49,1.21
4341,Singapore,Sydney,5287,2.89,Cargo Van,477.01,2.28
4342,Berlin,Dubai,5632,41.58,Ship,7923.72,4.92
4343,Toronto,London,6387,48.14,Cargo Van,1786.49,2.42
4344,London,Sydney,2775,55.44,Truck,3720.69,4.01
4345,London,London,5308,22.95,Truck,4526.18,6.94
4346,Mumbai,Dubai,6761,2.36,Ship,3885.9,4.56
4347,Singapore,Sydney,5109,79.63,Truck,7322.83,8.81
4348,Singapore,Singapore,4532,67.3,Ship,6256.52,9.74
4349,Singapore,Dubai,11194,15.4,Ship,6734.1,9.43
4350,New York,New York,11114,78.52,Air Freight,207.71,3.52
4351,New York,Toronto,7848,16.51,Air Freight,4527.39,6.87
4352,Dubai,Sydney,11628,55.08,Ship,2185.42,5.4
4353,Singapore,Dubai,7673,68.93,Air Freight,1359.43,7.76
4354,Berlin,Berlin,810,44.79,Cargo Van,1559.59,4.89
4355,Berlin,Berlin,2733,92.08,Ship,2397.63,7.01
4356,Dubai,Toronto,9317,71.64,Air Freight,438.14,4.88
4357,London,Berlin,2089,6.6,Cargo Van,4913.44,4.95
4358,Sydney,New York,8036,73.1,Cargo Van,4192.58,3.33
4359,Dubai,Mumbai,5093,9.76,Ship,4083.87,2.68
4360,New York,Singapore,11458,72.9,Ship,1982.69,6.77
4361,New York,Berlin,8074,30.5,Truck,7441.35,4.7
4362,Mumbai,Berlin,2588,34.89,Ship,979.53,6.69
4363,Mumbai,Mumbai,7688,10.16,Truck,7372.83,5.59
4364,New York,Singapore,10329,46.17,Truck,5529.46,7.69
4365,Sydney,Toronto,6898,49.12,Truck,325.78,4.64
4366,Mumbai,Toronto,8486,43.98,Air Freight,673.19,2.01
4367,Sydney,Mumbai,2307,88.25,Truck,2074.29,9.75
4368,Sydney,Sydney,7947,74.37,Air Freight,3516.82,2.77
4369,Berlin,Berlin,2134,88.48,Ship,1032.27,3.7
4370,Singapore,Toronto,11390,79.06,Ship,3075.94,8.79
4371,Singapore,Mumbai,8006,76.29,Cargo Van,6804.57,7.03
4372,Singapore,Singapore,1178,8.54,Truck,7391.82,1.01
4373,New York,Sydney,10858,66.47,Cargo Van,1575.07,9.73
4374,Dubai,Berlin,461,4.87,Truck,6914.62,2.34
4375,Mumbai,Sydney,6566,32.2,Air Freight,6469.46,7.33
4376,London,Mumbai,1846,71.98,Cargo Van,281.83,7.0
4377,Singapore,New York,5686,11.23,Ship,3996.59,5.14
4378,New York,Berlin,6387,60.98,Cargo Van,7135.62,9.78
4379,Berlin,Berlin,2395,51.98,Cargo Van,2781.05,6.34
4380,Berlin,Singapore,10486,70.27,Air Freight,5207.19,9.03
4381,Sydney,Berlin,10547,13.81,Air Freight,1618.39,6.43
4382,Dubai,New York,1905,57.11,Truck,3065.96,9.47
4383,Berlin,London,4804,11.31,Truck,6880.84,7.31
4384,New York,New York,10845,66.51,Truck,3467.13,9.93
4385,Sydney,New York,7125,87.77,Cargo Van,2182.19,8.08
4386,Singapore,London,364,48.47,Ship,1510.65,4.03
4387,Sydney,New York,9563,27.5,Air Freight,6117.07,4.73
4388,Mumbai,Berlin,11071,28.42,Ship,1396.15,5.56
4389,Toronto,Mumbai,464,48.08,Cargo Van,1395.99,1.56
4390,Singapore,Mumbai,2548,73.91,Ship,3485.17,8.39
4391,Berlin,Sydney,554,41.29,Truck,3653.22,4.43
4392,Berlin,Singapore,3286,48.93,Ship,1071.68,6.78
4393,New York,London,1963,36.17,Ship,6677.54,3.43
4394,Toronto,Berlin,55,91.19,Truck,6559.6,8.23
4395,New York,New York,4006,59.33,Air Freight,6480.2,4.63
4396,Singapore,New York,4959,58.42,Truck,5890.74,5.56
4397,New York,Toronto,5388,9.27,Cargo Van,5373.56,2.86
4398,Berlin,Dubai,1452,8.53,Truck,7311.64,3.46
4399,Singapore,Berlin,6267,69.78,Ship,5179.81,4.17
4400,Dubai,London,10494,36.82,Truck,3509.11,6.26
4401,Sydney,Singapore,2095,62.85,Air Freight,7122.36,5.13
4402,Toronto,Toronto,4457,67.83,Cargo Van,4533.0,2.29
4403,Dubai,Dubai,6660,24.97,Air Freight,4299.33,3.64
4404,Singapore,Berlin,5690,64.74,Cargo Van,1204.84,6.64
4405,Sydney,London,5927,48.34,Air Freight,1841.9,9.17
4406,Toronto,Sydney,9907,29.66,Truck,4909.17,9.22
4407,Berlin,Berlin,5303,77.33,Ship,1262.2,2.23
4408,Mumbai,London,10292,83.61,Truck,6256.46,1.36
4409,Sydney,Berlin,3906,4.21,Ship,6393.74,8.53
4410,New York,Mumbai,626,85.13,Cargo Van,6501.81,1.8
4411,Mumbai,London,2684,68.78,Truck,211.98,9.25
4412,Berlin,Dubai,11158,13.42,Truck,220.98,9.23
4413,Dubai,Sydney,1452,36.62,Truck,6553.19,2.37
4414,Toronto,New York,11495,56.4,Truck,5162.13,4.4
4415,Berlin,London,5057,69.05,Ship,6563.59,8.81
4416,Berlin,Berlin,2422,61.02,Truck,5531.69,9.3
4417,Berlin,New York,835,36.16,Ship,704.61,7.96
4418,Sydney,Berlin,9222,83.72,Ship,1527.39,3.88
4419,Toronto,London,5316,9.26,Ship,4841.85,4.7
4420,New York,Berlin,5059,62.5,Cargo Van,3706.57,5.66
4421,Berlin,Dubai,11759,95.27,Ship,648.42,4.7
4422,New York,Toronto,10143,92.69,Air Freight,4710.21,9.09
4423,New York,Toronto,3618,10.71,Ship,2050.6,2.28
4424,Dubai,Mumbai,4185,74.72,Air Freight,6020.5,3.1
4425,Sydney,Dubai,867,14.56,Truck,2770.86,4.61
4426,London,Dubai,8772,81.02,Truck,3860.93,7.61
4427,Sydney,Dubai,599,85.86,Cargo Van,1004.23,2.13
4428,London,Dubai,6251,22.92,Truck,2259.01,2.74
4429,Singapore,New York,8219,2.27,Truck,6140.63,7.65
4430,Toronto,Toronto,2946,13.57,Air Freight,6056.62,7.82
4431,Sydney,New York,495,47.98,Truck,7022.94,7.39
4432,London,Sydney,9519,79.58,Cargo Van,7698.23,6.9
4433,Singapore,Sydney,6105,2.33,Ship,5006.72,1.66
4434,Berlin,Sydney,5428,39.69,Ship,7839.13,5.15
4435,Berlin,Singapore,4631,77.59,Cargo Van,6499.96,1.69
4436,Dubai,Toronto,4327,90.32,Cargo Van,4463.02,4.21
4437,London,Singapore,3276,31.86,Air Freight,2427.15,8.74
4438,Toronto,Berlin,11233,88.21,Cargo Van,4451.95,6.8
4439,Singapore,New York,6550,72.18,Cargo Van,1513.73,3.76
4440,Dubai,Sydney,10454,50.57,Cargo Van,6392.1,2.59
4441,Dubai,Sydney,5517,71.21,Ship,6602.93,8.84
4442,Dubai,Berlin,4760,72.75,Cargo Van,7416.94,6.88
4443,Sydney,Mumbai,1641,66.42,Ship,2653.88,6.72
4444,Berlin,Sydney,9638,27.39,Air Freight,1082.23,6.71
4445,Mumbai,New York,7734,8.41,Ship,877.35,4.52
4446,Toronto,Mumbai,8657,28.46,Ship,5970.08,9.42
4447,Sydney,Dubai,11474,49.22,Air Freight,505.05,4.91
4448,London,Toronto,4689,88.59,Truck,843.09,1.84
4449,Berlin,New York,9279,88.89,Ship,5654.62,2.81
4450,Berlin,New York,2089,95.51,Truck,5361.34,2.94
4451,London,Toronto,11072,67.37,Truck,619.31,9.48
4452,Mumbai,Sydney,535,24.98,Truck,1185.88,3.69
4453,Dubai,Sydney,9066,82.38,Cargo Van,7560.37,1.83
4454,Berlin,Berlin,4074,79.93,Air Freight,3573.55,9.38
4455,Sydney,Berlin,4454,15.48,Ship,3443.13,5.57
4456,Berlin,Toronto,6082,95.41,Ship,4438.86,8.83
4457,Singapore,Dubai,7992,89.91,Air Freight,5385.23,2.35
4458,New York,New York,6142,11.71,Ship,2501.49,9.19
4459,Berlin,Toronto,2380,59.04,Air Freight,5799.07,6.82
4460,Sydney,Mumbai,7661,35.84,Ship,1602.96,2.0
4461,Sydney,Toronto,7417,88.66,Truck,6183.85,2.14
4462,Sydney,Berlin,5457,62.03,Air Freight,3632.03,5.52
4463,Mumbai,Dubai,10482,27.82,Cargo Van,918.9,1.0
4464,Singapore,New York,4379,28.8,Truck,6945.97,8.73
4465,Sydney,London,7350,2.08,Ship,2025.54,4.39
4466,New York,New York,10085,63.52,Air Freight,2084.95,2.36
4467,London,Sydney,11596,25.93,Ship,3104.98,4.42
4468,New York,Sydney,5668,26.64,Air Freight,375.04,4.11
4469,Dubai,Singapore,3301,58.5,Truck,6544.64,4.06
4470,Mumbai,New York,3335,95.44,Ship,4117.46,9.83
4471,London,Sydney,1829,2.15,Ship,4582.28,8.26
4472,London,New York,702,93.0,Truck,1731.38,2.08
4473,Toronto,London,4995,94.8,Cargo Van,6599.26,9.01
4474,Singapore,London,2437,26.03,Cargo Van,6452.36,4.69
4475,Dubai,Sydney,2942,24.66,Air Freight,7836.15,5.55
4476,New York,Berlin,4677,23.74,Ship,4063.32,1.56
4477,Sydney,New York,8725,13.84,Cargo Van,2628.32,7.28
4478,Dubai,New York,7764,88.36,Cargo Van,3282.58,6.69
4479,Sydney,Singapore,331,42.25,Truck,5840.37,1.0
4480,Toronto,London,5091,93.03,Ship,1832.18,3.73
4481,Berlin,Dubai,934,5.81,Cargo Van,5300.64,3.38
4482,Berlin,Toronto,1889,7.46,Truck,4632.24,7.31
4483,London,London,11387,55.57,Air Freight,5082.13,1.79
4484,Mumbai,Sydney,2000,75.62,Truck,7591.19,6.65
4485,Singapore,London,9839,93.81,Truck,4272.87,4.28
4486,Sydney,New York,7667,92.86,Cargo Van,5064.76,1.92
4487,New York,New York,11316,65.56,Cargo Van,1639.16,8.27
4488,Dubai,New York,758,32.72,Cargo Van,4786.22,1.63
4489,New York,Sydney,1906,39.61,Ship,3727.7,2.52
4490,Berlin,Berlin,6021,89.69,Truck,7048.17,6.66
4491,Mumbai,New York,9866,40.77,Air Freight,1423.65,2.07
4492,Singapore,Singapore,538,90.71,Air Freight,782.94,5.81
4493,Berlin,Mumbai,5469,16.87,Ship,4045.45,4.67
4494,Dubai,Toronto,5794,87.42,Truck,3352.87,6.26
4495,Sydney,Toronto,8091,42.43,Truck,5340.87,6.65
4496,Singapore,London,7026,39.55,Truck,596.09,8.84
4497,Berlin,Berlin,8755,93.13,Cargo Van,5465.58,1.99
4498,Mumbai,Toronto,8355,48.23,Cargo Van,7478.43,2.27
4499,Singapore,Toronto,6713,16.8,Ship,6922.29,3.59
4500,New York,Singapore,6783,82.8,Air Freight,4314.32,9.73
4501,Sydney,Mumbai,724,77.76,Truck,1064.02,8.59
4502,Sydney,New York,4916,18.11,Cargo Van,6962.54,6.03
4503,New York,Berlin,9640,88.03,Cargo Van,1382.13,5.29
4504,London,London,4854,27.13,Air Freight,1835.21,6.43
4505,Sydney,New York,10367,23.66,Truck,936.03,9.35
4506,Dubai,Sydney,10623,51.27,Truck,3297.55,6.57
4507,Singapore,London,4676,72.91,Truck,5510.0,9.69
4508,Toronto,New York,9178,36.81,Cargo Van,1257.92,4.21
4509,Singapore,Toronto,398,23.32,Cargo Van,4325.85,2.13
4510,New York,Dubai,8689,7.51,Truck,5762.17,4.74
4511,Singapore,Toronto,11701,75.43,Truck,7223.0,3.96
4512,New York,Toronto,6118,50.37,Air Freight,6549.77,5.84
4513,Dubai,Mumbai,3480,14.97,Truck,2759.49,5.1
4514,Singapore,Toronto,2545,23.91,Truck,1291.45,6.85
4515,Mumbai,Toronto,4404,60.46,Ship,438.56,8.95
4516,Berlin,Singapore,391,23.73,Air Freight,6141.6,3.65
4517,Berlin,Toronto,11203,39.22,Air Freight,3281.69,8.69
4518,Mumbai,Toronto,10027,28.51,Ship,5671.03,2.05
4519,Singapore,Toronto,11078,67.6,Truck,2469.82,6.69
4520,Mumbai,Singapore,9315,11.79,Cargo Van,2251.73,4.02
4521,New York,Sydney,9989,41.83,Cargo Van,6868.29,1.77
4522,London,Mumbai,11069,20.29,Cargo Van,7467.27,6.4
4523,New York,Sydney,8212,30.02,Truck,2038.24,5.98
4524,New York,Dubai,8403,59.94,Truck,5172.98,8.07
4525,Sydney,Toronto,6414,22.65,Air Freight,4432.16,7.71
4526,London,Singapore,4792,14.96,Cargo Van,5697.79,2.29
4527,London,Sydney,7330,95.06,Cargo Van,4883.35,2.69
4528,New York,New York,9644,77.07,Truck,3582.18,9.13
4529,Mumbai,Sydney,3593,52.66,Ship,7628.26,9.1
4530,Mumbai,London,784,33.62,Cargo Van,1228.41,6.0
4531,New York,Mumbai,9025,25.84,Cargo Van,6966.65,1.52
4532,Sydney,London,8349,57.13,Ship,2352.9,2.75
4533,Dubai,Toronto,8571,38.17,Truck,6217.94,3.1
4534,Toronto,Sydney,3598,92.56,Cargo Van,5121.99,3.26
4535,Sydney,New York,9036,49.15,Truck,3727.87,7.82
4536,Mumbai,Sydney,1815,13.4,Cargo Van,7624.86,8.62
4537,New York,Dubai,11620,54.3,Cargo Van,5571.57,2.23
4538,New York,Singapore,5230,94.71,Cargo Van,2489.41,4.75
4539,Singapore,Sydney,355,12.38,Ship,667.54,9.7
4540,Sydney,Toronto,7166,76.09,Truck,319.57,1.58
4541,Mumbai,New York,9742,26.55,Cargo Van,2762.47,3.32
4542,Dubai,Toronto,4027,62.4,Air Freight,920.27,10.0
4543,Dubai,Mumbai,5800,10.74,Ship,7165.38,6.5
4544,Dubai,Dubai,3642,43.07,Truck,4940.9,6.84
4545,Mumbai,Dubai,1207,40.44,Cargo Van,5479.36,7.77
4546,Toronto,New York,9853,7.91,Cargo Van,236.22,7.62
4547,Berlin,New York,9846,80.68,Ship,7529.8,8.97
4548,London,New York,303,77.45,Ship,2589.42,7.31
4549,Mumbai,Toronto,3041,33.21,Air Freight,4184.98,7.28
4550,Sydney,London,3520,57.98,Truck,7482.06,3.94
4551,Toronto,Sydney,1246,7.72,Ship,1714.44,4.53
4552,Dubai,Toronto,7725,11.14,Air Freight,5272.98,8.09
4553,Berlin,New York,9118,64.78,Cargo Van,290.27,9.29
4554,Singapore,London,5325,33.76,Air Freight,429.31,9.87
4555,Dubai,New York,6303,48.94,Air Freight,5540.53,8.02
4556,Singapore,Singapore,8542,17.93,Air Freight,3993.54,4.0
4557,Singapore,Mumbai,221,41.0,Truck,3934.15,5.5
4558,New York,Berlin,3343,38.02,Air Freight,5682.88,9.65
4559,Singapore,Sydney,133,30.18,Cargo Van,5399.35,7.39
4560,Mumbai,London,8206,37.22,Air Freight,6851.01,7.9
4561,London,Toronto,8536,26.62,Ship,4148.87,1.07
4562,Dubai,London,11036,22.11,Truck,1816.63,6.37
4563,Mumbai,Toronto,3064,24.51,Cargo Van,7323.42,7.9
4564,Sydney,Mumbai,5591,53.71,Ship,6747.71,1.37
4565,Singapore,London,5441,64.51,Air Freight,3801.01,9.07
4566,London,Dubai,5298,16.3,Air Freight,2731.62,2.94
4567,Singapore,London,1965,43.15,Air Freight,670.61,5.92
4568,Toronto,Singapore,1465,49.17,Ship,4601.63,3.37
4569,Berlin,Toronto,6639,23.04,Air Freight,7359.97,6.42
4570,Mumbai,London,11295,62.58,Truck,4672.89,8.86
4571,Mumbai,Dubai,394,84.55,Truck,2216.29,5.76
4572,Mumbai,Dubai,10029,29.01,Ship,4611.92,3.75
4573,Dubai,Sydney,1225,10.49,Air Freight,5151.47,9.67
4574,Mumbai,Dubai,8416,63.39,Truck,3903.35,1.72
4575,Singapore,New York,11348,2.42,Air Freight,1397.95,3.99
4576,London,New York,1361,24.14,Cargo Van,5631.95,2.43
4577,Dubai,Toronto,5750,64.16,Air Freight,5610.98,3.37
4578,Berlin,Toronto,1961,32.26,Ship,7512.22,8.26
4579,Dubai,New York,7531,50.44,Air Freight,308.03,8.39
4580,Singapore,Mumbai,4809,23.22,Air Freight,7515.59,4.86
4581,Dubai,Mumbai,7274,55.98,Truck,3224.25,8.33
4582,Berlin,Toronto,6787,10.54,Truck,4958.24,8.94
4583,Singapore,Toronto,3049,13.52,Air Freight,4952.76,7.63
4584,Berlin,New York,521,91.71,Air Freight,5609.32,4.12
4585,Mumbai,Toronto,10725,89.36,Truck,6594.54,8.2
4586,Dubai,London,7119,56.84,Truck,3336.21,9.27
4587,Dubai,Singapore,229,10.49,Air Freight,7237.51,5.43
4588,Mumbai,Toronto,7946,71.24,Cargo Van,6359.42,6.12
4589,Mumbai,New York,1231,14.74,Cargo Van,3425.99,8.15
4590,Sydney,Dubai,1500,76.03,Air Freight,7056.11,7.87
4591,Mumbai,New York,7676,41.11,Air Freight,7201.66,6.63
4592,Mumbai,Toronto,9518,14.75,Truck,5631.88,7.08
4593,Toronto,Sydney,11110,10.04,Cargo Van,2537.56,9.1
4594,Dubai,Dubai,7378,92.04,Air Freight,1447.8,9.21
4595,Toronto,Toronto,4272,14.47,Cargo Van,1283.37,2.47
4596,Singapore,Singapore,10242,6.36,Cargo Van,3576.21,3.69
4597,New York,Toronto,5427,23.86,Cargo Van,4591.59,8.56
4598,Singapore,Sydney,4684,58.49,Cargo Van,4749.31,4.35
4599,Mumbai,Berlin,8991,58.34,Ship,2822.07,1.76
4600,Mumbai,Berlin,5618,38.37,Truck,3098.19,7.57
4601,Toronto,Sydney,3359,6.72,Cargo Van,3093.77,4.93
4602,Toronto,Singapore,11895,28.88,Cargo Van,6129.42,8.1
4603,Berlin,Toronto,8779,66.44,Air Freight,1593.27,8.58
4604,Singapore,Dubai,6246,31.57,Cargo Van,2666.61,9.34
4605,Mumbai,Berlin,5445,50.94,Ship,2156.39,7.97
4606,London,Singapore,8912,56.51,Air Freight,4621.65,3.74
4607,Singapore,Dubai,4709,44.96,Truck,1852.54,8.89
4608,New York,Toronto,4797,12.01,Truck,4459.65,6.67
4609,Toronto,Dubai,6553,8.37,Air Freight,6422.08,2.47
4610,Berlin,Toronto,5048,12.37,Cargo Van,5909.45,3.4
4611,Toronto,London,6475,11.43,Truck,7556.38,6.56
4612,Toronto,Sydney,9452,29.74,Cargo Van,5189.23,1.77
4613,Toronto,New York,1706,61.37,Truck,7536.7,6.14
4614,New York,Berlin,2252,30.99,Ship,5086.6,7.44
4615,Dubai,London,4064,12.68,Cargo Van,1652.88,5.55
4616,New York,Berlin,10287,92.13,Air Freight,2911.94,5.33
4617,Sydney,Sydney,3523,89.11,Cargo Van,3391.25,7.11
4618,Toronto,New York,4632,86.88,Ship,7467.81,8.74
4619,New York,Singapore,8651,80.9,Cargo Van,7023.55,5.32
4620,London,Berlin,5665,67.25,Air Freight,2094.35,8.9
4621,Singapore,Toronto,178,78.86,Air Freight,327.66,2.71
4622,Berlin,New York,4287,39.56,Truck,3101.14,8.58
4623,Mumbai,Berlin,1824,69.38,Cargo Van,4832.31,9.48
4624,Berlin,Berlin,4664,37.47,Truck,3435.78,2.23
4625,London,London,10618,29.31,Cargo Van,759.03,9.84
4626,Berlin,Toronto,11880,81.86,Ship,5279.13,2.98
4627,New York,London,6810,93.04,Cargo Van,5628.72,9.0
4628,Singapore,Sydney,11913,75.09,Air Freight,728.03,7.14
4629,Toronto,New York,2755,76.5,Cargo Van,339.83,2.19
4630,Toronto,Mumbai,10217,21.53,Air Freight,6820.81,8.97
4631,Dubai,Berlin,725,33.39,Cargo Van,2640.65,7.65
4632,Berlin,Mumbai,11462,47.61,Cargo Van,4361.03,5.75
4633,London,Berlin,4052,21.57,Ship,5070.23,6.81
4634,Singapore,Berlin,3703,53.31,Truck,1945.33,9.76
4635,Berlin,Berlin,7595,27.3,Ship,2834.68,4.07
4636,Sydney,Sydney,1756,60.42,Truck,841.21,2.07
4637,Mumbai,Singapore,10846,49.94,Truck,4769.09,5.71
4638,Toronto,New York,3870,16.85,Air Freight,2192.34,6.32
4639,Berlin,Singapore,6311,16.47,Cargo Van,859.94,3.88
4640,Berlin,New York,2057,22.5,Ship,825.98,4.04
4641,Toronto,Sydney,5015,29.23,Ship,1362.38,5.01
4642,Mumbai,London,9112,58.69,Air Freight,5924.85,8.82
4643,Berlin,Berlin,2118,37.42,Cargo Van,4943.15,9.94
4644,Toronto,Sydney,2371,89.47,Truck,332.36,1.92
4645,Sydney,Toronto,5310,19.45,Air Freight,593.39,6.31
4646,Berlin,Toronto,11513,87.36,Cargo Van,5315.16,1.96
4647,Berlin,Sydney,8015,70.93,Air Freight,7788.29,3.96
4648,London,Dubai,74,40.91,Truck,7751.93,6.65
4649,Berlin,London,10687,8.96,Cargo Van,1364.95,8.57
4650,Sydney,Dubai,7911,5.13,Ship,1495.56,6.12
4651,Toronto,Mumbai,4324,51.63,Air Freight,5187.68,3.91
4652,London,Dubai,1161,18.47,Air Freight,893.85,2.15
4653,Singapore,New York,9430,4.97,Ship,2141.87,9.84
4654,Dubai,Toronto,6419,20.97,Ship,7496.8,6.71
4655,Dubai,Berlin,8311,29.97,Ship,307.13,2.42
4656,Dubai,Toronto,1082,13.08,Air Freight,1744.97,3.39
4657,London,Toronto,4080,62.36,Ship,5299.11,6.73
4658,New York,Toronto,3640,67.33,Air Freight,1196.32,3.4
4659,London,Singapore,1768,47.65,Truck,3614.54,5.32
4660,New York,Singapore,10748,41.59,Air Freight,7377.47,4.12
4661,Singapore,Sydney,5325,18.29,Truck,2575.65,7.52
4662,Singapore,Berlin,7085,64.71,Cargo Van,3326.06,3.01
4663,Dubai,London,7223,69.2,Air Freight,7257.06,3.99
4664,Berlin,Berlin,2651,46.78,Truck,5455.41,2.67
4665,Dubai,Berlin,2879,66.49,Ship,1922.01,1.57
4666,Sydney,Toronto,3801,67.89,Truck,6375.73,7.59
4667,Toronto,Toronto,8702,36.13,Cargo Van,3939.39,2.03
4668,New York,New York,415,5.62,Ship,4012.3,1.77
4669,Sydney,Sydney,6003,12.27,Air Freight,7976.6,5.17
4670,London,London,1150,36.21,Air Freight,6961.73,6.43
4671,Mumbai,Singapore,2355,72.63,Truck,477.66,4.0
4672,Dubai,Mumbai,3413,26.96,Cargo Van,5330.22,8.48
4673,London,Dubai,11638,76.79,Truck,4320.23,6.4
4674,Berlin,Toronto,8264,79.23,Ship,6856.14,1.15
4675,Dubai,Toronto,4407,27.73,Ship,5784.25,4.05
4676,Toronto,Sydney,8130,34.17,Air Freight,5300.33,8.83
4677,Mumbai,Mumbai,8391,93.87,Ship,3950.7,2.23
4678,Dubai,Sydney,11599,72.35,Ship,4215.21,7.73
4679,Dubai,Singapore,669,87.67,Truck,3537.91,6.3
4680,Berlin,Sydney,7992,69.69,Ship,7738.14,8.22
4681,London,London,3770,61.25,Air Freight,1628.77,6.95
4682,London,London,2736,54.16,Cargo Van,1600.75,1.58
4683,London,Mumbai,1121,59.05,Air Freight,7829.47,3.78
4684,Sydney,New York,3269,53.32,Ship,4054.69,9.54
4685,Sydney,London,3638,28.54,Ship,847.38,7.85
4686,Toronto,New York,10234,25.8,Air Freight,6306.58,6.35
4687,Dubai,Berlin,8276,84.73,Air Freight,1332.58,1.99
4688,Mumbai,Toronto,8238,84.96,Cargo Van,2385.07,7.76
4689,Dubai,Toronto,4716,43.04,Truck,2780.78,4.63
4690,Berlin,New York,8778,59.26,Ship,251.43,9.65
4691,Sydney,Mumbai,878,54.33,Cargo Van,2049.52,3.74
4692,Toronto,Toronto,4731,68.74,Truck,6760.67,9.17
4693,Sydney,Berlin,4021,27.33,Cargo Van,1316.11,9.97
4694,Toronto,Mumbai,8808,74.94,Air Freight,6679.23,4.91
4695,Singapore,London,2701,7.49,Truck,7200.23,2.68
4696,New York,New York,621,67.64,Air Freight,6392.35,6.75
4697,Dubai,Singapore,10410,79.61,Ship,6305.87,4.8
4698,Mumbai,London,8020,17.0,Cargo Van,3460.58,7.51
4699,Toronto,Berlin,1346,25.53,Cargo Van,2594.85,3.03
4700,New York,Singapore,872,22.67,Truck,7882.99,2.48
4701,Sydney,London,1950,67.09,Air Freight,4773.01,1.15
4702,Berlin,Berlin,2012,45.52,Ship,1583.87,6.34
4703,Sydney,Mumbai,1851,47.69,Air Freight,2881.85,5.86
4704,Toronto,London,9856,45.63,Air Freight,2319.66,5.72
4705,Berlin,Berlin,9300,3.76,Ship,3872.86,2.28
4706,Dubai,Dubai,2969,78.69,Cargo Van,7502.24,6.82
4707,Toronto,New York,5174,32.32,Truck,3382.89,9.37
4708,Sydney,New York,110,10.07,Truck,2252.13,1.88
4709,Dubai,Berlin,3531,25.68,Cargo Van,2046.12,2.18
4710,Sydney,Dubai,4121,36.57,Air Freight,2178.92,1.32
4711,Sydney,New York,9950,45.77,Cargo Van,5050.23,8.4
4712,Singapore,London,5867,44.09,Truck,5478.38,1.98
4713,Berlin,London,11908,87.18,Cargo Van,2637.81,3.65
4714,Toronto,London,437,91.26,Cargo Van,4235.99,9.32
4715,London,Toronto,10490,34.77,Air Freight,6403.97,9.24
4716,London,Toronto,11627,71.73,Air Freight,2321.41,3.8
4717,Berlin,London,8431,5.61,Truck,1223.32,3.71
4718,Singapore,Toronto,3934,76.96,Truck,2916.15,6.59
4719,New York,Sydney,507,25.52,Air Freight,2051.71,5.78
4720,Dubai,New York,2234,4.94,Ship,4463.03,6.49
4721,Singapore,New York,155,66.32,Ship,4627.96,9.4
4722,Dubai,Dubai,5301,12.95,Cargo Van,7343.51,5.71
4723,London,New York,3351,15.19,Air Freight,6115.9,3.97
4724,Dubai,Sydney,5648,44.29,Air Freight,1720.34,3.78
4725,Sydney,Sydney,453,94.68,Cargo Van,7123.79,6.17
4726,New York,Dubai,3990,94.98,Ship,2378.29,1.73
4727,Dubai,Mumbai,5394,19.34,Truck,2529.29,3.34
4728,Mumbai,London,9428,88.87,Ship,3558.31,9.48
4729,Toronto,Dubai,629,23.8,Truck,6946.45,6.28
4730,Singapore,Berlin,3094,28.84,Cargo Van,5584.91,2.97
4731,Dubai,Toronto,3434,63.23,Cargo Van,7440.59,3.96
4732,Sydney,New York,4427,50.16,Cargo Van,4968.28,4.14
4733,Dubai,Sydney,10408,39.33,Cargo Van,4376.58,6.23
4734,Dubai,Singapore,8393,4.21,Cargo Van,3312.78,3.77
4735,Sydney,New York,11859,10.3,Truck,1763.41,1.29
4736,London,Dubai,6685,92.5,Air Freight,4926.55,6.64
4737,Sydney,London,8971,18.27,Cargo Van,4014.58,5.82
4738,London,London,1101,88.96,Truck,4742.4,2.03
4739,Mumbai,Sydney,8360,71.74,Ship,3759.08,7.78
4740,Dubai,Sydney,7156,81.39,Cargo Van,3118.49,1.05
4741,Toronto,Dubai,2084,5.49,Truck,4377.6,4.4
4742,Singapore,London,10230,13.83,Ship,552.25,5.32
4743,Dubai,London,2653,43.16,Air Freight,7884.35,7.77
4744,Sydney,London,5719,29.2,Ship,1616.3,9.43
4745,Dubai,Mumbai,2682,53.85,Ship,6736.88,5.74
4746,Dubai,New York,11043,42.87,Air Freight,6658.57,4.12
4747,Dubai,Dubai,1901,10.98,Truck,2360.26,9.15
4748,Toronto,Sydney,10509,23.79,Air Freight,565.7,8.44
4749,Sydney,Toronto,2142,72.83,Truck,6145.58,9.51
4750,Toronto,Dubai,528,27.94,Air Freight,7828.36,1.8
4751,London,Singapore,8266,54.65,Cargo Van,7452.74,2.15
4752,London,Toronto,11575,58.79,Truck,7545.13,1.06
4753,Mumbai,Sydney,7396,91.97,Cargo Van,3923.2,6.08
4754,Mumbai,New York,10611,72.62,Ship,4941.28,8.9
4755,Singapore,London,5286,49.17,Cargo Van,700.08,8.38
4756,London,London,7403,82.05,Cargo Van,5623.59,3.38
4757,Mumbai,London,6726,57.01,Ship,2769.18,6.75
4758,New York,Berlin,2855,49.26,Truck,898.41,8.61
4759,Mumbai,New York,2965,25.67,Ship,1965.36,7.99
4760,Mumbai,Singapore,11944,25.63,Ship,471.53,2.88
4761,Sydney,Sydney,10471,33.51,Cargo Van,1187.47,6.36
4762,Singapore,London,4646,45.79,Air Freight,4477.98,5.35
4763,Berlin,Berlin,7416,9.36,Truck,4148.66,3.95
4764,New York,Sydney,3112,10.72,Ship,2186.8,1.76
4765,London,Sydney,57,67.23,Ship,1427.19,9.13
4766,Singapore,Dubai,6920,49.91,Ship,1026.45,5.7
4767,Mumbai,Singapore,4241,61.88,Air Freight,6146.96,5.34
4768,Berlin,Berlin,8599,81.23,Truck,391.9,3.62
4769,Mumbai,New York,11334,5.3,Ship,3207.29,2.76
4770,Sydney,Sydney,9439,23.71,Ship,7839.03,8.25
4771,Mumbai,Berlin,3450,4.67,Ship,6974.72,1.1
4772,Berlin,Singapore,4998,63.96,Air Freight,7271.81,5.44
4773,Singapore,Singapore,1620,48.31,Truck,2726.14,3.31
4774,New York,New York,5410,37.88,Air Freight,360.44,8.2
4775,Berlin,New York,6995,67.48,Truck,681.28,3.03
4776,Toronto,Toronto,7624,74.7,Cargo Van,4099.04,3.07
4777,Sydney,Sydney,1116,33.73,Cargo Van,4810.73,5.05
4778,Sydney,New York,2711,10.72,Truck,1610.82,9.99
4779,Dubai,Sydney,7064,68.65,Air Freight,4317.09,2.91
4780,London,Dubai,8520,95.09,Ship,2636.5,5.3
4781,Singapore,Singapore,3367,65.74,Cargo Van,5003.2,5.8
4782,Mumbai,Singapore,2300,64.65,Ship,652.66,9.93
4783,Toronto,Berlin,6448,17.37,Cargo Van,303.86,4.15
4784,Mumbai,Berlin,10189,76.58,Ship,1068.67,5.05
4785,Sydney,Mumbai,7561,95.49,Ship,7685.54,6.61
4786,Singapore,Singapore,5314,56.41,Cargo Van,3765.39,3.87
4787,New York,New York,3211,19.32,Ship,4487.78,4.55
4788,Singapore,London,11668,92.45,Cargo Van,7216.79,6.92
4789,Toronto,Sydney,1606,65.64,Cargo Van,7684.91,4.22
4790,Toronto,Mumbai,7052,86.49,Air Freight,3898.89,2.16
4791,Toronto,Berlin,8151,81.62,Cargo Van,3365.3,9.31
4792,Mumbai,Singapore,9730,82.82,Cargo Van,7865.1,4.48
4793,Toronto,Berlin,3109,62.76,Air Freight,213.12,1.17
4794,Dubai,New York,7590,19.31,Truck,2291.31,7.15
4795,Berlin,Berlin,11934,90.4,Air Freight,7370.96,6.71
4796,Toronto,Mumbai,1939,20.03,Cargo Van,3689.29,8.51
4797,Toronto,Toronto,8784,66.15,Ship,2390.58,3.07
4798,London,Dubai,1781,6.09,Cargo Van,546.99,5.73
4799,Sydney,Sydney,4488,47.01,Cargo Van,4739.06,7.22
4800,Dubai,Mumbai,1886,56.98,Air Freight,4068.41,5.84
4801,Singapore,Toronto,2766,59.91,Ship,6029.06,2.14
4802,Dubai,Toronto,4222,90.1,Ship,6442.27,6.23
4803,London,Singapore,6673,74.82,Air Freight,5610.69,3.36
4804,Dubai,Berlin,4443,68.83,Ship,2519.54,1.11
4805,Berlin,Berlin,1456,82.9,Truck,7294.4,7.84
4806,Singapore,Singapore,6778,56.31,Cargo Van,6454.22,1.97
4807,Dubai,Mumbai,6463,3.52,Ship,7863.01,7.69
4808,Dubai,London,3034,88.57,Cargo Van,7800.75,7.1
4809,Sydney,New York,865,14.31,Ship,5425.6,2.22
4810,Singapore,Toronto,1218,44.19,Truck,721.53,6.39
4811,New York,Toronto,4666,27.62,Truck,3174.42,4.46
4812,Mumbai,Mumbai,3674,4.37,Cargo Van,6953.71,2.72
4813,Sydney,New York,7262,72.61,Truck,3471.56,7.16
4814,Berlin,Sydney,3893,65.9,Cargo Van,5159.4,8.36
4815,London,Singapore,3055,8.68,Truck,4722.61,6.43
4816,Dubai,Toronto,9426,82.13,Ship,591.53,4.29
4817,London,Berlin,3733,11.48,Ship,7703.37,6.0
4818,Berlin,New York,2464,3.42,Ship,1607.57,5.33
4819,Berlin,Mumbai,938,43.06,Truck,6031.35,1.48
4820,Berlin,London,9063,66.78,Ship,239.82,7.97
4821,New York,Toronto,10626,88.66,Cargo Van,3911.5,9.62
4822,New York,Sydney,11625,60.43,Ship,4810.69,6.31
4823,Dubai,New York,6327,8.86,Truck,1121.96,2.89
4824,London,Toronto,5898,74.4,Cargo Van,7480.61,8.36
4825,Toronto,Toronto,6157,61.15,Ship,312.22,9.82
4826,Sydney,Mumbai,11306,5.02,Cargo Van,6657.71,1.65
4827,Sydney,Singapore,3396,10.02,Truck,6235.03,6.03
4828,Singapore,Berlin,2215,13.33,Cargo Van,1728.75,4.57
4829,Sydney,New York,7388,92.62,Ship,1019.91,7.76
4830,Singapore,Dubai,6032,16.22,Ship,2660.69,7.62
4831,Toronto,Sydney,6190,21.26,Ship,1054.06,3.58
4832,New York,Berlin,11316,88.89,Ship,3863.45,5.23
4833,New York,New York,9732,53.38,Cargo Van,3095.41,2.13
4834,Sydney,Toronto,2957,48.86,Ship,1031.36,1.19
4835,Sydney,Sydney,1483,23.45,Air Freight,1015.23,7.03
4836,Mumbai,Berlin,5608,19.43,Cargo Van,3691.28,8.12
4837,Singapore,Singapore,699,66.56,Cargo Van,5277.51,2.51
4838,London,Dubai,6474,91.59,Air Freight,7002.2,6.52
4839,Sydney,New York,4782,84.68,Air Freight,905.43,3.43
4840,Mumbai,London,4272,43.49,Cargo Van,5499.59,1.98
4841,Toronto,Mumbai,10902,52.64,Cargo Van,3411.59,1.14
4842,Dubai,Toronto,4714,5.14,Cargo Van,3418.89,4.96
4843,Singapore,Mumbai,161,94.06,Truck,6442.64,5.43
4844,Berlin,Toronto,4863,41.74,Air Freight,7826.77,4.56
4845,Toronto,Toronto,11309,36.62,Cargo Van,7162.94,4.86
4846,Toronto,Toronto,803,15.31,Cargo Van,4098.98,9.33
4847,New York,Toronto,6403,33.76,Truck,5172.12,3.67
4848,Sydney,Singapore,287,29.94,Cargo Van,7606.28,3.94
4849,Mumbai,Dubai,11453,62.71,Cargo Van,1245.98,7.09
4850,New York,Sydney,5006,83.01,Ship,5165.31,1.47
4851,Berlin,Sydney,3410,43.94,Air Freight,7911.71,1.09
4852,Singapore,Dubai,10839,73.85,Cargo Van,3330.88,4.48
4853,Sydney,Singapore,6915,39.09,Truck,4082.03,7.71
4854,Berlin,Sydney,10726,75.32,Cargo Van,7112.59,4.02
4855,New York,Mumbai,6106,18.89,Truck,6238.08,5.75
4856,Dubai,New York,685,83.37,Truck,5644.41,9.13
4857,London,London,6828,13.1,Ship,1018.58,8.1
4858,New York,Mumbai,10119,12.11,Cargo Van,7217.41,6.52
4859,Toronto,Mumbai,708,43.15,Truck,1412.09,6.71
4860,Singapore,Toronto,7650,63.54,Air Freight,5709.34,9.57
4861,Toronto,Toronto,7007,93.91,Truck,1477.96,7.8
4862,Toronto,Sydney,646,67.76,Cargo Van,3031.01,6.82
4863,Singapore,Toronto,485,36.5,Air Freight,3731.32,1.15
4864,New York,Sydney,2926,86.47,Air Freight,4765.32,6.35
4865,London,Dubai,9913,77.1,Air Freight,5181.23,8.4
4866,Mumbai,Mumbai,1292,78.92,Cargo Van,3224.27,8.01
4867,Berlin,New York,7118,21.92,Truck,212.1,8.64
4868,Sydney,Sydney,172,94.67,Air Freight,332.49,5.24
4869,Berlin,Berlin,10117,36.2,Ship,5032.55,7.23
4870,Toronto,Berlin,310,63.13,Cargo Van,5157.18,6.42
4871,New York,Dubai,2817,12.53,Cargo Van,7316.48,5.94
4872,London,Berlin,2784,12.93,Ship,3118.8,1.63
4873,Singapore,Singapore,6539,19.52,Air Freight,603.12,5.85
4874,Singapore,London,9918,87.41,Air Freight,7390.76,2.1
4875,Berlin,Sydney,2437,77.84,Air Freight,4251.62,3.29
4876,Sydney,New York,10297,91.87,Cargo Van,7150.89,8.55
4877,New York,Mumbai,5525,36.1,Cargo Van,4423.64,2.2
4878,Dubai,Toronto,2402,10.68,Truck,2432.55,4.43
4879,Mumbai,Berlin,9547,16.01,Air Freight,217.19,5.86
4880,London,Toronto,1906,16.14,Ship,6411.46,4.93
4881,Dubai,Berlin,4745,67.59,Cargo Van,6964.86,5.98
4882,New York,Dubai,3660,62.39,Ship,7204.04,7.85
4883,London,Toronto,9357,95.25,Truck,7466.33,9.91
4884,Berlin,London,9381,93.87,Air Freight,4060.84,6.39
4885,New York,Dubai,11628,20.55,Truck,3772.93,9.98
4886,Dubai,Toronto,8382,34.46,Ship,619.85,9.72
4887,Singapore,Sydney,425,53.98,Ship,5059.7,1.53
4888,New York,Dubai,2582,74.08,Truck,7621.26,8.9
4889,Dubai,New York,8235,73.79,Cargo Van,4445.56,6.51
4890,Mumbai,New York,777,92.31,Air Freight,3285.76,9.31
4891,London,Mumbai,10102,71.35,Ship,6609.14,2.45
4892,Dubai,Berlin,6564,13.48,Truck,2037.37,8.59
4893,Singapore,Toronto,7596,4.95,Ship,1538.18,3.75
4894,Dubai,Dubai,7173,47.96,Ship,3718.52,3.22
4895,New York,Toronto,2166,51.83,Ship,2477.09,8.97
4896,Mumbai,London,3886,27.64,Cargo Van,865.66,6.19
4897,Sydney,Sydney,8351,12.99,Truck,1993.73,5.33
4898,Sydney,Sydney,10409,27.79,Ship,4444.99,6.43
4899,Mumbai,Toronto,11296,54.01,Air Freight,4917.9,7.58
4900,Berlin,Singapore,1316,41.57,Air Freight,2355.73,9.24
4901,Berlin,Sydney,8911,68.12,Air Freight,5498.12,9.15
4902,Singapore,Berlin,1878,30.42,Ship,6959.22,5.19
4903,Berlin,Toronto,1684,16.16,Truck,640.8,4.61
4904,Toronto,London,11925,44.12,Air Freight,7056.47,2.42
4905,New York,New York,549,18.79,Truck,6827.81,4.71
4906,New York,Berlin,637,65.03,Cargo Van,5178.39,3.81
4907,Singapore,New York,713,13.32,Ship,4485.31,1.86
4908,Toronto,Sydney,2412,57.05,Cargo Van,2692.31,5.08
4909,Berlin,Sydney,2096,85.51,Air Freight,7155.42,7.35
4910,Dubai,Mumbai,697,87.3,Cargo Van,5607.18,5.88
4911,Mumbai,Toronto,4215,94.48,Air Freight,5757.28,5.05
4912,Berlin,New York,7502,8.82,Truck,5011.27,9.91
4913,London,Dubai,2750,39.38,Ship,620.35,4.35
4914,Singapore,Singapore,6527,81.76,Truck,4399.64,7.95
4915,Mumbai,Sydney,1895,78.94,Air Freight,6794.94,4.53
4916,Singapore,Sydney,2531,61.12,Cargo Van,317.27,8.34
4917,Singapore,Dubai,8183,35.39,Cargo Van,3882.12,1.34
4918,Berlin,Berlin,1233,3.11,Cargo Van,1344.2,1.11
4919,Berlin,New York,4480,88.32,Air Freight,4366.12,3.03
4920,Dubai,Toronto,7214,87.2,Truck,5365.46,8.28
4921,Dubai,Toronto,3228,78.36,Ship,5620.32,6.34
4922,New York,Sydney,10729,3.31,Truck,953.49,9.8
4923,Singapore,Berlin,1803,17.97,Cargo Van,7401.4,4.5
4924,Singapore,Singapore,7186,16.71,Truck,7984.21,6.04
4925,Toronto,Sydney,10291,84.52,Air Freight,6202.21,9.18
4926,Sydney,Dubai,579,18.86,Ship,2256.64,3.4
4927,London,Singapore,11811,94.8,Air Freight,655.42,6.95
4928,Dubai,London,11595,47.31,Air Freight,1411.24,8.0
4929,Toronto,Sydney,6149,27.16,Cargo Van,4118.23,5.13
4930,Singapore,Singapore,4306,25.69,Air Freight,2164.67,7.75
4931,Mumbai,London,1571,62.7,Truck,3485.24,2.99
4932,Singapore,Toronto,7769,68.31,Air Freight,499.25,3.14
4933,New York,Sydney,11620,20.84,Ship,551.35,9.06
4934,Singapore,New York,2416,5.18,Ship,4590.57,9.5
4935,Mumbai,New York,8739,52.34,Air Freight,7265.87,4.35
4936,Mumbai,Sydney,4490,83.03,Truck,4331.58,7.36
4937,Sydney,Singapore,1632,23.36,Cargo Van,6832.12,4.04
4938,Toronto,New York,11694,28.74,Truck,3158.13,8.04
4939,Sydney,Dubai,3329,23.19,Truck,4317.57,1.4
4940,London,Singapore,3902,21.07,Truck,2010.04,2.34
4941,New York,Dubai,6278,42.39,Truck,1127.03,2.8
4942,London,Dubai,7334,15.45,Air Freight,5798.56,6.5
4943,Dubai,Berlin,688,66.47,Truck,508.62,10.0
4944,Berlin,Toronto,8119,61.19,Air Freight,3527.85,6.42
4945,Toronto,Mumbai,2022,70.8,Truck,6554.45,6.35
4946,New York,New York,6842,5.73,Cargo Van,3607.08,9.28
4947,London,Toronto,10409,95.57,Cargo Van,2414.61,4.98
4948,New York,Singapore,3035,38.05,Cargo Van,5034.15,2.23
4949,Berlin,Toronto,2066,72.31,Truck,574.38,3.25
4950,Mumbai,Singapore,11619,77.19,Cargo Van,748.0,7.91
4951,Toronto,Sydney,414,86.01,Truck,5637.82,9.5
4952,Berlin,New York,11130,18.2,Air Freight,5360.5,1.64
4953,Toronto,New York,4548,90.8,Truck,1905.18,9.04
4954,Singapore,Singapore,3223,62.42,Truck,2460.06,4.96
4955,New York,Mumbai,586,60.77,Truck,5805.23,3.4
4956,Sydney,Dubai,573,76.01,Truck,3293.12,8.9
4957,Toronto,New York,6895,50.02,Truck,6867.97,1.43
4958,Dubai,Toronto,435,23.1,Ship,4357.42,7.95
4959,Singapore,New York,9671,81.12,Cargo Van,4968.68,5.37
4960,Sydney,Sydney,11073,95.08,Truck,5258.72,2.16
4961,Sydney,Singapore,372,58.38,Cargo Van,5092.01,3.77
4962,Berlin,London,86,20.43,Truck,6439.56,4.57
4963,Toronto,Mumbai,4715,56.55,Ship,1967.37,8.63
4964,Dubai,Singapore,4996,80.69,Cargo Van,1098.51,1.07
4965,Dubai,London,3991,30.48,Air Freight,6840.31,1.71
4966,London,Singapore,4664,62.24,Ship,835.26,2.62
4967,Toronto,Mumbai,6525,69.03,Cargo Van,5300.72,7.76
4968,Sydney,Sydney,11414,61.62,Ship,3995.82,7.23
4969,Singapore,Singapore,4319,50.64,Cargo Van,833.06,4.61
4970,New York,Berlin,7322,55.73,Air Freight,6166.56,8.75
4971,Toronto,Mumbai,5385,69.42,Cargo Van,965.0,6.38
4972,New York,Toronto,2255,63.49,Ship,2149.42,7.96
4973,Toronto,Dubai,7991,41.13,Cargo Van,6064.14,4.95
4974,Dubai,London,608,92.69,Air Freight,5976.1,3.27
4975,Singapore,Singapore,11999,93.5,Air Freight,4792.66,5.45
4976,Toronto,Singapore,6440,33.94,Truck,1801.82,8.29
4977,Toronto,Berlin,5356,49.73,Cargo Van,5449.72,8.52
4978,London,New York,10061,10.88,Ship,4250.74,8.92
4979,London,Toronto,6274,52.02,Truck,3683.11,2.37
4980,Singapore,Mumbai,6175,46.93,Truck,2749.02,6.11
4981,Dubai,Toronto,250,95.27,Air Freight,6694.04,5.4
4982,New York,New York,5374,72.94,Cargo Van,2547.28,8.8
4983,Dubai,Singapore,2408,21.98,Cargo Van,4425.12,7.92
4984,New York,New York,11736,19.7,Truck,5900.3,5.75
4985,Mumbai,Mumbai,6144,33.35,Truck,7763.01,2.75
4986,Sydney,Mumbai,10456,34.59,Cargo Van,7648.63,4.14
4987,Mumbai,Sydney,1183,30.17,Ship,3704.7,2.33
4988,Mumbai,Dubai,3517,72.75,Ship,5101.89,9.15
4989,Sydney,Mumbai,10594,78.64,Air Freight,2962.61,6.59
4990,New York,New York,10381,66.44,Truck,1674.53,8.1
4991,New York,Singapore,9676,3.58,Truck,3355.3,7.37
4992,Singapore,London,1448,36.8,Air Freight,1077.29,5.08
4993,Dubai,New York,1579,37.74,Truck,5036.5,7.76
4994,Toronto,Singapore,10538,14.02,Ship,580.17,8.56
4995,Dubai,Toronto,5157,25.89,Air Freight,3260.38,1.83
4996,New York,New York,5552,35.48,Cargo Van,695.74,1.61
4997,London,Mumbai,9560,2.83,Ship,840.06,4.06
4998,New York,Sydney,8752,89.37,Ship,7086.54,1.4
4999,London,Sydney,1177,30.78,Cargo Van,4725.89,2.35
5000,Berlin,Singapore,10668,48.34,Cargo Van,3864.0,3.39
